"annotation_id","annotator","char_count","combined_text","created_at","filing_date","finbert_confidence","finbert_label","id","label","lead_time","paragraph_id","risk_heading","risk_section","ticker","updated_at"
1996,"1",131,"General Risk Factors
We may be exposed to certain physical, transitional, regulatory and financial risks related to climate change.","2026-03-14T13:47:55.014448Z","2025-02-12",0.9944,"Climate Change",1001,"Climate Change",9.775,"ALB_2025_RISK_114","General Risk Factors","General Risk Factors","ALB","2026-03-14T13:47:55.014459Z"
1997,"1",1782,"Environmental Sampling in the Cadia Area
Climate change and the transition to a low-carbon economy is expected to impact Newmont in a number of ways. Producing gold is an energy-intensive business, currently resulting in a significant carbon footprint. Transitioning to a low-carbon economy will require significant investment and may entail extensive policy, legal, technology, and market changes to address mitigation and adaptation requirements related to climate change. Depending on the nature, speed, focus and jurisdiction of these changes, transition risks may pose varying levels of financial and reputational risk to the business. A number of governments or governmental bodies have introduced or are contemplating regulatory changes in response to the potential impacts of climate change that are viewed as the result of emissions from the combustion of carbon-based fuels. At the 21st Conference of the Parties of the United Nations Framework Convention on Climate Change (“UNFCC”) held in Paris in 2015, the Paris Agreement was adopted which was intended to govern emission reductions beyond 2020, and subsequent UN Climate Change Conferences reaffirmed the commitments of the Paris Agreement. Newmont supports the UNFCC goal of limiting global warming to “well below 2oC” compared to pre-industrial levels and plans to transition its operations to meet this goal by 2030, with an aspiration of carbon neutrality by 2050. Material investments and capital expenditures will be required in order to meet our climate targets in the future. Inconsistent implementation or significant delay in the implementation of country-level policy is likely to increase the risk for future regulatory impacts and rapid shifts to low-carbon technologies, including renewable energy use.","2026-03-14T13:48:36.851786Z","2026-02-19",0.9954,"Climate Change",1002,"Climate Change",41.125,"NEM_2026_RISK_083","Environmental Sampling in the Cadia Area","Waste Rock and Tailings Management","NEM","2026-03-14T13:48:36.851799Z"
1998,"1",1699,"Risks Related to Health, Safety, and the Environment
Our operations in Europe participate in the European Union Emissions Trading System (“ETS”) and we purchase annual emission allowances to meet our obligations. Following the adoption of the Climate Law, additional legislation is proposed to meet the new 2030 goals. In light of these changes resulting from the commencement of ETS Phase IV in 2021, we expect to incur additional costs in relation to future carbon or GHG emission trading schemes. In the U.S., the EPA promulgated federal GHG regulations under the Clean Air Act affecting certain sources. The EPA issued mandatory GHG reporting requirements, requirements to obtain GHG permits for certain industrial plants and GHG performance standards for some facilities. Addressing climate change is a stated priority of President Biden and as such additional regulations and legislation are likely to be forthcoming at the U.S. federal or state level that could result in increased operating costs for compliance, or required acquisition or trading of emission allowances. Additionally, demand for the products we produce may be reduced. Compliance with these regulations may result in increased permitting necessary for the operation of our business or for any of our growth plans. Difficulties in obtaining such permits could have an adverse effect on our future growth. Therefore, any future potential regulations, legislation, or litigation results could impose additional operating restrictions or delays in implementing growth projects or other capital investments, require us to incur increased costs, and could have a material adverse effect on our business and results of operations.","2026-03-14T13:48:55.741398Z","2022-02-24",0.9933,"Climate Change",1003,"Climate Change",18.218,"LYB_2022_RISK_040","Risks Related to Health, Safety, and the Environment","Risks Related to our Operations","LYB","2026-03-14T13:48:55.741411Z"
1999,"1",1924,"Business Operations
Climate change and other sustainability matters may adversely affect our business and operations. There is growing concern that carbon dioxide and other greenhouse gases in the atmosphere may have an adverse impact on global temperatures, weather patterns, and the frequency and severity of extreme weather and natural disasters. We have transition risks related to the transition to a lower-carbon economy and physical risks related to the physical impacts of climate change. Transition risks include increased costs of carbon emission, increased cost to produce products in compliance with future regulations, increased raw materials cost, shifts in customer/consumer values and other legal, regulatory and technological risks. Physical risks include the risk of direct damage to assets or supply chain disruption caused by severe weather events such as floods, storms, wildfires and droughts. In addition, concern over climate change may result in new legal and regulatory requirements to reduce or mitigate the effects of climate change on the environment. Despite our sustainability efforts, any failure to achieve our sustainability goals, including those aimed to reduce our impact on, improve or preserve the environment, or the perception (whether or not valid) that we have failed to act responsibly with respect to such matters or to effectively respond to new legal or regulatory requirements regarding climate change, could adversely affect our business and reputation. There is also increased focus, including by governmental and non-governmental organizations, investors, customers, consumers, our employees and other stakeholders on these and other sustainability matters, including responsible sourcing and deforestation, the use of plastic, energy and water, the recyclability or recoverability of packaging, including single-use and other plastic packaging and ingredient transparency.","2026-03-14T13:48:59.444603Z","2023-02-09",0.9935,"Climate Change",1004,"Climate Change",3.017,"KMB_2023_RISK_021","Business Operations","Business Operations","KMB","2026-03-14T13:48:59.444611Z"
2000,"1",186,"Climate Change and Environmental
The Company’s operations and financial results could be negatively impacted by climate change and regulatory and legislative responses to climate change.","2026-03-14T13:49:02.426242Z","2022-02-16",0.9936,"Climate Change",1005,"Climate Change",2.288,"CSX_2022_RISK_033","Climate Change and Environmental","Climate Change and Environmental","CSX","2026-03-14T13:49:02.426253Z"
2001,"1",554,"GENERAL RISK FACTORS
Concern over climate change, including global warming, has led to legislative and regulatory initiatives directed at limiting greenhouse gas emissions. For example, proposals that would impose mandatory requirements on greenhouse gas emissions continue to be considered by policy makers in the countries in which we will operate. Laws enacted that directly or indirectly affect our production, distribution, packaging, cost of raw materials, fuel, ingredients and water could all negatively impact our business and financial results.","2026-03-14T13:49:12.490008Z","2022-02-24",0.9942,"Climate Change",1006,"Climate Change",9.39,"KDP_2022_RISK_051","GENERAL RISK FACTORS","GENERAL RISK FACTORS","KDP","2026-03-14T13:49:12.490019Z"
2002,"1",133,"LEGAL AND REGULATORY RISKS
We may be affected by global climate change or legal, tax, regulatory, or market responses to such change.","2026-03-16T01:18:59.782403Z","2025-02-21",0.9945,"Climate Change",1007,"Climate Change",9.652,"GPC_2025_RISK_031","LEGAL AND REGULATORY RISKS","LEGAL AND REGULATORY RISKS","GPC","2026-03-16T01:18:59.782414Z"
2003,"1",252,"Risks Associated with Climate Change, GHG Emissions and Other Environmental Matters
Concerns about GHG emissions and the potential risks associated with climate change have led to increased regulation and other actions that could impact our businesses.","2026-03-16T01:19:02.826891Z","2025-02-27",0.9946,"Climate Change",1008,"Climate Change",2.441,"FE_2025_RISK_073","Risks Associated with Climate Change, GHG Emissions and Other Environmental Matters","Risks Associated with Climate Change, GHG Emissions and Other Environmental Matters","FE","2026-03-16T01:19:02.826906Z"
2004,"1",317,"OPERATIONAL RISKS
We may be affected by changing worldwide demand for food and different forms of renewable energy, which could impact the price of farm commodities and consequently the demand for our equipment. This could result in higher research and development costs related to changing machine fuel requirements.","2026-03-16T01:19:36.067331Z","2024-12-12",0.992,"Climate Change",1009,"Non-ESG",32.686,"DE_2024_RISK_007","OPERATIONAL RISKS","OPERATIONAL RISKS","DE","2026-03-16T01:19:36.067344Z"
2005,"1",1527,"Risks Related to Regulatory Matters
We face increasing complexity related to product design, the availability and use of regulated materials, the associated energy consumption and efficiency related to the use of products, the transportation and shipping of products, climate change regulations, and the reuse, recycling and/or disposal of products and their components at end-of-use or useful life as we adjust to new and future requirements relating to our transition to a more circular economy. There continues to be a lack of consistent climate legislation, which creates economic and regulatory uncertainty. Such regulatory uncertainty extends to future incentives for energy efficient buildings and vehicles and costs of compliance, which may impact the demand for our products, obsolescence of our products and our results of operations. Our climate commitment requires us to offer a full line of next generation products by 2030 without compromising safety or energy efficiency. Additionally, in 2019, we announced our 2030 commitment which targets reducing one gigaton – one billion metric tons – of carbon emissions (CO2e) from our customers’ footprint by 2030. While we are committed to pursuing these sustainability objectives, there can be no assurance that we will successfully achieve our commitments. Failure to meet these commitments could result in reputational and other harm to our company. Changes regarding climate risk management and practices may result in higher regulatory, compliance risks and costs.","2026-03-16T01:19:44.895285Z","2024-02-08",0.9953,"Climate Change",1010,"Climate Change",8.287,"TT_2024_RISK_037","Risks Related to Regulatory Matters","Risks Related to Regulatory Matters","TT","2026-03-16T01:19:44.895293Z"
2006,"1",2039,"Legal, Regulatory, and Environmental, Climate and Weather Risks
For example, in 2017, the California state legislature adopted Assembly Bill 398, which provides direction and parameters on utilizing cap and trade after 2020 to meet the 40% reduction target for GHG emissions from 1990 levels by 2030 specified in Senate Bill 32. Compliance with the cap and trade program is demonstrated through a market-based credit system. Additionally, on August 25, 2022, the CARB adopted regulations that effectively ban the in-state sales of new cars containing internal combustion engines beginning in 2035. Also, on December 15, 2022, CARB adopted its “2022 Scoping Plan for Achieving Carbon Neutrality,” which purports to provide a road map for California to achieve carbon neutrality (which it defines as removing as many carbon emissions from the atmosphere as it emits) by year 2045. Other states are proposing, or have already promulgated, low carbon fuel standards or similar initiatives to reduce emissions from the transportation sector. If we are unable to pass the costs of compliance on to our customers, sufficient credits are unavailable for purchase, we have to pay a significantly higher price for credits, or if we are otherwise unable to meet our compliance obligation, our financial condition and results of operations could be adversely affected. Additionally, certain states have recently passed legislation seeking to recover financial damages allegedly associated with climate change from fossil fuel companies like the Vermont Climate Superfund Act passed by the Vermont Legislature in May 2024. The future of the U.S.’s climate change strategy and the impact to our industry and operations due to further GHG regulation is unknown at this time. Federal, regional and state climate change and air emissions goals and regulatory programs are complex, subject to change and impose considerable uncertainty due to a number of factors including technological feasibility, legal challenges and potential changes in federal policy.","2026-03-16T01:19:54.135167Z","2025-02-21",0.9953,"Climate Change",1011,"Climate Change",8.663,"PSX_2025_RISK_052","Legal, Regulatory, and Environmental, Climate and Weather Risks","Competition Risks","PSX","2026-03-16T01:19:54.135176Z"
2007,"1",169,"Risks related to regulatory or legal challenges
Our manufacturing operations are subject to environmental laws and regulations and initiatives to address climate change.","2026-03-16T01:19:57.926372Z","2025-02-20",0.9946,"Climate Change",1012,"Non-ESG",6.311999999999999,"NXPI_2025_RISK_049","Risks related to regulatory or legal challenges","Risks related to our business operations","NXPI","2026-03-16T01:21:37.572897Z"
2008,"1",1260,"Risks Related to the Operation of Our Business
The production of wind energy depends heavily on suitable wind conditions, which are variable. If wind conditions are unfavorable or below our estimates, our electricity production, and therefore our revenues and PTCs earned from our non-utility renewable energy facilities, may be substantially below our expectations. We base our decisions about which sites to acquire and operate in part on the findings of long-term wind and other meteorological data and studies conducted in the proposed area, which measure the wind’s speed and prevailing direction and seasonal variations. Actual conditions at these sites, however, may not conform to the measured data in these studies. For example, if there is an increase in frequency and severity of weather conditions, the disruptions to our sites may become more frequent and severe. For the majority of our non-utility renewable energy operations, we have entered into long-term PPAs with a small number of customers to purchase the energy produced by our facilities. Although initial agreements are often ten years or more, in the future we may not be able to replace expiring PPAs related to our non-utility renewable energy facilities with contracts on acceptable","2026-03-16T01:20:21.674763Z","2023-02-23",0.9937,"Climate Change",1013,"Climate Change",23.212,"WEC_2023_RISK_050","Risks Related to the Operation of Our Business","","WEC","2026-03-16T01:20:21.674774Z"
2009,"1",219,"Risks Related to Our Company, Business and Operations
Climate change, or legal, regulatory or market measures to address climate change, may negatively affect our business, financial condition and results of operations.","2026-03-16T01:21:30.713154Z","2026-01-22",0.9936,"Climate Change",1014,"Non-ESG",68.504,"MKC_2026_RISK_037","Risks Related to Our Company, Business and Operations","","MKC","2026-03-16T01:21:30.713165Z"
2010,"1",1993,"Debt/Liquidity Related Risk Factors
and various state and foreign government and regulatory agencies have enacted or are considering new environmental regulations and policies aimed at restricting or taxing emissions, including those of greenhouse gases, requiring the use of low-sulfur fuels, requiring the use of shore power while in port, increasing fuel efficiency requirements, reducing the threat of invasive species in ballast water, and improving sewage and greywater-handling capabilities. For example, in 2021, the IMO adopted two requirements that went into effect in 2023, the Carbon Intensity Indicator (the “CII”) and Energy Efficiency Ship Index (the “EEXI”), which each regulate carbon emissions for ships. The CII is an operational metric designed to measure how efficiently a ship transports goods or passengers by looking at carbon dioxide emissions per nautical mile. Ships are given an annual rating from A to E with a C or better required for compliance. For ships that receive a D rating for three consecutive years, or an E rating for one year, a corrective action plan will need to be developed and approved. Beginning in 2023, ships are now required to reduce carbon intensity by 5% from a 2019 baseline, with 2% incremental improvements each year thereafter until 2030. The EEXI is a design re-certification requirement that updates energy efficiency requirements for existing ships and regulates carbon dioxide emissions related to installed engine power, transport capacity and ship speed. The maritime shipping sector has been included in the E.U.’s Emissions Trading System since the beginning of 2024. Under the directive ships over 5,000 Gross Tons that transport passengers or cargo to or from E.U. member state or EEA ports are required to purchase and surrender emissions allowances equivalent to emissions for all or a half of a covered voyage, depending on whether the voyage was between two E.U. or EEA ports or an E.U. or EEA and a non-E.U. or EEA port.","2026-03-16T01:22:02.254969Z","2025-02-27",0.9911,"Climate Change",1015,"Climate Change",19.798,"NCLH_2025_RISK_034","Debt/Liquidity Related Risk Factors","Debt/Liquidity Related Risk Factors","NCLH","2026-03-16T01:22:02.254976Z"
2011,"1",1847,"Legal, Government, and Regulatory Risks
Many government authorities across the world have imposed, and may impose in the future, laws, regulations, and policies designed to facilitate less petroleum-dependent modes of transportation (e.g., increases in fuel economy or efficiency standards, low-carbon fuel standards, restrictions and bans on vehicles using internal combustion engines, tariffs, duties, tax incentives, and EV subsidies), which could reduce demand for our petroleum-based products and/or all liquid transportation fuels. For example, CARB’s current Scoping Plan identifies strategies to reduce liquid petroleum consumption in California by 94 percent by 2045, and CARB has approved a series of related rulemakings discussed below. The European Union (EU), the U.K., Canada, and Quebec have each adopted what they refer to as “zero-emissions vehicle” mandates and other government authorities across the world, such as Mexico, Quebec, and other U.S. states have also announced, adopted, or are considering, restrictions on the sale of new internal combustion engine vehicles, stricter tailpipe emissions standards, and/or limitations on or penalties on the use of certain petroleum-based products and biofuel feedstocks. The U.S. federal government under the previous presidential administration was also aggressive in the scope, magnitude, and number of actions it took for the stated purpose of addressing GHG emissions and other environmental matters, including efforts to limit or eliminate petroleum-dependent modes of transportation. For example, the previous administration utilized a “whole of government” approach to climate-related initiatives that sought to organize and deploy the full capacity of the U.S. federal government in novel and coordinated ways to limit or eliminate the use of most petroleum-based products.","2026-03-16T01:22:06.987138Z","2025-02-26",0.9954,"Climate Change",1016,"Climate Change",4.193,"VLO_2025_RISK_028","Legal, Government, and Regulatory Risks","Legal, Government, and Regulatory Risks","VLO","2026-03-16T01:22:06.987148Z"
2012,"1",202,"Industry Specific Risk Factors
Emerging customer preferences for greater product transparency and less GHG intensive materials may put us at a competitive disadvantage or reduce demand for our products.","2026-03-16T01:22:14.063052Z","2022-02-28",0.9938,"Climate Change",1017,"Non-ESG",6.574,"NUE_2022_RISK_018","Industry Specific Risk Factors","Industry Specific Risk Factors","NUE","2026-03-16T01:22:14.063061Z"
2013,"1",159,"Risks Related to Legal and Regulatory Matters
We may be adversely affected by global climate change or by legal, regulatory or market responses to such change.","2026-03-16T01:22:25.807846Z","2022-01-31",0.992,"Climate Change",1018,"Non-ESG",11.244,"BA_2022_RISK_047","Risks Related to Legal and Regulatory Matters","Risks Related to Our Contracts","BA","2026-03-16T01:22:25.807857Z"
2014,"1",1870,"Wildfire Mitigation Efforts
Electric utilities in California are experiencing increasing deployment of DER, such as solar generation, energy storage and energy efficiency and demand management technologies, and California’s environmental policy objectives are accelerating the pace and scope of these changes. This growth of DER and demand management will require further modernization of the electric distribution grid to, among other things, accommodate increasing two-way flows of electricity and increase the grid’s capacity to interconnect these resources. In addition, enabling California’s clean energy goals will require sustained investments in grid modernization, renewable integration projects, energy efficiency programs, energy storage options, operational and data management systems, and electric vehicle infrastructure. The growth of third-party energy storage alternatives and other technologies also may increasingly compete with SDG&E’s traditional transmission and distribution infrastructure in delivering electricity to consumers. The CPUC is conducting several proceedings regarding DER and demand management, including the evaluation of various projects and pilots; changes to the planning and operation of the electric distribution grid to prepare for higher penetration of DER; future grid modernization and grid investments; the deferral of traditional grid investments by DER; and the role of the electric distribution grid operator. These proceedings and the broader changes in California’s electricity industry could result in new regulations, policies and/or operational changes that could materially adversely affect SDG&E’s and Sempra’s results of operations, financial condition, cash flows and/or prospects. SDG&E provides bundled electric procurement service through various resources that are typically procured on a long-term basis.","2026-03-16T01:22:30.885215Z","2023-02-28",0.9866,"Climate Change",1019,"Climate Change",4.575,"SRE_2023_RISK_065","Wildfire Mitigation Efforts","Wildfire Mitigation Efforts","SRE","2026-03-16T01:22:30.885226Z"
2015,"1",178,"Risks Relating to Our Business and Industry
Our business may be adversely impacted by climate-related events, natural disasters, including wildfires, and other unforeseen events.","2026-03-16T01:22:41.404082Z","2025-03-14",0.9748,"Climate Change",1020,"Non-ESG",9.997,"CCI_2025_RISK_043","Risks Relating to Our Business and Industry","Risks Relating to Our Business and Industry","CCI","2026-03-16T01:22:41.404092Z"
2016,"1",1111,"Risks Related to Sustainability, Regulatory and Legal Matters
For further discussion of the potential impact of such risks on our financial condition, cash flows and results of operations, see the discussion below in this section and in the section above entitled ""Risks Related to Our Operations.""In addition, the enactment of climate change-related regulations, policies and initiatives (at the government, corporate and/or investor community levels) may also result in increases in our compliance costs and other operating costs. For further discussion regarding the risks to us of climate change-related regulations, policies and initiatives, see the discussion in this section. Also, continuing political and social concerns relating to climate change may have adverse effects on our business and operations, such as a greater potential for shareholder activism, governmental inquiries and enforcement actions and litigation (including, but not limited to, litigation brought by governmental entities and shareholder litigation) and resulting expenses and potential disruption to our day-to-day operations.","2026-03-16T01:22:52.071506Z","2026-02-24",0.9587,"Climate Change",1021,"Climate Change",26.576999999999998,"EOG_2026_RISK_044","Risks Related to Sustainability, Regulatory and Legal Matters","Risks Related to our Operations","EOG","2026-03-16T01:34:07.351235Z"
2017,"1",1484,"Risks Related to Environmental, Social and Governance Matters
Climate change may have a long-term impact on our business. While we seek to partner with organizations that mitigate their business risks associated with climate change, we recognize that there are inherent risks related to climate change wherever business is conducted. Access to clean water and reliable energy in the communities where we conduct our business, whether for our offices or for our vendors, is a priority. Our manufacturing sites in California, Arizona and Malaysia and our operations in the Philippines are vulnerable to climate change effects. For example, in California and Arizona, increasing intensity of droughts throughout the states and annual periods of wildfire danger increase the probability of planned and unplanned power outages in the communities where we work and live. While this danger has a low-assessed risk of disrupting normal business operations, it has the potential impact on employees’ abilities to commute to work or to work from home and stay connected effectively. Climate-related events, including the increasing frequency of extreme weather events and their impact on the U.S., the Philippines, Malaysia and other major regions’ critical infrastructure, have the potential to disrupt our business, our third-party suppliers, and/or the business of our customers, and may cause us to experience higher attrition, losses, and additional costs to maintain or resume operations.","2026-03-16T01:22:56.327675Z","2024-02-08",0.9845,"Climate Change",1022,"Climate Change",3.729,"DXCM_2024_RISK_199","Risks Related to Environmental, Social and Governance Matters","Risks Related to Our Debt","DXCM","2026-03-16T01:22:56.327686Z"
2018,"1",1940,"10 OXY 2024 FORM 10-K
value of corporate share repurchases, net of certain corporate share issuances and other adjustments, by certain corporations. In addition, the IRA provided significant policy support and incentives, including enhanced tax credits, for DAC, CCUS, hydrogen and other low-carbon projects, which may be subject to further administrative or congressional action. In January 2025, the Trump Administration issued an executive order that pauses the disbursement of funds appropriated under the IRA. Finally, the IRA expanded GHG emissions reporting requirements and imposed a new methane emissions charge on owners or operators of various U.S. oil and gas facilities, as described in a subsequent risk factor. For additional discussion of such matters, see Note 10 - Income Taxes in the Notes to Consolidated Financial Statements in Part II Item 8 of this Form 10-K.In 2021, the Infrastructure Investment and Jobs Act (IIJA) reinstated federal Superfund chemical excise taxes on various listed taxable chemicals that OxyChem manufactures, produces or imports, such as chlorine, sodium hydroxide and ethylene, subject to certain exceptions such as methane used for fuel and exported chemical products. These excise taxes could lead to higher costs and impact margins. The IIJA also authorized federal support, including grants, loans and loan guarantees, for low-carbon ventures and infrastructure, including grants for DAC and CCUS research, development and demonstration, carbon transport and storage infrastructure and permitting, carbon utilization and market development, and carbon removal. 1PointFive, LLC, a wholly owned subsidiary of Occidental (1PointFive), secured a grant from the DOE for the development of its South Texas DAC Hub, which may be subject to change as federal spending and programs are reviewed pursuant to executive orders issued by the Trump Administration and could adversely affect the project.","2026-03-16T01:23:00.720423Z","2025-02-18",0.9909,"Climate Change",1023,"Climate Change",3.884,"OXY_2025_RISK_007","10 OXY 2024 FORM 10-K","10 OXY 2024 FORM 10-K","OXY","2026-03-16T01:23:00.720434Z"
2019,"1",1935,"Risks Related to our Legal and Regulatory Environment
With regard to greenhouse gas emissions from our landfills, on July 14, 2016, the EPA issued amendments to its regulations that require large landfills that commenced construction, reconstruction or modification on or after July 17, 2014 to capture additional landfill gas to reduce emissions of methane and certain non-methane gases, which are recognized as greenhouse gases. In a separate action finalized that same day, the EPA issued updates to its 1996 Emission Guidelines to reduce emissions of landfill gas from existing active landfills. The EPA has taken further steps to implement these regulations. These regulations, or an amended version of them that eventually goes into effect, may require our landfills to deploy more stringent emission controls and monitoring systems, with resulting capital or operating costs. The application of these or other greenhouse gas regulations to our landfills could have a material adverse effect on our landfill operations and on our consolidated financial condition, results of operations and cash flows. We cannot predict what other actions or regulations the current administration may undertake that would affect our industry. In Canada, the federal Greenhouse Gas Pollution Pricing Act imposes a carbon pricing system for industry in provinces and territories that have not implemented carbon pricing systems of their own or, in the opinion of the federal government, have implemented carbon pricing systems that do not align with the federal benchmark requirements. This federal system imposes a carbon levy to the sale of fuel and sets out an output-based pricing system that applies to industrial emitters that meet certain criteria set out in the statute and its regulations, which creates a price incentive for industrial emitters to reduce greenhouse gas emissions by establishing a regulatory trading system for industry.","2026-03-16T01:23:04.832818Z","2025-02-14",0.9883,"Climate Change",1024,"Climate Change",3.609,"RSG_2025_RISK_035","Risks Related to our Legal and Regulatory Environment","Risks Related to Our Business and Operations","RSG","2026-03-16T01:23:04.832828Z"
2020,"1",350,"Regulatory, Tax, Litigation and Legal Compliance Risks
We are subject to many forms of environmental regulation and liability as well as risks associated with climate change and may incur substantial costs as a result. In addition, failure to achieve or demonstrate progress towards our climate goals may expose us to liability and reputational harm.","2026-03-16T01:28:04.526578Z","2024-02-29",0.977,"Climate Change",1025,"Climate Change",299.139,"UAL_2024_RISK_059","Regulatory, Tax, Litigation and Legal Compliance Risks","Human Capital Management Risks","UAL","2026-03-16T01:28:04.526598Z"
2021,"1",490,"MP has coal-fired generation capacity, which exposes it to risk from regulations relating to coal, GHGs and CCRs, which could lead to increased costs or the need to spend significant resources to defend allegations of violation. (Applies to FE)
Costs of compliance with environmental laws are significant, and the cost of compliance with new environmental laws, including limitations on GHG emissions related to climate change, could adversely affect our cash flows and financial condition.","2026-03-16T01:34:51.751824Z","2026-02-18",0.9818,"Climate Change",1026,"Climate Change",6.314,"FE_2026_RISK_072","MP has coal-fired generation capacity, which exposes it to risk from regulations relating to coal, GHGs and CCRs, which could lead to increased costs or the need to spend significant resources to defend allegations of violation. (Applies to FE)","Risks Associated with Climate Change, GHG Emissions and Other Environmental Matters","FE","2026-03-16T01:34:51.751834Z"
2022,"1",1484,"Risks Related to Environmental, Social and Governance Matters
Climate change may have a long-term impact on our business. While we seek to partner with organizations that mitigate their business risks associated with climate change, we recognize that there are inherent risks related to climate change wherever business is conducted. Access to clean water and reliable energy in the communities where we conduct our business, whether for our offices or for our vendors, is a priority. Our manufacturing sites in California, Arizona and Malaysia and our operations in the Philippines are vulnerable to climate change effects. For example, in California and Arizona, increasing intensity of droughts throughout the states and annual periods of wildfire danger increase the probability of planned and unplanned power outages in the communities where we work and live. While this danger has a low-assessed risk of disrupting normal business operations, it has the potential impact on employees’ abilities to commute to work or to work from home and stay connected effectively. Climate-related events, including the increasing frequency of extreme weather events and their impact on the U.S., the Philippines, Malaysia and other major regions’ critical infrastructure, have the potential to disrupt our business, our third-party suppliers, and/or the business of our customers, and may cause us to experience higher attrition, losses, and additional costs to maintain or resume operations.","2026-03-16T01:37:00.056836Z","2023-02-09",0.9845,"Climate Change",1027,"Climate Change",127.82,"DXCM_2023_RISK_204","Risks Related to Environmental, Social and Governance Matters","Risks Related to Our Debt","DXCM","2026-03-16T01:37:00.056846Z"
2023,"1",2276,"We are subject to physical, financial and transition risks related to climate change, including potentially increased legislative and regulatory burdens and changing customer preferences, and we may be subject to lawsuits, all of which could impact our businesses and results of operations.
Where recovery of costs to restore service and repair damaged equipment and facilities is available, any determination by the regulator not to permit timely and full recovery of the costs incurred could have a material adverse effect on our businesses, financial condition, results of operations and prospects. To the extent financial markets view climate change and GHG emissions as a financial risk, our ability to access capital markets could be negatively affected or cause us to receive less than ideal terms and conditions. Climate change-related political pressure and policy goals, including but not limited to those related to energy efficient targets, solar targets, encouragement of electrification through EV adoption, home heating, and the associated legislative and regulatory responses, may create financial risk as our operations may be subject to additional regulation at either the state or federal level in the future. Increased regulation of GHG emissions could impose significant additional costs on our electric and natural gas operations, and our suppliers. Developing and implementing plans for compliance with GHG emissions reduction, clean/renewable energy requirements, or for achieving voluntary climate commitments can lead to additional capital, personnel, and Operation and Maintenance (O&M) expenditures and could significantly affect the economic position of existing operations and proposed projects. If our regulators do not allow us to recover all or a part of the cost of capital investment or the O&M costs incurred to comply increasingly rigorous regulatory mandates, it could have a material adverse effect on our results of operations, financial condition or cash flows. On the other hand, in the event that the political, policy, regulatory or legislative support for clean energy projects declines, the benefits or feasibility of certain investments we may have made in such projects, including those in the development stage, may be reduced.","2026-03-16T01:37:07.018104Z","2022-02-24",0.9884,"Climate Change",1028,"Climate Change",6.458,"PEG_2022_RISK_004","We are subject to physical, financial and transition risks related to climate change, including potentially increased legislative and regulatory burdens and changing customer preferences, and we may be subject to lawsuits, all of which could impact our businesses and results of operations.","GENERAL OPERATIONAL AND FINANCIAL RISKS","PEG","2026-03-16T01:37:07.018116Z"
2024,"1",1923,"Risks Related to Legal and Regulatory Matters
Increasing stakeholder environmental, social and governance (ESG) expectations, physical and transition risks associated with climate change, emerging ESG regulation, contractual requirements, and policy requirements may pose risk to our market outlook, brand and reputation, financial outlook, cost of capital, global supply chain and production continuity, which may impact our ability to achieve long-term business objectives. Changes in environmental and climate change laws or regulations could lead to additional operational restrictions and compliance requirements upon us or our products, require new or additional investment in product designs, result in carbon offset investments or otherwise could negatively impact our business and/or competitive position. Increasing aircraft performance standards, increasing sustainability disclosure requirements in the U.S. and globally, and requirements on manufacturing and product air pollutant emissions, especially greenhouse gas (GHG) emissions, may result in increased costs or reputational risks and could limit our ability to manufacture and/or market certain of our products at acceptable costs, or at all. Physical impacts of climate change, increasing global chemical restrictions and bans, and water and waste requirements may drive increased costs to us and our suppliers and impact our production continuity and data facilities. Finally, from time to time, in alignment with our sustainability priorities, we establish and publicly announce goals and commitments to improve our environmental performance, such as our recent operational goals in areas of GHG emissions, energy, water and waste. If we fail to achieve or improperly report on our progress toward achieving our sustainability goals and commitments, the resulting negative publicity could adversely affect our reputation and/or our access to capital.","2026-03-16T01:37:17.243443Z","2023-01-27",0.9867,"Climate Change",1029,"Climate Change",9.725,"BA_2023_RISK_039","Risks Related to Legal and Regulatory Matters","Risks Related to Our Contracts","BA","2026-03-16T01:37:17.243462Z"
2025,"1",1822,"Risks Related to Operating Our Business
Additionally, supply chain and other logistical challenges have negatively impacted suppliers of certain equipment necessary for the performance of our business in the past and may impact us in the future, For example, based on, among other things, the significant worldwide shortage of semiconductors, vehicle manufacturers we rely upon experienced production delays with respect to new vehicles for our fleet (both on-road and specialty vehicles) and vehicle parts (e.g., tires) and certain of our vehicle delivery orders during 2022 were delayed and canceled. While these issues have largely been resolved with respect to our 2023 vehicle delivery orders, to the extent these production issues worsen or become longer-term in nature, our operations could be negatively impacted. We are also exposed to increases in energy prices, particularly fuel prices for our large fleet of vehicles, which have fluctuated significantly since 2020 and could increase over the longer term due to market conditions or future regulatory, legislative and policy changes that result from, among other things, climate change initiatives. Furthermore, some of our fixed price contracts do not allow us to adjust our prices and certain of our other contracts, such as some long-term MSAs, allow for price adjustments within a certain range that may be insufficient for us to recover the full amount associated with increased fuel costs. As a result, increases in fuel costs could reduce our profitability with respect to such projects. Our ability to utilize certain existing vehicles within our fleet may also be limited by new emissions or other regulations, and, due to lack of production or availability, we may not be able to procure a sufficient number of vehicles meeting any such regulations.","2026-03-16T01:39:37.451852Z","2023-02-23",0.982,"Climate Change",1030,"Climate Change",139.718,"PWR_2023_RISK_075","Risks Related to Operating Our Business","Risks Related to Operating Our Business","PWR","2026-03-16T01:39:37.451862Z"
2026,"1",165,"Legal, Regulatory, and Environmental, Climate and Weather Risks
Compliance with the EPA’s Renewable Fuel Standard (RFS) could adversely affect our financial results.","2026-03-16T01:39:57.743639Z","2025-02-21",0.9894,"Climate Change",1031,"Climate Change",19.752,"PSX_2025_RISK_057","Legal, Regulatory, and Environmental, Climate and Weather Risks","Competition Risks","PSX","2026-03-16T01:39:57.743650Z"
2027,"1",1944,"Risks Related to COVID-19
As part of our more ambitious 2030 sustainability goals announced in the first quarter of 2021, we are aiming to reduce our Scope 1 and 2 GHG emissions by 70% compared to our 2015 baseline and work with our supply chain to reduce Scope 3 GHG emissions by 30% against our 2018 baseline, in each case by 2030, with an ambition to be net zero by 2050. We could face risks to our reputation, investor confidence and market share if we are unable to continue reducing our GHG emissions. Increased raw material costs, such as fuel and electricity, and compliance-related costs could also impact customer demand for our products. The potential impact of climate change on our business is uncertain, as it will depend on the limits imposed by, and timing of, new or stricter laws and regulations, more stringent environmental standards and expectations, and evolving customer and consumer preferences, but it could increase our costs and have a material adverse effect on our business. We have recently acquired companies and are likely to acquire other companies. Acquisitions come with significant risks and uncertainties, including those related to integration, technology and employees. To grow existing businesses and expand into new areas, we have made acquisitions and are likely to continue doing so. In 2021, we acquired Vestcom, an Arkansas-based provider of shelf-edge pricing, productivity and consumer engagement solutions for retailers and consumer packaged goods companies, for $1.47 billion, as well as ZippyYum, a California-based developer of software products used in the food service and food preparation industries, and JDC, a Tennessee-based manufacturer of pressure-sensitive specialty tapes, for an aggregate of approximately $43 million. In 2020, we completed our acquisitions of Smartrac’s Transponder (RFID Inlay) Division, a manufacturer of RFID products, for approximately $255 million; ACPO, Ltd.","2026-03-16T01:40:25.935400Z","2022-02-23",0.9895,"Climate Change",1032,"Climate Change",27.671,"AVY_2022_RISK_018","Risks Related to COVID-19","Risks Related to COVID-19","AVY","2026-03-16T01:40:25.935412Z"
2028,"1",1640,"We generate revenue from companies in the oil and gas industry, especially the offshore oil and gas industry, a historically cyclical industry with levels of activity that are significantly affected by the levels and volatility of oil and gas prices, which has in the past impacted and can impact in the future our financial results.
Some factors that have affected and are likely to continue affecting oil and gas prices and the level of demand for our products and services include the following:•worldwide demand for oil and gas;•the ability of the Organization of Petroleum Exporting Countries (“OPEC”), to set and maintain production levels;•the level of production by non-OPEC countries;•the war between Russia and Ukraine, including the implementation of price controls on Russian oil exports and restrictions on oil and gas exports imposed by Russia;•conflict in the Middle East, including disruption of shipping lanes in the Red Sea;•the ability of oil and gas companies to generate or raise funds for capital expenditures;•domestic and foreign tax policy;•laws and governmental regulations that restrict exploration and development of oil and gas in various offshore jurisdictions or the use of hydraulic fracturing;•laws and governmental regulation that restrict the use of hydraulic fracturing;•technological changes;•the political environment of oil-producing regions;•the price and availability of alternative fuels; and•climate change regulations that provide incentives to conserve energy, use electric vehicles or use alternative energy sources, or that impose restrictions on the development and extraction of oil and gas.","2026-03-16T01:41:38.770549Z","2025-02-21",0.9797,"Climate Change",1033,"Climate Change",72.301,"TDY_2025_RISK_026","We generate revenue from companies in the oil and gas industry, especially the offshore oil and gas industry, a historically cyclical industry with levels of activity that are significantly affected by the levels and volatility of oil and gas prices, which has in the past impacted and can impact in the future our financial results.","Risks Related to our Markets","TDY","2026-03-16T01:41:38.770558Z"
2029,"1",1696,"AEP is subject to physical and financial risks associated with climate change. (Applies to all Registrants)
Changes in wind patterns or in precipitation resulting in droughts, water shortages or floods could adversely affect operations, principally wind generation facilities for changes in wind patterns and the fossil fuel generating units for changes in precipitation. A change in wind patterns or a negative impact to water supplies due to long-term drought conditions or severe flooding could adversely impact AEP’s ability to provide electricity to customers, as well as increase the price they pay for energy. AEP may not recover all costs related to mitigating these physical and financial risks. To the extent climate change impacts a region’s economic health, it may also impact revenues. AEP’s financial performance is tied to the health of the regional economies AEP serves. The price of energy, as a factor in a region’s cost of living as well as an important input into the cost of goods and services, impacts the economic health of the communities within AEP’s service territories. Climate change may impact the economy, which could impact sales and revenues. The cost of additional regulatory requirements, such as regulation of carbon dioxide emissions, could impact the availability of goods and prices charged by AEP’s suppliers which would normally be borne by consumers through higher prices for energy and purchased goods. To the extent financial markets view climate change and carbon dioxide emissions as a financial risk, this could negatively affect AEP’s ability to access capital markets or cause AEP to receive less than ideal terms and conditions in capital markets.","2026-03-16T01:44:02.048228Z","2026-02-12",0.9894,"Climate Change",1034,"Climate Change",142.75,"AEP_2026_RISK_037","AEP is subject to physical and financial risks associated with climate change. (Applies to all Registrants)","GENERAL RISKS OF REGULATED OPERATIONS","AEP","2026-03-16T01:44:02.048238Z"
2030,"1",1725,"Risks Related to Operating Our Business
Our business and operating results are subject to physical risks associated with climate change. Changes in climate have caused, and are expected to continue to cause, among other things, increasing mean annual temperatures, rising sea levels and changes to patterns and the frequency and intensity of wildfires, hurricanes, floods, droughts, other storms and severe weather-related events and natural disasters. These changes have and could continue to significantly impact our future operating results and may have a long-term impact on our business, results of operation, financial condition and cash flows. While we seek to mitigate our risks associated with climate change, we recognize that there are inherent climate-related risks regardless of how and where we conduct our operations. For example, catastrophic natural disasters can negatively impact projects we are working on, our office locations, portions of our equipment, or the locations and service regions of our customers. Accordingly, a natural disaster has the potential to disrupt our and our customers’ businesses and may cause us to experience work stoppages, project delays, financial losses and additional costs to resume operations, including increased insurance costs or loss of coverage, legal liability and reputational losses, and we expect that increasing physical climate-related impacts may result in further changes to the cost or availability of insurance in the future. Physical risks associated with climate change have also increased hazards associated with certain of our operations, which in turn has increased the potential for liability and increased the costs associated with such operations.","2026-03-16T01:44:08.175697Z","2023-02-23",0.9808,"Climate Change",1035,"Climate Change",5.591,"PWR_2023_RISK_024","Risks Related to Operating Our Business","Risks Related to Operating Our Business","PWR","2026-03-16T01:44:08.175711Z"
2031,"1",1685,"Climate change may have a long-term impact on our business.
New or proposed regulations relating to carbon taxes, fuel or energy taxes, pollution limits, sustainability-related disclosure and governance and supply chain governance could result in greater direct costs, including costs associated with changes to manufacturing processes or the procurement of raw materials used in manufacturing processes, increased capital expenditures to improve facilities and equipment, and higher compliance and energy costs to reduce emissions, other compliance costs, as well as greater indirect costs resulting from our customers and/or suppliers incurring additional compliance costs that are passed on to us. These costs and restrictions could harm our business and results of operations by increasing our expenses or requiring us to alter our operations and product design activities. Stakeholder groups may find us insufficiently responsive to the implications of climate change, and therefore we may face legal action or reputational harm. We may not achieve our stated sustainability-related goals, which could harm our reputation, or we may incur additional, unexpected costs to achieve such goals. We may also experience contractual disputes due to supply chain delays arising from climate change-related disruptions, which could result in increased litigation and costs. We also face risks related to business trends that may be influenced by climate change concerns. Our business could be negatively impacted by concerns around the high absolute energy requirements of our GPUs, despite their much more energy efficient design and operation relative to alternative computing platforms.","2026-03-16T01:44:11.445436Z","2024-02-21",0.9816,"Climate Change",1036,"Climate Change",2.725,"NVDA_2024_RISK_032","Climate change may have a long-term impact on our business.","Risk Factors","NVDA","2026-03-16T01:44:11.445447Z"
2032,"1",1915,"Debt/Liquidity Related Risk Factors
Any such disruptions in work could have a material adverse effect on our financial results.​Our executive officers and other members of senior management have substantial experience and expertise in our business and have made significant contributions to our growth and success. The loss of services of one or more of these individuals could materially adversely affect us.​Negative perceptions about the cruise industry, carbon intensity, sustainability or otherwise may make it increasingly difficult to retain and hire additional crew members to staff our fleet and to recruit new employees generally.41Table of Contents​Impacts related to climate change may adversely affect our business, financial condition and results of operations.​There has been an increased focus on GHG and other emissions from global regulators, consumers and other stakeholders. Regulations addressing climate change that have already been adopted or are being considered, as described under “Risks Related to the Regulatory Environment in Which We Operate,” may have significant adverse impacts to our profitability and operations. In addition, concern about climate change may cause consumers to avoid certain kinds of travel including cruise and air travel, which could impact our ability to source guests. Increasing concerns about GHG emissions may attract scrutiny from investors and may make it more difficult and/or costly for us to raise capital. Our ships, port facilities, corporate offices and island destinations have in the past and may again be adversely affected by an increase in the frequency and intensity of adverse weather conditions caused by climate change. For example, certain ports have become temporarily unavailable to us due to hurricane damage and other destinations have either considered or implemented restrictions on cruise operations due to environmental concerns.","2026-03-16T01:44:19.783558Z","2024-02-28",0.9563,"Climate Change",1037,"Climate Change",7.81,"NCLH_2024_RISK_027","Debt/Liquidity Related Risk Factors","Debt/Liquidity Related Risk Factors","NCLH","2026-03-16T01:44:19.783568Z"
2033,"1",1642,"Risks Related to Regulatory Matters
The methane emissions fee would start in calendar year 2024 at $900 per ton of methane, increase to $1,200 in 2025, and be set at $1,500 for 2026 and each year after. Calculation of the fee is based on certain thresholds established in the IRA. In order to support implementation of the methane emissions fee, including exemptions from the same, the EPA proposed revisions to its Greenhouse Gas Reporting Rule in late July 2023, which, per the Unified Regulatory Agenda, is expected to be finalized in 2024. The revisions would amend requirements applicable to the petroleum and natural gas systems source category to ensure reporting is based on empirical data and accurately reflects total methane and waste emissions. The methane emissions fee and renewable and low carbon energy funding provisions of the law could increase our and our customers’ operating costs and accelerate the transition away from fossil fuels, which could in turn reduce demand for our products and services and adversely affect our business and results of operations. In recent years, there has been considerable focus on the regulation of methane emissions from the oil and gas sector. In response to President Biden’s executive order calling on the EPA to revisit federal regulations regarding methane, the EPA finalized more stringent methane rules for new, modified, and reconstructed facilities, known as OOOOb, as well as standards for existing sources known as OOOOc, in December 2023. Under the final rules, states have two years to prepare and submit their plans to impose methane emission controls on existing sources.","2026-03-16T01:44:27.929945Z","2024-02-15",0.9851,"Climate Change",1038,"Climate Change",7.609,"TRGP_2024_RISK_107","Risks Related to Regulatory Matters","Risks Related to Regulatory Matters","TRGP","2026-03-16T01:44:27.929956Z"
2034,"1",1822,"28   2024 ANNUAL REPORT | NORTHERN TRUST CORPORATION
We also face regulatory and liability risk associated with not meeting regulatory expectations on climate risks, greenwashing claims, a failure to execute on our public climate-related commitments, or by association with individuals, entities, industries or products that may be inconsistent with our stated positions on climate change issues. At the same time, certain financial institutions have also been subject to external scrutiny from regulatory agencies, government officials, and others. This can be in relation to a number of climate change areas and can lead to negative publicity and reputational damage. For example, questions on how the impacts of climate change are being reflected in business and investment decisions and the decision to reduce involvement in certain industries or projects associated with climate change. Due to the divergent views of stakeholders, we are at increased risk that any action, or lack thereof, by us concerning our response to climate change will be perceived negatively by some stakeholders, which could adversely impact our reputation and business. If we do not identify, quantify, and mitigate such risks successfully, we may experience financial losses, litigation, reputational harm, and losses of investor and stakeholder confidence. Even as regulators begin to mandate additional disclosure of climate-related information by companies across sectors, methodologies and data used to conduct more robust climate-related risk analyses are still in development. Third‑party exposures, emissions, climate-related risks, and other data are limited in availability and variable in quality. Modeling capabilities across the industry to analyze climate-related risks and interconnections are improving but remain imperfect.","2026-03-16T01:44:32.660499Z","2025-02-24",0.9904,"Climate Change",1039,"Climate Change",4.167,"NTRS_2025_RISK_106","28   2024 ANNUAL REPORT | NORTHERN TRUST CORPORATION","Strategic Risks","NTRS","2026-03-16T01:44:32.660509Z"
2035,"1",2007,"Risks related to our indebtedness:
We maintain property insurance coverage to address the impact of physical damage to our facilities and for business interruption losses. However, such insurance coverage may be insufficient to cover all losses and we may experience a material, adverse effect on our results of operations that is not recoverable through our insurance policies. Additionally, if we experience a significant increase in climate-related events that result in material losses we may be unable to obtain similar levels of property insurance coverage in the future. In addition, changes in consumer preferences and additional legislation and regulatory requirements, including those associated with the transition to a low-carbon economy, may increase costs associated with compliance, the operation of our facilities and supplies. Regulations limiting greenhouse gas emissions and energy inputs may also increase in coming years, which may adversely impact us through increased compliance costs for us and our suppliers and vendors. The industry trend toward value-based purchasing may negatively impact our revenues. There is a trend in the health care industry toward value-based purchasing of health care services. These value-based purchasing programs include both public reporting of quality data and preventable adverse events tied to the quality and efficiency of care provided by facilities. Governmental programs including Medicare currently require hospitals to report certain quality data to receive full reimbursement updates. In addition, Medicare does not reimburse for care related to certain preventable adverse events (also called “never events”), and federal law prohibits the use of federal funds under the Medicaid program to reimburse providers for medical assistance provided to treat HACs. The 25% of hospitals with the worst risk-adjusted HAC scores in the designated performance period receive a 1% reduction in their inpatient PPS Medicare payments the following year.","2026-03-16T01:44:50.211604Z","2022-02-18",0.9739,"Climate Change",1040,"Climate Change",2.488,"HCA_2022_RISK_050","Risks related to our indebtedness:","Risks related to our indebtedness:","HCA","2026-03-16T01:44:50.211619Z"
2036,"1",274,"Risks Related to our Financial Condition and Liquidity
Our focus on a limited number of specific markets increases risks associated with the modification, elimination or expiration of governmental subsidies and economic incentives for on-grid solar electricity applications.","2026-03-16T01:45:02.616710Z","2024-02-09",0.9663,"Climate Change",1041,"Non-ESG",11.896,"ENPH_2024_RISK_105","Risks Related to our Financial Condition and Liquidity","Risks Related to our Financial Condition and Liquidity","ENPH","2026-03-16T01:45:02.616719Z"
2037,"1",1817,"Operational and Technology Risks
Some of our policies have large deductibles and broad exclusions. Additionally, our insurance providers may be unable or unwilling to pay a claim. Losses not covered by insurance may be significant, which could materially harm our results of operations and financial condition. Our business and the business of our suppliers and customers may also be subject to current and future climate-related regulations, contract terms and lawsuits. Increased regulations on carbon taxes, greenhouse gas emissions, fuel or energy taxes will likely result in greater costs, such as through carbon pricing impact on utilities or through requiring greater renewable energy purchases than otherwise planned. Our supply chain manufacturing suppliers may incur increased costs of doing business should they be affected by new climate-related expectations such as those affecting abatement equipment, renewable energy, and/or alter production processes and materials selections. The additional compliance costs incurred by our suppliers may be passed on to us and result in greater indirect costs to us. These costs and restrictions could materially harm our business and results of operations by increasing our expenses, damaging our reputation for actual or perceived non-compliance, or requiring us to alter our operations and products. The long-term effects of climate change on the global economy and the technology industry are unclear but could be severe. Additionally, we are or expect to be subject to various new or proposed climate-related disclosure requirements and we expect to incur costs and resources in order to comply. Failure to comply with such reporting obligations may result in enforcement actions, litigation or reputational harm and could have a material adverse effect on us.","2026-03-16T01:45:07.304995Z","2026-02-04",0.9889,"Climate Change",1042,"Climate Change",4.154,"AMD_2026_RISK_070","Operational and Technology Risks","Operational and Technology Risks","AMD","2026-03-16T01:45:07.305003Z"
2038,"1",1974,"Risks Related to Supply Chain
The availability and prices of coffee beans and other commodities are subject to significant volatility. We purchase, roast, and sell high-quality whole bean arabica coffee beans and related coffee products. The high-quality arabica coffee of the quality we seek tends to trade on a negotiated basis at a premium above the “C” price. This premium depends upon, among other factors, the supply and demand at the time of purchase, and the amount of the premium can vary significantly. Increases in the “C” coffee commodity price increase the price of high-quality arabica coffee and impact our ability to enter into fixed-price purchase commitments. We frequently enter supply contracts whereby the quality, quantity, delivery period, and other negotiated terms are agreed upon, but the date, and therefore price, at which the base “C” coffee commodity price component will be fixed has not yet been established. The supply and price of coffee we purchase can also be affected by multiple factors in the producing countries, such as weather, water supply quality and availability throughout the coffee production chain, natural disasters, crop disease and pests, general increases in farm input costs and costs of production, inventory levels, political and economic conditions, and the actions of certain organizations and associations that have historically attempted to influence prices of green coffee through agreements establishing export quotas or by restricting coffee supplies. Climate change may further exacerbate many of these factors. For example, extreme weather conditions such as drought or frost in Brazil have impacted coffee prices in the past, and in the likely event that such weather conditions were to reoccur, become more frequent, and/or increase in severity in the future, they may have similar or worse consequences on coffee price volatility. Speculative trading in coffee commodities can also influence coffee prices.","2026-03-16T01:47:26.280208Z","2024-11-20",0.6142,"Climate Change",1043,"Non-ESG",138.451,"SBUX_2024_RISK_048","Risks Related to Supply Chain","Risks Related to Supply Chain","SBUX","2026-03-16T01:47:26.280218Z"
2039,"1",1618,"Credit Risks
The Company’s credit risk and credit losses can increase if the Company’s loans are concentrated in borrowers engaged in the same or similar activities or in borrowers who as a group may be uniquely or disproportionately affected by economic conditions, market conditions, or climate change. Increased delinquencies or defaults could also result from our failing to appropriately underwrite loans and other products that we originate or purchase or from our adopting—for strategic, competitive, or other reasons—more liberal underwriting standards. There can be no assurance that our forecasts of economic conditions, our assessments and monitoring of credit risk, and our efforts to mitigate credit risk through risk-based pricing, appropriate underwriting and investment policies, loss-mitigation strategies, and diversification are or will be sufficient to prevent an adverse impact to our business and financial results. Deterioration in economic conditions, housing conditions, or real estate values, including as a result of climate change or natural disasters, in the markets in which the Company operates could result in higher credit losses. The Company is also subject to physical risks of climate change, which could manifest in the form of asset quality deterioration and could be exacerbated by specific portfolio concentrations, and transition risks of climate change, which could manifest through longer-term shifts in market dynamics and consumer preferences, and could be exacerbated in specific industries that may be more sensitive or vulnerable to a transition to a low carbon economy.","2026-03-16T01:48:29.886149Z","2024-02-27",0.9061,"Climate Change",1044,"Climate Change",63.069,"TFC_2024_RISK_062","Credit Risks","Credit Risks","TFC","2026-03-16T01:48:29.886159Z"
2040,"1",1170,"Operational Risks
The availability and cost of emission allowances could adversely impact our costs of operations. We are required to maintain, through either allocations or purchases, sufficient emission allowances for SO2, CO2, and NOX to support our operations in the ordinary course of operating our power generation facilities. These allowances are used to meet the obligations imposed on us by various applicable environmental laws. If our operational needs require more than our allocated allowances, we may be forced to purchase such allowances on the open market, which could be costly. If we are unable to maintain sufficient emission allowances to match our operational needs, we may have to curtail our operations so as not to exceed our available emission allowances or install costly new emission controls. As we use the emission allowances that we have purchased on the open market, costs associated with such purchases will be recognized as operating expense. If such allowances are available for purchase, but only at significantly higher prices, the purchase of such allowances could materially increase our costs of operations in the affected markets.","2026-03-16T01:49:08.144373Z","2025-02-28",0.7472,"Climate Change",1045,"Pollution & Waste",37.735,"VST_2025_RISK_106","Operational Risks","Operational Risks","VST","2026-03-16T01:49:08.144382Z"
2041,"1",787,"Weather and Climate Risks
then from the distribution facilities or direct ship vendors to our stores or customers by various means of transportation, including shipments by sea, air, rail, and truck. Although we believe that our operations are efficient, disruptions due to extreme weather conditions, including snow and ice storms, flood and wind damage, hurricanes, tornadoes, extreme rain, fires and droughts may result in delays in the transportation and delivery of merchandise to our distribution centers, our stores, or our customers.  Significant disruptions or delays in our distribution and transportation network could adversely affect sales and the satisfaction of our customers which could have a material adverse impact on our financial condition and results of operations.","2026-03-16T01:54:16.817524Z","2024-02-23",0.6401,"Climate Change",1046,"Non-ESG",308.175,"TSCO_2024_RISK_020","Weather and Climate Risks","Weather and Climate Risks","TSCO","2026-03-16T01:54:16.817534Z"
2042,"1",1963,"Risk Factors Affecting Regulatory, Environmental and Legal Risks
For example, in 2025, the Governor of Indiana directed the commissioner of the OUCC to evaluate utilities’ profits and find cost-saving measures to ease the financial burden on customers. Our ability to successfully execute our capital plan may also affect customers’, investors’, legislators’, regulators’, creditors’, rating agencies’ and other stakeholders’ opinions and actions. Opinions of us can additionally be affected by media coverage, including social media, which may include information, whether factual or not, that damages our brand and reputation. Our efforts to secure permits and/or acquire land and easements (including through eminent domain) for infrastructure investments, including with respect to Houston Electric’s proposed 765 kV and other transmission projects, as well as execute on and/or obtain regulatory approvals for transmission, generation and other facilities can also affect opinions of us. We are also subject to adverse publicity related to actual or perceived environmental practices or impacts, including in relation to climate change and our ability to timely achieve our energy transition goals, as well as negative opinions regarding the appropriateness of our climate-related goals. If customers, investors, legislators, regulators, creditors, rating agencies or other stakeholders have or develop a negative opinion of us or our utility services, this could result in, among other things, less favorable legislative and regulatory outcomes (including but not limited to failure to obtain requested approvals on capital investments) or increased regulatory oversight, negative effects on our access to, and the cost of, capital, project delays or cancellations, increased litigation and negative public perception. The foregoing may harm our reputation and have adverse effects on our business, financial condition, results of operations and cash flows.","2026-03-16T01:54:38.541074Z","2026-02-19",0.8383,"Climate Change",1047,"Non-ESG",21.171,"CNP_2026_RISK_043","Risk Factors Affecting Regulatory, Environmental and Legal Risks","Risk Factors Affecting Operations","CNP","2026-03-16T01:54:38.541097Z"
2043,"1",1144,"Risks Related to our Business and Industry
Our corporate headquarters, including certain of our research and development operations are located in the Silicon Valley area of Northern California, a region known for seismic activity. Additionally, a certain number of our facilities are located near rivers that have experienced flooding in the past. Also certain of our customers, suppliers and logistics centers are located in regions that have been or may be affected by earthquake, tsunami and flooding or other weather-related activity which in the past has disrupted, and in the future could disrupt, the flow of supply chain components and delivery of products. In addition, global climate change may result in significant natural disasters occurring more frequently and/or with greater intensity, such as drought, wildfires, storms, sea-level rise, changing precipitation, and flooding. We have not to date experienced a material event as a result of these kinds of natural disasters; however, the occurrence of any such event in the future could have a material adverse impact on our business, operating results, and financial condition.","2026-03-16T01:57:48.918709Z","2023-09-07",0.9134,"Climate Change",1048,"Non-ESG",189.846,"CSCO_2023_RISK_067","Risks Related to our Business and Industry","Risks Related to our Business and Industry","CSCO","2026-03-16T01:57:48.918721Z"
2044,"1",1813,"Risks Related to Taxation, Laws and Regulations
These goals could expose us to heightened scrutiny and financial, legal, reputational, operational, compliance, and other risks, including lost customer opportunities, which could negatively impact us. Further, any failure to set or achieve corporate responsibility initiatives that meet our stakeholders' evolving expectations could also negatively impact us. In addition, we are or expect to become subject to various new or proposed climate-related and other sustainability laws and regulations, including, for example, the state of California's new climate change disclosure requirements, the EU's new Corporate Sustainability Reporting Directive and climate-change disclosure requirements from the SEC. Compliance with such laws and regulations, as well as the overall increased focus and scrutiny from the SEC and other regulators, investors, customers, vendors, employees, and other stakeholders concerning ESG and climate matters, could impose additional costs on us and expose us to new risks, including resulting in changes to our current ESG goals. Evolving stakeholder expectations, voluntary and required reporting regimes that are not harmonized and continue to change, and our efforts to manage these issues, report on them, and accomplish our goals, present numerous operational, regulatory, reputational, financial, legal, and other risks, any of which could have a material adverse impact, including on our reputation and stock price. It is also possible that government, customers, investors and other stakeholders might not be satisfied with our policies, programs, goals, performance and related disclosures, or the speed of their adoption, implementation and measurable success, or that we have adopted such policies, programs and commitments.","2026-03-16T01:57:55.450994Z","2024-05-23",0.9206,"Climate Change",1049,"Climate Change",5.956,"MCHP_2024_RISK_117","Risks Related to Taxation, Laws and Regulations","Risks Related to Our Business, Operations, and Industry","MCHP","2026-03-16T01:57:55.451004Z"
2045,"1",2171,"A decline in agricultural production, limitations on the use of our products for agricultural purposes or developments in crop technology could materially adversely affect the demand for our products.
Lower gasoline prices and fewer aggregate miles, driven by increased automobile fuel efficiency and the expansion of electric vehicle use, may put pressure on ethanol prices that could result in reduced profitability and lower production for the ethanol industry. This could have an adverse effect on corn-based ethanol production, planted corn acreage and fertilizer demand. Additionally, government incentives and other policies and recent increased investment in renewable biodiesel and associated soybean crush capacity may drive higher soybean oil prices, resulting in more planted acres allocated to soybeans and other oil crops and displacing some acreage traditionally planted to more nitrogen intensive crops such as grains and cotton. Developments in crop technology, such as nitrogen fixation, the conversion of atmospheric nitrogen into compounds that plants can assimilate, or nitrogen-efficient varieties, or developments in alternatives to traditional animal feed or alternative proteins, could also reduce the use of nitrogen fertilizers and adversely affect the demand for our products. Widespread adoption of emerging application technologies or alternative farming techniques could disrupt traditional application practices, affecting the volume or types of fertilizer products used and timing of applications. In addition, from time to time various foreign governments and U.S. state legislatures have considered limitations on the use and application of nitrogen fertilizers due to concerns about the negative impact that the application of these products can have on the environment. For example, the United Kingdom has implemented an assurance scheme beginning in 2024 to limit the use of unprotected or uninhibited urea products between January and March of every year. While CF Fertilisers UK Limited does not sell solid urea fertilizer in the United Kingdom, limitations on fertilizer use have been and may be considered by other jurisdictions.","2026-03-16T01:58:48.831333Z","2025-02-20",0.8094,"Climate Change",1050,"Non-ESG",52.833,"CF_2025_RISK_008","A decline in agricultural production, limitations on the use of our products for agricultural purposes or developments in crop technology could materially adversely affect the demand for our products.","Market Risks","CF","2026-03-16T01:58:48.831345Z"
2046,"1",1618,"Risks Related to our Business
Given the evolving conditions created by and in response to the COVID-19 pandemic, we are currently unable to determine when all travel-related restrictions and conditions will be fully lifted. Measures that have been lifted or are expected to be lifted may be reintroduced if there are adverse developments in the COVID-19 situation. Moreover, once travel advisories and restrictions are fully lifted, demand for casino resorts may remain weak for a significant length of time and inbound tourism to Macau may be slow to recover. We cannot predict when, or even if, operating results at our properties in Macau will return to pre-outbreak levels. In particular, consumer behavior related to discretionary spending and traveling, including demand for casino resorts, may be negatively impacted by the adverse changes in the perceived or actual economic climate, including higher unemployment rates, declines in income levels and loss of personal wealth resulting from the impact of the COVID-19 pandemic. In addition, we cannot predict the impact that the COVID-19 pandemic will have on our partners, such as tenants, travel agencies, suppliers and other vendors, which may adversely impact our operations or planned development projects. Given the uncertainty around the extent and timing of the potential future spread or mitigation of COVID-19 and around the imposition or relaxation of containment measures, the impact on our results of operations, cash flows and financial condition in 2022 and potentially thereafter may be material, but cannot be reasonably estimated at this time.","2026-03-16T02:00:01.423959Z","2022-02-28",0.7505,"Climate Change",1051,"Non-ESG",72.052,"WYNN_2022_RISK_003","Risks Related to our Business","Risks Related to our Business","WYNN","2026-03-16T02:00:01.423990Z"
2047,"1",390,"Risks Related to Governmental Regulation and Laws
GHG regulation, at the state or federal level, could increase the cost of electricity generated by fossil fuels, and such increases could reduce demand for the power NRG generates and markets. Any increase in costs at a national, regional or state level could adversely affect NRG’s results of operations, financial condition and cash flows","2026-03-16T02:00:18.576621Z","2022-02-24",0.9055,"Climate Change",1052,"Climate Change",16.566,"NRG_2022_RISK_072","Risks Related to Governmental Regulation and Laws","","NRG","2026-03-16T02:00:18.576632Z"
2048,"1",2003,"Liquidity
Market Developments and General Business Environment•Our businesses, financial condition, liquidity and results of operations have been and may in the future be adversely affected by unforeseen or catastrophic events, including pandemics, terrorist attacks, wars, extreme weather events or other natural disasters.•Climate change could disrupt our businesses and adversely affect client activity levels and the creditworthiness of our clients and counterparties, and our actual or perceived action or inaction relating to climate change could result in damage to our reputation. •Our business, financial condition, liquidity and results of operations have been adversely affected by disruptions in the global economy caused by conflicts, and related sanctions and other developments.•Certain of our businesses and our funding instruments may be adversely affected by changes in reference rates, currencies, indexes, baskets or ETFs to which products we offer or funding that we raise are linked.•Our business, financial condition, liquidity and results of operations may be adversely affected by disruptions in the global economy caused by escalating tensions between the U.S. and China.•We face enhanced risks as we operate in new locations and transact with a broader array of clients and counterparties.•We may not be able to fully realize the expected benefits or synergies from acquisitions or other business initiatives in the time frames we expect, or at all. The following are detailed descriptions of our Risk Factors summarized above:MarketOur businesses have been and may in the future be adversely affected by conditions in the global financial markets and broader economic conditions. Many of our businesses, by their nature, do not produce predictable earnings, and all of our businesses are materially affected by conditions in the global financial markets and economic conditions generally, both directly and through their impact on client activity levels and creditworthiness.","2026-03-16T02:00:28.813666Z","2025-02-27",0.806,"Climate Change",1053,"Climate Change",9.693,"GS_2025_RISK_005","Liquidity","Liquidity","GS","2026-03-16T02:00:28.813677Z"
2049,"1",1783,"Risks Related to Environmental, Social and Governance Matters
Increasingly, regulators, customers, investors, employees and other stakeholders are focusing on sustainability matters relating to businesses, including climate change and greenhouse gas emissions, human and civil rights, and diversity, equity and inclusion. These changing rules, regulations and stakeholder expectations may differ and conflict, and have resulted in, and are likely to continue to result in, increased general and administrative expenses and increased management time and attention spent complying with or meeting such regulations and expectations. Collecting, measuring and reporting sustainability-related data and information is subject to evolving reporting standards, including state climate-related reporting requirements, the EU’s environmental, social and governance-related disclosure requirements set forth in the Corporate Sustainability Reporting Directive, and similar proposals by other international regulatory bodies. We are also subject to reporting requirements in California covering disclosure of greenhouse gas emissions data, climate-related financial risks and opportunities, and details around emissions-related claims and carbon offsets, if applicable. If our sustainability-related data, information, processes or reporting are incomplete or inaccurate, it could result in adverse regulatory consequences and/or our reputation, business, financial performance and growth could be adversely affected. Further, a number of governments are considering due diligence procedures to ensure strict compliance with environmental, labor, and government regulations. For example, the EU has proposed broad due diligence reporting requirements for all industries operating within Europe.","2026-03-16T02:00:36.984873Z","2026-02-12",0.8968,"Climate Change",1054,"Climate Change",7.633,"DXCM_2026_RISK_199","Risks Related to Environmental, Social and Governance Matters","Risks Related to Our Debt","DXCM","2026-03-16T02:00:36.984882Z"
2050,"1",2138,"Cybersecurity and Privacy Risks – The failure to effectively maintain and modernize our technology systems and infrastructure and integrate those of acquired businesses could adversely affect our business.”
Our insurance operations expose us to claims arising from catastrophes and other events, particularly in our homeowners insurance, renters insurance and flood offerings, as well as in certain businesses the Company has fully exited or expects to fully exit. Catastrophes include hurricanes, windstorms, tornados, earthquakes, hailstorms, floods, severe winter weather, wildfires, terrorist incidents and accidents, and may result in reportable catastrophe losses, which are individual catastrophe events that generate losses in excess of $5.0 million, pre-tax, net of reinsurance and client profit sharing adjustments, and including reinstatement and other premiums. Non-catastrophe losses include losses from isolated fire, water and wind damage, theft and vandalism, as well as general liability in renters and homeowners policies. Losses are impacted by increases in inflation and supply chain disruptions that have increased and may continue to increase the cost of materials and labor required to settle claims, particularly in our Global Housing and Global Automotive businesses. We have experienced, and expect to continue to experience, catastrophe and non-catastrophe losses that materially reduce our profitability and impact our available capital, which may have a material adverse effect on our results of operations and financial condition. Changing weather patterns and climate change have increased the unpredictability, frequency and severity of weather-related events, such as wildfires, hurricanes, floods and tornadoes, particularly in coastal areas such as Florida, California and Texas, has in the past and may in the future result in increased claims and higher catastrophe losses, which could have a material adverse effect on our results of operations and financial condition. We cannot predict how legal, regulatory, political and social responses to concerns around climate change may impact our business.","2026-03-16T02:00:57.907403Z","2026-02-19",0.6129,"Climate Change",1055,"Climate Change",20.366,"AIZ_2026_RISK_042","Cybersecurity and Privacy Risks – The failure to effectively maintain and modernize our technology systems and infrastructure and integrate those of acquired businesses could adversely affect our business.”","General Risk Factors","AIZ","2026-03-16T02:00:57.907413Z"
2051,"1",1928,"General Risk Factors
Natural disasters, including climate change, or other catastrophic events may cause damage or disruption to our operations, non-U.S. commerce and the global economy, and thus could have a negative effect on us. Our business operations have been, and could in the future be, subject to interruption by natural disasters, earthquakes, flooding, fire, power shortages, pandemics, terrorism, such as Hamas’ attack against Israel in 2023 and the ensuing conflict, political unrest, cyberattacks including as may be exacerbated by the ongoing Russia-Ukraine and Middle East conflicts, geopolitical tensions including those related to the invasion of Ukraine, the effects of climate change such as drought, wildfires, increased storm severity, and sea level rise, telecommunications failure, vandalism, and other events beyond our control. Although we maintain crisis management and disaster response plans, such events could make it difficult or impossible for us to deliver our services to our customers, could decrease demand for our services, could make existing customers unable or unwilling to fulfill their contractual requirements to us, including their payment obligations, and could cause us to incur substantial expense, including expenses or liabilities arising from potential litigation. Our insurance may not be sufficient to cover losses or additional expense that we may sustain. Customer data could be lost, significant recovery time could be required to resume operations and our financial condition and results of operations could be adversely affected in the event of a major natural disaster or catastrophic event. In addition, the impacts of climate change on the global economy and our industry are rapidly evolving. We have been, and may continue to be, subject to increased regulations, reporting requirements, standards or expectations regarding the environmental impacts of our business.","2026-03-16T02:01:17.031714Z","2026-02-17",0.7623,"Climate Change",1056,"Climate Change",18.566,"PLTR_2026_RISK_255","General Risk Factors","General Risk Factors","PLTR","2026-03-16T02:01:17.031724Z"
2052,"1",1127,"The Utility operating companies recover fuel, purchased power, and associated costs through rate mechanisms that are subject to risks of delay or disallowance in regulatory proceedings, and sudden or
In addition, changes to regulatory policies, such as those that allow customers to directly access the market to procure wholesale energy or those that incentivize development and utilization of new, developing, or alternative sources of generation, could, and in some instances, have already reduced sales, and other non-traditional procurements, such as virtual purchase power agreements or “behind the meter” generation solutions, could, and in some instances have already limited growth opportunities or reduced sales at the Utility operating companies. Some of these factors are inherently cyclical or temporary in nature, such as the weather or economic conditions, and typically do not have a long-lasting effect on Entergy’s operating results. Others, such as the organic turnover of appliances and lighting and their replacement with more efficient ones and adoption of newer technologies, including smart thermostats,","2026-03-16T02:04:25.642646Z","2026-02-19",0.4805,"Climate Change",1057,"Climate Change",31.258,"ETR_2026_RISK_024","The Utility operating companies recover fuel, purchased power, and associated costs through rate mechanisms that are subject to risks of delay or disallowance in regulatory proceedings, and sudden or","Utility Regulatory Risks","ETR","2026-03-16T02:04:25.642657Z"
2053,"1",2010,"Wildfire Mitigation Efforts
While SDG&E currently provides such procurement service for most of its customer load, some customers can receive procurement service from a load-serving entity other than SDG&E through programs such as CCA and DA. In such cases, SDG&E no longer procures energy for this departing load. CCA is only available if a customer’s local jurisdiction (city) offers such a program and DA is currently limited by a cap based on gigawatt hours. A number of jurisdictions in SDG&E’s territory, including the City and County of San Diego and 14 other municipalities, have implemented, are implementing or are considering implementing CCA. Based on our current expectations, SDG&E could procure energy for less than half of its current customer load by December 31, 2022. SDG&E’s historical energy procurement may exceed the needs of its bundled customers as customers elect CCA and DA service. Accordingly, the associated costs of the utility’s procured resources could then be borne by SDG&E’s remaining bundled procurement customers. Existing state law requires that customers having CCA and DA procure their electricity must absorb the cost of above-market electricity procurement commitments already made by SDG&E on their behalf, which requirements are designed to equitably share costs among customers served by SDG&E and by CCA and DA. If adequate mechanisms are not implemented to help ensure compliance with this law, if the law changes, or if the law does not function as intended to achieve ratepayer indifference, remaining bundled customers of SDG&E could experience large increases in rates for commodity costs under commitments made on behalf of CCA and DA customers prior to their departure or, if all such costs are not recoverable in rates, SDG&E could experience material increases in its unrecoverable commodity costs. Any of these outcomes could have a material adverse effect on SDG&E’s and Sempra’s results of operations, financial condition, cash flows and/or prospects.","2026-03-16T02:04:58.885164Z","2022-02-25",0.6327,"Climate Change",1058,"Non-ESG",32.676,"SRE_2022_RISK_067","Wildfire Mitigation Efforts","Wildfire Mitigation Efforts","SRE","2026-03-16T02:04:58.885175Z"
2054,"1",2008,"Supply and Demand
Other factors that affect general economic conditions in the world or in a major region, such as changes in population growth rates, periods of civil unrest, government regulation or austerity programs, trade tariffs or broader breakdowns in global trade, security or public health issues and responses, or currency exchange rate fluctuations, can also impact the demand for energy and petrochemicals. Sovereign debt downgrades, defaults, inability to access debt markets due to rating, banking, or legal constraints, liquidity crises, the breakup or restructuring of fiscal, monetary, or political systems such as the European Union, and other events or conditions that impair the functioning of financial markets and institutions also pose risks to ExxonMobil, including risks to the safety of our financial assets and to the ability of our partners and customers to fulfill their commitments to ExxonMobil. Our future business results, including cash flows and financing needs, will also be affected by the rate of recovery from the COVID-19 pandemic, as well as the occurrence and severity of future outbreaks, the responsive actions taken by governments and others, and the resulting effects on regional and global markets and economies. Other demand-related factors. Other factors that may affect the demand for oil, gas, and petrochemicals, and therefore impact our results, include technological improvements in energy efficiency; seasonal weather patterns; increased competitiveness of, or government policy support for, alternative energy sources; changes in technology that alter fuel choices, such as technological advances in energy storage that make wind and solar more competitive for power generation; changes in consumer preferences for our products, including consumer demand for alternative fueled or electric transportation or alternatives to plastic products; and broad-based changes in personal income levels. See also “Climate Change and the Energy Transition” below.","2026-03-16T02:05:19.003033Z","2023-02-22",0.8601,"Climate Change",1059,"Non-ESG",19.575,"XOM_2023_RISK_002","Supply and Demand","Supply and Demand","XOM","2026-03-16T02:05:19.003042Z"
2055,"1",2020,"General Risk Factors
Climate-related physical impacts of weather events and natural disasters are highly uncertain, unpredictable, and varied by geographic location, including, but not limited to, flooding, hurricanes, and tornadoes. Although we carry business interruption insurance coverage and typically have provisions in our contracts that protect us in certain events, our coverage may not be adequate to compensate us for all losses that may occur as a direct or indirect result of weather events or natural disasters. We have manufacturing operations in regions that have experienced extreme weather such as flooding, hurricanes, and tornadoes. In case of these or other weather events or natural disasters, (i) our manufacturing and R&D equipment, on-site IT facilities, and inventory, among other things, may be damaged or destroyed, which may result in significant write-offs or significant expenses to repair or replace certain operations; (ii) the production and shipment of our solar modules may be disrupted as a result of (a) the damage or destruction of our facilities and infrastructure, (b) power outages, (c) delayed or cancelled deliveries of equipment and raw materials, and/or (d) the lack of clear and safe physical access to and from our manufacturing facilities, among other things; and (iii) we may be unable to execute our technology roadmap in a timely manner. We also consider the risks associated with weather events and natural disasters as part of our manufacturing site selection, design, and construction process. Our suppliers may be adversely affected by weather events and natural disasters, which could disrupt their ability to deliver certain manufacturing equipment, materials, and/or services for extended periods of time. Our suppliers may also incur additional costs to repair or replace their own operations, which may cause them to require higher prices as part of current and future contracts and/or otherwise be unable to perform under their existing contract commitments.","2026-03-16T02:05:31.236390Z","2024-02-27",0.6269,"Climate Change",1060,"Climate Change",11.682,"FSLR_2024_RISK_080","General Risk Factors","General Risk Factors","FSLR","2026-03-16T02:05:31.236398Z"
2056,"1",2024,"New South Wales Parliamentary Inquiry
While we have incorporated systems to address the impact of the dry season and water shortages as part of our operating plans, we can make no assurances that those systems will be sufficient to address all shortages in water supply, which could result in production and processing interruptions. In 2023, Lihir’s performance was impacted following extreme rainfall limiting pit access and causing material handling issues at the crushers. Lihir has also experienced reduced milling rates due to limited raw water supply to the plant driven by drought conditions experienced across the New Ireland Province in PNG. Lihir continues to progress options to improve its water management resilience, including improving its internal water recycling and identifying additional water sources and storage options. In addition, Cadia has previously experienced water scarcity from drought conditions in 2019 which resulted in a reduction in water use to assist the Orange community response to the drought. Increased precipitation and severe storm events may potentially impact tailings storage facilities in the future by exceeding water management capacity, overtopping the facility, and/or undermining the geotechnical stability of the structure. We have experienced impacts at various sites in recent years due to heavy rainfall and severe storms. For example, in 2022, Yanacocha experienced heavy rainfall, above average historical levels, which resulted in significant water balance stress and required active emergency management. Refer to Note 25 to the Consolidated Financial Statements under the heading Environmental Matters - Minera Yanacocha S.R.L, for additional information. Increased amounts of water may also result in flooding of mine pits, maintenance and storage facilities; or may exceed current water management and treatment capacity to store and treat water, physical conditions resulting in an unintended overflow and discharge either on or off of the mine site property.","2026-03-16T02:05:40.806420Z","2024-02-29",0.9751,"Natural Capital",1061,"Natural Capital",8.913,"NEM_2024_RISK_103","New South Wales Parliamentary Inquiry","New South Wales Parliamentary Inquiry","NEM","2026-03-16T02:05:40.806430Z"
2057,"1",1018,"OPERATIONAL RISKS
Assured supplies of water are important for APS’s generating plants.  Water in the southwestern United States is limited, and various parties have made conflicting claims regarding the right to access and use such limited supplies of water.  Both groundwater and surface water in areas important to the operation of APS’s generating plants have been and are the subject of inquiries, claims and legal proceedings.  In addition, the region in which APS’s power plants are located suffers from prolonged drought conditions, which could potentially affect the plants’ water supplies.  Climate change is also projected to exacerbate such drought conditions.  In addition, Colorado River water supplies for Arizona are subject to a Tier 1 shortage declaration, which substantially limits the quantity of water available for the state.  APS’s inability to access sufficient supplies of water, along with that of its customers, could have a material adverse impact on our business and results of operations.","2026-03-16T02:05:43.792088Z","2025-02-25",0.9813,"Natural Capital",1062,"Natural Capital",2.468,"PNW_2025_RISK_031","OPERATIONAL RISKS","OPERATIONAL RISKS","PNW","2026-03-16T02:05:43.792096Z"
2058,"1",1506,"Risks Related to Our Industry and Business Operations
Technology is an integral part of our business and operations, and any failure or disruption of the technology or related systems we implement could significantly limit our ability to manage and operate our business effectively and efficiently, which, in turn, could cause our business and competitive position to suffer and adversely affect our results of operations. We use technology systems to, among other things, bill customers, process orders, provide customer service, manage certain plant operations and construction projects, manage our financial records, track assets, remotely monitor our plants and facilities, and manage human resources, supply chain, inventory, and accounts receivable collections. As a specific example, we depend on water meters to record and communicate the amount of water our customers use, and in recent years, we have experienced greater than expected performance failures with certain water meters used in the Regulated Businesses. When these occur, we work with meter manufacturers to determine and address the cause of such failures. While these and other failures that we have experienced have not to date had a material adverse effect on our operations, there can be no assurance that efforts to address performance failures or other issues we may experience with water meters will be successful and that these or future failures of water meters or other issues will not have a material adverse effect on us.","2026-03-16T02:06:09.216030Z","2022-02-16",0.9454,"Natural Capital",1063,"Non-ESG",24.879,"AWK_2022_RISK_054","Risks Related to Our Industry and Business Operations","","AWK","2026-03-16T02:06:09.216042Z"
2059,"1",1918,"South America
We recognize that access to clean, safe and reliable water supplies is vital to the health and livelihood of our host communities. Our operations require physical availability and secure legal rights to significant quantities of water, and the increasing pressure on water sources requires us to consider both current and future conditions in our approach. We aim to balance our operational water requirements with those of the local communities, environment and ecosystems. Most of our North America and South America operations are in areas where competition for water supplies is significant, and where climate change may lead to increasing scarcity of water sources in the future. Continuous production at our operations and any future expansions or developments are dependent on many factors, including our ability to maintain our water rights and claims, and the continuing physical availability of the water supplies. Current and long-term water risks include those that arise from our operations and events that we do not control (such as extreme weather and other physical risks associated with climate change). For further discussion of the potential physical impacts of climate change, see the related risk factor below. As discussed in Item 3. “Legal Proceedings,” in Arizona, where our operations use both surface water and groundwater, we are a participant in an active adjudication in which Arizona courts have been attempting, for 50 years, to quantify and prioritize surface water claims for the Gila River watershed, one of the state’s largest river systems. If we are not able to satisfactorily resolve the issues being addressed in the adjudications, our water uses could be diminished or curtailed, and our operations and any future expansions at Morenci, Safford (including Lone Star) and Sierrita could be adversely affected unless we are able to acquire alternative water sources.","2026-03-16T02:09:00.438700Z","2025-02-14",0.9798,"Natural Capital",1064,"Natural Capital",170.649,"FCX_2025_RISK_063","South America","South America","FCX","2026-03-16T02:09:00.438720Z"
2060,"1",1471,"General Business
Water is a vital natural resource that is also critical to Entergy and its subsidiaries.  Entergy’s and its subsidiaries’ facilities use water for cooling, boiler make-up, sanitary uses, potable supply, and many other uses.  Entergy’s Utility operating companies also own and/or operate hydroelectric facilities.  Accordingly, water availability and quality are critical to Entergy’s and its subsidiaries’ business operations.  Impacts to water availability or quality could negatively impact both operations and revenues. Entergy and its subsidiaries secure water through various mechanisms (ground water wells, surface waters intakes, municipal supply, etc.) and operate under the provisions and conditions set forth by the provider and/or regulatory authorities.  Entergy and its subsidiaries also obtain and operate in substantial compliance with water discharge permits issued under various provisions of the Clean Water Act and/or state water pollution control provisions.  Regulations and authorizations for both water intake and use and for waste discharge can become more stringent in times of water shortages, low flows in rivers, low lake levels, low groundwater aquifer volumes, and similar conditions.  The increased use of water by industry, agriculture, and the population at large, population growth, and the potential impacts of climate change on water resources may cause water use restrictions that affect Entergy and its subsidiaries.","2026-03-16T02:09:14.727767Z","2023-02-24",0.9419,"Natural Capital",1065,"Natural Capital",13.718,"ETR_2023_RISK_094","General Business","General Business","ETR","2026-03-16T02:09:14.727781Z"
2061,"1",933,"NWP
NWP’s gas pipeline facilities are generally owned in fee simple. However, a substantial portion of such facilities are constructed and maintained on and across properties owned by others pursuant to rights-of-way, easements, permits, licenses or consents. NWP’s compressor stations, with associated facilities, are located in whole or in part upon lands owned by them and upon sites held under leases or permits issued or approved by public authorities. Land owned by others, but used by NWP under rights-of-way, easements, permits, leases, licenses, or consents, includes land owned by private parties, federal, state, and local governments, quasi-governmental agencies, or Native American tribes. The Plymouth LNG facility is located on lands owned in fee simple by NWP. Various credit arrangements restrict the sale or disposal of a major portion of our pipeline system. NWP leases its company offices in Salt Lake City, Utah.","2026-03-16T02:09:46.223444Z","2026-02-24",0.9424,"Natural Capital",1066,"Natural Capital",30.974,"WMB_2026_RISK_108","NWP","NWP","WMB","2026-03-16T02:09:46.223454Z"
2062,"1",583,"General Business
various provisions of the Clean Water Act and/or state water pollution control provisions.  Regulations and authorizations for both water intake and use and for waste discharge can become more stringent in times of water shortages, low flows in rivers, low lake levels, low groundwater aquifer volumes, and similar conditions.  The increased use of water by industry, agriculture, and the population at large, population growth, and the potential impacts of climate change on water resources may cause water use restrictions that affect Entergy and its subsidiaries.","2026-03-16T02:09:58.596551Z","2022-02-25",0.9484,"Natural Capital",1067,"Natural Capital",11.84,"ETR_2022_RISK_097","General Business","General Business","ETR","2026-03-16T02:09:58.596561Z"
2063,"1",143,"Risks Related to Our Industry
Our operations are dependent on the availability of sufficient water supplies and subject to water-related risks.","2026-03-16T02:10:08.520119Z","2023-02-23",0.9852,"Natural Capital",1068,"Natural Capital",9.375,"NEM_2023_RISK_084","Risks Related to Our Industry","Risks Related to Our Industry","NEM","2026-03-16T02:10:08.520127Z"
2064,"1",2314,"Adequacy of water supplies and contamination of our water supplies, the failure of dams on reservoirs providing water to our customers, or requirements to repair, upgrade or dismantle any of these dams, may disrupt our ability to distribute water to our customers and result in substantial additional costs, which could adversely affect our financial position, results of operations and cash flows.
Our water business faces an inherent strategic risk related to adequacy of supply (i.e., water scarcity). Water scarcity risk is heightened by multiple factors. We expect that climate change will cause both an increase in demand due to increasing temperatures and a potential for a decrease of available supply due to shifting rainfall and recharge patterns. Regulatory constraints also present challenges to permit new sources of supply in the region. In Connecticut, where the vast majority of our dams are located, impounded waterways are required to release minimum downstream flow. New regulations are being phased into effect over the next one to five years that will increase the volume of downstream releases required across our Connecticut service territory, depleting the volume of supply in storage that is used to meet customer demands. This combination of factors may cause an increased likelihood of drought emergencies and water use restrictions that could adversely affect our ability to provide water to our customers, and reputational/brand damage that could negatively impact our water business. Our water supplies, including water provided to our customers, are also subject to possible contamination from naturally occurring compounds or man-made substances. Our water systems include impounding dams and reservoirs of various sizes. Although we believe our dams are structurally sound and well-maintained, significant damage to these facilities, or a significant decrease in the water in our reservoirs, could adversely affect our ability to provide water to our customers until the facilities and a sufficient amount of water in our reservoirs can be restored. A failure of a dam could result in personal injuries and downstream property damage for which we may be liable. The failure of a dam would also adversely affect our ability to supply water in sufficient quantities to our customers.","2026-03-16T02:13:10.598666Z","2023-02-15",0.9551,"Natural Capital",1069,"Natural Capital",181.528,"ES_2023_RISK_013","Adequacy of water supplies and contamination of our water supplies, the failure of dams on reservoirs providing water to our customers, or requirements to repair, upgrade or dismantle any of these dams, may disrupt our ability to distribute water to our customers and result in substantial additional costs, which could adversely affect our financial position, results of operations and cash flows.","Business and Operational Risks:","ES","2026-03-16T02:13:10.598676Z"
2065,"1",1989,"Environmental Sampling in the Cadia Area
In 2023, Lihir’s performance was impacted following extreme rainfall limiting pit access and causing material handling issues at the crushers. Lihir has also experienced reduced milling rates due to limited raw water supply to the plant driven by drought conditions experienced across the New Ireland Province in PNG. Lihir has progressed options to improve its water management resilience, including improving its internal water recycling and identifying additional water sources and storage options. In addition, Cadia has previously experienced water scarcity from drought conditions in 2019 which resulted in a reduction in water use to assist the Orange community response to the drought. Increased precipitation and severe storm events may potentially impact tailings storage facilities in the future by exceeding water management capacity, overtopping the facility, and/or undermining the geotechnical stability of the structure. We have experienced impacts at various sites in recent years due to heavy rainfall and severe storms. For example, in 2022, Yanacocha experienced heavy rainfall, above average historical levels, which resulted in significant water balance stress and required active emergency management. Refer to Note 24 to the Consolidated Financial Statements under the heading Environmental Matters - Minera Yanacocha S.R.L, for additional information. Increased amounts of water may also result in flooding of mine pits, maintenance and storage facilities; or may exceed current water management and treatment capacity to store and treat water, physical conditions resulting in an unintended overflow and discharge either on or off of the mine site property. See the risk factor above under the heading “Our operations and projects are subject to a range of risks related to transitioning the business to meet regulatory, societal and investor expectations for operating in a low-carbon economy” for additional information.","2026-03-16T02:48:19.150552Z","2026-02-19",0.9517,"Natural Capital",1070,"Natural Capital",2108.035,"NEM_2026_RISK_105","Environmental Sampling in the Cadia Area","Waste Rock and Tailings Management","NEM","2026-03-16T02:48:19.150570Z"
2066,"1",1245,"RISKS RELATED TO ENVIRONMENTAL AND SOCIAL FACTORS
Water scarcity and poor quality could negatively impact the Coca-Cola system’s costs and capacity. Water is a main ingredient in substantially all of our products, is vital to the production of the agricultural ingredients on which our business relies and is needed in our manufacturing process. It also is critical to the prosperity of the communities we serve and the ecosystems in which we operate. Water is a limited resource in many parts of the world, facing unprecedented challenges from overexploitation, increasing demand for food and other consumer and industrial products whose manufacturing processes require water, increasing pollution and emerging awareness of potential contaminants, poor management, lack of physical or financial access to water, sociopolitical tensions due to lack of public infrastructure in certain areas of the world and the effects of climate change. As the demand for water continues to increase around the world, and as water becomes scarcer and the quality of available water deteriorates, the Coca-Cola system may incur higher costs or face capacity constraints and the possibility of reputational damage, which could adversely affect our profitability.","2026-03-16T02:48:32.202246Z","2024-02-20",0.982,"Natural Capital",1071,"Natural Capital",12.538,"KO_2024_RISK_088","RISKS RELATED TO ENVIRONMENTAL AND SOCIAL FACTORS","RISKS RELATED TO ENVIRONMENTAL AND SOCIAL FACTORS","KO","2026-03-16T02:48:32.202260Z"
2067,"1",1363,"Risks Related to Our Business
The impact of government regulation on TPWR could adversely affect our business. The business of TPWR is subject to applicable state and federal laws and regulations, including laws and regulations on water use, environmental and safety matters.  These laws and regulations may increase the costs and timing of planning, designing, drilling, installing, operating and abandoning water wells and sourced water and treatment facilities and impact our customers’ ability to transport, store and/or dispose of produced water in certain locations.  Due to increased seismicity in the Delaware and Midland Basins, the Texas Railroad Commission recently began implementing seismic response areas (“SRAs”) limiting the permitted capacity and use of certain saltwater disposal wells (“SWDs”) for the injection of produced water.  The implementation of SRAs could limit the volume of produced water disposed on the Company’s surface within the SRAs or, in certain cases, could direct additional volumes of produced water to SWDs on the Company’s surface outside of SRAs.  These limitations and/or redirections may require TPWR to adapt its business plans and could affect TPWR’s financial performance.  We continue to actively engage with the Texas Railroad Commission and evaluate the potential effect of SRAs on our produced water royalties.","2026-03-16T02:49:42.288143Z","2025-02-19",0.9651,"Natural Capital",1072,"Natural Capital",69.577,"TPL_2025_RISK_011","Risks Related to Our Business","Risks Related to Our Business","TPL","2026-03-16T02:49:42.288154Z"
2068,"1",427,"I-18
In addition to fuel supply, the traditional electric operating companies and Southern Power also need adequate access to water, which is drawn from nearby sources, to aid in the production of electricity. Any impact to their water resources could also limit the ability of the traditional electric operating companies and Southern Power to operate certain facilities, which could result in higher fuel and operating costs.","2026-03-16T02:49:48.815239Z","2022-02-17",0.9389,"Natural Capital",1073,"Natural Capital",5.99,"SO_2022_RISK_016","I-18","I-18","SO","2026-03-16T02:49:48.815247Z"
2069,"1",858,"Risks Related to our Operations
Water is an essential component of our operations, both during the drilling and hydraulic fracturing processes. Limitations or restrictions on our ability to secure sufficient amounts of water (including limitations resulting from natural causes such as drought) could materially and adversely impact our operations.  Further, severe drought conditions can result in local authorities taking steps to restrict the use of water in their jurisdiction for drilling and hydraulic fracturing in order to protect the local water supply. If we are unable to obtain water to use in its operations from local sources, it may need to be obtained from new sources and transported to drilling sites, resulting in increased costs, which could have a material adverse effect on our financial condition, results of operations and cash flows.","2026-03-16T02:50:00.465184Z","2023-02-23",0.9805,"Natural Capital",1074,"Natural Capital",11.101,"EOG_2023_RISK_033","Risks Related to our Operations","Risks Related to our Operations","EOG","2026-03-16T02:50:00.465193Z"
2070,"1",1245,"RISKS RELATED TO ENVIRONMENTAL AND SOCIAL FACTORS
Water scarcity and poor quality could negatively impact the Coca-Cola system’s costs and capacity. Water is a main ingredient in substantially all of our products, is vital to the production of the agricultural ingredients on which our business relies and is needed in our manufacturing process. It also is critical to the prosperity of the communities we serve and the ecosystems in which we operate. Water is a limited resource in many parts of the world, facing unprecedented challenges from overexploitation, increasing demand for food and other consumer and industrial products whose manufacturing processes require water, increasing pollution and emerging awareness of potential contaminants, poor management, lack of physical or financial access to water, sociopolitical tensions due to lack of public infrastructure in certain areas of the world and the effects of climate change. As the demand for water continues to increase around the world, and as water becomes scarcer and the quality of available water deteriorates, the Coca-Cola system may incur higher costs or face capacity constraints and the possibility of reputational damage, which could adversely affect our profitability.","2026-03-16T02:50:03.829598Z","2022-02-22",0.982,"Natural Capital",1075,"Natural Capital",2.835,"KO_2022_RISK_093","RISKS RELATED TO ENVIRONMENTAL AND SOCIAL FACTORS","RISKS RELATED TO ENVIRONMENTAL AND SOCIAL FACTORS","KO","2026-03-16T02:50:03.829605Z"
2071,"1",2161,"Supply of quality water, agricultural, and other raw materials, certain raw and packaging materials purchased under supply contracts; supply chain disruptions and inflation; limited group of glass bottle suppliers
The quality and quantity of water available for use is important to the supply of our agricultural raw materials and our ability to operate our business. Water is a limited resource in many parts of the world. If climate patterns change and droughts continue or become more severe or other restrictions on currently available water resources are imposed, there may be a scarcity of water or poor water quality which may affect our and our suppliers’ operations, increase production costs, or impose capacity constraints. We are dependent on sufficient amounts of quality water for operation of our breweries, wineries, and distilleries, as well as to irrigate our vineyards and conduct our other operations. The suppliers of the agricultural raw materials we purchase are also dependent upon sufficient supplies of quality water for their vineyards and fields. In addition, water purification and waste treatment infrastructure limitations could increase costs or constrain operations at our production facilities and vineyards. A substantial reduction in water supplies could result in material losses of grape crops and vines or other crops, such as corn, barley, or hops, which could lead to a shortage of our product supply. We have substantial brewery operations in Mexico and substantial wine operations in the U.S. (primarily in California), New Zealand, and Italy as well as brewery and distillery operations in the U.S. Although certain areas in California have recently experienced flooding, the state has endured and may continue to experience prolonged drought conditions which have resulted in the imposition of certain restrictions on water usage. If these conditions or restrictions persist and/or increase in severity, it could have an adverse effect upon those operations. Our current Mexican breweries are each, and the Veracruz Brewery will be, sourced from a single water supply originating from separate and distinct aquifers.","2026-03-16T02:50:07.143548Z","2024-04-23",0.9711,"Natural Capital",1076,"Natural Capital",2.778,"STZ_2024_RISK_001","Supply of quality water, agricultural, and other raw materials, certain raw and packaging materials purchased under supply contracts; supply chain disruptions and inflation; limited group of glass bottle suppliers","Operational Risks","STZ","2026-03-16T02:50:07.143560Z"
2072,"1",276,"Risks Related to the Oil and Natural Gas Industry and Our Business
Our operations are substantially dependent on the availability of water. Restrictions on our ability to obtain water may have an adverse effect on our financial condition, results of operations and cash flows.","2026-03-16T02:50:10.182970Z","2022-02-24",0.9739,"Natural Capital",1077,"Natural Capital",2.502,"FANG_2022_RISK_044","Risks Related to the Oil and Natural Gas Industry and Our Business","","FANG","2026-03-16T02:50:10.182990Z"
2073,"1",1051,"Supply of quality water, agricultural, and other raw materials, certain raw and packaging materials purchased under supply contracts; supply chain disruptions and other factors; limited group of certain suppliers
The water supplies for our current Mexican breweries and the Veracruz Brewery, which originate from separate and distinct aquifers, are subject to disruption which could impact our ability to produce our products. The sources of water, methods of water delivery, water quality, or water needs to support our ongoing requirements may change materially in the future. We may incur additional expenses for improving water delivery, quality, and efficiency as well as for securing additional water sources. Our breweries, the Glass Plant, our wineries, and our distilleries use a large volume of agricultural and other raw materials to produce our products. These include corn starch and sugars, malt, hops, fruits, yeast, and water for our breweries; soda ash and silica sand for the Glass Plant; grapes and water for our wineries; and grain","2026-03-16T02:50:13.319900Z","2025-04-23",0.9794,"Natural Capital",1078,"Natural Capital",2.619,"STZ_2025_RISK_020","Supply of quality water, agricultural, and other raw materials, certain raw and packaging materials purchased under supply contracts; supply chain disruptions and other factors; limited group of certain suppliers","Operational Risks","STZ","2026-03-16T02:50:13.319908Z"
2074,"1",2008,"Salar de Atacama/La Negra, Chile
•Mineral resources are reported exclusive of mineral reserves. Mineral resources are not mineral reserves and do not have demonstrated economic viability. •Given the dynamic reserve versus the static resource, a direct measurement of resources post-reserve extraction is not practical. Therefore, as a simplification, to calculate mineral resources, exclusive of reserves, the quantity of lithium pumped in the life of mine plan was subtracted from the overall resource without modification to lithium concentration. Measured and indicated resource were deducted proportionate to their contribution to the overall mineral resource.•Resources are reported on an in-situ basis. •Resources are reported between the elevations of 2,299 meters above mean sea level (“mamsl”) and 2,200 masl. Resources are reported as lithium metal.•Resources have been categorized subject to the opinion of a QP based on the amount/robustness of informing data for the estimate, consistency of geological/grade distribution, survey information.•Resources have been calculated using drainable porosity estimated from measured values in Upper Halite and volcanic, gypsum and clastic units, and bibliographical values based on the lithology and QP’s experience in similar deposits.•The estimated economic cutoff grade utilized for resource reporting purposes is 670 mg/l lithium, based on the following assumptions:◦A technical grade lithium carbonate price of $11,000/MT CIF La Negra. This is a 10% premium to the price utilized for reserve reporting purposes. The 10% premium applied to the resource versus the reserve was selected to generate a resource larger than the reserve, ensuring the resource fully encompassed the reserve while still maintaining reasonable prospect for eventual economic extraction.◦Recovery factors for the salar operation increase gradually over the span of four years, from the current 40% to the proposed Salar Yield Improvement Program (“SYIP”) 65% recovery in 2025.","2026-03-16T02:50:25.631619Z","2022-02-22",0.5865,"Natural Capital",1079,"Natural Capital",11.782,"ALB_2022_RISK_116","Salar de Atacama/La Negra, Chile","Salar de Atacama/La Negra, Chile","ALB","2026-03-16T02:50:25.631628Z"
2075,"1",1533,"Risks Related to our Business
We face direct and indirect supply chain risks that may adversely affect our business. Our business could be negatively affected by supply shortages and/or price increases driven by the increased costs of materials and logistics as a result of macroeconomic conditions, including the prolonged Ukraine/Russia conflict, general inflationary pressures, labor shortages, part or equipment availability, manufacturing capacity, tariffs, trade disputes and barriers, natural disasters or pandemics and the effects of climate change.  Supply shortages and/or price increases could lead to a reduction in revenues and an increase in our operating costs and could have a material impact on our business segments and earnings, cash flow and financial condition. Supply chain issues may disrupt the operations and development activities of operators on our land, upon whom much of our revenue relies, which could negatively affect our revenues from oil and gas royalties, easements and our water offerings.  Supply chain issues could also lead to an increase in TPWR’s operating costs and disrupt its water sourcing and treatment operations, which could further negatively affect our revenues from our water offerings.  TPWR has adapted lead times for ordering parts and equipment to mitigate supply chain issues, but given the uncertainty surrounding the macroeconomic factors and geopolitical situation, there can be no assurance that we will not suffer adverse effects on our business operations in the future.","2026-03-16T02:50:53.626651Z","2024-02-21",0.7949,"Natural Capital",1080,"Non-ESG",27.459,"TPL_2024_RISK_021","Risks Related to our Business","Risks Related to our Business","TPL","2026-03-16T02:50:53.626658Z"
2076,"1",1988,"Risks Related to Our Industry and Business Operations
Our regulated water and wastewater operations and the operations of our Market-Based Businesses are subject to extensive federal, state and local laws and regulations. These requirements include, among others, CERCLA, the Clean Water Act, the Safe Drinking Water Act, the LCR, and other federal and state requirements. For example, state PUCs and environmental regulators set conditions and standards for the water and wastewater services we deliver. If we deliver water or wastewater services to our customers that do not comply with regulatory standards, or otherwise violate environmental laws, regulations or permits, or other health and safety and water quality regulations, we could incur substantial fines, penalties or other sanctions or costs, as well as damage to our reputation. In the most serious cases, regulators could reduce requested rate increases or force us to discontinue operations and sell our operating assets to another utility or to a municipality. Given the nature of our business which, in part, involves providing water service for human consumption, any potential non-compliance with, or violation of, environmental, water quality and health and safety laws or regulations would likely pose a more significant risk to us than to a company not similarly involved in the water and wastewater industry. In addition, CERCLA authorizes the EPA to issue orders and bring enforcement actions to compel responsible parties to investigate and take remedial actions with respect to actual or threatened releases of hazardous substances, and can impose joint and several liability, without regard to fault, on responsible parties for the costs thereof. We are also required to obtain various environmental permits from regulatory agencies for our operations. We incur substantial operating and capital costs on an ongoing basis to comply with environmental, water quality and health and safety laws and regulations.","2026-03-16T02:51:03.742221Z","2022-02-16",0.7185,"Natural Capital",1081,"Pollution & Waste",9.596,"AWK_2022_RISK_005","Risks Related to Our Industry and Business Operations","","AWK","2026-03-16T02:51:03.742232Z"
2077,"1",490,"Risks Related to Our Industry and Business Operations
Our operations and the quality of water we supply are subject to extensive and increasingly stringent environmental, water quality and health and safety laws and regulations, including with respect to contaminants of emerging concern, compliance with which could impact both our operating costs and capital expenditures, and violations of which could subject us to substantial liabilities and costs, as well as damage to our reputation.","2026-03-16T02:51:10.897646Z","2023-02-15",0.8854,"Natural Capital",1082,"Natural Capital",6.636,"AWK_2023_RISK_004","Risks Related to Our Industry and Business Operations","","AWK","2026-03-16T02:51:10.897657Z"
2078,"1",1244,"Business disruptions could harm our operations, lead to a decline in revenue and increase our costs.
We have not experienced significant impact or expense to our business; however, if the conflict is further extended or expanded, it could impact future product development, operations, and revenue or create other uncertainty for our business. Additionally, interruptions or delays in services from CSPs, data center co-location partners, and other third parties on which we rely, including due to the events described above or other events such as the insolvency of these parties, could impair our ability to provide our products and services and harm our business. As we increase our reliance on these third-party systems and services, our exposure to damage from service interruptions, defects, disruptions, outages, shortages and other performance and quality problems may increase. Data centers depend on access to clean water and predictable energy. Power or water shortages, land or permitting constraints, or regulations that limit energy, water, or land availability, could impair the ability of our customers to expand their data center capacity and consume our products and services, which may in turn negatively impact our business.","2026-03-16T02:51:31.083453Z","2025-02-26",0.7845,"Natural Capital",1083,"Natural Capital",4.708,"NVDA_2025_RISK_031","Business disruptions could harm our operations, lead to a decline in revenue and increase our costs.","Risk Factors","NVDA","2026-03-16T02:51:31.083464Z"
2079,"1",1402,"Our underground potash shaft mines are subject to risks of water inflows.
Over the past century, several potash mines experiencing water inflow problems have flooded. Since December 1985, we have had inflows of salt saturated brine water into our Esterhazy, Saskatchewan K1 and K2 potash mines. Due to an acceleration of brine inflows, on June 4, 2021 the Company announced a closure of our K1 and K2 potash mine shafts eliminating the risk of brine inflows. Our potash mines at Colonsay, Saskatchewan, Carlsbad, New Mexico and our Esterhazy, Saskatchewan K3 mine (though not contiguous with the K1/K2 underground inflow region) are also subject to risks from the inflow of water as a result of our underground shaft mining operations. Though minor inflows are regularly managed, it is possible that significant water inflows could occur which may present risks to our employees and our operations, and which may require us to incur brine management costs, change our mining processes, or abandon our operating mines. See the “Key Factors that can Affect Results of Operations and Financial Condition” and “Potash Net Sales and Gross Margin” sections of our Management’s Analysis in this Form 10-K report and the Esterhazy closure costs in Note 25 of this report, which sections are incorporated herein by reference, for a discussion of costs, risks and other information relating to the brine inflows.","2026-03-16T02:51:42.722474Z","2022-02-23",0.8927,"Natural Capital",1084,"Natural Capital",11.108,"MOS_2022_RISK_015","Our underground potash shaft mines are subject to risks of water inflows.","Operational Risks","MOS","2026-03-16T02:51:42.722497Z"
2080,"1",1833,"Operational risks
During 2021, PT-FI continued to advance work on the human health risk assessment to evaluate these potential impacts. A study conducted by third-party expert consultants with PT-FI support, assessed potential exposure pathways including surface waters, groundwaters, sediments and soils, dust and terrestrial and aquatic tissues. PT-FI continues further study and evaluation and, in furtherance of this effort, has been assisting local health authorities with a community health survey, which is providing further data to evaluate any potential impacts from operations and information on community health conditions. The ongoing study and evaluation, which is expected to be completed in the first half of 2022, will assist in determining what additional monitoring and mitigation efforts may be required in the future. In the past, the Indonesia government has raised questions with respect to our tailings and overburden management plans, including a suggestion that we implement a pipeline system rather than the river transport system for tailings management. Our Indonesia mining operations are remotely located in steep mountainous terrain and in an active seismic area; such that, a pipeline system would be difficult to construct and maintain, and more prone to catastrophic failure, and could therefore involve significant potentially adverse environmental issues. Based on our own studies and others conducted by third parties, we do not believe that a pipeline system for all mine tailings is feasible. Overtopping or levee failure induced by extreme weather events is a potential risk. Additionally, unanticipated structural failure of the levee system in the future could result in flooding of the nearby communities and related loss of lives and/or severe personal, property and environmental damages.","2026-03-16T02:51:58.440060Z","2022-02-15",0.7237,"Natural Capital",1085,"Community Relations",15.181,"FCX_2022_RISK_046","Operational risks","Operational risks","FCX","2026-03-16T02:51:58.440069Z"
2081,"1",218,"Environmental Sampling in the Cadia Area
Our Company and the mining industry are facing continued geotechnical, geothermal, and hydrogeological challenges, which could adversely impact our production and profitability.","2026-03-16T02:52:04.663603Z","2025-02-21",0.6653,"Natural Capital",1086,"Non-ESG",5.694,"NEM_2025_RISK_094","Environmental Sampling in the Cadia Area","Waste Rock and Tailings Management","NEM","2026-03-16T02:52:04.663614Z"
2082,"1",1896,"Salar de Atacama/La Negra, Chile
In 1990, the facilities at the Salar de Atacama were expanded with a new well system and the capacity of the lithium carbonate plant in the La Negra plant was expanded. In 1998, the lithium chloride plant in La Negra began operating, the same year that Chemetall purchased Foote Mineral Company. Subsequently, in 2004, Chemetall was acquired by Rockwood, and in 2015, Rockwood was acquired by Albemarle. Effective January 1, 2017, the Chilean government and Albemarle entered into an annex to the original agreement through which its duration was modified, extending it until the balance of: (a) the original 200,000 metric tons of LME and an additional 262,132 metric tons of LME granted through this annex have been exploited, processed, and sold, or (b) on January 1, 2044, whichever comes first. In addition, the amended agreement provides for commission payments to the Chilean government based on sales price/metric ton on the amounts sold under the additional quota granted, our support of research and development in Chile of lithium applications and solar energy, and our support of local communities in Northern Chile. Albemarle currently operates its extraction and production facilities in Chile under this mineral rights agreement with the Chilean government. The Salar de Atacama is a salt flat, the largest in Chile, located in the Atacama Desert in northern Chile, which is the driest non-polar place on the planet and thus has an extremely high annual rate of evaporation and extremely low annual rainfall. Our extraction through evaporation process works as follows: snow in the Andes Mountains melts and flows into underground pools of water containing brine, which generally have high concentrations of lithium. We then pump the water containing brine above ground through a series of pumps and wells into a network of large evaporation ponds.","2026-03-16T02:52:17.481507Z","2026-02-11",0.7703,"Natural Capital",1087,"Non-ESG",12.268,"ALB_2026_RISK_158","Salar de Atacama/La Negra, Chile","Salar de Atacama/La Negra, Chile","ALB","2026-03-16T02:52:17.481526Z"
2083,"1",144,"12 OXY 2025 FORM 10-K
The Company’s operations could be adversely affected if it is unable to source water or sand or dispose of surplus fluids.","2026-03-16T02:52:21.294189Z","2026-02-18",0.8808,"Natural Capital",1088,"Natural Capital",3.281,"OXY_2026_RISK_030","12 OXY 2025 FORM 10-K","12 OXY 2025 FORM 10-K","OXY","2026-03-16T02:52:21.294201Z"
2084,"1",1276,"Risks Related to Our Industry and Business Operations
Seasonality could adversely affect the volume of water sold and our revenues. The volume of water we sell during the warmer months, typically in the summer, is generally greater than during other months, due primarily to increased water usage for irrigation systems, swimming pools, cooling systems and other applications. Throughout the year, and particularly during typically warmer months, the volume of water sold tends to vary with temperature, rainfall levels and rainfall frequency. In the event that temperatures during the typically warmer months are cooler than normal, or if there is more rainfall than normal, the amount of water we sell may decrease and adversely affect our revenues. Two of our regulated jurisdictions currently have a revenue stability mechanism that permit us to recover a portion or all of our authorized revenues in a general rate case, regardless of volumetric consumption. These mechanisms are designed to recognize declining sales resulting from reduced consumption, while providing an incentive for customers to use water more efficiently. In those jurisdictions that have not adopted a revenue stability mechanism, our operating results could continue to be affected by seasonality.","2026-03-16T02:55:41.869132Z","2025-02-19",0.7995,"Natural Capital",1089,"Natural Capital",200.037,"AWK_2025_RISK_030","Risks Related to Our Industry and Business Operations","","AWK","2026-03-16T02:55:41.869143Z"
2085,"1",1945,"Safi, Jordan
The climate, geology and location provide a setting that makes the Dead Sea a valuable large-scale natural resource for potash and bromine. Today, the Dead Sea has a surface area of 583 km2 and a brine volume of 110 km3. The Dead Sea is the world’s saltiest natural lake, containing high concentrations of ions compared to that of regular sea water and an unusually high amount of magnesium and bromine. There is an estimated 900 million tonnes of bromine in the Dead Sea. Mining methods consist of all activities necessary to extract brine from the Dead Sea and extract Bromine. The low rainfall, low humidity and high temperatures in the Dead Sea area provide ideal conditions for recovering potash from the brine by solar evaporation. JBC obtains its feedbrine from APC’s evaporation pond and this supply is intimately linked to the APC operation. As evaporation takes place the specific gravity of the brine increases until its constituent salts progressively crystallize and precipitate out of solution, starting with sodium chloride (common salt) precipitating out to the bottom of the ponds (pre-carnallite ponds). Brine is transferred to other pans in succession where its specific gravity increases further, ultimately precipitating out of the sodium chloride. Carnallite precipitation takes place at the evaporation pond. where it is harvested from the brine and pumped as slurry to a process plant (where the potassium chloride is separated from the magnesium chloride). JBC extracts the bromide-rich, “carnallite-free” brine through a pumping station. This brine feeds the bromine and magnesium plants. There is no exploration as typically conducted for the characterization of a mineral deposit. Infrastructure and facilities to support the operation of the bromine production plant at the Safi site is compact and contained in an approximately 33 ha area. JBC ships product in bulk through a storage terminal in Aqaba.","2026-03-16T02:55:59.944804Z","2022-02-22",0.5796,"Natural Capital",1090,"Non-ESG",17.509,"ALB_2022_RISK_128","Safi, Jordan","Safi, Jordan","ALB","2026-03-16T02:55:59.944817Z"
2086,"1",514,"Risks Related to Our Industry and Business Operations
Our operations and the quality of water we supply and wastewater we treat are subject to extensive and increasingly stringent environmental, water quality and health and safety laws and regulations, including with respect to contaminants of emerging concern, compliance with which could impact both our operating costs and capital expenditures, and violations of which could subject us to substantial liabilities and costs, as well as damage to our reputation.","2026-03-16T02:56:30.347762Z","2026-02-18",0.6158,"Natural Capital",1091,"Natural Capital",29.832,"AWK_2026_RISK_011","Risks Related to Our Industry and Business Operations","Additional Risks Related to Our Business","AWK","2026-03-16T02:56:30.347774Z"
2087,"1",1810,"Industry Risks
Our business is affected by potato crop performance. Our primary input is potatoes and every year, we must procure potatoes that meet the quality standards for processing into value-added products. Environmental and climate conditions, such as soil quality, moisture, and temperature, affect the yield and quality of the potato crop on a year-to-year basis. As a result, we source potatoes from specific regions of the U.S. and specific countries abroad, including Argentina, Australia, Austria, Belgium, Canada, China, France, Germany, the Netherlands, and the United Kingdom, where we believe the optimal potato growing conditions exist. However, severe weather conditions, including protracted periods of extreme heat or cold, during the planting and growing season in these regions can significantly affect potato crop performance, such as the extreme heat in the Pacific Northwest in the summer of 2021 and the drought in Europe during fiscal 2019, both of which resulted in poor crop and significantly limited supply. Further, because of the poor quality of the crop in the Pacific Northwest that was harvested in fall 2021, we encountered lower raw potato utilization rates in our production facilities during the second half of fiscal 2022 and early fiscal 2023, which increased our production costs. On the other hand, too much water, such as in times of prolonged heavy rainfalls or flooding, can promote harmful crop conditions like mildew growth and increase risks of diseases, as well as affect our ability to harvest the potatoes. Potatoes are also susceptible to pest diseases and insects that can cause crop failure, decreased yields, and negatively affect the physical appearance of the potatoes. We have deep experience in agronomy and actively work to monitor the potato crop.","2026-03-16T02:56:47.765040Z","2023-07-25",0.6691,"Natural Capital",1092,"Non-ESG",16.893,"LW_2023_RISK_027","Industry Risks","Industry Risks","LW","2026-03-16T02:56:47.765051Z"
2088,"1",1624,"AGGREGATES RESOURCES
Mineral resources are defined as a concentration or occurrence of material of economic interest in or on the earth’s crust in such form, grade or quality, and quantity that there are reasonable prospects for its economic extraction. Mineral resources are classified into three categories, in decreasing level of confidence, as follows:Measured — based on conclusive geological evidence and sampling, meaning that evidence is sufficient to test and confirm geological and grade or quality continuity. After applying modifying factors (as noted in the Aggregates Reserves section below), measured resources may be converted to either proven or probable reservesIndicated — based on adequate geological evidence and sampling, meaning that evidence is sufficient to establish geological and grade or quality continuity with reasonable certainty. After applying modifying factors, indicated resources may be converted to probable reservesInferred — based on limited geological evidence and sampling, meaning that evidence is only sufficient to establish that geological and grade or quality continuity is more likely than not. Inferred resources may not be converted to reservesOur reported aggregates resources do not include amounts that have been identified as mineral reserves. Our 2023 measured, indicated and inferred aggregates resources are based on an initial assessment using an average sales price assumption ranging from approximately $12.00 to $23.00 per ton depending on the location/market. The table below presents, by division, details of our aggregates resources as of December 31, 2023.","2026-03-16T02:57:02.617479Z","2024-02-22",0.6328,"Natural Capital",1093,"Non-ESG",14.302,"VMC_2024_RISK_023","AGGREGATES RESOURCES","AGGREGATES RESOURCES","VMC","2026-03-16T02:57:02.617490Z"
2089,"1",1018,"RISKS RELATED TO CLIMATE CHANGE, ENERGY TRANSITION, AND ESG MATTERS
The treatment and disposal of produced water is becoming more highly regulated and restricted. Regulators in some states, such as the Railroad Commission of Texas, have taken actions to limit disposal well activities (including orders to temporarily shut down or to curtail water injection) and to require the monitoring of seismic activity. While the Company remains focused on reusing or recycling water over disposal of water, the Company’s costs for obtaining and disposing of water could increase significantly if reusing and recycling water becomes impractical. Further, compliance with reporting and environmental regulations governing the withdrawal, storage, use, and discharge of water and restrictions related to disposal wells may increase the Company’s operating costs or capital expenses or cause the Company to limit production, which could materially and adversely affect its business, results of operations, and financial conditions.","2026-03-16T02:57:43.236927Z","2026-02-26",0.8433,"Natural Capital",1094,"Natural Capital",40.101,"APA_2026_RISK_077","RISKS RELATED TO CLIMATE CHANGE, ENERGY TRANSITION, AND ESG MATTERS","RISKS RELATED TO OPERATIONS, SAFETY, AND EXPLORATION AND DEVELOPMENT PROJECTS","APA","2026-03-16T02:57:43.236936Z"
2090,"1",1880,"Environmental Sampling in the Cadia Area
One such shaft wall failure incident occurred at Cadia in 2022, resulting in the need to abandon and backfill a shaft shortly after the completion of excavation to prevent further unravelling of the shaft wall and potential interruptions to other operations. Operations may also experience challenges to operating conditions, such as inundation, inrush of water or other materials, airblast and those relating to elevated temperatures (including management and discharge of hot water encountered in the underground workings). These risks could result in damage to, or destruction of, mineral properties, production facilities, equipment or other properties, personal injury or death of employees or third parties, environmental damage, community outrage, delays in mining, increased production costs, monetary losses and possible legal liability. Our operations are also subject to risks associated with a natural disaster, which include risk of tsunami, wildfires, mine flooding, geysers and outbursts, cyclones, avalanches and landslides. In addition, seismic activity may impact operations that are located in seismically active areas and subject to risks of earthquakes, such as Cadia and, with the related risks of tidal surge and tsunamis, Lihir. For instance, a large seismic event in 2017 impacted Cadia resulting in a temporary suspension of operations. Additionally, our Lihir operation is located within the Luise Caldera of the Luise Volcano which is located on the east coast of the Aniolam Island. The caldera is geothermally active in the form of hot springs and fumaroles. Adverse geotechnical, geothermal and hydrogeological conditions, including surface or underground fires, floods, droughts, geysers and outbursts, coastal erosion and landslides, avalanches, cyclones and pit wall failures, can be difficult to predict.","2026-03-16T02:57:55.269484Z","2026-02-19",0.7706,"Natural Capital",1095,"Non-ESG",11.521,"NEM_2026_RISK_097","Environmental Sampling in the Cadia Area","Waste Rock and Tailings Management","NEM","2026-03-16T02:57:55.269493Z"
2091,"1",1718,"Risks Related to Our Industry
Increased precipitation and severe storm events may potentially impact tailings storage facilities in the future by exceeding water management capacity, overtopping the facility, and/or undermining the geotechnical stability of the structure. We have experienced impacts at various sites in recent years due to heavy rainfall and severe storms. For example, in 2022, Yanacocha experienced heavy rainfall, above average historical levels, which resulted in significant water balance stress and required active emergency management. Refer to Note 25 to the Consolidated Financial Statements under the heading Environmental Matters - Minera Yanacocha S.R.L, for additional information. Increased amounts of water may also result in flooding of mine pits, maintenance and storage facilities; or may exceed current water management and treatment capacity to store and treat water, physical conditions resulting in an unintended overflow and discharge either on or off of the mine site property. See the risk factor above under the heading “Our operations are subject to a range of risks related to transitioning the business to meet regulatory, societal and investor expectations for operating in a low-carbon economy” for additional information. Operations have identified seepage from infrastructure (tailings, waste rock and seepage) that may have an impact on groundwater. We are currently managing this risk through monitoring, collection and treatment systems. There is a risk that the seepage could have an impact on beneficial use of groundwater resulting in increased requirements for collection and treatment as well as the potential requirement to provide alternative water sources.","2026-03-16T02:58:06.993760Z","2023-02-23",0.8458,"Natural Capital",1096,"Non-ESG",11.212,"NEM_2023_RISK_087","Risks Related to Our Industry","Risks Related to Our Industry","NEM","2026-03-16T02:58:06.993769Z"
2092,"1",1877,"Risks Related to Our Operations and Business
The Company appealed this approval to the Mining Council requesting the regulatory extension until 2027, and in April 2024, MINEM approved the compliance schedule. The Company is conducting detailed studies to better estimate water management and other closure activities that will ensure water quality and quantity discharge requirements, including the modifications promulgated by MINAM, as referenced above, will be met. During 2025, a comprehensive update to the Yanacocha reclamation plan was completed which addressed changes in closure activities and estimated closure costs while aiming to preserve optionality for potential future projects at Yanacocha. Ongoing studies, which will extend beyond the current year, continue to evaluate and revise assumptions and estimated costs of changes to the reclamation plan. While certain estimated costs remain subject to revision, the Company’s asset retirement obligation includes construction and operating costs for two new water treatment plants and initial consideration of known risks (including the associated risk that these water treatment estimates could change in the future as more work is completed). The ultimate water treatment costs of the two water treatment plants remain uncertain as ongoing study work and assessment of opportunities that incorporates the latest design considerations remain in progress. These and other risks and contingencies that are the subject of ongoing studies could result in future material increases to the reclamation obligation at Yanacocha, including, but not limited to, a comprehensive review of our tailings storage facility management, review of Yanacocha’s water balance and storm water management system and review of post-closure management costs. The ongoing Yanacocha closure studies are expected to continue in the future.","2026-03-16T02:59:22.210118Z","2026-02-19",0.7792,"Natural Capital",1097,"Pollution & Waste",74.707,"NEM_2026_RISK_019","Risks Related to Our Operations and Business","Risks Related to Our Operations and Business","NEM","2026-03-16T02:59:22.210127Z"
2093,"1",1996,"Risks Related to Our Operations and Business
We may also have to identify adequate sources of water and power for new projects, ensure that appropriate community infrastructure (for example, reliable rail, ports, roads, and bridges) is developed to support the project and secure appropriate financing to fund a new project. These infrastructures and services are often provided by third parties whose operational activities are outside of our control. Establishing infrastructure for our development projects requires significant resources, identification of adequate sources of raw materials and supplies, and the cooperation of national and regional governments, none of which can be assured. In addition, new projects have no operating history upon which to base estimates of future financial and operating performance, including future cash flow. Thus, it is possible that actual costs may increase significantly and economic returns may differ materially from our estimates. Consequently, our future development activities may not result in the expansion or replacement of current production with new production, or one or more of these new production sites or facilities may be less profitable than currently anticipated or may not be profitable at all, any of which could have a material adverse effect on our results of operations and financial position. For our existing operations, we base our mine plans on geological and metallurgical assumptions, financial projections and commodity price estimates. These estimates are periodically updated to reflect changes in our operations, including modifications to our proven and probable reserves and resources, revisions to environmental obligations, changes in legislation and/or our political or economic environment, and other significant events associated with mining operations. Further, future positive revisions, if any, remain subject to improvements in costs, recovery, commodity price or a combination of these and other factors.","2026-03-16T02:59:31.523833Z","2022-02-24",0.5838,"Natural Capital",1098,"Non-ESG",8.81,"NEM_2022_RISK_015","Risks Related to Our Operations and Business","Risks Related to Our Operations and Business","NEM","2026-03-16T02:59:31.523866Z"
2094,"1",1944,"Safi, Jordan
The climate, geology and location provide a setting that makes the Dead Sea a valuable large-scale natural resource for potash and bromine. Today, the Dead Sea has a surface area of 583 km2 and a brine volume of 110 km3. The Dead Sea is the world’s saltiest natural lake, containing high concentrations of ions compared to that of regular sea water and an unusually high amount of magnesium and bromine. There is an estimated 900 million tonnes of bromine in the Dead Sea. Mining methods consist of all activities necessary to extract brine from the Dead Sea and extract Bromine. The low rainfall, low humidity and high temperatures in the Dead Sea area provide ideal conditions for recovering potash from the brine by solar evaporation. JBC obtains its feedbrine from APC’s evaporation pond and this supply is intimately linked to the APC operation. As evaporation takes place the specific gravity of the brine increases until its constituent salts progressively crystallize and precipitate out of solution, starting with sodium chloride (common salt) precipitating out to the bottom of the ponds (pre-carnallite ponds). Brine is transferred to other pans in succession where its specific gravity increases further, ultimately precipitating out of the sodium chloride. Carnallite precipitation takes place at the evaporation pond where it is harvested from the brine and pumped as slurry to a process plant (where the potassium chloride is separated from the magnesium chloride). JBC extracts the bromide-rich, “carnallite-free” brine through a pumping station. This brine feeds the bromine and magnesium plants. There is no exploration as typically conducted for the characterization of a mineral deposit. Infrastructure and facilities to support the operation of the bromine production plant at the Safi site is compact and contained in an approximately 33 ha area. JBC ships product in bulk through a storage terminal in Aqaba.","2026-03-16T02:59:40.654560Z","2023-02-15",0.5979,"Natural Capital",1099,"Non-ESG",8.623,"ALB_2023_RISK_141","Safi, Jordan","Safi, Jordan","ALB","2026-03-16T02:59:40.654569Z"
2095,"1",1253,"Risks Related to Our Business
Such material failures could also trigger enforcement actions, require remediation or corrective measures, lead to operational restrictions or permit suspension or revocation, harm our reputation or result in third‑party claims for personal injury, property damage and other losses, any of which could materially and adversely affect our business, financial condition, results of operations and liquidity. Negative public opinion or adverse perceptions of Transmissive’s operations or reputation could materially affect our business, results of operations, or prospects over time. Negative sentiment may arise from unfavorable portrayals of produced water, water treatment operations or discharge locations by the media, special interest groups, political leaders, stakeholders, or other parties, including organized opposition to specific projects or the energy industry in general. Potential impacts of such sentiment include operational delays or interruptions, legal or regulatory challenges, blockades, increased regulatory oversight, reduced public or governmental support, and the delay, challenge, or revocation of regulatory approvals, permits, or licenses, each of which may increase costs or cause cost overruns.","2026-03-16T03:00:01.500119Z","2026-02-18",0.772,"Natural Capital",1100,"Non-ESG",20.338,"TPL_2026_RISK_016","Risks Related to Our Business","Risks Related to Our Business","TPL","2026-03-16T03:00:01.500129Z"
2096,"1",1385,"Risks Related to Our Business, Operations, and Industry
While sales of our products into the regions, and to customers that sell into these regions, have been negatively impacted by the Russian invasion of Ukraine, at this time, we have not experienced a material impact on our business, results of operations or financial conditions. Additionally, certain materials are primarily available in a limited number of countries, including rare earth elements, minerals, and metals. Trade disputes, geopolitical tensions, economic circumstances, political conditions, or public health issues, such as COVID-19, may limit our ability to obtain materials or equipment. Although rare earth and other materials are generally available from multiple suppliers, China is the predominant producer of certain of these materials. If China were to restrict or stop exporting these materials, our suppliers' ability to obtain such supply may be constrained and we may be unable to obtain sufficient quantities, or obtain supply in a timely manner, or at a commercially reasonable cost. Constrained supply of rare earth elements, minerals, and metals may restrict our ability to manufacture certain of our products and make it difficult or impossible to compete with other semiconductor memory manufacturers who are able to obtain sufficient quantities of these materials from China or other countries.","2026-03-16T03:00:16.620055Z","2023-05-25",0.5746,"Natural Capital",1101,"Non-ESG",14.607,"MCHP_2023_RISK_014","Risks Related to Our Business, Operations, and Industry","Risks Related to Our Business, Operations, and Industry","MCHP","2026-03-16T03:00:16.620063Z"
2097,"1",1940,"Wodgina, Australia
•The summary mineral resources attributable tonnes reflects Albemarle’s 60% ownership percentage in the Wodgina project.•All significant figures are rounded to reflect the relative accuracy of the estimates. •The mineral resource estimate has been classified in accordance with SEC S-K 1300 guidelines and definitions.•The Cassiterite Deposit comprises the historically mined Mt. Cassiterite pit and undeveloped North Hill areas.•Mineral resources are not mineral reserves and do not have demonstrated economic viability. Inferred mineral resources have a high degree of uncertainty as to their economic and technical feasibility. It cannot be assumed that all or any part of an inferred mineral resources can be upgraded to measured or indicated mineral resources.•Metallurgical recovery of lithium has been estimated on a block basis at a consistent 65% based on documentation from historical plant production.•To demonstrate reasonable prospects for eventual economic extraction of Mineral Resources, a cut-off grade of 0.5% Li2O based on metal recoverability assumptions, long-term price assumptions of $584 per metric tonne, variable mining costs averaging $3.40/metric tonne, processing costs and G&A costs totaling $23/metric tonne.•The mineral resources are constrained by an economic pit shell using an overall 43° pit slope angle, 0% mining dilution, and 100% mining recovery.•There are no known legal, political, environmental, or other risks that could materially affect the potential development of the Mineral Resources based on the level of study completed for this property. The Wodgina indicated mineral resources of 12.6 million metric tonnes at December 31, 2022 decreased by 6% from 13.4 million metric tonnes at December 31, 2021. The Wodgina inferred mineral resources of 98.3 million metric tonnes at December 31, 2022 decreased by less than 1% from 98.5 million metric tonnes at December 31, 2021.","2026-03-16T03:00:26.976847Z","2023-02-15",0.6489,"Natural Capital",1102,"Non-ESG",9.834,"ALB_2023_RISK_122","Wodgina, Australia","Wodgina, Australia","ALB","2026-03-16T03:00:26.976856Z"
2098,"1",2052,"Risks Related to the Jurisdictions in Which We Operate
The PNG Government has stated that the decision not to renew the Porgera SML is specifically related to environmental damages claims and resettlement at the Porgera mine and has no bearing on any other operations, including Lihir, or advanced exploration projects, including Wafi-Golpu. In 2020, the PNG government prepared and submitted to the National Parliament of PNG (the “PNG Parliament”) a proposed new organic law to introduce a production sharing regime for the mining sector. The proposed organic law will require the approval of a two thirds majority of the PNG Parliament and, if passed in its current proposed form, purports to transfer ownership of minerals from the State of PNG to state-owned entities who would then be responsible for negotiating mineral production sharing arrangements. As currently drafted, the bill containing the proposed organic law will not apply to Lihir, but could potentially apply to Wafi-Golpu if a mining lease or mining development contract is not in place before the effective date for the proposed organic law. The bill is yet to be debated in the PNG Parliament. In December 2024 Prime Minister Marape reaffirmed the Government’s intention to reform PNG’s mining and oil/gas laws as part of PNG’s 50th anniversary of independence in 2025 and indicated a production sharing regime for minerals and/or oil/gas remains under consideration. In October 2021, Prime Minister Marape announced proposed legislation which, if enacted, would regulate the export of gold from PNG and require that mining companies operating in PNG refine gold with a new national mint. At this stage, it is unclear whether this proposed legislation will become law and, if so, when it would take effect. In addition, in June 2023, the PNG government released a new national gold bullion policy setting out the government’s objective of establishing a domestic gold bullion program to refine gold, hold gold reserves and eventually enter into trading in the world gold market.","2026-03-16T03:00:37.726003Z","2026-02-19",0.2679,"Natural Capital",1103,"Non-ESG",10.246,"NEM_2026_RISK_135","Risks Related to the Jurisdictions in Which We Operate","Waste Rock and Tailings Management","NEM","2026-03-16T03:00:37.726012Z"
2099,"1",1244,"Risks Related to Our Industry and Business Operations
Our operating subsidiaries distribute water and collect wastewater through an extensive network of pipes, water mains and storage systems located across the United States. A failure of major pipes, mains or reservoirs could result in injuries, property and other damage for which we may be liable. The failure of major pipes, mains and reservoirs may also result in the need to shut down some facilities or parts of our network in order to conduct repairs. Such failures and shutdowns may limit our ability to supply water in sufficient quantities to our customers and to meet the water and wastewater delivery requirements prescribed by government regulators, including state PUCs with jurisdiction over our operations, and adversely affect our financial condition, results of operations, cash flows, liquidity and reputation. Any business interruption or other losses might not be covered by insurance policies or be recoverable in rates, and such losses may make it difficult for us to secure insurance at acceptable rates in the future. Moreover, to the extent such business interruptions or other losses are not covered by insurance, they may not be recovered through rate adjustments.","2026-03-16T03:57:42.774614Z","2024-02-14",0.3966,"Natural Capital",1104,"Human Capital",3438.411,"AWK_2024_RISK_040","Risks Related to Our Industry and Business Operations","","AWK","2026-03-16T03:57:58.568948Z"
2100,"1",2049,"Our construction of new IBX data centers, IBX data center expansions or IBX data center redevelopment could involve significant risks to our business.
legislation promoting decoupling from China on semiconductors and specific telecommunications equipment makers as well as the threat of increased tariffs and having to source from alternative suppliers for key components outside of China. We are currently using our global supply chain to manage the evolving tariff environment and reduce impacts on our business and customers. At this time, we believe the largest potential tariff impact for us is related to steel and steel derivatives. Tariffs on steel and steel derivatives could lead to significant building cost increases for us if we are unable to source alternative options. Any additional tariffs to be imposed by the U.S. on imports from certain countries and potential counter-tariffs in response, could lead to increased costs and supply chain disruptions. Attacks on merchant vessels remain high in the Red Sea which is causing disruptions in shipping routes. Although alternative routes are available, including routes via the Cape of Good Hope, these routes can add additional transit time and lead to delayed deliveries and increased fuel costs. We anticipate the disruptions in the Red Sea could continue to escalate. Any additional or unexpected disruptions to our supply chain, including in the event of any sustained regional escalation of the current conflict in the Middle East in the area around the Red Sea or more broadly, or inflationary pressures could significantly affect the cost and delivery timing of our planned expansion projects and interfere with our ability to meet commitments to customers who have contracted for space in new IBX data centers under construction. Construction projects are dependent on permitting from public agencies and utility companies. Any delay in permitting, including due to community opposition, could affect our growth. We are currently experiencing permitting delays in most metros.","2026-03-16T03:58:23.075997Z","2026-02-11",0.4509,"Natural Capital",1105,"Non-ESG",11.813,"EQIX_2026_RISK_041","Our construction of new IBX data centers, IBX data center expansions or IBX data center redevelopment could involve significant risks to our business.","Risks Related to Our Expansion Plans","EQIX","2026-03-16T03:58:23.076012Z"
2101,"1",1529,"The successful development and commercialization of Corteva's pipeline products will be necessary for Corteva's growth.
Corteva uses advanced breeding technologies to produce hybrids and varieties with superior performance in farmers’ fields and uses biotechnology to introduce traits that enhance specific characteristics of its crops. Corteva also uses advanced analytics, software tools, mobile communications and new planting and monitoring equipment to provide agronomic recommendations to growers. Additionally, Corteva conducts research into biological and chemical products to protect farmers’ crops from pests and diseases and enhance plant productivity. New product concepts may be abandoned for many reasons, including greater anticipated development costs, technical difficulties, lack of efficacy, regulatory obstacles or inability to market under regulatory frameworks, competition, inability to prove the original concept, lack of demand and the need to divert focus, from time to time, to other initiatives with perceived opportunities for better returns. The processes of active ingredient development or discovery, breeding, biotechnology trait discovery and development and trait integration are lengthy, and a very small percentage of the chemicals, genes and germplasm Corteva tests is selected for commercialization. Furthermore, the length of time and the risk associated with the breeding and biotech pipelines are interlinked because both are required as a package for commercial success in markets where","2026-03-16T03:58:43.185049Z","2025-02-14",0.4628,"Natural Capital",1106,"Non-ESG",19.585,"CTVA_2025_RISK_004","The successful development and commercialization of Corteva's pipeline products will be necessary for Corteva's growth.","Risks Related to our Industry","CTVA","2026-03-16T03:58:43.185058Z"
2102,"1",1939,"Risks Relating to the Industry in Which We Operate
The success of our hedging program depends on accurate forecasts of planned consumption of the hedged commodity materials. We could experience unanticipated hedge gains or losses if these forecasts are inaccurate. In accordance with the Dodd-Frank Wall Street Reform and Consumer Protection Act, the SEC established annual disclosure and reporting requirements for those companies who use tin, tantalum, tungsten, or gold (“conflict minerals” or “3TG”) mined from the Democratic Republic of the Congo (“DRC”) and adjoining countries (together with the DRC, the “Covered Countries”) in their products. These requirements, as well as new and additional regulations like the EU’s Conflict Minerals Regulation, could affect the sourcing, pricing, and availability of 3TG used in the manufacture of certain of our products, and may result in only a limited pool of suppliers who can demonstrate that they do not source any 3TG from the Covered Countries. Accordingly, we cannot provide assurance that we will be able to obtain non-conflict 3TG in sufficient quantities or at competitive prices. Further, since our supply chain is complex, we may face reputational challenges with our customers and other stakeholders if we are unable to meet customer non-conflict 3TG standards or sufficiently verify the origins and chain of custody for all conflict minerals used in our products through our due diligence procedures. We may use components and products manufactured by third parties. We may rely on third-party suppliers for the components used in our products, and we may rely on third-party manufacturers to manufacture certain of our assemblies and finished products. Our results of operations, financial position, and cash flows could be adversely affected if such third parties lack sufficient quality control or if there are significant changes in their financial or business condition.","2026-03-16T03:59:30.053942Z","2021-11-09",0.4898,"Natural Capital",1107,"Human Capital",38.468,"TEL_2021_RISK_020","Risks Relating to the Industry in Which We Operate","","TEL","2026-03-16T03:59:30.053956Z"
2103,"1",2029,"Risks Related to our Business Operations and Industry
The production of our products requires a wide variety of raw materials, key components and other goods that are generally available from alternate sources of supply. However, certain critical raw materials, key components and other goods required for the production and sale of some of our principal products are available from limited or single sources of supply. We generally have multi-year contracts with no minimum purchase requirements with these suppliers, but those contracts may not fully protect us from a failure by certain suppliers to supply critical materials or from the delays inherent in being required to change suppliers and, in some cases, validate new raw materials. Such raw materials, key components and other goods can usually be obtained from alternative sources with the potential for an increase in price, decline in quality or delay in delivery. A prolonged inability to obtain certain raw materials, key components or other goods is possible and could have an adverse effect on our business operations, and could damage our relationships with customers. In addition, global health crises or pandemics, actual or threatened tariffs, wars, conflicts, or other changes in a country’s or region’s political or economic conditions, could have a significant adverse effect on our supply chain. We are subject to the rules of the Securities and Exchange Commission requiring disclosure as to whether certain materials known as conflict minerals (tantalum, tin, gold, tungsten and their derivatives) that may be contained in our products are mined from the Democratic Republic of the Congo and adjoining countries. As a result of these rules, we may incur additional costs in complying with the disclosure requirements and in satisfying those customers who require that the components used in our products be certified as conflict-free, and the potential lack of availability of these materials at competitive prices could increase our production costs.","2026-03-16T04:00:26.369601Z","2026-02-24",0.5176,"Natural Capital",1108,"Non-ESG",55.817,"RVTY_2026_RISK_020","Risks Related to our Business Operations and Industry","Risks Related to our Business Operations and Industry","RVTY","2026-03-16T04:00:26.369611Z"
2104,"1",178,"Legal, Tax, Regulatory, and Other Risks
We may be adversely affected by regulations and market expectations related to sourcing and our supply chain, including conflict minerals.","2026-03-16T04:00:32.212278Z","2022-02-11",0.4154,"Natural Capital",1109,"Non-ESG",5.326,"MTD_2022_RISK_042","Legal, Tax, Regulatory, and Other Risks","Legal, Tax, Regulatory, and Other Risks","MTD","2026-03-16T04:00:32.212291Z"
2105,"1",2000,"Disruption to our supply chain could adversely affect our business
Our ability to manufacture and/or sell our products may be impaired by damage or disruption to our manufacturing, warehousing or distribution capabilities, or to the capabilities of our suppliers, contract manufacturers, logistics service providers or independent distributors. This damage or disruption could result from execution issues, as well as factors that are hard to predict or beyond our control such as increased temperatures due to climate change, water stress, extreme weather events, natural disasters, product or raw material scarcity, fire, terrorism, pandemics (such as the COVID-19 pandemic), armed hostilities (including the ongoing conflict between Russia and Ukraine), strikes, labor shortages, cybersecurity breaches, government shutdowns, disruptions in logistics, supplier capacity constraints or other events. Commodity prices continue to be volatile and generally increased due to the COVID-19 pandemic, supply chain disruptions and labor and transportation shortages. Production of the agricultural commodities used in our business may also be adversely affected by drought and excessive rain, temperature extremes and other adverse weather events, water scarcity, scarcity of suitable agricultural land, scarcity of organic ingredients, crop size, cattle cycles, herd and flock disease, crop disease and crop pests. Failure to take adequate steps to mitigate the likelihood or potential impact of such events, or to effectively manage such events if they occur, may adversely affect our business or financial results, particularly in circumstances when a product is sourced from a single supplier or location. Disputes with significant suppliers, contract manufacturers, logistics service providers or independent distributors, including disputes regarding pricing or performance, may also adversely affect our ability to manufacture and/or sell our products, as well as our business or financial results.","2026-03-16T04:00:43.653060Z","2022-09-22",0.4236,"Natural Capital",1110,"Non-ESG",10.931,"CPB_2022_RISK_004","Disruption to our supply chain could adversely affect our business","Business and Operational Risks","CPB","2026-03-16T04:00:43.653070Z"
2106,"1",800,"Adverse weather conditions, including the impact of hurricanes, and excess heat, cold, snow, rainfall and drought, have in the past, and may in the future, adversely affect our operations, and result in increased costs, decreased sales or production and potential liabilities.
For example, in 2019 we experienced the wettest year in North America in nearly 50 years which reduced fertilizer applications by farmers. Excess rainfall also resulted in higher river levels which adversely affected delivery of our products. Drought can reduce farmers’ crop yields and the uptake of phosphates and potash, reducing the need for application of additional phosphates and potash for the next planting season. Drought can also lower river levels, adversely affecting delivery of our products to our customers.","2026-03-16T04:00:51.495260Z","2022-02-23",0.5328,"Natural Capital",1111,"Natural Capital",7.344,"MOS_2022_RISK_012","Adverse weather conditions, including the impact of hurricanes, and excess heat, cold, snow, rainfall and drought, have in the past, and may in the future, adversely affect our operations, and result in increased costs, decreased sales or production and potential liabilities.","Operational Risks","MOS","2026-03-16T04:00:51.495271Z"
2107,"1",1923,"Risks related to our business operations
Environmental and other disasters, such as flooding, large earthquakes, volcanic eruptions or nuclear or other disasters, or a combination thereof may negatively impact our business. If flooding, a large earthquake, volcanic eruption or, extreme weather event or other natural disaster were to directly damage, destroy or disrupt our manufacturing facilities, it could disrupt our operations, delay new production and shipments of existing inventory or result in costly repairs, replacements or other costs, all of which would negatively impact our business. Even if our manufacturing facilities are not directly damaged, a large natural disaster may result in disruptions in distribution channels, supply chains, movement of goods and significant increases in the prices of raw materials used for our manufacturing process. For instance, the nuclear incident following the tsunami in Japan in 2011 impacted the supply chains of our customers and suppliers. Furthermore, any disaster affecting our customers (or their respective customers) may significantly negatively impact the demand for our products and our revenues. In addition, climate change could cause certain natural disasters, such as drought, wildfires, storms, flooding or rising sea levels, to occur more frequently or with greater intensity. Such natural disasters pose physical risks to our manufacturing, IT facilities or our suppliers’ facilities, or could disrupt the availability of water and utilities necessary for the operation of our manufacturing facilities or our suppliers’ facilities resulting in increased operating costs and business disruption, such as the disruption to our Austin, Texas manufacturing facilities caused by the February 2021 winter storm and weather-related disruption of water and utilities to these facilities. In addition, semiconductor manufacturing is a water-intensive process.","2026-03-16T04:04:14.978156Z","2023-03-01",0.3546,"Natural Capital",1112,"Climate Change",202.962,"NXPI_2023_RISK_039","Risks related to our business operations","Risks related to our business operations","NXPI","2026-03-16T04:04:14.978167Z"
2108,"1",1881,"Salar de Atacama/La Negra, Chile
Over the course of approximately eighteen months, the desert sun evaporates the water causing other salts to precipitate and leaving behind concentrated lithium brine. If weather conditions are not favorable, the evaporation process may be prolonged. After we obtain the lithium brine from the Salar de Atacama, we process it into lithium carbonate and lithium chloride at our manufacturing facilities in nearby La Negra, Chile. The filling materials of the Salar de Atacama Basin are dominated by the Vilama Formation and the more recently, in geologic time, by evaporitic and clastic materials that are currently being deposited in the basin. These units house the basin's aquifer system and are composed of evaporitic chemical sediments that include carbonate, gypsum and halite intervals interrupted by volcanic deposits of large sheets of ignimbrite, volcanic ash and smaller classical deposits. Lithium-rich brines are extracted from the halite aquifer that is located within the nucleus of the salt flat. The Salar de Atacama basin contains a continental system of lithium-rich brine. These types of systems have six common (global) characteristics: arid climate; closed basin that contains a salt flat (salt crust), a salt lake, or both; igneous and/or hydrothermal activity; tectonic subsidence; suitable sources of lithium; and sufficient time to concentrate the lithium in the brine. In the Salar de Atacama basin, lithium-rich brines are found in a halite aquifer. Carbonate and sulfates are found near the edges of the basin. The average, minimum and maximum concentrations of lithium in the Salar de Atacama basin are approximately 1,400, 900 and 7,000 mg/L, respectively. From 2017 through 2019, two drilling campaigns were carried out in order to obtain geological and hydrogeological information at the Albemarle mining concession.","2026-03-16T04:04:21.931346Z","2023-02-15",0.5486,"Natural Capital",1113,"Non-ESG",6.458,"ALB_2023_RISK_126","Salar de Atacama/La Negra, Chile","Salar de Atacama/La Negra, Chile","ALB","2026-03-16T04:04:21.931359Z"
2109,"1",2181,"We may not be able to increase prices or sustain price increases to fully offset inflationary pressures on costs, such as raw and packaging materials, labor and distribution costs.
As a manufacturer of food and beverage products, we rely on plant labor, distribution resources and raw and packaging materials including tomatoes, tomato paste, grains, beef, poultry, dairy, olive oil, vegetable oil, wheat, potatoes and other vegetables, steel, aluminum, glass, paper and resin. During 2024, we experienced moderately elevated commodity and supply chain costs including the costs of labor, raw materials, energy, fuel, packaging materials and other inputs necessary for the production and distribution of our products. We expect input cost inflation in 2025 to remain at similar levels as 2024, as we continue to see improvement across certain ingredients and packaging materials; however, we could experience unexpectedly high input cost inflation in various categories and in other areas of persistent inflation, such as labor and distribution costs, and we expect modestly elevated levels of inflation to continue into 2025. In addition, many of these items are subject to price fluctuations from a number of factors, including but not limited to changes in crop size, cattle cycles, herd and flock disease, crop disease, crop pests, product scarcity, demand for raw materials, commodity market speculation, energy costs, currency fluctuations, supplier capacities, government-sponsored agricultural programs and other government policy, import and export requirements (including tariffs), drought and excessive rain, temperature extremes and other adverse weather events, water scarcity, scarcity of suitable agricultural land, scarcity of organic ingredients, pandemics or other local or global health issues, geopolitical conflicts, environmental and other sustainability regulations and other factors that may be beyond our control. We try to mitigate some or all cost increases through increases in the selling prices of, or decreases in the packaging sizes of, some of our products. Higher product prices or smaller packaging sizes may result in reductions in sales volume.","2026-03-16T04:05:33.056223Z","2024-09-19",0.2923,"Natural Capital",1114,"Non-ESG",70.591,"CPB_2024_RISK_002","We may not be able to increase prices or sustain price increases to fully offset inflationary pressures on costs, such as raw and packaging materials, labor and distribution costs.","Business and Operational Risks","CPB","2026-03-16T04:05:33.056234Z"
2110,"1",1273,"Risks Related to Our Industry and Business Operations
Seasonality could adversely affect the volume of water sold and our revenues. The volume of water we sell during the warmer months, typically in the summer, is generally greater than during other months, due primarily to increased water usage for irrigation systems, swimming pools, cooling systems and other applications. Throughout the year, and particularly during typically warmer months, the volume of water sold tends to vary with temperature, rainfall levels and rainfall frequency. In the event that temperatures during the typically warmer months are cooler than normal, or if there is more rainfall than normal, the amount of water we sell may decrease and adversely affect our revenues. Two of our jurisdictions, California and Illinois, currently have revenue stability mechanisms that permit us to recover the revenues authorized in a general rate case, regardless of sales volume. Revenue stability mechanisms are designed to recognize declining sales resulting from reduced consumption, while providing an incentive for customers to use water more efficiently. In those jurisdictions that have not adopted a revenue stability mechanism, our operating results could continue to be affected by seasonality.","2026-03-16T04:05:45.913253Z","2024-02-14",0.5287,"Natural Capital",1115,"Natural Capital",12.342,"AWK_2024_RISK_031","Risks Related to Our Industry and Business Operations","","AWK","2026-03-16T04:05:45.913264Z"
2111,"1",1926,"Risks Related to Our Industry
Key permits and approvals may be revoked or suspended or may be adjusted in a manner that adversely affects our operations, including our ability to explore or develop properties, commence production or continue operations. Permit review and approval could be delayed, adversely impacting project implementation due to delays in review and development of permits from limited resources at the regulatory agencies. Many of our mining and processing operations, including tailings storage, project expansions, and exploration and development activities require mineral, mining and/or surface land tenure properties that are leased, granted to, or otherwise acquired by the Company for specified periods of time. Securing, maintaining, extending, and renewing the Company’s rights, titles, or interests (""Legal Title"") in and to these land tenures can be costly, subject to political, regulatory, and social risks, and no assurance can be provided that all required leases or other types of land tenure will be granted, maintained, extended, or renewed. For example, additional tailings capacity is needed to support future growth and sustainability of Boddington operations beyond 2025. Boddington’s existing tailings facility is expected to reach the permitted capacity in 2026. Following advancement of the life of mine tailings study to explore options for continued tailings deposition, the Company decided to expand the existing F1/F3 Residue Disposal Area (""RDA"") from an ultimate capacity of 600Mt to 750Mt to provide storage capacity to 2029, subject to permitting and other approvals. Beyond 2029 an additional tailings facility would need to be built, termed RDA2, and this facility is also subject to permitting and other approvals, including additional environmental permits. Further, the Boddington operation is primarily located on mining leases with renewal dates commencing in 2028.","2026-03-16T04:06:01.540678Z","2025-02-21",0.5117,"Natural Capital",1116,"Non-ESG",15.12,"NEM_2025_RISK_061","Risks Related to Our Industry","Risks Related to Our Industry","NEM","2026-03-16T04:06:01.540689Z"
2112,"1",2029,"Risks Relating to the Macroeconomic Environment and Our Global Presence
We could experience unanticipated hedge gains or losses if these forecasts are inaccurate. The SEC requires annual disclosure and reporting requirements for those companies which use tin, tantalum, tungsten, or gold (“conflict minerals” or “3TG”) mined from the Democratic Republic of the Congo (“DRC”) and adjoining countries (together with the DRC, the “Covered Countries”) in their products. These requirements, as well as new and additional regulations like the EU’s Conflict Minerals Regulation, could affect the sourcing, pricing, and availability of 3TG used in the manufacture of certain of our products, and may result in only a limited pool of suppliers which can demonstrate that they do not source any 3TG from the Covered Countries. Accordingly, we cannot provide assurance that we will be able to obtain non-conflict 3TG in sufficient quantities or at competitive prices. Further, since our supply chain is complex, we may face reputational challenges with our customers and other stakeholders if we are unable to meet customer non-conflict 3TG standards or sufficiently verify the origins and chain of custody for all conflict minerals used in our products through our due diligence procedures. Poor quality of components and products manufactured by third parties could harm our business. We may rely on third-party suppliers for the components used in our products, and we may rely on third-party manufacturers to manufacture certain of our assemblies and finished products. Our results of operations, financial position, and cash flows could be adversely affected if such third parties lack sufficient quality control or if there are significant changes in their financial or business condition. If these third parties fail to deliver quality products, parts, and components on time and at reasonable prices, we could have difficulties fulfilling our orders, sales and profits could decline, and our commercial reputation could be damaged.","2026-03-16T04:06:34.831083Z","2023-11-13",0.3924,"Natural Capital",1117,"Human Capital",32.782,"TEL_2023_RISK_020","Risks Relating to the Macroeconomic Environment and Our Global Presence","","TEL","2026-03-16T04:06:34.831094Z"
2113,"1",1926,"Risks Related to Our Industry
Key permits and approvals may be revoked or suspended or may be adjusted in a manner that adversely affects our operations, including our ability to explore or develop properties, commence production or continue operations. Permit review and approval could be delayed, adversely impacting project implementation due to delays in review and development of permits from limited resources at the regulatory agencies. Many of our mining and processing operations, including tailings storage, project expansions, and exploration and development activities require mineral, mining and/or surface land tenure properties that are leased, granted to, or otherwise acquired by the Company for specified periods of time. Securing, maintaining, extending, and renewing the Company’s rights, titles, or interests (""Legal Title"") in and to these land tenures can be costly, subject to political, regulatory, and social risks, and no assurance can be provided that all required leases or other types of land tenure will be granted, maintained, extended, or renewed. For example, additional tailings capacity is needed to support future growth and sustainability of Boddington operations beyond 2025. Boddington’s existing tailings facility is expected to reach the permitted capacity in 2026. Following advancement of the life of mine tailings study to explore options for continued tailings deposition, the Company decided to expand the existing F1/F3 Residue Disposal Area (""RDA"") from an ultimate capacity of 600Mt to 750Mt to provide storage capacity to 2029, subject to permitting and other approvals. Beyond 2029 an additional tailings facility would need to be built, termed RDA2, and this facility is also subject to permitting and other approvals, including additional environmental permits. Further, the Boddington operation is primarily located on mining leases with renewal dates commencing in 2028.","2026-03-16T04:06:42.283980Z","2026-02-19",0.5117,"Natural Capital",1118,"Non-ESG",6.938,"NEM_2026_RISK_061","Risks Related to Our Industry","Risks Related to Our Industry","NEM","2026-03-16T04:06:42.283991Z"
2114,"1",1634,"Business Risks
The businesses in which Entergy’s subsidiaries, including the Utility operating companies and System Energy, operate are subject to extensive existing environmental regulation by local, state, and federal authorities. These laws and regulations affect the manner in which the Utility operating companies and System Energy conduct their operations and make capital expenditures. These laws and regulations also affect how Entergy’s subsidiaries, including the Utility operating companies and System Energy, manage air emissions, discharges to water, wetlands impacts, solid and hazardous waste storage and disposal, cooling and service water intake, the protection of threatened and endangered species, certain migratory birds and eagles, hazardous materials transportation, and similar matters. Federal, state, and local authorities continually revise these laws and regulations, and the laws and regulations are subject to judicial interpretation and to the implementing agencies’ permitting and enforcement decisions. Developing and implementing plans for facility compliance with these requirements can lead to capital, personnel, and operation and maintenance expenditures. Violations of these requirements can subject the Utility operating companies and System Energy to enforcement actions, capital expenditures to bring existing facilities into compliance, additional operating costs or operating restrictions to achieve compliance, remediation and clean-up costs, civil penalties, and exposure to third parties’ claims for alleged health or property damages or for violations of applicable permits or standards.","2026-03-16T04:16:03.433240Z","2025-02-18",0.3416,"Natural Capital",1119,"Natural Capital",560.626,"ETR_2025_RISK_091","Business Risks","Business Risks","ETR","2026-03-16T04:16:03.433251Z"
2115,"1",1924,"OPERATIONS, GROWTH AND COMPETITIVE RISKS
Part I22 Our long-term success depends upon securing and permitting aggregates reserves in strategically located areas — Construction aggregates have a high weight-to-price ratio, and transportation costs can quickly exceed the cost of the aggregates. Therefore, except for geographic regions that do not possess commercially viable deposits of aggregates and are served by rail, barge or ship, the markets for our products tend to be localized around our quarry sites and are served by truck. New quarry sites often take years to develop, so our strategic planning and new site development must stay ahead of actual growth. Additionally, in a number of urban and suburban areas in which we operate, it is increasingly difficult to permit new sites or expand existing sites due to community resistance. Therefore, our future success is dependent, in part, on our ability to accurately forecast future areas of high growth in order to locate optimal facility sites and on our ability to secure operating and environmental permits to operate at those sites. Our future growth depends in part on acquiring and successfully integrating other businesses in our industry — Our ability to acquire and integrate businesses is dependent upon the availability of attractive businesses with owners that are willing to sell at fair market prices, conducting proper due diligence on such available businesses, and developing and executing integration plans for acquired businesses. Our aggregates operations are subject to the risks of open pit and underground mining — Aggregates mining involves risks such as pit wall failures, pillar or ceiling collapse, flooding, and seismic events related to geologic conditions and our mining activities. Any ground control event could lead to serious injuries, loss of life, equipment damage, production delays or cessation, and increased operating costs.","2026-03-16T04:28:40.869568Z","2024-02-22",0.3802,"Natural Capital",1120,"Non-ESG",756.903,"VMC_2024_RISK_005","OPERATIONS, GROWTH AND COMPETITIVE RISKS","OPERATIONS, GROWTH AND COMPETITIVE RISKS","VMC","2026-03-16T04:28:40.869586Z"
2116,"1",1952,"Regulatory, Legislative, and Legal Risks
MPSC rate orders, and energy legislation enacted by the State of Michigan, have placed a 10% cap on the total potential retail access migration. However, even with the legislated 10% cap on participation, there continues to be legislative and financial risk associated with the electric retail access program. Electric retail access migration is sensitive to market price and full service electric price changes. The Registrants are required under current regulation to provide full service to retail access customers that choose to return, potentially resulting in the need for additional generating capacity. Environmental laws and liability may be costly. The Registrants are subject to, and affected by, numerous environmental regulations. These regulations govern air emissions, water quality, wastewater discharge, and disposal of solid and hazardous waste. Compliance with these regulations can significantly increase capital spending, operating expenses, and plant down times, and can negatively affect the affordability of the rates charged to customers. Uncertainty around future environmental regulations creates difficulty planning long-term capital projects in the Registrants' generation fleet and, for DTE Energy's gas distribution businesses. These laws and regulations require the Registrants to seek a variety of environmental licenses, permits, inspections, and other regulatory approvals. The Registrants could be required to install expensive pollution control measures or limit or cease activities, including the retirement of certain generating plants, based on these regulations. Additionally, the Registrants may become a responsible party for environmental cleanup at sites identified by a regulatory body. The Registrants cannot predict with certainty the amount and timing of future expenditures related to environmental matters because of the difficulty of estimating cleanup costs.","2026-03-16T04:28:47.885961Z","2022-02-10",0.9601,"Pollution & Waste",1121,"Pollution & Waste",6.503,"DTE_2022_RISK_003","Regulatory, Legislative, and Legal Risks","Risk Factors","DTE","2026-03-16T04:28:47.885971Z"
2117,"1",1992,"Legal and Regulatory Risks
A recent federal district court ruling has had a negative impact on harvest capacity and labor costs. Harvest facilities the Company uses are negotiating to resolve the situation and expect to reach a solution, but harvest capacity and labor costs will continue to be negatively impacted until a solution is reached. There can be no assurance a solution will be reached, in which case the negative impacts of the ruling would continue. The Company is subject to stringent environmental regulation and potentially subject to environmental litigation, proceedings, and investigations. The Company’s past and present business operations and ownership and operation of real property are subject to stringent federal, state, and local environmental laws and regulations pertaining to the discharge of materials into the environment and the handling and disposition of wastes (including solid and hazardous wastes) or otherwise relating to protection of the environment. Compliance with these laws and regulations, as well as any modifications, is material to the Company’s business. Some of the Company’s facilities have been in operation for many years and, over time, the Company and other prior operators of these facilities may have generated and disposed of wastes that now may be considered hazardous. Future discovery of contamination of property underlying or in the vicinity of the Company’s present or former properties or manufacturing facilities and/or waste disposal sites could require the Company to incur additional expenses related to additional investigation, assessment or other requirements. The occurrence of any of these events, the implementation of new laws and regulations or stricter interpretation of existing laws or regulations could adversely affect the Company’s financial results. The Company’s foreign operations pose additional risks to the Company’s business. The Company operates its business and markets its products internationally.","2026-03-16T04:29:01.834293Z","2021-12-10",0.9484,"Pollution & Waste",1122,"Pollution & Waste",13.459,"HRL_2021_RISK_015","Legal and Regulatory Risks","Legal and Regulatory Risks","HRL","2026-03-16T04:29:01.834302Z"
2118,"1",1750,"Legal, Tax and Regulatory Risks
We rely on diverse packaging solutions to safely deliver products to our customers and consumers. Certain of our products are sold in packaging designed to be recyclable, commercially compostable, biodegradable or reusable. However, not all packaging is recovered, whether due to lack of infrastructure or otherwise, and certain of our packaging is not currently recyclable, commercially compostable, biodegradable or reusable. Packaging waste not properly disposed of that displays one or more of our brands has in the past resulted in and could continue to result in negative publicity, litigation, government action or reduced consumer demand for our products, adversely affecting our financial performance. Many jurisdictions in which our products are sold have imposed or are considering imposing laws, regulations or policies intended to encourage the use of sustainable packaging, waste reduction or increased recycling rates or to restrict the sale of products utilizing certain packaging. These laws, regulations and policies vary in form and scope and include extended producer responsibility policies, plastic or packaging taxes, restrictions on certain products and materials, requirements for bottle caps to be tethered to bottles, restrictions or bans on the use of certain types of packaging, including single-use plastics and packaging containing PFAS, restrictions on labeling related to recyclability and requirements to charge deposit fees. For example, the European Union, Peru and certain states in the United States, among other jurisdictions, have imposed a minimum recycled content requirement for beverage bottle packaging and similar legislation is under consideration in other jurisdictions.","2026-03-16T04:29:06.482054Z","2023-02-09",0.9835,"Pollution & Waste",1123,"Pollution & Waste",4.144,"PEP_2023_RISK_043","Legal, Tax and Regulatory Risks","Legal, Tax and Regulatory Risks","PEP","2026-03-16T04:29:06.482064Z"
2119,"1",1982,"We are subject to numerous environmental, health and safety laws, regulations and permitting requirements, as well as potential environmental liabilities, which may require us to make substantial expenditures or modify business plans.
We are subject to numerous environmental, health and safety laws and regulations in the United States, Canada, the United Kingdom, Trinidad and other locations, including laws and regulations relating to the generation, handling and disposal of hazardous substances and wastes; the introduction of new chemicals or substances into a market; the cleanup of hazardous substance releases; the discharge of regulated substances to land, air or water; and the demolition and cleanup of plant sites upon permanent closure. In the United States, these laws include the Clean Air Act, the Clean Water Act, the Resource Conservation and Recovery Act, the Comprehensive Environmental Response, Compensation, and Liability Act (CERCLA), the Toxic Substances Control Act and various other federal, state, provincial, local and international laws. In November 2021, the Infrastructure Investment and Jobs Act reinstated and doubled the Superfund tax on chemicals, including ammonia and nitric acid. These taxes were put in place from July 1, 2022 through December 31, 2031 and apply to both the domestic production and import of ammonia and nitric acid products, except to the extent such products are used in fertilizer or animal feed, used as fuel or exported. As a producer of nitrogen products working with hazardous substances, our business faces risks of spills, discharges or other releases of those substances into the environment. Certain environmental laws, including CERCLA, impose joint and several liability, without regard to fault, for cleanup costs on persons who have disposed of or released hazardous substances into the environment or who own or operate property where hazardous substances have been released or disposed of by other parties.","2026-03-16T04:29:12.225423Z","2025-02-20",0.9621,"Pollution & Waste",1124,"Pollution & Waste",5.262,"CF_2025_RISK_037","We are subject to numerous environmental, health and safety laws, regulations and permitting requirements, as well as potential environmental liabilities, which may require us to make substantial expenditures or modify business plans.","Environmental and Regulatory Risks","CF","2026-03-16T04:29:12.225433Z"
2120,"1",1412,"Waste Rock and Tailings Management
Our gold and copper mining and ore refining/metals extraction processes generate waste by-products such as waste rock (managed in waste rock dumps or, in the case of Lihir, harbor waste rock platforms and permitted barge dumping locations) and tailings (managed by the use of tailings storage facilities, lacustrine deposition in the case of Brucejack or deep sea tailings placement in the case of Lihir and as proposed at Wafi-Golpu). Tailings storage facilities are constructed progressively throughout the life of the mine to support increasing capacity requirements. If there is a failure in the integrity of a tailings storage facility, there is a risk that tailings or large volumes of water and/or potentially contaminating materials may be released and cause material harm to human health and/or the environment downstream of the facility. Such an occurrence could severely damage our reputation and materially adversely impact our operating results and financial condition. It may also subject us to civil and/or criminal action, penalties and claims from environmental and planning regulators and/or affected third parties, and may lead to the suspension or disruption of our operations and projects. See also risk factor under the heading ""Our operations and projects are dependent on the availability of sufficient water supplies and subject to water-related risk.""","2026-03-16T04:29:21.227403Z","2026-02-19",0.9623,"Pollution & Waste",1125,"Pollution & Waste",8.508,"NEM_2026_RISK_076","Waste Rock and Tailings Management","Waste Rock and Tailings Management","NEM","2026-03-16T04:29:21.227414Z"
2121,"1",2011,"Risks Related to Government Regulation and Legal Proceedings
We may incur significant additional costs as a result of the discovery of contamination or the imposition of additional obligations in the future, including at sites where we are currently addressing contamination or have been named as one of the responsible parties. Further noncompliance with laws and regulations, or the appearance of noncompliance, could impact our reputation and suppliers, customers, and consumers’ willingness to work with us or purchase our products. Laws and regulations related to environmental, health and safety matters have become, and are likely to continue to become, more stringent over time. Compliance with existing or future requirements could require us to incur significant operating or capital expenditures or result in significant restrictions on our operations, including installing pollution control equipment or reformulating or ceasing the marketing of our products. We also are subject to extensive and evolving regulations regarding the manufacturing, processing, distribution, importing, exporting, registration and labeling of our products and their raw materials. This includes the REACH regulations, which came into effect in the European Union in 2007, with implementation rolling out over time, and includes certain chemical evaluation and registration requirements and potential restrictions. Since the promulgation of REACH, other jurisdictions have enacted or are in the process of implementing similar comprehensive chemical regulations. Additionally, many jurisdictions have begun to adopt a wide variety of extended producer responsibility (“EPR”) laws. EPR laws place on product manufacturers obligations to reduce post-consumer environmental impacts of products and packaging. For example, some EPR laws require producers to provide financial support for recycling infrastructure, implement takeback schemes, reduce plastic use, and shoulder the costs to upgrade waste treatment facilities.","2026-03-16T04:29:29.237396Z","2024-03-01",0.903,"Pollution & Waste",1126,"Pollution & Waste",7.516,"KVUE_2024_RISK_127","Risks Related to Government Regulation and Legal Proceedings","Risks Related to Our Operations","KVUE","2026-03-16T04:29:29.237406Z"
2122,"1",1954,"Legal and Regulatory Risks
As a result, some of our properties may be contaminated. Some environmental laws hold current or previous owners or operators of real property liable for the costs of cleaning up contamination. These environmental laws also impose liability on any person who disposes of, treats, or arranges for the disposal or treatment of hazardous substances, regardless of whether the affected site is owned or operated by such person, and at times can impose liability on companies deemed under law to be a successor to such person. Third parties may also make claims against owners or operators of properties, or successors to such owners or operators, for personal injuries and property damage associated with releases of hazardous or toxic substances. Contamination resulting from the vehicle recycling processes can include soil and ground water contamination from the release, storage, transportation, or disposal of gasoline, motor oil, antifreeze, transmission fluid, chlorofluorocarbons from air conditioners, other hazardous materials, or metals such as aluminum, cadmium, chromium, lead, and mercury. Contamination from the refurbishment of chrome plated bumpers can occur from the release of the plating material. Contamination can migrate on-site or off-site, which can increase the risk, and the amount, of any potential liability. When we identify a potential material environmental issue during our acquisition due diligence process, we analyze the risks, and, when appropriate, perform further environmental assessment to verify and quantify the extent of the potential contamination. Furthermore, where appropriate, we have established financial reserves for certain environmental matters. In the event we discover new information or if laws change, we may incur significant liabilities, which may exceed our reserves. Environmental laws are complex, change frequently, and have tended to become more stringent over time.","2026-03-16T04:29:31.941716Z","2024-02-22",0.9571,"Pollution & Waste",1127,"Pollution & Waste",2.206,"LKQ_2024_RISK_048","Legal and Regulatory Risks","Legal and Regulatory Risks","LKQ","2026-03-16T04:29:31.941727Z"
2123,"1",1975,"Nuclear Operating, Shutdown, and Regulatory Risks
Certain of the Utility operating companies and System Energy incur costs for the on-site storage of spent nuclear fuel. The approval of a license for a national repository for the disposal of spent nuclear fuel, such as the one proposed for Yucca Mountain, Nevada, or any interim storage facility, and the timing of such facility opening, will significantly affect the costs associated with on-site storage of spent nuclear fuel. For example, while the DOE is required by law to proceed with the licensing of the Yucca Mountain repository and, after the license is granted by the NRC, to construct the repository and commence the receipt of spent fuel, the NRC licensing of the Yucca Mountain repository is effectively at a standstill. These actions are prolonging the time before spent fuel is removed from Entergy’s plant sites. Because the DOE has not accomplished its objectives, it is in non-compliance with the Nuclear Waste Policy Act of 1982 and is in partial breach of its spent fuel disposal contracts, and Entergy has sued the DOE for such breaches, and has won and collected on judgments against the government totaling approximately $1.2 billion through 2024, and continues to be involved in litigation to recover damages. Furthermore, Entergy is uncertain as to when the DOE will commence acceptance of spent fuel from its facilities for storage or disposal. As a result, continuing future expenditures will be required to increase spent fuel storage capacity at the companies’ nuclear sites and maintenance costs on existing storage facilities, including aging management of fuel storage casks, may increase. The costs of on-site storage are also affected by regulatory requirements for such storage. In addition, the availability of a repository or other off-site storage facility for spent nuclear fuel may affect the ability to fully decommission the nuclear units and the costs relating to decommissioning.","2026-03-16T04:29:46.674545Z","2025-02-18",0.9521,"Pollution & Waste",1128,"Pollution & Waste",14.236,"ETR_2025_RISK_044","Nuclear Operating, Shutdown, and Regulatory Risks","Utility Regulatory Risks","ETR","2026-03-16T04:29:46.674553Z"
2124,"1",1459,"Our ability to develop and successfully market new products and applications impacts our competitive position.
The timely introduction of new products and improvements to current products helps determine our success. Many of our current products are the result of our research and development efforts, for which we expensed $138 million in 2024. These efforts are directed primarily toward developing new products and solutions and operating techniques and improving product performance, often in close association with our customers or end users. These efforts include patent and product development work relating to printing and coating technologies, as well as adhesive, release and ink chemistries in our Materials Group reportable segment. We focus on research projects related to RFID, external embellishments and digital solutions in our Solutions Group reportable segment. Additionally, our research and development efforts include sustainable innovation and design of products that increase the use of recycled content, reduce waste, extend life or enable recycling. Research and development requires innovation and anticipation of market trends, which means that the costs of these expenditures may not be recovered through additional sales. We could focus on products that ultimately are not accepted by customers or end users or we could experience delays in the production or launch of new products that could compromise our competitive position.","2026-03-16T04:29:55.895971Z","2025-02-26",0.9693,"Pollution & Waste",1129,"Pollution & Waste",8.694,"AVY_2025_RISK_018","Our ability to develop and successfully market new products and applications impacts our competitive position.","Risks Related to Our Business","AVY","2026-03-16T04:29:55.895982Z"
2125,"1",1975,"Risks Related to COVID-19
We have also reduced costs across our company in response to COVID-19, approximately $135 million of which we believe to be temporary, meaning that we anticipate the majority of these costs to return as markets recover. As we continue to develop and adjust our growth strategies, we may invest in new businesses that have short-term returns that are negative or low and whose ultimate business prospects are uncertain or could prove unprofitable. We cannot provide assurance that we will achieve the intended results of any of our business strategies, which involve operational complexities, consume management attention and require substantial resources and effort. If we fail to achieve the intended results of such actions, our costs could increase, our assets could be impaired, and our returns on investments could be lower. If we are unable to develop and successfully market new products and applications, we could compromise our competitive position. The timely introduction of new products and improvements to current products helps determine our success. Many of our current products are the result of our research and development efforts, for which we expensed $113 million in 2020. These efforts are directed primarily toward developing new products and operating techniques and improving product performance, often in close association with our customers or end users. These efforts include patent and product development work relating to printing and coating technologies, as well as adhesive, release and ink chemistries in our LGM and IHM segments. We focus on research projects related to RFID and external embellishments in our RBIS segment and medical technologies in our IHM segment, for which we have and license a number of patents. Additionally, our research and development efforts include sustainable innovation and design of products that increase the use of recycled content, reduce waste, extend life or enable recycling.","2026-03-16T04:30:05.412740Z","2021-02-25",0.9072,"Pollution & Waste",1130,"Pollution & Waste",8.991,"AVY_2021_RISK_020","Risks Related to COVID-19","Risks Related to COVID-19","AVY","2026-03-16T04:30:05.412748Z"
2126,"1",2019,"Legal and Regulatory Risks
We are subject to environmental regulations and incur costs relating to environmental matters. We are subject to various environmental protection and health and safety laws and regulations governing, among other things: the emission and discharge of hazardous materials into the ground, air, or water; exposure to hazardous materials; and the generation, handling, storage, use, treatment, identification, transportation, and disposal of industrial by-products, waste water, storm water, and mercury and other hazardous materials. We are also required to obtain environmental permits from governmental authorities for certain of our operations. If we violate or fail to obtain or comply with these laws, regulations, or permits, we could be fined or otherwise sanctioned by regulators or lose our operating permits. We could also become liable if employees or other parties are improperly exposed to hazardous materials. We have an environmental management process designed to facilitate and support our compliance with these requirements; however, we cannot guarantee complete compliance with such requirements. We have made and will continue to make capital and other expenditures relating to environmental matters. Although we presently do not expect to incur any capital or other expenditures relating to environmental controls or other environmental matters in amounts that would be material to us, we may be required to make such expenditures in the future. Under certain environmental laws, we could be held responsible for all of the costs relating to any contamination at, or migration to or from, our present facilities or our predecessors' past facilities and at independent waste disposal sites. These laws often impose liability even if the owner or operator did not know of, or was not responsible for, the release of such hazardous substances. Some of our facilities are located on or near properties with a history of industrial use that may have involved hazardous materials.","2026-03-16T04:30:14.236678Z","2025-02-20",0.9503,"Pollution & Waste",1131,"Pollution & Waste",8.29,"LKQ_2025_RISK_047","Legal and Regulatory Risks","Legal and Regulatory Risks","LKQ","2026-03-16T04:30:14.236688Z"
2127,"1",1404,"Risks Related to Our Real Estate Investments and Our Operations
Under various federal, state and local environmental laws, as a current or former owner or operator of real estate, we could be required to investigate and remediate the effects of contamination of currently or formerly owned real estate by hazardous or toxic substances, often regardless of our knowledge of or responsibility for the contamination and solely by virtue of our current or former ownership or operation of the real estate. In addition, we could be held liable to a governmental authority or to third parties for property damage and for investigation and clean-up costs incurred in connection with the contamination or we could be required to incur additional costs to change how the property is constructed or operated due to presence of such substances. These costs could be substantial, and in many cases environmental laws create liens in favor of governmental authorities to secure their payment. The presence of such substances or a failure to properly remediate any resulting contamination could materially and adversely affect our ability to borrow against, sell or rent an affected property. In addition, our properties are subject to various federal, state and local environmental, health and safety laws, including laws governing the management of wastes and underground and aboveground storage tanks. Noncompliance","2026-03-16T04:30:21.726069Z","2022-02-15",0.9216,"Pollution & Waste",1132,"Pollution & Waste",6.976,"UDR_2022_RISK_021","Risks Related to Our Real Estate Investments and Our Operations","","UDR","2026-03-16T04:30:21.726081Z"
2128,"1",1427,"We could incur substantial costs to fulfill our obligations related to environmental and other matters.
We are subject to extensive environmental regulation and legislation by local, state and federal authorities. These laws and regulations affect the way we conduct our operations and make capital expenditures, including how we handle air and water emissions, hazardous and solid waste, and activities affecting surface waters, groundwater, and aquatic and other species. Violations of these requirements could subject us to enforcement actions, capital expenditures to bring existing facilities into compliance, additional operating costs for remediation and clean-up costs, civil penalties and exposure to third parties’ claims for alleged health or property damages or operating restrictions to achieve compliance. In addition, we are subject to liability under these laws for the remediation costs for environmental contamination of property now or formerly owned by us and of property contaminated by hazardous substances we generated or released. Also, we are currently involved in several proceedings relating to sites where hazardous substances have been deposited and could be subject to additional proceedings in the future. See ITEM 1. BUSINESS – Environmental Matters and Regulation and Note 19 — Commitments and Contingencies of the Combined Notes to Consolidated Financial Statements for additional information.","2026-03-16T04:30:27.155475Z","2023-02-16",0.9103,"Pollution & Waste",1133,"Pollution & Waste",4.896,"CEG_2023_RISK_022","We could incur substantial costs to fulfill our obligations related to environmental and other matters.","","CEG","2026-03-16T04:30:27.155494Z"
2129,"1",1654,"Global and National Risks Related to our Business
New laws, regulations and changing interpretations by regulatory authorities, together with uncertainty regarding the application of existing requirements, are among the factors that may increase our future expenditures to comply with environmental requirements. The cost of complying with existing laws or regulations as currently interpreted or reinterpreted in the future, or with future laws or regulations, may adversely affect our results of operations and financial condition. Our operations produce significant amounts of by-products, some of which are handled as solid or hazardous waste or as hazardous secondary materials. For example, our steel mills generate EAF dust, which the United States Environmental Protection Agency (United States EPA) and other regulatory authorities classify as hazardous waste and regulate accordingly unless recycled in an exempt manner. In addition, the feed materials for the shredders operated by our metals recycling operations include automobile bodies. A portion of the feed materials consist of currently unrecyclable material known as shredder residue. If laws or regulations or the interpretation of the laws or regulations change with regard to EAF dust or shredder residue or other by-products created by our operations, we may incur significant additional expenditures. Federal and state environmental laws enable federal and state agencies and certain private parties to recover from owners, operators, generators and transporters the cost of investigation and cleanup of sites at which wastes or hazardous substances were disposed and/or migrated.","2026-03-16T04:30:35.867639Z","2024-02-29",0.9865,"Pollution & Waste",1134,"Pollution & Waste",8.197,"STLD_2024_RISK_017","Global and National Risks Related to our Business","","STLD","2026-03-16T04:30:35.867649Z"
2130,"1",1579,"The costs of complying with evolving regulatory requirements could negatively impact Corteva’s business, results of operations and financial condition. Actual or alleged violations of environmental laws or permit requirements could result in restrictions or prohibitions on plant operations, substantial civil or criminal sanctions, as well as the assessment of strict liability and/or joint and several liability.
Corteva is subject to extensive federal, state, local and foreign laws, regulations, rules and ordinances relating to pollution, protection of the environment, waste water discharges, the generation, storage, handling, transportation, treatment, disposal and remediation of hazardous substances and waste materials and the use of genetically modified seeds and crop protection active ingredients by growers. Environmental and health and safety laws, regulations and standards, including those with respect to PFAS and other substances, expose Corteva to the risk of substantial costs and liabilities, including liabilities associated with Corteva’s business and the discontinued and divested businesses and operations of EIDP. As is typical for businesses like Corteva’s, soil and groundwater contamination has occurred in the past at certain sites and may be identified at other sites in the future. Disposal of waste from Corteva’s business at off-site locations also exposes it to potential remediation costs. Consistent with past practice, these sites continue to be monitored, investigated and remediated for soil and groundwater contamination, as applicable.","2026-03-16T04:30:41.831307Z","2025-02-14",0.942,"Pollution & Waste",1135,"Pollution & Waste",5.474,"CTVA_2025_RISK_008","The costs of complying with evolving regulatory requirements could negatively impact Corteva’s business, results of operations and financial condition. Actual or alleged violations of environmental laws or permit requirements could result in restrictions or prohibitions on plant operations, substantial civil or criminal sanctions, as well as the assessment of strict liability and/or joint and several liability.","Risks Related to our Industry","CTVA","2026-03-16T04:30:41.831320Z"
2131,"1",1732,"Operational Risks:
Products reviewed by regulators and labeled safe for use may still be challenged by others which could result in lawsuits or claims.•Hazardous materials – We manufacture and transport certain materials that are inherently hazardous due to their toxic or volatile nature. While we take precautions to handle and transport these materials in a safe manner, if they are mishandled or released into the environment, they could cause property damage or result in personal injury claims against us.•Environmental compliance – We are subject to extensive federal, state, local, and foreign environmental and safety laws, regulations, directives, rules and ordinances concerning, among other things, emissions in the air, discharges to land and water, and the generation, handling, treatment, disposal and remediation of hazardous waste and other materials. Governmental agencies may change requirements related to the production, use, emission, disposal or remediation of chemicals or products, including chemicals or products which we may have produced or used in our discontinued operations. We may face liability arising out of the normal course of business or now discontinued operations, including alleged personal injury or property damage due to exposure to chemicals or other hazardous substances at our current or former facilities or chemicals that we manufacture, handle or own. We take our environmental responsibilities very seriously, but there is a risk of environmental impact inherent in our manufacturing operations and transportation of chemicals. Any substantial liability for environmental damage could have a material adverse effect on our financial condition, results of operations and cash flows.","2026-03-16T04:30:44.933622Z","2025-02-28",0.9362,"Pollution & Waste",1136,"Pollution & Waste",2.599,"FMC_2025_RISK_009","Operational Risks:","Operational Risks:","FMC","2026-03-16T04:30:44.933631Z"
2132,"1",1689,"RISKS RELATED TO ENVIRONMENTAL AND SOCIAL FACTORS
If we and our bottling partners fail to achieve or improperly report on our progress toward achieving our announced environmental goals, or revise our goals, and/or discontinue our environmental initiatives, the resulting negative publicity could adversely affect consumer preference for our products. In addition, tariffs and trade policies may impact the availability and cost of alternative packaging materials, leading us to rely more on plastic packaging than desired. In response to environmental concerns, governmental entities in the United States and in many other jurisdictions around the world have adopted, or are considering adopting, regulations and policies designed to mandate or encourage plastic packaging waste reduction and an increase in recycling rates and/or recycled content minimums, or, in some cases, restrict or even prohibit the use of certain plastic containers or packaging materials. These regulations and policies, whatever their scope or form, could increase the cost of our beverage products or otherwise put the Company at a competitive disadvantage. In addition, our increased focus on reducing plastic container waste and other packaging materials waste has in the past and may continue to require us or our bottling partners to incur additional expenses and to increase our capital expenditures. A reduction in consumer demand for our products and/or an increase in costs and expenditures relating to production and distribution as a result of these environmental concerns regarding plastic bottles and other packaging materials could have an adverse effect on our business and results of operations.","2026-03-16T04:30:52.584970Z","2026-02-20",0.9806,"Pollution & Waste",1137,"Pollution & Waste",7.147,"KO_2026_RISK_089","RISKS RELATED TO ENVIRONMENTAL AND SOCIAL FACTORS","RISKS RELATED TO ENVIRONMENTAL AND SOCIAL FACTORS","KO","2026-03-16T04:30:52.584991Z"
2133,"1",1964,"Risks Related to the Oil and Natural Gas Industry and Our Business
In September 2021, the Texas Railroad Commission curtailed the amount of produced water companies were permitted to inject into some wells near Midland and Odessa in the Permian Basin, and has since indefinitely suspended some permits there and expanded the restrictions to other areas. These actions were taken in an effort to control induced seismic activity and recent increases in earthquakes in the Permian Basin, which have been linked by the U.S. and local seismologists to wastewater disposal in oil fields. The Texas Railroad Commission has since adopted rules governing the permitting or re-permitting of wells used to dispose of produced water and other fluids resulting from the production of oil and gas in order to address these seismic activity concerns within the state. Among other things, these rules require companies seeking permits for disposal wells to provide seismic activity data in permit applications, provide for more frequent monitoring and reporting for certain wells and allow the state to modify, suspend or terminate permits on grounds that a disposal well is likely to be, or determined to be, causing seismic activity. These restrictions and additional monitoring and reporting requirements related to existing and new produced water and produced water disposal wells could result in increased operating costs, requiring us or our service providers to truck produced water, recycle it or dispose of it by other means, all of which could be costly. We or our service providers may also need to limit disposal well volumes, disposal rates and pressures or locations, or require us or our service providers to shut down or curtail the injection of produced water into disposal wells. These factors may make drilling activity in the affected parts of the Permian Basin less economical and adversely impact our business, results of operations and financial condition.","2026-03-16T04:31:23.969365Z","2024-02-22",0.9418,"Pollution & Waste",1138,"Non-ESG",30.843,"FANG_2024_RISK_066","Risks Related to the Oil and Natural Gas Industry and Our Business","Risks Related to Our Common Stock","FANG","2026-03-16T04:31:23.969391Z"
2134,"1",1850,"Climate and Environmental
The Company is subject to environmental laws and regulations that may result in significant costs. The Company is subject to wide-ranging federal, state, provincial and local environmental laws and regulations concerning, among other things, emissions into the air, ground and water; the handling, storage, use, generation, transportation and disposal of waste and other materials; the clean-up of hazardous material and petroleum releases and the health and safety of our employees. If the Company violates or fails to comply with these laws and regulations, CSX could be fined or otherwise sanctioned by regulators. The Company can also be held liable for consequences arising out of human exposure to any hazardous or otherwise harmful substances that CSX is transporting or storing. In certain circumstances, environmental liability can extend to formerly owned or operated properties, leased properties, adjacent properties and properties owned by third parties or Company predecessors, as well as to properties currently owned, leased or used by the Company. The Company has been, and may in the future be, subject to allegations or findings to the effect that it has violated, or is strictly liable under, environmental laws or regulations, and such violations can result in the Company's incurring fines, penalties or costs relating to the cleanup of environmental contamination. Although the Company believes it has appropriately recorded current and long-term liabilities for known and reasonably estimable future environmental costs, it could incur significant costs that exceed reserves or require unanticipated cash expenditures as a result of any of the foregoing. The Company also may be required to incur significant expenses to investigate and remediate known, unknown or future environmental contamination.","2026-03-16T04:31:28.721322Z","2025-02-27",0.7262,"Pollution & Waste",1139,"Pollution & Waste",4.219,"CSX_2025_RISK_037","Climate and Environmental","Climate and Environmental","CSX","2026-03-16T04:31:28.721334Z"
2135,"1",1663,"Legal and Regulatory Risks
Our operating locations are subject to environmental laws and regulations relating to the protection of the environment and health and safety matters, including those governing discharges of pollutants to the air and water, the management and disposal of hazardous substances and wastes and the clean-up of contaminated sites. The operation of our businesses entails risks under environmental laws and regulations. We could incur significant costs, including clean-up costs, fines and sanctions and claims by third parties for property damage and personal injury, as a result of violations of or liabilities under these laws and regulations. We are currently involved in a limited number of remedial investigations and actions at various locations. While based on information currently known to us, we believe that we maintain adequate reserves with respect to these matters, our liability could exceed forecasted amounts, and the imposition of additional clean-up obligations or the discovery of additional contamination at these or other sites could result in significant additional costs which could adversely affect our results of operations. In addition, potentially significant expenditures could be required to comply with environmental laws and regulations, including requirements that may be adopted or imposed in the future. Under applicable environmental laws, an owner or operator of real estate may be required to pay the costs of removing or remediating hazardous materials located on or emanating from property, whether or not the owner or operator knew of or was responsible for the presence of such hazardous materials.","2026-03-16T04:31:31.699293Z","2022-07-27",0.8363,"Pollution & Waste",1140,"Pollution & Waste",2.491,"CTAS_2022_RISK_050","Legal and Regulatory Risks","Legal and Regulatory Risks","CTAS","2026-03-16T04:31:31.699304Z"
2136,"1",196,"REGULATORY AND LEGAL
We are subject to environmental, health and safety laws and regulations, including related to our use and recycling of hazardous materials and the composition of our products.","2026-03-16T04:31:35.991039Z","2024-11-27",0.6711,"Pollution & Waste",1141,"Pollution & Waste",3.756,"HOLX_2024_RISK_025","REGULATORY AND LEGAL","REGULATORY AND LEGAL","HOLX","2026-03-16T04:31:35.991047Z"
2137,"1",305,"Environmental Risks:
Costs to comply with environmental laws and regulations, including those relating to air and water quality, waste management and hazardous substance disposal, protected natural resources and health and safety, are significant and may adversely impact operations and financial results.","2026-03-16T04:31:40.271513Z","2022-02-25",0.8069,"Pollution & Waste",1142,"Pollution & Waste",3.777,"EVRG_2022_RISK_006","Environmental Risks:","Environmental Risks:","EVRG","2026-03-16T04:31:40.271523Z"
2138,"1",1761,"Strategy and Operational Risks
Table of ContentsWe may not realize the strategic benefits, revenue and earnings growth, or cost synergies anticipated from the Stericycle acquisition. The acquired Stericycle business, which is now presented as our Healthcare Solutions segment, is subject to numerous risks and uncertainties such as decreases in the volume of medical waste and controlled substances wastes or personal and confidential information collected from customers; disruptions resulting from deployment of operational or technological systems, including with respect to Healthcare Solution’s enterprise resource planning (“ERP”) system and related billing and collection issues and delays; customer loss resulting from frustration due to billing or service issues; delayed revenue growth from planned pricing increases due to factors including customer retention, stabilization of customer data engagement systems and processes, and more prolonged development of market and customer-specific insights than initially planned; changing market conditions in the healthcare industry; competition and demand for services for the medical waste, controlled substances waste and secure information destruction industries; commodity price volatility; changes in regulation of the collection, transportation, treatment and disposal or destruction of medical waste and controlled substances waste or the proper handling and protection of personal and confidential information; the level of government enforcement of regulations governing medical waste and controlled substances waste collection and treatment or the proper handling and protection of personal and confidential information; and the outcome of pending, future or settled litigation or investigations.","2026-03-16T04:33:37.781536Z","2026-02-09",0.8738,"Pollution & Waste",1143,"Pollution & Waste",116.972,"WM_2026_RISK_005","Strategy and Operational Risks","Strategy and Operational Risks","WM","2026-03-16T04:33:37.781545Z"
2139,"1",1593,"Risks Relating to our Business and Operations
In April 2023, the EPA released a proposed rule under the Clean Air Act that would require commercial sterilizers to install pollution control equipment to reduce ethylene oxide emissions and implement methods to continuously monitor emissions and report results to the EPA. In April 2024, the EPA issued the final version of the rule, establishing new standards for ethylene oxide emissions for commercial sterilizers. Sterilizers must comply with the new standards by April 6, 2026, or April 5, 2027, depending on certain characteristics of existing operations, or upon startup for new operations. Failure of our contract sterilizers to achieve compliance with the final rule by the applicable deadline would significantly impair our ability to provide sufficient quantities of sterilized products to our customers and compel us to seek sterilization alternatives that do not entail the use of ethylene oxide. We cannot assure that we would be able to identify such alternatives. In the event we were to experience any disruptions in our ability to sterilize our products, whether due to capacity constraints or regulatory or other impediments (including, among other things, regulatory initiatives directed generally to sterilization facilities that utilize ethylene oxide), or we are unable to transition to alternative facilities in a timely or cost effective manner in the event one or more of the facilities we use is affected, we could experience a material adverse impact with respect to our results of operations and financial condition.","2026-03-16T04:33:41.156768Z","2025-02-28",0.8278,"Pollution & Waste",1144,"Pollution & Waste",2.834,"TFX_2025_RISK_021","Risks Relating to our Business and Operations","Risks Relating to our Business and Operations","TFX","2026-03-16T04:33:41.156777Z"
2140,"1",1910,"Risks Related to Regulatory Changes and Compliance
Eastman, its facilities, and its businesses are subject to complex health, safety, and environmental laws, regulations, and related voluntary actions, both in the U.S. and internationally, which require and will continue to require significant expenditures to remain in compliance with such laws, regulations, and voluntary actions. The Company's manufacturing activities, both inside and outside of the U.S., are subject to regulation by various federal, state, local and foreign laws, regulations, rules and government agencies concerning, among other things, air emissions, discharges to land and water, and the generation, handling, treatment, and disposal of hazardous waste and other materials. Actual or alleged violations of environmental, health or safety laws and regulations could result in restrictions or prohibitions on manufacturing operations as well as substantial damages, penalties, fines, civil or criminal sanctions and remediation costs. Eastman has incurred, and will continue to incur, significant costs and capital expenditures to comply with these laws and regulations, which may adversely impact its business and financial results. Future developments and more stringent environmental regulations may require the Company to make significant expenditures for environmental protection equipment, compliance, and remediation. The Company's accruals for such costs and associated liabilities are subject to changes in estimates on which the accruals are based. For example, any amount accrued for environmental matters reflects the Company's assumptions about remediation requirements at the contaminated site, the nature of the remedy, the outcome of discussions with regulatory agencies and other potentially responsible parties at multi-party sites, and the number of and financial viability of other potentially responsible parties.","2026-03-16T04:33:48.253759Z","2025-02-14",0.7732,"Pollution & Waste",1145,"Pollution & Waste",6.577,"EMN_2025_RISK_026","Risks Related to Regulatory Changes and Compliance","","EMN","2026-03-16T04:33:48.253787Z"
2141,"1",1819,"General Risk Factors
Environmental liabilities are possible and can be costly. Our hotels are subject to requirements and potential liabilities under various foreign and U.S. federal, state and local environmental laws, ordinances and regulations. Unidentified environmental liabilities could arise and have a material adverse effect on our financial condition and performance. Additionally, even after we have sold a hotel, we may be liable for environmental liabilities attributable to events that occurred during our ownership. Federal, state and local laws and regulations relating to the protection of the environment may require a current or previous owner or operator of real estate to investigate and remediate hazardous or toxic substances or petroleum product releases at the property. The owner or operator may be required to pay a governmental entity or third parties for property damage, and for investigation and remediation costs incurred by the parties in connection with the contamination. These laws typically impose clean-up responsibility and liability without regard to whether the owner or operator knew of or caused the presence of the contaminants. Even if more than one person may have been responsible for the contamination, each person covered by the environmental laws may be held responsible for all the clean-up costs incurred. In addition, third parties may sue the owner or operator of a site for damages and costs resulting from environmental contamination emanating from that site. Environmental laws also govern the presence, maintenance and removal of toxic or hazardous substances. These laws require that owners or operators of buildings properly manage and maintain these substances and notify and train those who may come into contact with them and undertake special precautions.","2026-03-16T04:34:37.471987Z","2022-02-24",0.8589,"Pollution & Waste",1146,"Pollution & Waste",48.691,"HST_2022_RISK_072","General Risk Factors","General Risk Factors","HST","2026-03-16T04:34:37.471995Z"
2142,"1",2056,"We Are Subject to Extensive Governmental Regulation, Which Can Change and Could Adversely Impact Our Business
In July 2023, the Department of Interior released a proposed rule revising various terms for future federal leases and wells, including bonding requirements, royalty rates, rental rates and minimum bids, of the onshore federal oil and gas leasing program, integrating recommendations from the November 2021 report. While it is not possible at this time to predict the ultimate impact of these actions or any other future regulatory changes, any additional restrictions or burdens on our ability to operate on federal lands could adversely impact our business in the Delaware and Powder River Basins, as well as other areas where we operate under federal leases. Hydraulic Fracturing – Various federal agencies have asserted regulatory authority over certain aspects of the hydraulic fracturing process. For example, the EPA has issued regulations under the federal Clean Air Act establishing performance standards for oil and gas activities, including standards for the capture of air emissions released during hydraulic fracturing, and it previously finalized regulations that prohibit the discharge of wastewater from hydraulic fracturing operations to publicly owned wastewater treatment plants. Moreover, several state and local governments in areas in which we operate have adopted, or stated intentions to adopt, laws or regulations that mandate further restrictions on hydraulic fracturing, such as requiring disclosure of chemicals used in hydraulic fracturing, imposing more stringent permitting, disclosure and well-construction requirements on hydraulic fracturing operations and establishing standards for the capture of air emissions released during hydraulic fracturing. Beyond these regulatory efforts, various policy makers, regulatory agencies and political leaders at the federal, state and local levels have proposed implementing even further restrictions on hydraulic fracturing, including prohibiting the technology outright.","2026-03-16T04:34:46.353327Z","2024-02-28",0.7639,"Pollution & Waste",1147,"Pollution & Waste",8.367,"DVN_2024_RISK_015","We Are Subject to Extensive Governmental Regulation, Which Can Change and Could Adversely Impact Our Business","Risks Related to Our Industry","DVN","2026-03-16T04:34:46.353337Z"
2143,"1",1820,"Regulatory, environmental and social risks
FMC and its subsidiaries, and many of their affiliates and predecessor companies, have been involved in exploration, mining, milling, smelting and manufacturing in the U.S. for more than a century. Activities that occurred in the late 19th century and the 20th century prior to the advent of modern environmental laws generally were not subject to environmental regulation and were conducted before U.S. industrial companies fully understood the long-term effects of their operations on the surrounding environment. Companies like FMC are now legally responsible for remediating hazardous substances released into the environment on or from properties owned or operated by them as well as properties where they arranged for disposal of such substances, irrespective of when the release into the environment occurred or who caused it. That liability is often asserted on a joint and several basis with other prior and subsequent owners, operators and arrangers, meaning that each owner or operator of the property is, and each arranger may be, held fully responsible for the remediation, although in many cases some or all of the other responsible parties no longer exist, do not have the financial ability to respond or cannot be found. As a result, because of our acquisition of FMC, many of the subsidiary companies we now own are potentially responsible for a wide variety of environmental remediation projects throughout the U.S., and we expect to spend substantial sums annually for many years to address those remediation issues. We are also subject to claims where the release of hazardous substances is alleged to have resulted in injury, destruction or loss of natural resources. At December 31, 2024, we had more than 80 active remediation projects in 20 U.S. states.","2026-03-16T04:34:56.381855Z","2025-02-14",0.9009,"Pollution & Waste",1148,"Pollution & Waste",9.518,"FCX_2025_RISK_088","Regulatory, environmental and social risks","Human capital risks","FCX","2026-03-16T04:34:56.381867Z"
2144,"1",1753,"Risks Related to our Business
Under various federal, state and local laws, ordinances and regulations, a current or previous owner, developer or operator of real estate may be liable for the costs of removal or remediation of certain hazardous or toxic substances. The costs of removal or remediation of such substances could be substantial. Such laws often impose liability without regard to whether the owner or operator knew of, or was responsible for, the release or presence of such hazardous substances. In addition, third parties may sue the owner or operator of a site for damages based on personal injury, property damage or other costs, including investigation and clean-up costs, resulting from the environmental contamination. Environmental laws in some countries, including the U.S., also require that owners or operators of buildings containing asbestos properly manage and maintain the asbestos, adequately inform or train those who may come into contact with asbestos and undertake special precautions, including removal or other abatement, in the event that asbestos is disturbed during building renovation or demolition. These laws may impose fines and penalties on building owners or operators who fail to comply with these requirements and may allow third parties to seek recovery from owners or operators for personal injury associated with exposure to asbestos. Some of our properties are known to contain asbestos-containing building materials. In addition, some of our properties are leased or have been leased, in part, to owners and operators of businesses that use, store or otherwise handle petroleum products or other hazardous or toxic substances, creating a potential for the release of such hazardous or toxic substances.","2026-03-16T04:35:03.740228Z","2025-02-14",0.8367,"Pollution & Waste",1149,"Pollution & Waste",6.859,"PLD_2025_RISK_034","Risks Related to our Business","Risks Related to our Business","PLD","2026-03-16T04:35:03.740238Z"
2145,"1",1996,"Risks related to regulatory or legal challenges
We are subject to many environmental, health and safety laws and regulations in each jurisdiction in which we operate, which govern, among other things, emissions of pollutants into the air, wastewater discharges, the use and handling of hazardous substances, waste disposal, the investigation and remediation of soil and ground water contamination and the health and safety of our employees. We are also required to obtain environmental permits from governmental authorities for certain of our operations. We cannot assure you that we have been or will be at all times in complete compliance with such laws, regulations and permits. If we violate or fail to comply with these laws, regulations or permits, we could be fined or otherwise sanctioned by regulators. As with other companies engaged in similar activities or that own or operate real property, we face inherent risks of environmental liability at our current and historical manufacturing facilities. Certain environmental laws impose strict, and in certain circumstances, joint and several liability on current or previous owners or operators of real property for the cost of investigation, removal or remediation of hazardous substances as well as liability for related damages to natural resources. Certain of these laws also assess liability on persons who arrange for hazardous substances to be sent to disposal or treatment facilities when such facilities are found to be contaminated. While we do not expect that any contamination currently known to us will have a material adverse effect on our business, we cannot assure you that this is the case or that we will not discover new facts or conditions or that environmental laws or the enforcement of such laws will not change such that our liabilities would be increased significantly. In addition, we could also be held liable for consequences arising out of human exposure to hazardous substances or other environmental damage.","2026-03-16T04:35:13.420717Z","2025-02-20",0.7457,"Pollution & Waste",1150,"Pollution & Waste",9.168,"NXPI_2025_RISK_050","Risks related to regulatory or legal challenges","Risks related to our business operations","NXPI","2026-03-16T04:35:13.420728Z"
2146,"1",1988,"Strategy and Operational Risks
However, future changes in tax laws could reverse the impacts of the Tax Act, and the current presidential administration has previously indicated support for increasing the U.S. corporate statutory tax rate. If ultimately enacted into law, such an increase could materially impact our tax provision, cash tax liability, effective tax rate and net deferred tax liabilities. Significant shortages in diesel fuel supply or increases in diesel fuel prices will increase our operating expenses. The price and supply of diesel fuel can fluctuate significantly based on international, political and economic circumstances, as well as other factors outside our control, such as actions by the Organization of the Petroleum Exporting Countries (“OPEC”) and other oil and gas producers, regional production patterns, weather conditions and environmental concerns. We need diesel fuel to run a significant portion of our collection and transfer trucks and our equipment used in our landfill operations. Fuel supply shortages and price increases could substantially increase our operating expenses. We have in place a fuel surcharge program, designed to offset increased fuel expenses; however, we may not be able to pass through all of our increased costs and some customers’ contracts prohibit any pass-through of the increased costs. Additionally, lawsuits have challenged our fuel and environmental charges included on our invoices. Regardless of any offsetting surcharge programs, increased operating costs due to higher diesel fuel prices will decrease our income from operations margins. Technology and Information Security RisksDevelopments in technology could trigger a fundamental change in the waste management industry, as waste streams are increasingly viewed as a resource, which may adversely impact volumes at our landfills and our profitability. Our Company and others have recognized the value of the traditional waste stream as a potential resource.","2026-03-16T04:35:29.657354Z","2022-02-15",0.8551,"Pollution & Waste",1151,"Pollution & Waste",15.743,"WM_2022_RISK_024","Strategy and Operational Risks","Strategy and Operational Risks","WM","2026-03-16T04:35:29.657381Z"
2147,"1",1752,"The reputation and financial condition of the Duke Energy Registrants could be negatively impacted due to their obligations to comply with federal and state regulations, laws, and other legal requirements that govern the operations, assessments, storage, closure, remediation, disposal and monitoring relating to CCR, the high costs and new rate impacts associated with implementing these new CCR-related requirements and the strategies and methods necessary to implement these requirements in compliance with these legal obligations.
The Duke Energy Registrants will continue to seek full cost recovery for expenditures through the normal ratemaking process with state and federal utility commissions, who permit recovery in rates of reasonable and prudently incurred costs associated with the Duke Energy Registrants’ regulated operations, and through other wholesale contracts with terms that contemplate recovery of such costs, although there is no guarantee of full cost recovery. In addition, the timing for and amount of recovery of such costs could have a material adverse impact on Duke Energy's cash flows. The Duke Energy Registrants have recognized significant AROs related to these CCR-related requirements. At all sites requiring CCR closure and groundwater remediation, closure methods and groundwater corrective action remedies have been studied and factored into the estimated retirement and management costs. As the closure and CCR management work progresses and final closure plans and corrective action measures are developed and approved at each site, the scope and complexity of work and the amount of CCR material could be greater than estimates and could, therefore, materially increase compliance expenditures and rate impacts.","2026-03-16T04:35:46.641577Z","2025-02-27",0.7434,"Pollution & Waste",1152,"Pollution & Waste",16.407,"DUK_2025_RISK_017","The reputation and financial condition of the Duke Energy Registrants could be negatively impacted due to their obligations to comply with federal and state regulations, laws, and other legal requirements that govern the operations, assessments, storage, closure, remediation, disposal and monitoring relating to CCR, the high costs and new rate impacts associated with implementing these new CCR-related requirements and the strategies and methods necessary to implement these requirements in compliance with these legal obligations.","OPERATIONAL RISKS","DUK","2026-03-16T04:35:46.641587Z"
2148,"1",1608,"Regulatory Risks
We are subject to various federal, state, local, and foreign laws and regulations such as those concerning environmental protection. For example, we face increasing complexity related to product design; the use of regulated, hazardous, and scarce materials; the associated energy consumption and efficiency related to the use of products; the transportation and shipping of products; climate change regulations; and the reuse, recycling and/or disposal of products and their components at end-of-use or useful life as we adjust to new and future requirements relating to our transition to a more circular economy. A significant portion of our hardware revenues come from international sales. Any changes to current environmental legal requirements, such as the EU's Restriction of Hazardous Substances Directive, the EU's Waste Electrical and Electronic Equipment Directive,  China's regulation on Management Methods for Controlling Pollution Caused by Electronic Information Products, the EU's Lot 9 regulation on product energy efficiency, and India's regulation on e-waste collection and recycling, among others, may increase our cost of doing business internationally and impact our hardware revenues from the EU, China, India and/or other countries proposing or adopting similar environmental legal requirements. In addition, other ESG-related laws, regulations, treaties, and similar initiatives and programs are being proposed, adopted, and implemented throughout the world (including, but not limited to, the European Commission’s proposal on Corporate Sustainability Due Diligence).","2026-03-16T04:35:51.314416Z","2022-12-08",0.8753,"Pollution & Waste",1153,"Pollution & Waste",4.192,"HPE_2022_RISK_072","Regulatory Risks","Regulatory Risks","HPE","2026-03-16T04:35:51.314425Z"
2149,"1",1941,"Environmental, Health and Safety
We are subject to various federal, state, local and foreign environmental, health and safety laws and regulations. These laws and regulations govern matters such as the emission and discharge of hazardous materials into the ground, air or water; the generation, use, storage, handling, treatment, packaging, transportation, exposure to, and disposal of hazardous and biological materials, including recordkeeping, reporting and registration requirements; and the health and safety of our employees. Due to our operations, these laws and regulations also require us to obtain, and comply with, permits, registrations or other authorizations issued by governmental authorities. These authorities can modify or revoke our permits, registrations or other authorizations and can enforce compliance through fines and injunctions. Certain environmental laws, such as the U.S. Comprehensive Environmental Response, Compensation and Liability Act of 1980, as amended (CERCLA), impose joint and several liability, without regard to fault, for cleanup costs on persons who disposed of or released hazardous substances into the environment, including at third-party sites or offsite disposal locations, or those who currently own or operate (or formerly owned or operated) sites where such a release occurred. In addition to clean-up actions brought by federal, state, local and foreign governmental entities, private parties could raise personal injury or other claims against us due to the presence of, or exposure to, hazardous materials on, from or otherwise relating to such a property. We have made, and intend to continue to make, necessary expenditures for compliance with applicable environmental, health and safety laws and regulations. We are also a party to proceedings in which the primary relief sought is the cost of past and/or future remediation, or remedial measures to mitigate or remediate pollution.","2026-03-16T04:35:55.747002Z","2023-02-14",0.6775,"Pollution & Waste",1154,"Pollution & Waste",3.937,"ZTS_2023_RISK_040","Environmental, Health and Safety","Environmental, Health and Safety","ZTS","2026-03-16T04:35:55.747015Z"
2150,"1",2339,"We are subject to various environmental and permitting laws. Significant capital expenditures may be required to achieve and to maintain compliance with these environmental laws. Failure to comply with these laws could result in the closing of facilities, alterations to the manner in which these facilities operate, increased operating costs, delays and increased costs of building new facilities, and exposure to fines and liabilities.
Environmental regulations impact the electric utility industry, and compliance obligations could be costly for Ameren Missouri, which operates coal-fired and natural gas-fired energy centers. As of December 31, 2025, Ameren Missouri’s coal-fired energy centers represented 5% and 11% of Ameren’s and Ameren Missouri’s rate base, respectively. Compliance obligations under the Clean Air Act stem from a variety of programs including the NSPS, the MATS, emission allowance programs, the CSAPR, and the National Ambient Air Quality Standards, which are subject to periodic review for certain pollutants. Collectively, these regulations cover a variety of pollutants, such as SO2, particulate matter, NOx, mercury, toxic metals and acid gases, and CO2 emissions, although the scope of covered pollutants can change. To the extent our operations impact surface water bodies, including wetlands, the Clean Water Act requires permitting as well as evaluation of the ecological and biological impact of those operations. Implementation of requirements under the Clean Air Act and the Clean Water Act typically occurs through the issuance of permits by state regulators or resource agencies, and capital expenditures associated with compliance could be significant. The management and disposal of coal ash from our coal-fired energy centers must comply with federal regulations known as the CCR Rule issued under the Resource Conservation and Recovery Act and require the closure of surface impoundments at our coal-fired energy centers along with groundwater monitoring requirements and the implementations of corrective measures if necessary. The combined effects of compliance with existing and future environmental regulations could result in significant capital expenditures, increased operating costs, and the potential for closure or alteration of operations at some of Ameren Missouri’s energy centers.","2026-03-16T04:35:59.262792Z","2026-02-18",0.8273,"Pollution & Waste",1155,"Pollution & Waste",3.001,"AEE_2026_RISK_010","We are subject to various environmental and permitting laws. Significant capital expenditures may be required to achieve and to maintain compliance with these environmental laws. Failure to comply with these laws could result in the closing of facilities, alterations to the manner in which these facilities operate, increased operating costs, delays and increased costs of building new facilities, and exposure to fines and liabilities.","REGULATORY AND LEGISLATIVE RISKS","AEE","2026-03-16T04:35:59.262802Z"
2151,"1",196,"REGULATORY AND LEGAL
We are subject to environmental, health and safety laws and regulations, including related to our use and recycling of hazardous materials and the composition of our products.","2026-03-16T04:36:02.214847Z","2022-11-15",0.6711,"Pollution & Waste",1156,"Pollution & Waste",2.463,"HOLX_2022_RISK_053","REGULATORY AND LEGAL","REGULATORY AND LEGAL","HOLX","2026-03-16T04:36:02.214857Z"
2152,"1",1711,"Market Dynamic Risks
3M is the sole source of supply for certain chemical materials and inputs used in our products (including transparent IV film dressings, biological indicators for sterilization assurance, medical securement tapes and dental composites and cements) that, as of the Spin-Off, accounted for approximately $3 billion of our revenue for fiscal year 2025, including a material with a manufacturing process proprietary to 3M that is used in our products accounting for approximately $2 billion of our revenue for fiscal year 2025. While 3M has agreed to supply these items to Solventum for a period of time, our business will be harmed if 3M does not satisfy our requirements during such period of time, and Solventum may subsequently need to either reach agreement with 3M for an extended supply arrangement, develop our own manufacturing capabilities for these materials or identify an appropriate substitution or product reformulation in order to continue manufacturing and selling the applicable products. There is no guarantee that 3M will agree to continue to supply these materials following the term of the supply agreement on commercially reasonable terms or at all. At this time, Solventum has not identified an appropriate substitute input to replace the materials supplied by 3M, and Solventum does not currently have the capability to manufacture such materials itself. If 3M’s obligation to supply us with this material ends before we can develop or secure an alternative source of supply, the related product sales, which may be material, will be at risk. Any alternatives we pursue to mitigate this risk might also result in higher costs to source or produce the relevant products.","2026-03-16T04:36:17.324948Z","2026-02-27",0.6864,"Pollution & Waste",1157,"Non-ESG",14.513,"SOLV_2026_RISK_067","Market Dynamic Risks","Market Dynamic Risks","SOLV","2026-03-16T04:36:17.324961Z"
2153,"1",1959,"Risks Related to Real Estate
In addition, applicable environmental laws create liens on contaminated sites in favor of the government for damages and costs it incurs in connection with contamination. Changes in laws, regulations and practices and their implementation increasing the potential liability for environmental conditions existing at our properties, or increasing the restrictions on the handling, storage or discharge of hazardous or toxic substances or petroleum products or other actions may result in significant unanticipated expenditures. Environmental laws also govern the presence, maintenance and removal of asbestos and other building materials. For example, laws require that owners or operators of buildings containing asbestos: •properly manage and maintain the asbestos;•notify and train those who may come into contact with asbestos; and•undertake special precautions, including removal or other abatement, if asbestos would be disturbed during renovation or demolition of a building. Such laws may impose fines and penalties on building owners or operators who fail to comply with these requirements and may allow third parties to seek recovery from owners or operators for personal injury associated with exposure to asbestos fibers. Some of our properties are located in urban and previously developed areas where fill or current or historic industrial uses of the areas have caused site contamination. It is our policy to retain independent environmental consultants to conduct or update Phase I environmental site assessments and asbestos surveys with respect to our acquisition of properties. These assessments generally include a visual inspection of the properties and the surrounding areas, an examination of current and historical uses of the properties and the surrounding areas and a review of relevant state, federal and historical documents, but do not involve invasive techniques such as soil and ground water sampling.","2026-03-16T04:36:21.270945Z","2025-02-27",0.8503,"Pollution & Waste",1158,"Pollution & Waste",3.374,"BXP_2025_RISK_068","Risks Related to Real Estate","Risks Related to Real Estate","BXP","2026-03-16T04:36:21.270958Z"
2154,"1",1717,"Risks Related to Regulatory Matters
Our operations are subject to numerous federal, tribal, state and local environmental laws and regulations governing occupational health and safety, the discharge of pollutants into the environment or otherwise relating to environmental protection. These laws and regulations may impose numerous obligations that are applicable to our operations including acquisition of a permit or other approval before conducting regulated activities, restrictions on the types, quantities and concentration of materials that can be released into the environment; limitation or prohibition of construction and operating activities in environmentally sensitive areas such as wetlands, urban areas, wilderness regions and other protected areas; requiring capital expenditures to comply with pollution control requirements, and imposition of substantial liabilities for pollution resulting from our operations. Numerous governmental authorities, such as the EPA and BLM, and analogous state agencies, have the power to enforce compliance with these laws and regulations and the permits and approvals issued under them, which can often require difficult and costly actions. Failure to comply with these laws and regulations or any newly adopted laws or regulations may result in assessment of sanctions including administrative, civil and criminal penalties, the imposition of investigatory, remedial and corrective action obligations or the incurrence of capital expenditures; the occurrence of restrictions, delays or cancellations in the permitting or performance of projects, and the issuance of orders enjoining or conditioning performance of some or all of our operations in a particular area.","2026-03-16T04:36:25.145928Z","2023-02-22",0.8602,"Pollution & Waste",1159,"Pollution & Waste",3.382,"TRGP_2023_RISK_126","Risks Related to Regulatory Matters","Risks Related to Regulatory Matters","TRGP","2026-03-16T04:36:25.145937Z"
2155,"1",1767,"Risks Related to Legal and Regulatory Proceedings
As previously reported, governments in the United States and internationally have increasingly been regulating a broad group of perfluoroalkyl and polyfluoroalkyl substances produced by the Company, collectively known as “PFAS.” 3M has noticed several global regulatory trends related to PFAS, including declining emission standards and limits set as to the presence of certain compounds in various media, and the inclusion of a broadening group of PFAS. Developments in these and other global regulatory trends may require additional actions by 3M, including investigation, remediation, and compliance, or may result in additional litigation and enforcement action costs. The Company has been voluntarily cooperating with various local, state, federal (primarily the U.S. Environmental Protection Agency (EPA)), and international agencies in their review of the environmental and health effects of certain PFAS produced by the Company. The PFAS group contains several categories and classes of durable chemicals and materials with properties that include oil, water, temperature, chemical, and fire resistance, as well as electrical insulating properties. The strength of the carbon-fluorine bond also means that these compounds do not easily degrade. These characteristics have made PFAS substances critical to the manufacture of electronic devices such as cell phones, tablets, and semi-conductors. They are also used to help prevent contamination of medical products like surgical gowns and drapes. Commercial aircraft and low-emissions vehicles also rely on PFAS technology. PFAS compounds are manufactured by various companies, including 3M, and are used in everyday products, including some manufactured by 3M.","2026-03-16T04:36:28.506440Z","2024-02-07",0.7967,"Pollution & Waste",1160,"Pollution & Waste",2.876,"MMM_2024_RISK_007","Risks Related to Legal and Regulatory Proceedings","","MMM","2026-03-16T04:36:28.506452Z"
2156,"1",1819,"General Risk Factors
Environmental liabilities are possible and can be costly. Our hotels are subject to requirements and potential liabilities under various foreign and U.S. federal, state and local environmental laws, ordinances and regulations. Unidentified environmental liabilities could arise and have a material adverse effect on our financial condition and performance. Additionally, even after we have sold a hotel, we may be liable for environmental liabilities attributable to events that occurred during our ownership. Federal, state and local laws and regulations relating to the protection of the environment may require a current or previous owner or operator of real estate to investigate and remediate hazardous or toxic substances or petroleum product releases at the property. The owner or operator may be required to pay a governmental entity or third parties for property damage, and for investigation and remediation costs incurred by the parties in connection with the contamination. These laws typically impose clean-up responsibility and liability without regard to whether the owner or operator knew of or caused the presence of the contaminants. Even if more than one person may have been responsible for the contamination, each person covered by the environmental laws may be held responsible for all the clean-up costs incurred. In addition, third parties may sue the owner or operator of a site for damages and costs resulting from environmental contamination emanating from that site. Environmental laws also govern the presence, maintenance and removal of toxic or hazardous substances. These laws require that owners or operators of buildings properly manage and maintain these substances and notify and train those who may come into contact with them and undertake special precautions.","2026-03-16T04:36:35.702806Z","2026-02-25",0.8589,"Pollution & Waste",1161,"Pollution & Waste",6.705,"HST_2026_RISK_072","General Risk Factors","General Risk Factors","HST","2026-03-16T04:36:35.702819Z"
2157,"1",1457,"Industrial and Commercial Customers
These include risks related to: the use, storage, and handling and disposal of high-level and low-level radioactive materials; the substantial financial requirements, both for capital investments and operational needs, including the financial requirements to address emerging issues related to equipment reliability, to position Entergy’s nuclear fleet to meet its operational goals; the performance and capacity factors of these nuclear plants; regulatory requirements and potential future regulatory changes, including changes affecting the regulations governing nuclear plant ownership, operations, license amendments, and decommissioning; the availability of interim or permanent sites for the disposal of spent nuclear fuel and nuclear waste, including the fees charged for such disposal; the sufficiency of nuclear decommissioning trust fund assets and earnings to complete decommissioning of each site when required; and limitations on the amounts and types of insurance commercially available for losses in connection with nuclear plant operations and catastrophic events such as a nuclear accident. In the event of an unanticipated early shutdown of River Bend or Waterford 3, Entergy Louisiana may be required to provide additional funds or credit support to satisfy regulatory requirements for decommissioning. Waterford 3’s operating license expires in 2044 and River Bend’s operating license expires in 2045.","2026-03-16T04:36:38.937750Z","2023-02-24",0.7249,"Pollution & Waste",1162,"Pollution & Waste",2.723,"ETR_2023_RISK_223","Industrial and Commercial Customers","Industrial and Commercial Customers","ETR","2026-03-16T04:36:38.937760Z"
2158,"1",1993,"Risks Related to Our Business
Such liabilities may be material and can be difficult to identify or quantify. Further, some of the raw materials we handle are subject to government regulation. These regulations affect the manufacturing processes, handling, uses and applications of our products. In addition, our production facilities and a number of our distribution centers require numerous operating permits. Due to the nature of these requirements and changes in our operations, our operations may exceed limits under permits or we may not have the proper permits to conduct our operations. Ongoing compliance with such laws, regulations and permits is an important consideration for us and we incur substantial capital and operating costs in our compliance efforts. Compliance with environmental laws generally increases the costs of manufacturing, registration/approval requirements, transportation and storage of raw materials and finished products, and storage and disposal of wastes, and could have a material adverse effect on our results of operations. For example, we may be subject to carbon pricing or taxation proposals in some jurisdictions where we operate. We may incur substantial costs, including fines, damages, criminal or civil sanctions and remediation costs, or experience interruptions in our operations, for violations arising under these laws or permit requirements. Additional information may arise in the future concerning the nature or extent of our liability with respect to identified sites, and additional sites may be identified for which we are alleged to be liable, that could cause us to materially increase our environmental accrual or the upper range of the costs we believe we could reasonably incur for such matters. Furthermore, environmental laws are subject to change and have become increasingly stringent in recent years. We expect this trend to continue and to require materially increased capital expenditures and operating and compliance costs.","2026-03-16T04:36:42.988674Z","2025-02-12",0.657,"Pollution & Waste",1163,"Pollution & Waste",3.555,"ALB_2025_RISK_040","Risks Related to Our Business","Risks Related to Our Business","ALB","2026-03-16T04:36:42.988683Z"
2159,"1",965,"Risks Related to Our Business, Industry, and Operations
Our refineries, renewable diesel plant, and ethanol plants are our principal operating assets. As a result, our operations could be subject to significant interruption if one or more of our refineries or plants were to experience a major accident or mechanical failure, be damaged by severe weather or natural disasters (such as hurricanes) or man-made disasters (such as cybersecurity incidents or acts of terrorism), or otherwise be forced to shut down. If any refinery or plant were to experience an interruption in operations, earnings from the refinery or plant could be materially adversely affected (to the extent not recoverable through insurance) because of lost production and repair costs. Significant interruptions in our refining, renewable diesel, or ethanol systems could also lead to increased volatility in prices for crude oil, waste and renewable feedstocks, corn, and many of our products.","2026-03-16T04:36:51.242532Z","2022-02-22",0.4457,"Pollution & Waste",1164,"Non-ESG",7.778,"VLO_2022_RISK_027","Risks Related to Our Business, Industry, and Operations","Risks Related to Our Business, Industry, and Operations","VLO","2026-03-16T04:36:51.242541Z"
2160,"1",2124,"We are subject to numerous federal, state and local environmental laws and regulations that may significantly limit or affect our businesses, adversely impact our business plans or expose us to significant environmental fines and liabilities.
We are subject to extensive federal, state and local environmental laws and regulations regarding air quality, water quality, site remediation, land use, waste disposal, climate change impact, natural resource damages and other matters. These laws and regulations affect how we conduct our operations and make capital expenditures. Over the past several years, there have been various changes to existing environmental laws and regulations and this trend may continue. Changes in these laws, or violations of laws, could result in significant increases in our compliance costs, capital expenditures to bring facilities into compliance, operating costs for remediation and clean-up actions, civil penalties or damages from actions brought by third parties for alleged health or property damages. Any such increase in our costs could have a material impact on our financial condition, results of operations and cash flows and could require further economic review to determine whether to continue operations or decommission an affected facility. We may also be unable to successfully recover certain of these cost increases through our existing regulatory rate structures, in the case of PSE&G, or our contracts with our customers, in the case of PSEG Power. Actions by state and federal government agencies could also result in reduced reliance on natural gas and could potentially result in stranding natural gas assets owned and operated by PSEG Power and PSE&G, which could materially adversely affect our business, financial condition and results of operations. PSE&G recovers certain remediation and legal costs associated with its manufactured gas plant sites through Remediation Adjustment Charge (RAC) filings with the BPU. Continued future recoveries through the RAC are not guaranteed. Any failure to make future recoveries could materially impact our financial condition.","2026-03-16T04:37:13.531105Z","2023-02-22",0.3026,"Pollution & Waste",1165,"Pollution & Waste",21.807,"PEG_2023_RISK_047","We are subject to numerous federal, state and local environmental laws and regulations that may significantly limit or affect our businesses, adversely impact our business plans or expose us to significant environmental fines and liabilities.","REGULATORY, LEGISLATIVE AND LEGAL RISKS","PEG","2026-03-16T04:37:13.531115Z"
2161,"1",1974,"The IRC Section 45 operations in which we have invested and the by-products from such operations may result in environmental and product liability claims and environmental compliance costs.
The construction and operation of the IRC Section 45 operations were subject to federal, state and local laws, regulations and potential liabilities arising under or relating to the protection or preservation of the environment, natural resources and human health and safety. Some environmental laws, without regard to fault or the legality of a party’s conduct, impose liability on certain entities that are considered to have contributed to, or are otherwise responsible for, the release or threatened release of hazardous substances into the environment. One party may, under certain circumstances, be required to bear more than its share or the entire share of investigation and cleanup costs at a site if payments or participation cannot be obtained from other responsible parties. By having used The Chem‑Mod™ Solution at locations owned and operated by others, we and our partners may be exposed to the risk of being held liable for environmental damage from releases of hazardous substances we may have had little, if any, involvement in creating. Such risk remains even after production ceases at an operation to the extent the environmental damage can be traced to the types of chemicals or compounds used or operations conducted in connection with The Chem-Mod™ Solution. Increasing attention to global climate change has resulted in an increased possibility of regulatory attention and private litigation. For example, claims have been made against certain energy companies alleging that greenhouse gas emissions constitute a public nuisance. In addition to the possibility of being named in such actions, we and our partners could face the risk of environmental and product liability claims related to concrete incorporating fly ash produced using The Chem-Mod™ Solution.","2026-03-16T04:38:33.948390Z","2026-02-17",0.6434,"Pollution & Waste",1166,"Pollution & Waste",79.888,"AJG_2026_RISK_063","The IRC Section 45 operations in which we have invested and the by-products from such operations may result in environmental and product liability claims and environmental compliance costs.","Regulatory, Legal and Accounting Risks","AJG","2026-03-16T04:38:33.948400Z"
2162,"1",1789,"Risks Related to Legal Matters, Governmental Regulations and our International Operations
lifted the aluminum tariffs on Canada and Mexico in May 2019), which created volatility in the price of aluminum in the U.S. and increased the price of aluminum used in some of our product packaging. Continued imposition of U.S. aluminum tariffs, the implementation of additional tariffs and retaliatory tariffs from trade partners or related uncertainties could further increase the cost of certain of our imported materials, thereby adversely affecting our profitability. In addition, the European Union-United Kingdom Trade and Cooperating Agreement became effective in May 2021 and resulted in certain disruptions in trade and the movement of goods, including prolonged transportation delays, which affected our ability to source raw materials and packaging for our products as well as our ability to import and export products. Furthermore, various jurisdictions have adopted, or may seek to adopt, additional product labeling or warning requirements or limitations on the availability of our beverages relating to perceived adverse health consequences of some of our beverages. If additional or more severe requirements of this type are imposed on one or more of our beverages under current or future laws or regulations, they could inhibit sales of such beverages in such jurisdictions. In addition, we cannot predict whether our beverages will become subject to increased rules and regulations regarding labeling or warnings which, if enacted, could increase our costs or adversely impact sales. In addition, a number of governmental authorities, both in the U.S. and abroad, have considered, and are expected to consider, legislation aimed at packaging reducing the amount of plastic waste.","2026-03-16T04:38:39.738960Z","2024-02-20",0.5947,"Pollution & Waste",1167,"Pollution & Waste",5.248,"TAP_2024_RISK_047","Risks Related to Legal Matters, Governmental Regulations and our International Operations","","TAP","2026-03-16T04:38:39.738972Z"
2163,"1",1338,"Risks that may not be insured in full or in part
Additionally, we have occasionally been involved in developing, managing, leasing and operating various properties for third parties. Consequently, we may be considered to have been an operator of such properties and, therefore, potentially liable for removal or remediation costs or other potential costs which relate to the release or presence of hazardous or toxic substances or petroleum products at such properties, even if we did not cause the contamination. We cannot assure you that:•the environmental assessments described above have identified all potential environmental liabilities;•no prior owner created any material environmental condition not known to us or the consultants who prepared the assessments;•no environmental liabilities have developed since the environmental assessments were prepared;•the condition of land or operations in the vicinity of our communities, such as the presence of underground storage tanks, will not affect the environmental condition of our communities;•future uses or conditions, including, without limitation, changes in applicable environmental laws and regulations, will not result in the imposition of environmental liability; and•no environmental liabilities will arise at communities that we have sold for which we may have liability.","2026-03-16T04:38:44.552536Z","2026-02-27",0.4242,"Pollution & Waste",1168,"Pollution & Waste",4.287,"AVB_2026_RISK_035","Risks that may not be insured in full or in part","Risks related to operations of our communities","AVB","2026-03-16T04:38:44.552556Z"
2164,"1",1444,"Risks Related to Our Business and Operations
We purchase or collect and process recyclable materials such as paper, cardboard, plastics, aluminum and other metals for sale to third parties. Our results of operations may be affected by changing prices or market requirements for recyclable materials. The resale and purchase prices of, and market demand for, recyclable materials are volatile due to changes in economic conditions and numerous other factors beyond our control. For instance, several states have passed legislation commonly referred to as Extended Producer Responsibility. These laws are intended to shift the cost of recycling from consumers to producers while also mandating increased supply, which could lead to lower commodity prices. Significant price fluctuations or increased operating costs may affect our consolidated financial condition, results of operations and cash flows. At current volumes and mix of materials, we believe a $10 per ton change in the price of recycled commodities change both annual revenue and operating income by approximately $13 million. Accordingly, a substantial rise or drop in recycled commodity prices could materially affect our revenue and operating income. Although we have entered into hedging agreements to help offset volatility in recycled commodity prices in the past, we do not have any such hedging agreements currently, and we may not enter into these agreements in the future.","2026-03-16T04:39:19.500951Z","2026-02-18",0.4563,"Pollution & Waste",1169,"Non-ESG",34.421,"RSG_2026_RISK_010","Risks Related to Our Business and Operations","Risks Related to Our Business and Operations","RSG","2026-03-16T04:39:19.500968Z"
2165,"1",1775,"Risks related to government regulations and the environment
Governmental actions and political instability may affect Occidental’s results of operations. Occidental’s businesses are subject to the actions and decisions of many federal, state, local and international governments and political interests. As a result, Occidental faces risks of:■New or amended laws and regulations, or new or different applications or interpretations of existing laws and regulations, including those related to drilling, manufacturing or production processes (including flaring and well stimulation techniques such as hydraulic fracturing and acidization), pipelines, labor and employment, taxes, royalty rates, permitted production rates, entitlements, import, export and use of raw materials, equipment or products, use or increased use of land, water and other natural resources, air emissions, water recycling and disposal, waste minimization and disposal, safety, the manufacturing of chemicals, asset integrity management, the marketing or export of commodities, security, environmental protection, and climate change-related and sustainability initiatives, all of which may restrict or prohibit activities of Occidental or its contractors, increase Occidental’s costs or reduce demand for Occidental’s products. In addition, violation of certain governmental laws and regulations may result in strict, joint and several liability and the imposition of significant civil and criminal fines and penalties;■Refusal of, or delay in, the extension or grant of exploration, development or production contracts; and■Development delays and cost overruns due to approval delays for, or denial of, drilling, construction, environmental and other regulatory approvals, permits and authorizations.","2026-03-16T04:39:40.378406Z","2022-02-24",0.5146,"Pollution & Waste",1170,"Pollution & Waste",20.373,"OXY_2022_RISK_004","Risks related to government regulations and the environment","","OXY","2026-03-16T04:39:40.378418Z"
2166,"1",772,"Risks Related to Our Stores and Operations
Under various U.S. federal, state and local laws, ordinances and regulations, a current or previous owner, developer or operator of real estate may be liable for the costs of removal or remediation of certain hazardous or toxic substances, which could be substantial. Such laws often impose liability without regard to whether the owner or operator knew of, or was responsible for, the release or presence of such hazardous substances.  From time to time, we may acquire properties, or interests in properties, with known adverse environmental conditions for which we believe that the environmental liabilities associated with these conditions are quantifiable and that the acquisition will yield a superior risk-adjusted return.","2026-03-16T04:39:45.678899Z","2023-02-28",0.6191,"Pollution & Waste",1171,"Pollution & Waste",4.786,"EXR_2023_RISK_011","Risks Related to Our Stores and Operations","","EXR","2026-03-16T04:39:45.678910Z"
2167,"1",1837,"Risks Related to Our Business, Industry, and Operations
Should Darling’s supply be disrupted or should supply from other sources become limited or only available on unfavorable terms, DGD could be required to develop alternate sources of supply, and it could be required to increase its utilization of waste and renewable feedstocks that produce lower margin products. As the volume of renewable diesel produced continues to increase, the competition for waste and renewable feedstocks will likely increase, which could place downward pressure on the margins associated with our Renewable Diesel segment’s products. DGD will also likely be required to satisfy a greater amount of its waste and renewable feedstock supplies from international sources as the competition for these feedstocks continues to increase, which would increase its exposure to the political, geographic, regulatory, and economic risks attendant to doing business with suppliers located in, and supplies originating from, such areas. Should DGD’s feedstock supply be disrupted, such an event could adversely impact its and our business, financial condition, results of operations, and liquidity. Our Ethanol segment relies on corn sourced from local farmers and commercial elevators in the Mid-Continent region of the U.S. As a result, the corn supply for our Ethanol segment is acutely exposed to the effects that weather and other environmental events occurring in that region can have on the amount or timing of crop production. Crop production can also be affected by government policies (such as farming subsidies) and by market factors (such as changes in fertilizer prices). Any reduction or delay in crop production from these or similar events could reduce and disrupt the supply of, or otherwise increase our costs to obtain, corn for our Ethanol segment.","2026-03-16T04:40:12.474700Z","2023-02-23",0.5131,"Pollution & Waste",1172,"Non-ESG",26.28,"VLO_2023_RISK_017","Risks Related to Our Business, Industry, and Operations","Risks Related to Our Business, Industry, and Operations","VLO","2026-03-16T04:40:12.474710Z"
2168,"1",1926,"Strategy and Operational Risks
Table of ContentsReduction of regulation may have a favorable impact on our operating costs, but the extensive environmental regulation applicable to our industry is also a barrier to rapid entry that benefits our Company. Significant new restrictions and tariffs on foreign trade could have a negative impact on our recycling export business and our cross-border commerce, particularly with Canada, and could increase the cost of certain equipment and other materials used in our operations that we procure from outside the U.S., including our trucks and certain equipment used to implement our sustainability growth strategy. It is likely that some policies adopted by the new administration will benefit us and others will negatively affect us. If we encounter regulatory compliance issues in the course of operating our business, we may experience adverse publicity, which may intensify if such noncompliance results in legal liability. Any legal liability or adverse publicity from such noncompliance may harm our reputation and result in difficulties in attracting new customers, or retaining existing customers, which would negatively impact our results of operations and financial condition. Our business is subject to operational and safety risks, including the risk of injury to employees and others. Providing environmental and waste management services, including constructing and operating landfills, transfer stations, processing facilities, recycling facilities and other disposal or destruction facilities, and landfill gas-to-energy facilities, involves risks such as truck accidents, equipment defects, malfunctions and failures, and improper use of dangerous equipment. Additionally, we closely monitor and manage landfills to minimize the risk of waste mass instability, releases of hazardous materials, and odors that are sometimes triggered by weather or natural disasters.","2026-03-16T04:40:36.767667Z","2025-02-19",0.611,"Pollution & Waste",1173,"Pollution & Waste",23.754,"WM_2025_RISK_013","Strategy and Operational Risks","Strategy and Operational Risks","WM","2026-03-16T04:40:36.767693Z"
2169,"1",2078,"Our ability to drill for and produce natural gas is dependent on the availability of adequate supplies of water for drilling and completion operations and access to water and waste disposal or recycling services at a reasonable cost and in accordance with applicable environmental rules. Restrictions on our ability to obtain water or dispose of produced water and other waste may adversely affect our results of operations, cash flows and financial position.
The hydraulic fracture stimulation process on which we depend to drill and complete natural gas wells requires the use and disposal of significant quantities of water. Our ability to access sources of water and the availability of disposal alternatives to receive all of the water produced from our wells and used in hydraulic fracturing may affect our drilling and completion operations. Our inability to secure sufficient amounts of water, or to dispose of or recycle the water used in our operations, or to timely obtain water sourcing permits or other rights, could adversely affect our operations. Additionally, the imposition of new, or modification of existing, environmental initiatives and regulations could include restrictions on our ability to obtain water or dispose of waste, which would adversely affect our business and results of operations, which could result in decreased cash flows. In addition, federal and state regulatory agencies have investigated the possible connection between the operation of injection wells used for natural gas and oil waste disposal and increased seismic activity in certain areas. In some cases, operators of injection wells in the vicinity of seismic events have been ordered to reduce injection volume or suspend operations. Increased regulation and attention given to induced seismicity in the states where we operate could lead to restrictions on our disposal well injection volume and increased scrutiny of and delay in obtaining new disposal well permits, which could result in increased operating costs that could be material, or a curtailment of our operations.","2026-03-16T04:40:53.469230Z","2025-02-19",0.6094,"Pollution & Waste",1174,"Natural Capital",16.171,"EQT_2025_RISK_051","Our ability to drill for and produce natural gas is dependent on the availability of adequate supplies of water for drilling and completion operations and access to water and waste disposal or recycling services at a reasonable cost and in accordance with applicable environmental rules. Restrictions on our ability to obtain water or dispose of produced water and other waste may adversely affect our results of operations, cash flows and financial position.","Risks Associated with Our Human Capital, Technology and Other Resources and Service Providers","EQT","2026-03-16T04:40:53.469241Z"
2170,"1",1986,"Risks Related to Our Operations and Business
For a more detailed description of potential environmental liabilities, see the discussion in Environmental Matters in Note 24 to the Consolidated Financial Statements. In addition, regulators are increasingly requesting security in the form of cash collateral, credit, trust arrangements or guarantees to secure the performance of environmental obligations, which could have an adverse effect on our financial position. Any underestimated or unanticipated retirement and rehabilitation costs could materially affect our financial position, results of operations and cash flows. Environmental liabilities are accrued when they become known, or new permit conditions or limits are added, are probable and can be reasonably estimated. Whenever a previously unrecognized remediation liability becomes known, or a previously estimated reclamation cost is increased, the amount of that liability and additional cost will be recorded at that time and could materially reduce our consolidated net income attributable to Newmont stockholders and potentially result in impairments. For example, in early 2015 and again in June 2017, the Peruvian government agency responsible for certain environmental regulations, the MINAM, issued proposed modifications to water quality criteria for designated beneficial uses which apply to mining companies, including Yanacocha. These criteria modified the in-stream water quality criteria pursuant to which Yanacocha has been designing water treatment processes and infrastructure. In 2017, Yanacocha submitted a modification to its previously approved compliance achievement plan to the MINEM. In May 2022, Yanacocha submitted a proposed modification to this plan requesting an extension of time for coming into full compliance with the new regulations to 2027. In June 2023, Yanacocha received approval of its updated compliance plan from MINEM and was granted an extension to June 2026 to achieve compliance.","2026-03-16T04:41:16.601232Z","2026-02-19",0.3075,"Pollution & Waste",1175,"Pollution & Waste",22.579,"NEM_2026_RISK_018","Risks Related to Our Operations and Business","Risks Related to Our Operations and Business","NEM","2026-03-16T04:41:16.601240Z"
2171,"1",1795,"Environmental Matters
It is our policy to retain independent environmental consultants to conduct or update Phase I environmental assessments (which generally do not involve invasive techniques such as soil or ground water sampling) and asbestos surveys in connection with our acquisition of properties. These pre-purchase environmental assessments have not revealed environmental conditions that we believe will have a material adverse effect on our business, assets, financial condition, results of operations or liquidity, and we are not otherwise aware of environmental conditions with respect to our properties that we believe would have such a material adverse effect. However, from time to time environmental conditions at our properties have required and may in the future require environmental testing and/or regulatory filings, as well as remedial action. For example, in February 1999, we (through a joint venture) acquired from Exxon Corporation a property in Massachusetts that was formerly used as a petroleum bulk storage and distribution facility and was known by the state regulatory authority to contain soil and groundwater contamination. We developed an office park on the property. We engaged a specially licensed environmental consultant to oversee the management of contaminated soil and groundwater that was disturbed in the course of construction. Under the property acquisition agreement, Exxon agreed to (1) bear the liability arising from releases or discharges of oil and hazardous substances which occurred at the site prior to our ownership, (2) continue monitoring and/or remediating such releases and discharges as necessary and appropriate to comply with applicable requirements, and (3) indemnify us for certain losses arising from preexisting site conditions.","2026-03-16T04:41:22.429044Z","2022-02-25",0.6122,"Pollution & Waste",1176,"Pollution & Waste",5.328,"BXP_2022_RISK_001","Environmental Matters","Environmental Matters","BXP","2026-03-16T04:41:22.429053Z"
2172,"1",866,"Legal, Governmental, and Regulatory Risks
We may be required to make expenditures to modify operations, discontinue use of certain process units or certain chemicals, or install pollution control equipment that could materially and adversely affect our business, financial condition, results of operations, and liquidity. We may also face liability for personal injury, property damage, natural resource damage, environmental justice impacts, or clean-up costs due to alleged contamination and/or exposure to chemicals or other regulated materials, such as various perfluorinated compounds, per- and polyfluoroalkyl substances, benzene, MTBE, and petroleum hydrocarbons, at or from our current and formerly owned facilities. Such liability or expenditures could materially and adversely affect our business, financial condition, results of operations, and liquidity.","2026-03-16T04:41:28.171470Z","2022-02-22",0.5882,"Pollution & Waste",1177,"Pollution & Waste",5.235,"VLO_2022_RISK_045","Legal, Governmental, and Regulatory Risks","Risks Related to Our Business, Industry, and Operations","VLO","2026-03-16T04:41:28.171480Z"
2173,"1",3133,"Drilling for, producing, gathering, transmitting, storing and processing natural gas are high-risk and costly activities with many uncertainties. Our future financial position, cash flows and results of operations depend on the success of our operating activities, which are subject to numerous risks beyond our control.
Many factors may curtail, delay, suspend or cancel our scheduled drilling projects, the development schedule of wells which we do not operate but in which we have a working interest (referred to as non-operated wells), and our gathering, transmission, storage and processing operations, including the following:•delays imposed by or resulting from compliance with regulatory requirements, including limitations resulting from permitting, wastewater disposal, emission of GHGs, and limitations on hydraulic fracturing;•shortages of or delays in obtaining equipment, rigs, pipe, materials, qualified personnel, water (for hydraulic fracturing activities) or other natural resources needed for our operations;•supply chain disruptions or labor shortage impacts;•equipment failures, accidents or other unexpected operational events;•lack of available gathering and water facilities or delays in the construction of gathering and water facilities;•aging infrastructure and mechanical or structural problems;•failure of equipment, facilities or new technology;•damage to pipelines, wells and storage assets, facilities, equipment, environmental controls and surrounding properties, and pipeline blockages or other operational interruptions, caused or exacerbated by natural phenomena, weather conditions, acts of sabotage, vandalism and terrorism;•security risks, including cybersecurity incidents;•inadvertent damage from construction, vehicles, and farm and utility equipment;•lack of available capacity on interconnecting transportation pipelines;•adverse weather conditions, such as flooding, droughts, freeze-offs, fires, landslides, blizzards and ice storms;•issues related to compliance with environmental regulations;•environmental hazards, such as natural gas leaks, oil and diesel spills, pipeline and tank ruptures, encountering naturally occurring radioactive materials, and unauthorized discharges of brine, well stimulation and completion fluids, toxic gases or other pollutants into the surface and subsurface environment;•leaks, migrations or losses of natural gas as a result of issues regarding pipeline and/or storage equipment or facilities and, including with respect to storage assets, as a result of undefined boundaries, geologic anomalies, limitations in then-applied industry-standard testing methodologies, operational practices (including as a result of regulatory requirements), natural pressure migration and wellbore migration or other factors relevant to such storage assets;•declines in natural gas, NGLs and oil market prices;•limited availability of financing at acceptable terms;•ongoing litigation or adverse court rulings;•public opposition to our operations;•title, surface access, coal mining and right of way issues; and•limitations in the market for natural gas, NGLs and oil.","2026-03-16T04:41:41.555714Z","2025-02-19",0.5848,"Pollution & Waste",1178,"Pollution & Waste",12.811,"EQT_2025_RISK_001","Drilling for, producing, gathering, transmitting, storing and processing natural gas are high-risk and costly activities with many uncertainties. Our future financial position, cash flows and results of operations depend on the success of our operating activities, which are subject to numerous risks beyond our control.","Risks Associated with Natural Gas Production, Midstream and Processing Operations","EQT","2026-03-16T04:41:41.555725Z"
2174,"1",834,"Risks Related to Our Business and Operations
The provision of environmental services, including the operation of our facilities, a substantial fleet of trucks and other waste-related assets, involves risks. These risks include, among others, the risk of truck accidents, equipment defects, malfunctions and failures, improper use of dangerous equipment, the release of hazardous substances, fire and explosion, any of which could result in environmental liability, personal injury, loss of life, business interruption or property damage or destruction. While we carry insurance to cover many contingencies, and seek to minimize our exposure to these risks through maintenance, training and compliance programs, any substantial losses could have a material adverse effect on our business, results of operations and financial condition.","2026-03-16T04:41:50.229794Z","2022-02-11",0.3319,"Pollution & Waste",1179,"Non-ESG",8.153,"RSG_2022_RISK_024","Risks Related to Our Business and Operations","Risks Related to Our Business and Operations","RSG","2026-03-16T04:41:50.229870Z"
2175,"1",1962,"Risk Related to Regulatory and Compliance Matters
Our operations, products and services are subject to environmental laws and regulations, which impose limitations on the discharge of pollutants into the environment and establish standards for the use, generation, treatment, storage, and disposal of hazardous and non-hazardous wastes. We must also comply with various health and safety regulations in the United States and abroad in connection with our operations. In addition, some of our operations require the controlled use of hazardous or energetic materials in the development, manufacturing, or servicing of our products. We cannot assure you that our environmental, health, and safety compliance program has been or will at all times be effective. Failure to comply with any of these laws could result in civil and criminal, monetary and non-monetary penalties and damage to our reputation. In addition, we cannot provide assurance that our costs of complying with current or future environmental protection and health and safety laws will not exceed our estimates or adversely affect our financial statements. Moreover, any accident that results in significant personal injury or property damage, whether occurring during development, manufacturing, servicing, use, or storage of our products, may result in significant production interruption, delays, or claims for substantial damages caused by personal injuries or property damage, harm to our reputation, and reduction in morale among our employees, any of which may adversely and materially affect our results of operations. In addition, we may incur costs related to remedial efforts or alleged environmental damage associated with past or current waste disposal practices or other hazardous materials handling practices. We are also from time to time party to personal injury or other claims brought by private parties alleging injury due to the presence of or exposure to hazardous substances.","2026-03-16T04:45:22.113044Z","2023-02-28",0.5533,"Pollution & Waste",1180,"Pollution & Waste",211.371,"FTV_2023_RISK_059","Risk Related to Regulatory and Compliance Matters","Risk Related to Our Business Operations","FTV","2026-03-16T04:45:22.113056Z"
2176,"1",1046,"Other Risks
Our continued growth requires us to recruit and retain talented employees representing diverse backgrounds, experiences, and skill sets. The market for highly skilled workers and leaders in our industry is extremely competitive and our ability to compete depends on our ability to hire, develop and motivate highly skilled personnel in all areas of our organization. Maintaining our brand and reputation, as well as a diverse, equitable and inclusive work environment enables us to attract top talent. If we are less successful in our recruiting efforts, or if we cannot retain highly skilled workers and key leaders, our ability to develop and deliver successful products and services may be adversely affected. In addition, effective succession planning is important to our long-term success. Any unsuccessful implementation of our succession plans or failure to ensure effective transfer of knowledge and smooth transitions involving key employees could adversely affect our business, financial condition, or results of operations.","2026-03-16T04:45:26.127030Z","2023-02-16",0.9798,"Human Capital",1181,"Human Capital",3.501,"JNJ_2023_RISK_046","Other Risks","Other Risks","JNJ","2026-03-16T04:45:26.127041Z"
2177,"1",1911,"Our operations may present a safety risk to our employees and others.
Notwithstanding our emphasis on the safety of our employees and contractors and the precautions we take related to health and safety, we may be unable to avoid safety incidents relating to our operations that result in injuries or deaths. Certain safety incidents may result in legal or regulatory action that could result in increased expenses or reputational damage. We maintain workers' compensation insurance to address the risk of incurring material liabilities for injuries or deaths, but there can be no assurance that the insurance coverage will be adequate or will continue to be available on terms acceptable to us, or at all, which could result in material liabilities to us for any injuries or deaths. Changes to federal, state, and local employee health and safety regulations, and legislative, regulatory, or societal responses to safety incidents may result in heightened regulations or public scrutiny that may increase our compliance costs or result in reputational damage. The manufacturing and sale of our products, as well as the construction and sale of plants and facilities, may give rise to risks associated with the production, filling, storage, handling, and transport of raw materials, goods, or waste. Our products and services, if defective or not handled or performed appropriately, have in the past and may in the future lead to personal injuries, business interruptions, environmental damages, or other significant damages, which may result, among other consequences, in liability, losses, monetary penalties, or compensation payments, environmental clean-up costs, or other costs and expenses, exclusion from certain market sectors deemed important for future development of the business, and/or loss of reputation, all of which could have a material adverse effect on our business and results of operations.","2026-03-16T04:45:30.091627Z","2024-11-21",0.9638,"Human Capital",1182,"Human Capital",3.467,"APD_2024_RISK_020","Our operations may present a safety risk to our employees and others.","Legal and Regulatory Risks","APD","2026-03-16T04:45:30.091637Z"
2178,"1",2013,"Operational Risks
Our global operations expose us to risks associated with public health crises that could have an adverse effect on our business results and financial condition. For instance, since late 2019, the coronavirus pandemic (COVID-19) has spread globally in all countries where we conduct business. The COVID-19 pandemic is evolving and has led to the implementation of various responses, including government-imposed quarantines, stay-at-home orders and lockdowns, travel restrictions, vaccination and testing requirements, and other public health safety measures. These restrictions continue to change as COVID-19 evolves, variants are discovered, and vaccinations are distributed in each country and region. The COVID-19 pandemic has resulted and may continue to result in significant disruptions to the global economy, as well as to businesses and capital markets around the world. COVID-19 has interfered and may continue to interfere with general commercial activity related to our supply chain and customer base. In addition, COVID-19 may negatively affect our customers’ businesses, which may result in delayed or reduced purchases from us. Some customers may also have difficulty meeting their payment obligations to us, resulting in late payments or an inability of some customers to make payments at all. As the COVID-19 pandemic continues, we may experience volatility in our results, including reduced global sales volume from lower customer demand. Our operations could be negatively affected if our employees are subject to governmental COVID-19 curfews, stay-at-home orders, lockdowns, or facility closures, or if they are quarantined or become ill as a result of exposure to COVID-19. Future impacts to the Company's business as a result of COVID-19 and its variants could also include disruptions to the Company's manufacturing operations caused by lockdowns, facility closures, reductions in operating hours, staggered shifts and other social distancing efforts, and labor shortages.","2026-03-16T04:45:45.396134Z","2022-02-11",0.9579,"Human Capital",1183,"Human Capital",14.786,"MTD_2022_RISK_002","Operational Risks","Operational Risks","MTD","2026-03-16T04:45:45.396145Z"
2179,"1",2012,"Operational Risks
While we have taken steps to build momentum in the growth drivers of our business, we cannot assure you those steps will lead to sales growth. Failure to achieve any of our goals regarding FMI, Onsites, national accounts, digital solutions, and international operations, or other growth drivers could negatively impact our long-term sales growth. In fact, the COVID-19 pandemic has made gaining access to customers more challenging due to both alternative work arrangements to manage risk of infection in workplaces and due to shifts in priorities to short-term crisis management and away from long-term strategic planning. This has resulted in our signings of Onsites and FMI installations, both important indicators of future sales growth, to be below target levels in 2020 and 2021. Further, failure to identify appropriate targets for our Onsite channel and FMI tools or failure to persuade the appropriate targets to adopt these offerings once identified may adversely impact our goals regarding the number of new Onsite locations we are able to open or the number of FMI installations we are able to deploy. Our competitive advantage in FMI Solutions, which includes industrial vending (FASTVend) and bin stock (FASTStock and FASTBin) tools could be eliminated and, in the case of FASTVend, the loss of key suppliers of equipment and services could be impactful and result in failure to deploy devices. We believe we have a competitive advantage in industrial vending and bin stock due to our hardware and software, our local branch presence (allowing us to service devices and bins more rapidly and with less burden on our customers), our depth of products that lend themselves to being dispensed through industrial vending devices or bin stocks, and, in North America, our distribution strength. These advantages have developed over time; however, other competitors could respond to our expanding industrial vending and bin stock position with highly competitive platforms of their own.","2026-03-16T04:51:31.959403Z","2022-02-07",0.9714,"Human Capital",1184,"Non-ESG",346.031,"FAST_2022_RISK_010","Operational Risks","Operational Risks","FAST","2026-03-16T04:51:31.959414Z"
2180,"1",1962,"Risks Related to Our Operations
Our business depends on our ability to attract and retain talented employees representing diverse backgrounds, experiences and skill sets. The market for highly skilled personnel and leaders in our industry is extremely competitive, and our ability to compete depends on our ability to hire, develop, motivate and retain highly skilled personnel and leaders in all areas of our business and in all geographic markets in which we operate, particularly as we continue to implement our digital-first strategy and expand our global operations. A failure to maintain our brands and our reputation, as well as a diverse, equitable and inclusive work environment, could adversely affect our ability to attract and retain top talent. If we are less successful in our hiring efforts, or, if we cannot retain highly skilled workers and key leaders, then our ability to develop, market and sell successful products could be adversely affected. Furthermore, our ability to attract and retain talent has been, and may continue to be, impacted to varying degrees by challenges in the labor market that emerge from time to time, such as wage inflation, labor shortages, changes in immigration laws and government policies and a shift toward remote work and other flexible work arrangements. As part of J&J, we were able to capitalize on J&J’s historical market reputation, performance and corporate brand identity to attract and retain key personnel to run and operate our business. As an independent, publicly traded company, we do not have the same historical market reputation, performance or corporate brand identity as J&J, which may make it more difficult for us to attract or retain such personnel. In connection with the Separation, we hired and integrated a significant number of employees on an expedited basis to enable us to continue to operate without the same access to J&J’s existing operational and administrative infrastructure.","2026-03-16T04:51:35.692489Z","2024-03-01",0.9822,"Human Capital",1185,"Human Capital",3.163,"KVUE_2024_RISK_072","Risks Related to Our Operations","Risks Related to Our Operations","KVUE","2026-03-16T04:51:35.692499Z"
2181,"1",845,"Risks related to human capital:
The talents and efforts of our employees, particularly our key management, are vital to our success. The members of our management team have significant industry experience, and if any member leaves the Company, such member would be difficult to replace. In addition, institutional knowledge may be lost in any potential managerial transition. We may be unable to retain key management or attract other highly qualified employees, particularly if we do not offer employment terms that are competitive with the rest of the labor market. Failure to attract, hire, develop, motivate, and retain highly qualified and diverse employee talent, or failure to develop and implement an adequate succession plan for the management team, could disrupt our operations and adversely affect our business and our future success.","2026-03-16T04:51:38.890531Z","2024-02-16",0.9633,"Human Capital",1186,"Human Capital",2.646,"HCA_2024_RISK_013","Risks related to human capital:","Risks related to human capital:","HCA","2026-03-16T04:51:38.890539Z"
2182,"1",689,"Attract and Hire
We employ extensive recruiting practices with the goal of developing qualified and deep candidate pools and attracting candidates from both established and new sources. We believe that our recruitment efforts generally have enabled us to present diverse and high-potential pools of job candidates to our hiring managers. In turn, we train our hiring managers about identifying and avoiding unconscious biases they may have during the interview and selection process and the importance of employing individuals with different kinds of experiences and backgrounds. We believe these strategies collectively enhance our applicant pools and contribute to our continued success.","2026-03-16T04:51:41.455108Z","2024-02-26",0.9828,"Human Capital",1187,"Human Capital",2.029,"PGR_2024_RISK_025","Attract and Hire","Attract and Hire","PGR","2026-03-16T04:51:41.455122Z"
2183,"1",1913,"Competition for management and franchise contracts
A significant number of our employees (approximately 30 percent) and employees of our hotel owners are covered by collective bargaining agreements and similar agreements. If relationships with our employees or employees of our hotel owners or the unions that represent them become adverse, the properties we manage, franchise, own or lease could experience labor disruptions such as strikes, lockouts, boycotts and public demonstrations. A number of our collective bargaining agreements are in the process of being renegotiated, and, if more employees become unionized, we may be required to negotiate additional collective bargaining agreements in the future. Labor disputes, which may be more likely when collective bargaining agreements are being negotiated, could harm our relationship with our employees or employees of our hotel owners, result in increased regulatory inquiries and enforcement by governmental authorities and deter guests. Further, adverse publicity related to a labor dispute could harm our reputation and reduce customer demand for our services. Labor regulation and the negotiation of new or existing collective bargaining agreements could lead to higher wage and benefit costs, changes in work rules that raise operating expenses, legal costs and limitations on our ability or the ability of our third-party property owners to take cost saving measures during economic downturns. We do not have the ability to influence the negotiations of collective bargaining agreements covering unionized labor employed by third-party property owners. Increased unionization of our workforce, new labor legislation or changes in regulations could disrupt our operations and our ability to promote services expected by customers, reduce our profitability or interfere with the ability of our management to focus on executing our business strategies.","2026-03-16T04:51:44.894654Z","2022-02-16",0.9773,"Human Capital",1188,"Human Capital",2.875,"HLT_2022_RISK_074","Competition for management and franchise contracts","Competition for hotel guests","HLT","2026-03-16T04:51:44.894679Z"
2184,"1",1314,"General Risks
Since COVID-19 was declared a global pandemic by the World Health Organization, our business, operations and financial performance have been, and may continue to be, affected by the macroeconomic impacts resulting from the efforts to control the spread of COVID-19. As a result of the scale of the ongoing pandemic, including the introduction of new variants of COVID-19 and vaccination and other efforts to control the spread, our revenue growth rate and expenses as a percentage of our revenues in future periods may differ significantly from our historical rates, and our future operating results may fall below expectations. Additionally, we may experience a significant and prolonged shift in user behavior such as a shift in interests to less commercial topics. As a result of the pandemic, our workforce shifted to operating in a primarily remote working environment, which continues to create inherent productivity, connectivity, and oversight challenges. The effects of the ongoing pandemic are dynamic and uneven. As we prepare to return our workforce in more locations back to the office, we may experience increased costs and/or disruption as we experiment with hybrid work models, in addition to potential effects on our ability to operate effectively and maintain our corporate culture.","2026-03-16T04:51:48.877492Z","2022-02-02",0.9727,"Human Capital",1189,"Human Capital",3.419,"GOOGL_2022_RISK_066","General Risks","General Risks","GOOGL","2026-03-16T04:51:48.877501Z"
2185,"1",201,"II.           Insurance Risks
Our ability to attract, develop, and retain talent, including employees, managers, and executives, and to maintain appropriate staffing levels, is critical to our success.","2026-03-16T04:51:53.902467Z","2026-03-02",0.9739,"Human Capital",1190,"Human Capital",4.5,"PGR_2026_RISK_082","II.           Insurance Risks","II.           Insurance Risks","PGR","2026-03-16T04:51:53.902479Z"
2186,"1",1872,"Regulatory, Legal and Compliance Risks
Enactment and enforcement of various federal, state and local laws, rules and regulations on immigration and labor organizations may adversely impact the availability and costs of labor for Domino’s and franchisees’ stores in a particular area or across the United States. In addition, third-party suppliers may be affected by higher minimum wage standards, which may increase the price of goods and services they supply to us. Such increased expenses may cause our franchisees to exit the business or cause us to reduce the number of Company-owned stores, or otherwise adversely affect the amount of royalty payments and license fees we receive. On January 12, 2020, the U.S. Department of Labor announced a final rule to update and clarify the definition of joint employer under the FLSA. Under the final rule, the general test for assessing whether a party can be deemed a joint employer would be based upon whether that party (i) hires or fires the employee; (ii) supervises and controls the employee’s work schedule or conditions of employment; (iii) determines the employee’s rate and method of payment; and (iv) maintains the employee’s employment records. In the final rule, the Department of Labor describes instances in which joint employment would not be more or less likely to be found to exist under the FLSA, which, according to the Department of Labor, includes the relationships that exist under the typical franchise business model. This rule may reduce a franchisor’s risk of liability that currently exists under the joint employer standard now in effect under the FLSA (though ultimately, the facts specific to the franchisor-franchisee model at issue would be considered when determining liability). On July 29, 2021, the current administration’s Department of Labor issued a final rule rescinding the 2020 rule.","2026-03-16T04:51:58.571446Z","2024-02-26",0.9703,"Human Capital",1191,"Human Capital",4.114,"DPZ_2024_RISK_068","Regulatory, Legal and Compliance Risks","Regulatory, Legal and Compliance Risks","DPZ","2026-03-16T04:51:58.571488Z"
2187,"1",1454,"We must attract, retain, and motivate highly skilled employees.
To remain competitive, we must maintain a highly skilled, diverse workforce and effectively manage succession for key roles. Hiring, retaining and motivating qualified executives and other skilled talent is critical to our business and competition can be intense. If our total compensation programs, employment benefits, and workplace culture are not viewed as competitive and inclusive, our ability to attract and retain talent could be compromised. At times, we experience higher levels of attrition and more intense competition for talent across our industry, which can lead to increased compensation costs. To the extent we experience significant attrition and are unable to timely replace employees, we could experience a loss of critical skills and reduced employee morale, potentially resulting in business disruptions, inefficiencies during transitional periods and increased expenses. Additionally, changes to immigration policies in the countries in which we operate, as well as restrictions on travel due to public health crises or other causes, may limit our ability to hire and/or retain talent in, or transfer talent to, specific locations. Our business success is dependent on our ability to attract, retain and motivate key talent. Our inability to do so could inhibit our ability to maintain or expand our business operations and may adversely impact our operating results.","2026-03-16T04:52:02.170751Z","2024-10-04",0.9647,"Human Capital",1192,"Human Capital",3.045,"MU_2024_RISK_040","We must attract, retain, and motivate highly skilled employees.","31 | 2024 10-K","MU","2026-03-16T04:52:02.170760Z"
2188,"1",1763,"Business and Operational Risks
In addition, because the pandemic has decreased customer demand in many of our end-markets, some of our businesses have continued to operate at reduced capacity. We cannot predict the number or timing of any future facility closures, the potential for operating at reduced capacity or the size of the workforce that may be impacted by potential labor actions such as furloughs or layoffs. The extent to which our operations may be impacted by COVID-19 will depend on future developments that are highly uncertain, including the pandemic's duration, the emergence of different COVID-19 variants, the efficacy and adoption rates of vaccines, the availability of recently approved oral medicines and actions by governments and private enterprises to contain the outbreak or mitigate the impact of the pandemic. For example, applicable laws and government measures, such as U.S. federal vaccine mandates or Occupational Safety and Health Administration requirements for vaccination or regular testing, could also result in skilled labor impacts including voluntary attrition or difficulty finding labor or otherwise adversely affect our ability to operate our facilities, obtain materials and component inputs from suppliers or deliver our products in a timely manner. Furthermore, the pandemic has impacted and may further impact the broader economies of affected countries, including negatively impacting economic growth, the proper functioning of financial and capital markets, foreign currency exchange rates and interest rates. Due to the continuing uncertainties surrounding the pandemic, we are unable to predict the ultimate impact that it will have on our financial position, operating results and cash flows in future periods.","2026-03-16T04:52:06.925597Z","2022-02-11",0.9693,"Human Capital",1193,"Human Capital",4.217,"DOV_2022_RISK_003","Business and Operational Risks","Business and Operational Risks","DOV","2026-03-16T04:52:06.925611Z"
2189,"1",1896,"Business and Operational Risks
The outbreak and global spread of COVID-19, and the preventative or protective actions that governments, corporations, individuals and we are taking and may continue to take in an effort to limit the impact of COVID-19, have resulted in a period of business disruption and increased economic uncertainty. The spread of COVID-19 has caused us to modify our business practices, including vaccination and testing requirements, employee travel, access to customer sites, employee and contractor remote work and restrictions to physical participation in meetings, events and conferences. Illness, travel restrictions or other workforce disruptions could adversely affect our supply chain and our access to suppliers of important technologies and components, our ability to timely and satisfactorily complete our clients’ projects, our ability to provide services to our clients or our other business processes. We may take further actions that we determine are in the best interests of our employees, customers and business partners or may be required by government authorities. For example, on September 9, 2021, President Biden issued a series of executive orders to combat COVID-19, including an executive order that would have required us, as a federal contractor, to have our employees fully vaccinated unless the employee is legally entitled to a religious or medical exemption. That executive order is currently under a nationwide injunction and its future is uncertain. In any event, there is no certainty that such measures will be sufficient to mitigate the risks posed by COVID-19. In addition, as local conditions and regulations continue to permit the return of employees to business generally, our workforce may not be able to return to work in person immediately, if at all, or may instead choose to pursue competing employment opportunities, including as","2026-03-16T04:52:21.901640Z","2022-02-15",0.9864,"Human Capital",1194,"Human Capital",14.422,"LDOS_2022_RISK_037","Business and Operational Risks","Business and Operational Risks","LDOS","2026-03-16T04:52:21.901650Z"
2190,"1",1601,"Our business success depends on attracting and retaining qualified personnel.
Our ability to sustain and grow our business requires us to hire, retain and develop a high-performance, customer-centric and diverse management team and workforce. Continuous efficient and timely customer service, customer support and customer intimacy are essential to enabling customer loyalty and driving our financial results. Our growth strategies require that we pivot to new talent capability investments and build the workforce of the future, with an emphasis on developing skills in digital and consultative, outcome-based selling. Failure to ensure that we have the leadership and talent capacity with the necessary skillset and experience could impede our ability to deliver our growth objectives, execute our strategic plan and effectively transition our leadership. Any unplanned turnover or inability to attract and retain key employees could have a negative effect on our results of operations. Our ability to convert backlog into revenue requires us to maintain a labor force that is sufficiently large enough to support our manufacturing operations to meet customer demand, as well as provide on-site services and project support for our customers. This includes recruiting, hiring and retaining skilled trade workers to support our direct channel field businesses. We have in the past, and could in the future, experience shortages for skilled or unskilled labor. The impacts of such labor shortages could limit our ability to convert backlog into revenue and negatively impact our results of operations.","2026-03-16T04:52:26.442736Z","2023-12-14",0.9807,"Human Capital",1195,"Human Capital",4.007,"JCI_2023_RISK_024","Our business success depends on attracting and retaining qualified personnel.","Risks Related to Our Business Operations","JCI","2026-03-16T04:52:26.442746Z"
2191,"1",1983,"Business, Strategic and Competitive Risks
Failure to attract, develop and retain qualified employees while controlling labor costs, as well as other labor issues, including employee safety issues, could adversely affect our financial performance. Our future growth and performance, positive customer experience and legal and regulatory compliance depends on our ability to attract, develop, retain and motivate qualified employees while operating in an industry challenged by historically high rates of employee turnover. Our ability to meet our labor needs, while controlling our labor costs, is subject to many external factors, including competition for and availability of qualified personnel, unemployment levels, wage rates and salary levels (including the heightened possibility of increased federal, state and/or local minimum wage rates/salary levels), health and other insurance costs, changes in employment and labor laws or other workplace regulations (including those relating to employee benefit programs such as health insurance and paid leave programs), employee activism, employee safety issues, employee expectations and productivity, and our reputation and relevance within the labor market. If we are unable to attract, develop and retain adequate numbers of qualified employees, our operations, customer service levels, legal and regulatory compliance, and support functions could suffer. In addition, to the extent a significant portion of our employee base unionizes, or attempts to unionize, our labor and other related costs could increase, and it is possible that federal agencies may adopt or impose regulatory or other changes to existing law that could facilitate union organizing. Our ability to pass along labor and other related costs to our customers is constrained by our everyday low price model, and we may not be able to offset such increased costs elsewhere in our business. Our success depends on our executive officers and other key personnel.","2026-03-16T04:52:32.471317Z","2023-03-24",0.9817,"Human Capital",1196,"Human Capital",5.493,"DG_2023_RISK_024","Business, Strategic and Competitive Risks","","DG","2026-03-16T04:52:32.471326Z"
2192,"1",1175,"Failure to attract and retain a qualified workforce could have an adverse effect on our business.
Certain events such as an aging workforce without adequate workforce plans and replacements, a lack of skill set to complement evolving business needs, a culture that does not foster inclusion, a labor strike and unavailability of resources due to health impacts or protocol mandates related to the COVID-19 pandemic may lead to operating challenges and increased costs. The challenges include loss of knowledge and a lengthy time period associated with skill development, increased turnover, costs for contractors to replace employees, and productivity and safety costs. Specialized knowledge is required of the technical and support employees for our carbon-free infrastructure investments and generation and T&D operations. There is competition and a tightening market for skilled employees. Failure to hire and adequately train and retain employees, including the transfer of significant historical knowledge and expertise to new employees, or future availability and cost of contract labor may adversely affect our results of operations, financial position and cash flows.","2026-03-16T04:52:39.538882Z","2022-02-24",0.9899,"Human Capital",1197,"Human Capital",6.51,"PEG_2022_RISK_017","Failure to attract and retain a qualified workforce could have an adverse effect on our business.","GENERAL OPERATIONAL AND FINANCIAL RISKS","PEG","2026-03-16T04:52:39.538893Z"
2193,"1",2389,"Legal and Regulatory Risks
Our business is subject to extensive federal, state, local and international laws and regulations, including those relating to: •preparation, sale and labeling of food, including regulations of the Food and Drug Administration, which oversees the safety of the entire food system and covers inspections and mandatory food recalls, menu labeling and nutritional content;•employment practices and working conditions, including minimum wage rates, wage and hour practices, meal and rest breaks, fair workweek/secure scheduling and “just cause” legislation, employment of minors, discrimination, harassment, classification of employees, paid and family leave, workplace safety, immigration and overtime among others;•privacy and data security (including regulations governing the protection of personal information, advertising and marketing, access by children, biometrics, surveillance, artificial intelligence, health-related information and financial information), such as California Privacy Rights Act and CCPA in California and privacy-related legislation in a growing number of other states, and international laws such as GDPR in the European Union and Personal Information Protection and Electronic Documents Act in Canada;•health, sanitation, safety and fire standards and the sale of alcoholic beverages;•building and zoning requirements, including state and local licensing and regulation governing the design and operation of facilities and land use;•claims made in marketing and advertising, including regarding nutritional information and sustainability impacts;•public accommodations and safety conditions, including the Americans with Disabilities Act and similar state laws that give civil rights protections to individuals with disabilities in the context of employment, public accommodations, online resources and other areas;•environmental matters, such as emissions and air quality; water consumption; the discharge, storage, handling, release and disposal of hazardous or toxic substances; local ordinances restricting the types of packaging we can use in our restaurants; and claims we make about our sustainability practices and achievements; •new or increased tariffs, trade sanctions or taxes; and•public company compliance, disclosure and governance matters, including accounting and tax regulations, SEC and NYSE disclosure requirements.","2026-03-16T04:52:52.514666Z","2025-02-05",0.9757,"Human Capital",1198,"Non-ESG",12.442,"CMG_2025_RISK_043","Legal and Regulatory Risks","Legal and Regulatory Risks","CMG","2026-03-16T04:52:52.514678Z"
2194,"1",594,"Our ability to attract and retain qualified employees is critical to the success of our business and the failure to do so may materially adversely affect our performance.
The supply of qualified technical, professional, managerial and other personnel, including cytotechs, phlebotomists and processors, is currently constrained; competition for qualified employees, even across different industries, is intense, including as individuals leave the job market.  We may lose, or fail to attract and retain, key management personnel, or qualified skilled technical, professional or other employees.","2026-03-16T04:53:05.291606Z","2023-02-21",0.9529,"Human Capital",1199,"Human Capital",12.239,"DGX_2023_RISK_028","Our ability to attract and retain qualified employees is critical to the success of our business and the failure to do so may materially adversely affect our performance.","RISKS RELATED TO OUR OPERATIONS","DGX","2026-03-16T04:53:05.291616Z"
2195,"1",177,"Risks Related to Our Business, Operations, and Industry
We must attract and retain qualified personnel to be successful, and competition for qualified personnel has intensified.","2026-03-16T04:53:07.374758Z","2023-05-25",0.8344,"Human Capital",1200,"Human Capital",1.532,"MCHP_2023_RISK_063","Risks Related to Our Business, Operations, and Industry","Risks Related to Our Business, Operations, and Industry","MCHP","2026-03-16T04:53:07.374783Z"
2196,"1",1844,"Risks Related to Our Operations and Business
The Company faces risks related to health epidemics and other outbreaks of communicable diseases, which could significantly disrupt operations and may materially and adversely affect its business and financial conditions. The global COVID-19 pandemic has had major impacts on the world, our industry and our Company. Despite protocols we have developed and deployed, COVID-19 and its variants present ongoing risks and challenges, and could continue to impact our people, operations and surrounding Communities. Efforts to control the spread of COVID-19 impacted the operation of Newmont’s mines and the development of projects and exploration activities and may continue to do so in the future. The governments in many of the jurisdictions in which we operate implemented restrictive measures such as travel bans, quarantine and self-isolation at various times during the pandemic and may do so again in the future. The scope and duration of any such restrictions remains outside of the Company’s control. The Company carefully considers government restrictions and the needs of its employees and host communities. Additionally, based upon evolving contagion rates or occurrences at our operating sites, senior management or the Board may be required to or decide to reduce or limit operational activities to essential care and maintenance procedures including the management of critical environmental systems. For example, in order to protect nearby communities and align with government travel restrictions or health considerations certain of Newmont’s operations were temporarily put into care and maintenance resulting in a temporary decrease in production at these sites in 2020 and 2021. Additionally, the majority of our sites experienced pandemic-related absenteeism in 2021 and early 2022.","2026-03-16T04:53:28.630613Z","2023-02-23",0.8468,"Human Capital",1201,"Human Capital",20.725,"NEM_2023_RISK_022","Risks Related to Our Operations and Business","Risks Related to Our Operations and Business","NEM","2026-03-16T04:53:28.630624Z"
2197,"1",2214,"If we are unable to attract, train and retain skilled employees to satisfy client demand, including highly skilled technical personnel and personnel with experience in key digital areas, as well as senior management to lead our business globally, our business and results of operations may be materially adversely affected.
Our success is dependent, in large part, on our ability to keep our supply of skilled employees, including project managers, IT engineers and senior technical personnel, in particular those with experience in key digital areas, in balance with client demand around the world and on our ability to attract and retain senior management with the knowledge and skills to lead our business globally. In 2021 and most of 2022, we, and we believe the IT industry as a whole, experienced unprecedented attrition. As a result, we hired over a hundred thousand new employees in each of 2021 and 2022. Correspondingly, we have needed to reskill, retain, integrate and motivate our large workforce with diverse skills and expertise in order to serve client demands across the globe, respond quickly to rapid and ongoing technological, industry and macroeconomic developments and grow and manage our business. The rate of attrition began to decrease in the second half of 2022, but if such attrition levels do not continue to decrease or if they increase again in the future, it could materially adversely affect our business. We also must continue to maintain a senior leadership team that, among other things, is effective in executing on our strategic goals and growing our digital business. The loss of senior executives, or the failure to attract, integrate and retain new senior executives as the needs of our business require, could have a material adverse effect on our business and results of operations. Competition for skilled labor is intense and, in some jurisdictions in which we operate and in key digital areas, there are more open positions than qualified persons to fill these positions. We compete for employees not only with other companies in our industry but also with companies in other industries, such as software services, engineering services and financial services companies.","2026-03-16T04:53:31.786333Z","2023-02-15",0.9249,"Human Capital",1202,"Human Capital",2.602,"CTSH_2023_RISK_003","If we are unable to attract, train and retain skilled employees to satisfy client demand, including highly skilled technical personnel and personnel with experience in key digital areas, as well as senior management to lead our business globally, our business and results of operations may be materially adversely affected.","Risks Related to our Business and Operations","CTSH","2026-03-16T04:53:31.786344Z"
2198,"1",177,"Risks Related to Our Business, Operations, and Industry
We must attract and retain qualified personnel to be successful, and competition for qualified personnel has intensified.","2026-03-16T04:53:33.746982Z","2024-05-23",0.8344,"Human Capital",1203,"Human Capital",1.442,"MCHP_2024_RISK_064","Risks Related to Our Business, Operations, and Industry","Risks Related to Our Business, Operations, and Industry","MCHP","2026-03-16T04:53:33.747001Z"
2199,"1",148,"Business Risks
The Company’s success depends largely on the continued service and availability of highly skilled employees, including key personnel.","2026-03-16T04:53:36.006527Z","2021-10-29",0.9266,"Human Capital",1204,"Human Capital",1.725,"AAPL_2021_RISK_032","Business Risks","Business Risks","AAPL","2026-03-16T04:53:36.006536Z"
2200,"1",223,"RISKS RELATED TO OUR OPERATIONS
Failure to attract, retain, develop, and motivate a highly skilled and diverse workforce, or failure to effectively manage changes in our workforce, could significantly impact our operations.","2026-03-16T04:53:38.285263Z","2026-02-24",0.9542,"Human Capital",1205,"Human Capital",1.762,"KDP_2026_RISK_028","RISKS RELATED TO OUR OPERATIONS","RISKS RELATED TO OUR OPERATIONS","KDP","2026-03-16T04:53:38.285273Z"
2201,"1",1845,"Risks Relating to Our Business
Our success substantially depends on the collective performance, contributions and expertise of our personnel including senior management and key personnel, qualified professional, scientific and technical operating staff and qualified sales representatives for our contract sales services. There is significant and increasing competition for qualified personnel, particularly those with higher educational degrees, such as a medical degree, a Ph. D. or an equivalent degree, cutting-edge skillsets, such as AI and machine learning, or relevant experience in the industry, including highly technical specialties such as clinical research associates, project managers and technology developers, and in the locations in which we operate. Increases in inflation, competition and shortages of qualified personnel in certain specialty areas may make it more difficult to hire and retain our key employees and could result in substantial increased costs, such as increased wage rates to attract and retain employees. Our efforts to attract, develop and retain highly skilled employees may be compounded by intensified restrictions on immigration particularly if fees are increased significantly on the transfer, renewal or extension of work visas. The departure of our key employees, or our inability to continue to identify, attract and retain qualified personnel or replace departed personnel in a timely fashion, may impact our ability to grow our business and compete effectively in our industry and may negatively affect our ability to meet financial and operational goals. We continue to hire personnel in countries where exceptional technical knowledge and other expertise are offered at lower costs, which increases the efficiency of our global workforce structure and reduces our personnel-related expenditures.","2026-03-16T04:53:40.801067Z","2026-02-17",0.9479,"Human Capital",1206,"Human Capital",1.975,"IQV_2026_RISK_084","Risks Relating to Our Business","Risks Relating to Our Business","IQV","2026-03-16T04:53:40.801081Z"
2202,"1",194,"Risks Related to Our Business Operations
Our business may be adversely affected by temporary work stoppages, union negotiations, labor disputes and other matters associated with our labor force.","2026-03-16T04:53:42.880411Z","2025-02-06",0.7943,"Human Capital",1207,"Human Capital",1.548,"TT_2025_RISK_043","Risks Related to Our Business Operations","Risks Related to Our Business Operations","TT","2026-03-16T04:53:42.880422Z"
2203,"1",756,"If we become subject to unfair hiring claims, we could be prevented from hiring needed employees, incur liability for damages and incur substantial costs in defending ourselves.
When companies in our industry lose employees to competitors, they frequently claim that these competitors have engaged in unfair hiring practices or that the employment of these persons would involve the disclosure or use of trade secrets. These claims could prevent us from hiring employees or cause us to incur liability for damages. We could also incur substantial costs in defending ourselves or our employees against these claims, regardless of their merits. Defending ourselves from these claims could also divert the attention of our management away from our operations.","2026-03-16T04:53:45.318519Z","2023-02-13",0.8189,"Human Capital",1208,"Human Capital",1.908,"CDNS_2023_RISK_048","If we become subject to unfair hiring claims, we could be prevented from hiring needed employees, incur liability for damages and incur substantial costs in defending ourselves.","Tax, Regulatory and Litigation Risks","CDNS","2026-03-16T04:53:45.318530Z"
2204,"1",2209,"We rely on highly skilled personnel throughout all levels of our business. Our business could be harmed if we are unable to retain or motivate key personnel, hire qualified personnel, or maintain our corporate culture.
The market for highly skilled workers and leaders is extremely competitive. We believe our future success depends in substantial part on our ability to recruit, hire, motivate, develop, and retain talented personnel for all areas of our organization, including our CEO and the other members of our senior leadership team. Doing so may be difficult due to many factors, including fluctuations in economic and industry conditions, changes to U.S. immigration policy, competitors’ hiring and remote working policies and practices, employee intolerance for the significant changes within, and demands on, our Company and our industry, and the effectiveness of our compensation programs. If key employees depart or we are unable to recruit successfully, our business could be negatively impacted. Further, inflationary cost pressures may increase our costs, including employee compensation, and lead to increased employee attrition to the extent our compensation does not keep up with inflation, particularly if our competitors’ compensation does. In addition, certain members of our senior leadership team, including our CEO have term employment agreements with us. Our inability to extend the terms of these employment agreements or to replace these members of our senior leadership team at the end of their terms with qualified and capable successors could hinder our strategic planning and execution. In addition, the new hybrid work model introduced during the global COVID-19 pandemic (the “Pandemic”) required T-Mobile to change and evolve our company culture. As our culture continues to evolve, we may experience adverse impacts on our ability to attract, retain and motivate key personnel, as existing and prospective employees may experience uncertainty about their future roles with us. If key employees depart, our business could be negatively impacted. We may incur significant costs in identifying, hiring and replacing employees, and we may lose significant expertise and talent.","2026-03-16T04:53:57.091413Z","2023-02-14",0.949,"Human Capital",1209,"Human Capital",11.224,"TMUS_2023_RISK_008","We rely on highly skilled personnel throughout all levels of our business. Our business could be harmed if we are unable to retain or motivate key personnel, hire qualified personnel, or maintain our corporate culture.","Risks Related to Our Business and the Wireless Industry","TMUS","2026-03-16T04:53:57.091424Z"
2205,"1",935,"State Regulation of our Products and Services
Our success depends on our ability to attract, develop and retain qualified employees and executives, including those with diverse backgrounds, experiences and skill sets, to operate and expand our business. We face intense competition for qualified employees, and there can be no assurance that we will be able to attract and retain such employees or that such competition among potential employers will not result in increasing salaries.  In addition, while we have development and succession plans in place for our key employees and executives, these plans do not guarantee the services of our key employees and executives will continue to be available to us. If we are unable to attract, develop, retain and effectively manage the development and succession plans for key employees and executives, our business, results of operations and future performance could be adversely affected.","2026-03-16T04:53:59.557243Z","2024-02-15",0.925,"Human Capital",1210,"Human Capital",1.9,"HUM_2024_RISK_044","State Regulation of our Products and Services","Risks Relating to Our Business","HUM","2026-03-16T04:53:59.557254Z"
2206,"1",1419,"Major public health issues, including COVID-19 and any resulting economic effects could have an adverse impact on the Company's financial condition and results of operations and other aspects of its business.
issued by public health authorities, the location and job responsibilities of specific Company personnel, rates of COVID-19 vaccinations, cases and deaths in various localities and other factors. The Company may nevertheless experience operational disruptions when employees return to work.  The assumptions and estimates that the Company uses in establishing premiums and reserves depend on the Company's judgment regarding the likelihood of future events and are inherently uncertain, including without limitation in regard to the effects of COVID-19. See the risk factor entitled “If future policy benefits, claims or expenses exceed those anticipated in establishing premiums and reserves, the Company's financial results would be adversely affected” and the ""Executive Summary"" section of Item 7, MD&A, for more information. For more information on the effects of the COVID-19 pandemic on markets and investments, see the risk factor entitled, “Difficult conditions in global capital markets and the economy, including those caused by the COVID-19, could have a material adverse effect on the Company's investments, capital position, revenue, profitability, and liquidity and harm the Company's business.”","2026-03-16T04:54:09.203081Z","2022-02-23",0.9482,"Human Capital",1211,"Human Capital",9.104,"AFL_2022_RISK_031","Major public health issues, including COVID-19 and any resulting economic effects could have an adverse impact on the Company's financial condition and results of operations and other aspects of its business.","Operational-Related Risk Factors","AFL","2026-03-16T04:54:09.203092Z"
2207,"1",1997,"Risks Related to Our Operations
The loss of the services of any of our key employees or any significant portion of our workforce could disrupt our operations or delay the development, introduction and ramp of our products and services. In particular, we are highly dependent on the services of Elon Musk, Technoking of Tesla and our Chief Executive Officer. None of our key employees is bound by an employment agreement for any specific term and we may not be able to successfully attract and retain senior leadership necessary to grow our business. Our future success also depends upon our ability to attract, hire and retain a large number of engineering, manufacturing, marketing, sales and delivery, service, installation, technology and support personnel, especially to support our planned high-volume product sales, market and geographical expansion and technological innovations. If we are not successful in managing these risks, our business, financial condition and operating results may be harmed. Employees may leave Tesla or choose other employers over Tesla due to various factors, such as a very competitive labor market for talented individuals with automotive or technology experience, or any negative publicity related to us. In regions where we have or will have operations, particularly significant engineering and manufacturing centers, there is strong competition for individuals with skillsets needed for our business, including specialized knowledge of electric vehicles, engineering and electrical and building construction expertise. Moreover, we may be impacted by perceptions relating to reductions in force that we have conducted in the past in order to optimize our organizational structure and reduce costs and the departure of certain senior personnel for various reasons. We also compete with both mature and prosperous companies that have far greater financial resources than we do and start-ups and emerging companies that promise short-term growth opportunities.","2026-03-16T04:54:12.030406Z","2023-01-31",0.952,"Human Capital",1212,"Human Capital",2.306,"TSLA_2023_RISK_038","Risks Related to Our Operations","Risks Related to Our Operations","TSLA","2026-03-16T04:54:12.030417Z"
2208,"1",1909,"Strategic and Financial Risks
We are undertaking significant multi‑year capital investments to expand our U.S. manufacturing capabilities and accelerate R&D, including our initiative to invest $32 billion in the U.S. through 2030. These investments are subject to numerous risks, including construction and commissioning delays, cost inflation, supply chain constraints, contractor performance, permitting and zoning challenges and the availability of skilled labor, and we may not complete our announced investments on a timely basis or at all. New or expanded facilities must meet cGMP and other regulatory requirements, are subject to FDA and other inspections, process validation and qualification, and their construction depends on third-party suppliers and partners whose performance we do not control. Any failure, delay, observation or remediation requirement could defer or limit production, increase costs or result in enforcement actions or other liabilities. We may not realize anticipated economic, employment, productivity, scale or innovation benefits, anticipated cost savings or future growth, and our reputation may be damaged, if these projects are delayed or unable to be completed in a cost-effective manner. This could also lead to underutilized assets, inventory write‑offs or asset impairments. Changes in laws or policies, including drug pricing reform, tax credits and incentives, environmental, health and safety standards, or tariff, trade and sourcing rules, could reduce expected returns on our investments or increase investment or operating costs. In addition, these initiatives require significant attention from management, capital expenditures and ongoing operating expenses and may increase variability in our margins and cash flows. Any of the foregoing could materially adversely affect our business, financial condition, results of operations, cash flows and reputation.","2026-03-16T04:54:37.394015Z","2026-02-24",0.9067,"Human Capital",1213,"Non-ESG",24.824,"GILD_2026_RISK_069","Strategic and Financial Risks","Strategic and Financial Risks","GILD","2026-03-16T04:54:37.394024Z"
2209,"1",184,"STRATEGIC AND OPERATIONAL RISKS
In order to be successful, we must attract, retain, train, motivate, develop and transition key employees, and failure to do so could seriously harm us.","2026-03-16T04:54:39.997167Z","2023-12-18",0.86,"Human Capital",1214,"Human Capital",2.063,"HPQ_2023_RISK_073","STRATEGIC AND OPERATIONAL RISKS","STRATEGIC AND OPERATIONAL RISKS","HPQ","2026-03-16T04:54:39.997177Z"
2210,"1",1973,"COVID-19 Risks
The COVID-19 pandemic, including associated variants, has materially and adversely affected passenger demand and bookings for both business and leisure travel, thereby materially and adversely affecting operating income and cash flows from operations. The extent of the continued impact of the COVID-19 pandemic on the Company’s business and its financial and operational performance will depend on future developments, including (i) the duration, spread, severity, or any recurrence of the COVID-19 pandemic, including through any new variant strains of the underlying virus; (ii) the effectiveness, availability, and usage of vaccines; (iii) the duration and scope of governmental orders and restrictions related to the COVID-19 pandemic; (iv) the extent of the impact of the COVID-19 pandemic on overall demand for air travel and the Company's related business plans and decisions; (v) the impact of the COVID-19 pandemic on the Company's ability to retain Employees; and (vi) the impact of the COVID-19 pandemic on the Company’s access to capital, all of which are highly uncertain and cannot be predicted. The COVID-19 pandemic has caused public health officials to recommend precautions to mitigate the spread of the virus. Since the onset of the COVID-19 pandemic, federal, state, and local authorities have at various times instituted measures such as imposing testing and self-quarantine requirements, issuing directives forcing businesses to reduce operations or temporarily close, restricting international air travel, and issuing shelter-in-place and similar orders limiting the movement of individuals. Additionally, businesses have restricted non-essential travel for their employees. Such measures have depressed demand for air travel, disrupted the Company’s operations, and materially adversely affected the Company’s business. The Company will continue to be adversely affected if businesses continue to restrict travel for their employees.","2026-03-16T04:55:14.574307Z","2022-02-07",0.9234,"Human Capital",1215,"Human Capital",34.036,"LUV_2022_RISK_002","COVID-19 Risks","COVID-19 Risks","LUV","2026-03-16T04:55:14.574316Z"
2211,"1",969,"GENERAL RISKS
In order to be successful, we will need to attract, retain and motivate key employees. Our success has been largely dependent on the efforts of certain key personnel.  In order to be successful, we will need to attract, retain and motivate executives and other key employees.  Experienced management and technical personnel are in high demand and competition for their talents is intense.  We must also continue to motivate employees and keep them focused on our strategies and goals.  Our business, results of operations and cash flows could be materially adversely affected by the unexpected loss of the services of one or more of our key employees.  We cannot be sure that we will be able to continue to attract qualified personnel, which could cause us to be less efficient and, as a result, may adversely impact our sales and profitability.  For a discussion of our management, see the “Business” section of Item 1 of this annual report on Form 10-K.","2026-03-16T04:55:22.434425Z","2022-02-28",0.9167,"Human Capital",1216,"Human Capital",7.266,"ORLY_2022_RISK_023","GENERAL RISKS","GENERAL RISKS","ORLY","2026-03-16T04:55:22.434456Z"
2212,"1",1247,"If we lose key management or are unable to attract and retain the talent required for our business, we may not be able to successfully manage our business or achieve our objectives.
Our future success depends in large part upon the leadership and performance of our executive management team, all of whom are employed on an at-will basis and none of whom are subject to any agreements not to compete. If we lose the service of one or more of our senior executives or key employees, or if one or more of the senior executives or key employees decide to join a competitor or otherwise compete directly or indirectly with us, we may not be able to successfully manage our business or achieve our business objectives. More generally, our future success also depends on our ability to attract and retain a talented workforce. The labor market is highly competitive, and our business could be adversely affected if we are unable to attract and retain talented personnel in our organization at appropriate staffing levels. In addition, because our core technology platform is internally developed, we face heightened risks relating to workforce recruitment and retention of key personnel with subject matter expertise relating to our technology platform.","2026-03-16T04:55:26.261197Z","2025-09-26",0.8085,"Human Capital",1217,"Human Capital",3.277,"CPRT_2025_RISK_016","If we lose key management or are unable to attract and retain the talent required for our business, we may not be able to successfully manage our business or achieve our objectives.","Risks Related to Our Business and Industry","CPRT","2026-03-16T04:55:26.261206Z"
2213,"1",1280,"Economic Risks
The effects of the public health crisis caused by COVID-19 have interfered with the ability of PPG, our suppliers, customers, and others to conduct business and have negatively affected consumer confidence and the global economy. Public health officials have recommended or mandated certain precautions to mitigate the spread of COVID-19, including prohibitions on congregating in groups, shelter-in-place orders, vaccination requirements or similar measures. Preventative and protective actions that public health officials, governments or PPG have taken with respect to COVID-19 have and will continue to adversely impact our business, suppliers, distribution channels, and customers, including business shutdowns or disruptions for an indefinite period of time, reduced operations, reduced workforce availability, reduced ability to supply products, or reduced demand for our products. Our financial condition, liquidity and results of operations have been and will continue to be adversely impacted by these preventative actions and the disruption to our business and that of our suppliers and customers. As we cannot predict the duration or scope of COVID-19, the negative financial impact to our business cannot be reasonably estimated, but could be material.","2026-03-16T04:56:01.835329Z","2022-02-17",0.868,"Human Capital",1218,"Non-ESG",35.023,"PPG_2022_RISK_002","Economic Risks","Economic Risks","PPG","2026-03-16T04:56:01.835337Z"
2214,"1",216,"RISKS RELATED TO OUR OPERATIONS
We may not be able to renew collective bargaining agreements on satisfactory terms, or we could experience union activity, including new unionization, labor disputes or work stoppages.","2026-03-16T04:57:02.424962Z","2025-02-25",0.9283,"Human Capital",1219,"Human Capital",60.04,"KDP_2025_RISK_029","RISKS RELATED TO OUR OPERATIONS","RISKS RELATED TO OUR OPERATIONS","KDP","2026-03-16T04:57:02.424971Z"
2215,"1",1792,"Risks Related to Our Business and Industry
It is possible that remote work arrangements may have a negative impact on our operations; the execution of our business plans; our ability to recruit, train, manage, and retain employees; our ability to maintain and strengthen our company culture; the productivity and availability of key personnel and other employees necessary to conduct our business; and on third-party service providers who perform critical services for us, or otherwise cause operational failures due to changes in our normal business practices necessitated by the pandemic and related governmental actions. If a natural disaster, power outage, connectivity issue, or other event occurred that impacted our employees’ ability to work remotely, it may be difficult or, in certain cases, impossible, for us to continue our business for a substantial period of time. The increase in remote working may also result in increased consumer privacy, data security, and fraud risks, and our understanding of applicable legal and regulatory requirements, as well as the latest guidance from regulatory authorities in connection with the COVID-19 pandemic, may be subject to legal or regulatory challenge, particularly as regulatory guidance evolves in response to future developments. More generally, the COVID-19 pandemic has and is expected to continue to adversely affect economies and financial markets globally, leading to a continued economic downturn, which may decrease technology spending generally and could adversely affect demand for our platforms and services. It is not possible at this time to    33     estimate the full impact that COVID-19 will have on our business, as the impact will depend on future developments, which are highly uncertain and cannot be predicted.","2026-03-16T04:57:10.706209Z","2022-02-24",0.8514,"Human Capital",1220,"Human Capital",7.724,"PLTR_2022_RISK_070","Risks Related to Our Business and Industry","Risks Related to Our Business and Industry","PLTR","2026-03-16T04:57:10.706218Z"
2216,"1",1763,"Operating factors
However, it is not guaranteed that our budget contingencies would accurately account for potential construction cost increases given the current severity of inflation and variety of contributing factors. Nor is it guaranteed that our general contractors would be able to absorb such increases in costs and complete our construction projects timely, within budget, or at all. We have not encountered significant difficulty collaborating with our third-party suppliers and contractors and obtaining materials and skilled labor, nor experienced significant delays or increases in overall project costs due to the factors discussed above. While we do not rely on any single supplier or vendor for the majority of our materials and skilled labor, we may experience difficulties obtaining necessary materials from suppliers or vendors whose supply chains might become impacted by economic or political changes, outmoded technology, aging infrastructure, shortages of shipping containers and/or means of transportation, or difficulties obtaining adequate skilled labor from third-party contractors in a tight labor market. It is uncertain whether we would be able to source the essential commodities, supplies, materials, and skilled labor timely or at all without incurring significant costs or delays, particularly during times of economic uncertainty resulting from events outside of our control, including, but not limited to, effects of the COVID-19 pandemic, federal policies, and the ongoing Russia-Ukraine war. Higher construction costs could adversely impact our net investments in real estate and expected yields on our development and redevelopment projects, which may make otherwise lucrative investment opportunities less profitable to us.","2026-03-16T04:58:20.848743Z","2023-01-30",0.9392,"Human Capital",1221,"Human Capital",69.588,"ARE_2023_RISK_040","Operating factors","Operating factors","ARE","2026-03-16T04:58:20.848755Z"
2217,"1",191,"Risks Related to Our Industry and Business Operations
Work stoppages and other labor relations matters could adversely affect our results of operations and the ability to serve our customers.","2026-03-16T04:58:24.282486Z","2024-02-14",0.7887,"Human Capital",1222,"Human Capital",2.87,"AWK_2024_RISK_067","Risks Related to Our Industry and Business Operations","","AWK","2026-03-16T04:58:24.282497Z"
2218,"1",1952,"Risks Relating to Regulatory and Legal Matters
The majority of our revenues come from government subsidized healthcare programs including Medicaid, Medicare, CHIP, LTSS, ABD, Foster Care and Health Insurance Marketplace premiums. Changes in these programs, including due to executive orders or other regulatory actions from the current political administration, could change the number of persons enrolled in or eligible for these programs, reduce funding, delay funding and increase our administrative and healthcare costs under these programs. For example, due to the declaration of the end of the PHE and the subsequent expiration of the eligibility determination waivers, the resumption of the Medicaid eligibility redeterminations significantly reduced our membership in our Medicaid programs, and we did not fully offset the loss of this membership by increased enrollment in our Health Insurance Marketplace products. In addition, as a result of the expiration of the PHE due to the COVID-19 pandemic, and the resulting Medicaid redeterminations process, we have experienced a higher HBR related to the remaining members, due to the acuity profile of this membership, as well as the gaps in eligibility for certain members who have rejoined the Medicaid plans. While we continue to work with our state partners to match rates to acuity post-redeterminations, such rate adjustments may be delayed or insufficient to offset the increased acuity. In some cases, states may decide to reduce reimbursement or reduce benefits. If any state in which we operate were to decrease premiums paid to us or pay us less than the amount necessary to keep pace with our cost trends, it could have a material adverse effect on our results of operations, financial condition and cash flows. The Final Rule was published in the Federal Register on June 25, 2025. The Final Rule makes changes to policies to strengthen program integrity measures in the Marketplace.","2026-03-16T04:59:35.164689Z","2026-02-17",0.3903,"Human Capital",1223,"Non-ESG",70.343,"CNC_2026_RISK_054","Risks Relating to Regulatory and Legal Matters","Risks Relating to Our Business","CNC","2026-03-16T04:59:35.164699Z"
2219,"1",2147,"Some of our products are subject to governmental regulation or certification. Failure to obtain required certifications of our products on a timely basis, either due to government shutdown or other delays in the certification process, could harm our business.
Federal Aviation Administration (FAA) certification is required for all of our aviation products that are intended for installation in type-certificated aircraft. To the extent required, certification is an expensive and time-consuming process that requires significant focus and resources. An inability to obtain, or excessive delay in obtaining, such certifications could have an adverse effect on our ability to introduce new products and, for certain aviation OEM products, our customers’ ability to sell airplanes. Delays in our obtaining certification for our aviation products have resulted and may in the future result in our being required to pay compensation to our customers. Additionally, failure of the United States Congress to appropriate funds for FAA operations that results in a shutdown of FAA operations or furloughing of FAA employees, due to partial or complete government shutdowns or otherwise, could result in delays in the required FAA certification of our avionics products and in the production, sale and registration of aircraft that use our avionics products. Therefore, such inabilities or delays could have a material adverse effect on our business and financial results. In addition, we cannot assure that our certified products will not be decertified. Any such decertification could have an adverse effect on our operating results. In addition, in accordance with FCC rules and regulations, wireless transceiver products are required to be certified by the FCC in the United States and comparable authorities in foreign countries where they are sold. Garmin’s products sold in Europe are required to comply with relevant directives of the European Commission. A delay in receiving required certifications for new products, or enhancements to Garmin’s products, or losing certification for Garmin’s existing products could adversely affect our business.","2026-03-16T04:59:59.972194Z","2023-02-22",0.3862,"Human Capital",1224,"Non-ESG",24.248,"GRMN_2023_RISK_031","Some of our products are subject to governmental regulation or certification. Failure to obtain required certifications of our products on a timely basis, either due to government shutdown or other delays in the certification process, could harm our business.","Risks Related to the Company","GRMN","2026-03-16T04:59:59.972204Z"
2220,"1",290,"Operational Risks
The Company may not be able to hire or retain additional qualified teammates and recruiting and compensation costs may increase as a result of changes in the marketplace, which may increase costs and adversely impact the Company’s ability to implement business strategies.","2026-03-16T05:00:05.694412Z","2022-02-23",0.4716,"Human Capital",1225,"Human Capital",5.186,"TFC_2022_RISK_077","Operational Risks","Operational Risks","TFC","2026-03-16T05:00:05.694424Z"
2221,"1",203,"Risks Related to Business Environment and Economic Conditions
Employee strikes and labor-related disruptions involving us or one or more of our customers or suppliers may adversely affect our operations.","2026-03-16T05:00:13.059718Z","2023-02-08",0.6047,"Human Capital",1226,"Human Capital",6.806,"APTV_2023_RISK_047","Risks Related to Business Environment and Economic Conditions","Risks Related to Business Environment and Economic Conditions","APTV","2026-03-16T05:00:13.059729Z"
2222,"1",1187,"Macroeconomic and industry risks
There can be no assurances we will achieve our emission reduction targets or aspirations, or that the associated costs will not be higher than expected, or that the regulatory landscape will not have a negative impact on our results of operations, financial condition, and liquidity. Government mandates may lead to the premature adoption of unproven and unreliable technology, which could negatively affect operational reliability, customer service, and supply chain continuity. Our business, financial condition, and results of operations have been adversely affected, and in the future, could be materially adversely affected by pandemics or other public health crises – Pandemics, epidemics, and other outbreaks of disease can have significant and widespread impacts. As we saw during the peaks of the COVID pandemic, outbreaks of disease can cause a global slowdown of economic activity (including the decrease in demand for a broad variety of goods), disruptions in global supply chains, and significant volatility and disruption of financial markets, resulting further in adverse effects on workforces, customers, and regional and local economies.","2026-03-16T05:01:04.659021Z","2026-02-06",0.4712,"Human Capital",1227,"Climate Change",51.055,"UNP_2026_RISK_017","Macroeconomic and industry risks","Macroeconomic and industry risks","UNP","2026-03-16T05:01:04.659033Z"
2223,"1",1895,"General Risks
Our business is subject to the risk of litigation by employees, guests, suppliers, business partners, shareholders, government agencies or others through private actions, class actions, administrative proceedings, regulatory actions or other litigation.  These actions and proceedings may involve allegations of illegal, unfair or inconsistent employment practices, including wage and hour violations and employment discrimination; guest discrimination; food safety issues including poor food quality, food-borne illness, food tampering, food contamination, and adverse health effects from consumption of various food products or high-calorie foods (including obesity); other personal injury; violation of “dram shop” laws (providing an injured party with recourse against an establishment that serves alcoholic beverages to an intoxicated party who then causes injury to himself or a third party); trademark infringement; violation of the federal securities laws; or other concerns.  The outcome of litigation, particularly class action lawsuits and regulatory actions, is difficult to assess or quantify.  Plaintiffs in these types of lawsuits may seek recovery of very large or indeterminate amounts, and the magnitude of the potential loss relating to such lawsuits may remain unknown for substantial periods of time.  The cost to defend litigation may be significant. There may also be adverse publicity associated with litigation that could decrease guest acceptance of our brands, regardless of whether the allegations are valid or we ultimately are found liable. Litigation could impact our operations in other ways as well.  Allegations of illegal, unfair or inconsistent employment practices, for example, could adversely affect employee acquisition and retention.  As a result, litigation may adversely affect our business, financial condition and results of operations.","2026-03-16T05:01:08.897857Z","2023-07-21",0.512,"Human Capital",1228,"Human Capital",3.671,"DRI_2023_RISK_061","General Risks","General Risks","DRI","2026-03-16T05:01:08.897865Z"
2224,"1",116,"General Risks
If we were to lose the services of key personnel, we may not be able to execute our business strategy.","2026-03-16T05:01:10.877035Z","2023-02-03",0.6343,"Human Capital",1229,"Human Capital",1.447,"GOOG_2023_RISK_077","General Risks","General Risks","GOOG","2026-03-16T05:01:10.877048Z"
2225,"1",1862,"Business Risks
Our reputation or brand image has in the past been, and could in the future be, adversely impacted by a variety of factors, including: any failure by us, our business partners, or other actors in our supply chain to maintain high ethical, business and environmental, social and governance practices, including with respect to human rights, child labor, workforce policies and initiatives, workplace conditions and employee health and safety; any failure, or perception of a failure, to achieve or make sufficient progress toward our environmental, social and governance goals, or any revisions of or negative perception toward such goals, including with respect to the nutrition profile of our products, packaging, water use, our impact on the environment and our workforce policies and initiatives; any failure to address health or other concerns about our products, products we distribute, certain brands licensed to and distributed to third parties (including alcoholic beverages), or particular ingredients in our products, including concerns regarding whether certain of our products are “ultra-processed” or otherwise contribute to obesity and other health conditions or an increase in public health costs; our research and development efforts; any product quality or safety issues, including the recall of any of our products; any failure to comply with laws and regulations; consumer perception of our advertising campaigns, sponsorship arrangements, marketing programs, use of social media and our response to political and social issues, geopolitical events and tensions, wars and other military conflicts, including the ongoing conflicts in Ukraine and the Middle East, or catastrophic events; or any failure to effectively respond to negative or inaccurate comments about us on social media or otherwise regarding any of the foregoing.","2026-03-16T05:01:52.229879Z","2025-02-04",0.6812,"Human Capital",1230,"Human Capital",40.794,"PEP_2025_RISK_004","Business Risks","Business Risks","PEP","2026-03-16T05:01:52.229889Z"
2226,"1",943,"Operational Risks
Our future performance will continue to depend on the services and contributions of our senior management and key employees to execute on our business plan and to identify and pursue new opportunities and product innovations. The loss of services of senior management or other key employees and the hiring of new senior leaders and key employees, especially in a competitive labor market, could significantly delay or prevent our achievement of strategic objectives, business plans and product development as we transition to new leaders and could adversely affect our business, financial condition and operating results. In addition, as we expand our product offerings through acquisitions, we may become dependent on the services and contributions of key personnel who join us through such acquisitions. If we are unable to integrate and retain such personnel, our financial condition and operating results may be affected.","2026-03-16T05:02:06.302519Z","2023-02-16",0.6788,"Human Capital",1231,"Human Capital",13.538,"GDDY_2023_RISK_067","Operational Risks","Operational Risks","GDDY","2026-03-16T05:02:06.302530Z"
2227,"1",1686,"revenues that we generate by the health insurance exchanges and Medicaid expansion under the ACA are not material, so the impact of the change in law and similar recent administration actions is expected to be limited. Any future replacement, modification or repeal of the ACA may adversely affect our business and financial results, particularly if the legislation reduces incentives for employer-sponsored insurance coverage. We cannot predict how other future federal or state legislative or administrative changes relating to healthcare reform will affect our business. For additional information, refer to “Item 1. Business—Government Regulation” and “Item 1. Business—Pricing, Price Constraints and Market Access.”
Increased use of social media platforms presents risks and challenges. We are increasing our use of social media to communicate Company news and events. The inappropriate and/or unauthorized use of social media could cause brand damage or information leakage and may give rise to liability, including from the improper collection and/or dissemination of personally identifiable information from employees, patients, healthcare professionals or other stakeholders. In addition, negative or inaccurate posts or comments about us on any social networking website could damage our reputation, brand image and goodwill and may cause significant volatility in our stock price. Further, the disclosure of non-public Company-sensitive information by our workforce or others, whether intentional or unintentional, through external media channels could lead to loss of trade secrets or other intellectual property, as well as the Company’s commercially sensitive information.","2026-03-16T05:21:39.811184Z","2023-02-14",0.4983,"Human Capital",1232,"Non-ESG",1172.878,"BMY_2023_RISK_037","revenues that we generate by the health insurance exchanges and Medicaid expansion under the ACA are not material, so the impact of the change in law and similar recent administration actions is expected to be limited. Any future replacement, modification or repeal of the ACA may adversely affect our business and financial results, particularly if the legislation reduces incentives for employer-sponsored insurance coverage. We cannot predict how other future federal or state legislative or administrative changes relating to healthcare reform will affect our business. For additional information, refer to “Item 1. Business—Government Regulation” and “Item 1. Business—Pricing, Price Constraints and Market Access.”","Product, Industry and Operational Risks","BMY","2026-03-16T05:21:39.811197Z"
2228,"1",1155,"Risks Related to our Operations
Such delays or cost increases may arise as a result of unpredictable factors, many of which are beyond our control, including:•denial of or delay in receiving requisite regulatory approvals and/or permits; •unplanned increases in the cost of construction materials, including due to tariffs;•unplanned increases in labor costs;•disruptions in transportation of components or construction materials;•adverse weather conditions, natural disasters or other events (such as equipment malfunctions, explosions, fires or spills) affecting our facilities, or those of vendors or suppliers;•shortages of sufficiently skilled labor, or labor disagreements resulting in unplanned work stoppages; and•nonperformance by, or disputes with, vendors, suppliers, contractors or subcontractors. Any one or more of these factors could have a significant impact on our ongoing capital projects. If we were unable to make up the delays associated with such factors or to recover the related costs, or if market conditions change, it could materially and adversely affect our business, financial condition, results of operations and cash flows.","2026-03-16T05:22:05.355183Z","2026-02-20",0.5432,"Human Capital",1233,"Non-ESG",25.012,"LYB_2026_RISK_021","Risks Related to our Operations","Risks Related to our Operations","LYB","2026-03-16T05:22:05.355193Z"
2229,"1",1172,"Operational Risks
Legislators and regulators may pass laws or adopt regulations in the future requiring Drivers to undergo a materially different type of qualification, screening, or background check process, or that limit our ability to access information used in the background check process in an efficient manner, which could be costly and time-consuming. Required changes in the qualification, screening, and background check process (including any changes to such processes of Careem, Postmates or other acquired companies) could also reduce the number of Drivers in those markets or extend the time required to recruit new Drivers to our platform, which would adversely impact our business and growth. Furthermore, we rely on a single background-check provider in certain jurisdictions, and we may not be able to arrange for adequate background checks from a different provider on commercially reasonable terms or at all. The failure of this provider to provide background checks on a timely basis would result in our inability to onboard new Drivers or retain existing Drivers undergoing periodic background checks that are required to continue using our platform.","2026-03-16T05:28:32.292044Z","2022-02-24",0.5029,"Human Capital",1234,"Human Capital",386.382,"UBER_2022_RISK_032","Operational Risks","Operational Risks","UBER","2026-03-16T05:28:32.292061Z"
2230,"1",1788,"Operational Risks
As part of our technology transformation strategy, we are transitioning and migrating our data systems from traditional, on premises data centers to cloud-based platforms. This initiative places significant strain on our management, personnel, operations, systems, technical performance, financial resources, internal financial controls and reporting function. In addition, many of our existing personnel have limited experience with native cloud-based technologies. This effort has been, and will continue to be, time consuming and costly. Our technology transformation strategy requires management time and resources to educate employees and implement new ways of conducting business. The dedication of resources to our technology transformation strategy and cloud-based technologies limits the resources we have available to devote to other initiatives or growth opportunities, or to invest in the maintenance of our existing internal systems. We cannot guarantee that our strategy is the right one or that investments in alternative technologies or other initiatives would not be a better use of our limited resources. Additionally, as a result of our cloud migration efforts in connection with our technology transformation strategy, we may experience a loss of continuity, loss of accumulated knowledge or loss of efficiency during transitional periods. Reorganization and transition can require a significant amount of management and other employees’ time and focus, which may divert attention from operating activities and growing our business. If we fail to achieve some or all of the expected benefits of these activities, it could have a material adverse effect on our competitive position, business, financial condition, results of operations and cash flows.","2026-03-16T05:32:13.935321Z","2022-02-24",0.5107,"Human Capital",1235,"Human Capital",221.015,"EFX_2022_RISK_031","Operational Risks","Operational Risks","EFX","2026-03-16T05:32:13.935329Z"
2231,"1",2725,"Business and Operating Risks
Some of the impacts our business has experienced, and may continue to experience, as a result of the COVID-19 pandemic, or any future pandemic or other contagious outbreak, include, but are not limited to, the following:​●decreased sales to our foodservice customers resulting from the closure or reduction in capacity of many full-service restaurants and other commercial operations (e.g., hotels, schools and universities, sporting venues), which caused and can cause a significant reduction in consumer traffic; ●reduced demand at quick service restaurants, in particular in our international markets where most consumption is dine-in or carry-out as drive-thru options are more limited; ●shutdowns of one or more of our production facilities or lines, or disruption in our production timing and operations, including but not limited to, as a result of illness, labor shortages, government restrictions, or other workforce disruptions; ●continued commodity cost volatility, including higher edible oil, grain, and starch costs, which may not be sufficiently offset by our commodity hedging activities; ●increased transportation and warehousing costs, as well as disruptions in the transport of goods, including limited availability of shipping containers, from our supply chain to us and from us to our customers, which caused us to rely more heavily on higher cost transportation to maintain customer service levels; ●disruptions to our distribution capabilities or to our distribution channels, including those of our suppliers, logistics service providers, or independent distributors;●failure of third parties on which we rely, including but not limited to, those that supply our packaging, ingredients, equipment and other necessary operating materials, co-manufacturers and independent contractors, to meet their obligations to us, or significant disruptions in their ability to do so;●a change in demand for, or availability of, one or more of our products as a result of restaurants, other foodservice providers, retailers, or distributors, modifying their inventory, fulfillment or shipping practices;●increased reliance on our information technology system as a result of work-from-home Company policies, causing us to be more vulnerable to cyberattacks or other disruptions as a result of team members accessing our networks and systems from off-site; and●business disruptions and uncertainties related to a future pandemic for a sustained period of time could result in delays or modifications to our strategic plans, capital expansion projects and other initiatives and hinder our ability to achieve anticipated cost savings and productivity initiatives on the original timelines.","2026-03-16T05:32:49.578606Z","2023-07-25",0.4751,"Human Capital",1236,"Non-ESG",34.897,"LW_2023_RISK_011","Business and Operating Risks","Business and Operating Risks","LW","2026-03-16T05:32:49.578619Z"
2232,"1",1169,"General Risk Factors
Failure by us, our employees or any of these third parties to adhere to our policies or applicable laws or regulations could result in penalties, sanctions, damage to our reputation and related costs, which in turn could negatively affect our results of operations and cash flows. As a global operator, our business also may be impacted by changes in U.S. policy or priorities in areas such as trade, immigration (including any continuation of any of the immigration policies put in place by the U.S. government in response to the COVID-19 pandemic) and/or environmental or labor regulations, among others. Depending on the nature and scope of any such changes, they could impact our domestic and international business operations. Any such changes, and any international response to them, could potentially introduce new barriers to passenger or crew travel and/or cross border transactions, impact our guest experience and/or increase our operating costs. If we are unable to address these risks adequately, our financial position and results of operations could be adversely affected, including impairing the value of our ships and other assets.","2026-03-16T05:33:03.920359Z","2022-03-01",0.7007,"Human Capital",1237,"Human Capital",13.39,"RCL_2022_RISK_082","General Risk Factors","General Risk Factors","RCL","2026-03-16T05:33:03.920386Z"
2233,"1",640,"If our products contain undetected errors or fail to perform properly due to defects, malfunctions or similar problems, we may, among other things, become subject to increased costs or liability based on the use of our products or services to support our
In addition, we believe that MSCI’s corporate culture and reputation positively contribute to our ability to attract and retain talent, and that reputational damage could negatively affect our hiring, employee engagement and retention. Damage to our reputation, brand or credibility could have a material adverse effect on MSCI’s business, financial condition or results of operations.","2026-03-16T05:33:09.761433Z","2023-02-10",0.6777,"Human Capital",1238,"Human Capital",5.139,"MSCI_2023_RISK_014","If our products contain undetected errors or fail to perform properly due to defects, malfunctions or similar problems, we may, among other things, become subject to increased costs or liability based on the use of our products or services to support our","Operational Risks","MSCI","2026-03-16T05:33:09.761444Z"
2234,"1",1820,"Changes to regulatory, funding, staffing, trade, and other policies and actions by the U.S. political administration could adversely affect our business operations or the operations of our tenants or operators.
Recent and ongoing changes in U.S. federal government policy have introduced uncertainty to the capital markets, as well as within our industry and the industries of our tenants and operators. These policy changes include, but are not limited to, workforce reductions at federal agencies; executive actions impacting National Institutes of Health (“NIH”) grant funding; changes to visa policies affecting the scientific workforce; efforts to cap NIH indirect cost reimbursements; tariffs and potential tariff actions; and changes to drug pricing policies. For example, recent policy shifts and administration priorities affecting research funding, drug pricing, drug review and approval processes, and tariffs, among other policies, have created uncertainty in the life science ecosystem in which our lab tenants operate. This uncertainty has adversely impacted, and in the future may adversely impact, the ability of life science companies obtain investor funding, which could lead to setbacks in research and development timelines, advancement of drug pipelines, or achievement of commercial viability. In addition, competitive international biotech sectors, including in China, supported by favorable regulatory conditions and costs there, may also divert research and development activity and investment away from the U.S., reducing long-term demand for domestic life science real estate. These policy shifts and other dynamics may affect our lab tenants’ ability to make rent payments to us or expand within our properties, which, as a result, could negatively impact our operating and financial results.","2026-03-16T05:33:25.959497Z","2026-02-03",0.6973,"Human Capital",1239,"Human Capital",15.415,"DOC_2026_RISK_002","Changes to regulatory, funding, staffing, trade, and other policies and actions by the U.S. political administration could adversely affect our business operations or the operations of our tenants or operators.","Risks Related to Our Business and Operations","DOC","2026-03-16T05:33:25.959508Z"
2235,"1",1779,"Other Risks
We believe that maintaining and enhancing our reputation is critical to our ability to expand and retain our customer base, strategic partnerships and other key relationships. Any negative publicity about us or our industry may adversely impact our business and operations. Furthermore, failure to comply with ethical, social, regulatory, product, labor, health and safety, accounting, or environmental standards could also jeopardize our reputation and potentially lead to various adverse actions, including litigation. Negative claims or publicity, including those made on social media, also could adversely affect our reputation and business, regardless of whether such claims are accurate. Our reputation may also depend on the success of our environmental, social and governance (""ESG"") initiatives, inclusive of sustainability, social impact and corporate responsibility, which require Company-wide coordination and alignment. Risks associated with these initiatives include, without limitation, increased focus on ESG targets, goals and disclosure, including by governmental and nongovernmental organizations, increased costs associated with sustainability efforts, and compliance with laws and regulations. All of the foregoing could expose us to market, operational and execution costs or risks. Any ESG or sustainability metrics that we currently or may in the future disclose, whether based on the standards that we set for ourselves or those set by third parties, may influence our reputation and the value of our brands. There is also increased focus, including by investors, customers, and other stakeholders, on ESG matters, including the use of materials, climate change, waste generation, supply chain, human capital, health equity and worker safety.","2026-03-16T05:33:28.870634Z","2024-11-26",0.5153,"Human Capital",1240,"Human Capital",2.226,"COR_2024_RISK_078","Other Risks","Other Risks","COR","2026-03-16T05:33:28.870645Z"
2236,"1",1989,"Government Regulation Is Evolving and Unfavorable Changes Could Harm Our Business
We are subject to general business regulations and laws, as well as regulations and laws specifically governing the internet, physical, e-commerce, and omnichannel retail, digital content, web services, electronic devices, advertising, artificial intelligence technologies and services, satellite communications services, healthcare, and other products and services that we offer or sell. These regulations and laws cover taxation, privacy, data use, data protection, data security, data localization, network security, consumer protection, pricing, content, copyrights, distribution, transportation, communications, electronic device certification, electronic waste, energy consumption, environmental and climate-related regulation, electronic contracts and other communications, competition, employment, trade and protectionist measures, web services, the provision of online payment services, registration, licensing, and information reporting requirements, insurance, unencumbered internet access to our services or access to our facilities, the design and operation of websites, health, safety, and sanitation standards, the characteristics, legality, and quality of products and services, product labeling, the commercial operation of unmanned aircraft systems, healthcare, and other matters. It is not clear how existing laws governing issues such as property ownership, libel, privacy, data use, data protection, data security, data localization, network security, and consumer protection apply to aspects of our operations such as the internet, e-commerce, digital content, web services, electronic devices, advertising, artificial intelligence technologies and services, satellite communications services, and healthcare. A large number of jurisdictions regulate our operations, and the extent, nature, and scope of such regulations is evolving and expanding as the scope of our businesses expand.","2026-03-16T05:33:42.043806Z","2026-02-06",0.9213,"Product Liability",1241,"Product Liability",1.337,"AMZN_2026_RISK_033","Government Regulation Is Evolving and Unfavorable Changes Could Harm Our Business","Legal and Regulatory Risks","AMZN","2026-03-16T05:33:42.043838Z"
2237,"1",1853,"Risks Related to Governmental Regulation and Laws
The consumer privacy landscape continues to experience momentum for greater privacy protection and reform at the state and federal level in response to precedents set forth by the General Data Protection Regulation (the ""GDPR"") and the California Consumer Privacy Act (the ""CCPA""). The development and evolving nature of domestic and international privacy regulation and enforcement could impact and potentially limit how NRG processes personally identifiable information. California residents now have increased access rights (including the right to limit the use and disclosure of sensitive personal information), which are enforced by a new state privacy regulator, resulting in more scrutiny of business practices and disclosures. Additional states including Virginia, Utah, Connecticut, Colorado, Nevada and Texas have similarly adopted enhanced data privacy legislation and patterned after the standards set forth by CCPA, including broader data access rights, with Virginia going a step further requiring businesses to perform data protection assessments for certain processing activities. The Company is also bound by contractual requirements relating to privacy and data protection, and may agree to additional contractual requirements addressing these matters from time to time. As new laws and regulations are created, amended or expanded, requiring businesses to implement processes to enable customers access to their data and enhanced data protection and management standards, NRG cannot forecast with any certainty the impact that they may have on the Company’s business; however, it is possible the Company may find it necessary or desirable to change certain of its business practices or to expend resources to modify its home products and services and otherwise adapt to these changes.","2026-03-16T05:33:45.184036Z","2024-02-28",0.9447,"Product Liability",1242,"Product Liability",2.42,"NRG_2024_RISK_075","Risks Related to Governmental Regulation and Laws","","NRG","2026-03-16T05:33:45.184047Z"
2238,"1",1841,"Operational Risks
We collect, use, and process a variety of personal data, such as email addresses, mobile phone numbers, profile photos, location information, drivers’ license numbers and Social Security numbers of Drivers, consumer payment card information, and Driver and merchant bank account information. As such, we are an attractive target of data security attacks by third parties. Any failure to prevent or mitigate security breaches or improper access to, or use, acquisition, disclosure, alteration or destruction of, any such data could result in significant liability and a material loss of revenue resulting from the adverse impact on our reputation and brand, a diminished ability to retain or attract new platform users, and disruption to our business. We rely on third-party service providers to host or otherwise process some of our data and that of platform users, and they have experienced, and may again experience, security and privacy incidents. Any failure by such third party to prevent or mitigate security breaches or improper access to, or use, acquisition, disclosure, alteration, or destruction of, such data could have similar adverse consequences for us. Because the techniques used to obtain unauthorized access, disable or degrade services, or sabotage systems change frequently and are often unrecognizable until launched against a target, we may be unable to anticipate these techniques and implement adequate preventative measures. Our servers and platform may be vulnerable to computer viruses or physical or electronic break-ins that our security measures may not detect. Individuals able to circumvent our security measures may misappropriate confidential, proprietary, or personal information held by or on behalf of us, disrupt our operations, damage our computers, or otherwise damage our business.","2026-03-16T05:33:48.264341Z","2024-02-15",0.9301,"Product Liability",1243,"Product Liability",2.449,"UBER_2024_RISK_070","Operational Risks","Operational Risks","UBER","2026-03-16T05:33:48.264350Z"
2239,"1",486,"Our role in the global marketplace places us at greater risk than other public companies for a cyber attack and other cyber-security risks. Our technology, our customers, our people and our third-party service providers are vulnerable to cyber-security threats, which could result in wrongful use of our data or our customers’ data or cause interruptions in our
We may be at greater risk from terrorism, which poses physical security risks and cybersecurity risks, than other companies.","2026-03-16T05:33:52.387046Z","2024-02-28",0.9356,"Product Liability",1244,"Product Liability",3.405,"CME_2024_RISK_021","Our role in the global marketplace places us at greater risk than other public companies for a cyber attack and other cyber-security risks. Our technology, our customers, our people and our third-party service providers are vulnerable to cyber-security threats, which could result in wrongful use of our data or our customers’ data or cause interruptions in our","RISKS RELATING TO OUR INDUSTRY","CME","2026-03-16T05:33:52.387055Z"
2240,"1",1954,"Legal and Regulatory Risks
We are increasingly dependent on sophisticated information technology systems to operate our business. That technology includes systems that could be used to process, transmit and store sensitive data. Additionally, many of our products and services include integrated software and information technology that collects data regarding patients or connects to other internal systems. One of the most prevalent attacks on large organizations has been ransomware which can have a devastating impact on an organization’s operations. Our ransomware readiness program has required and will continue to require investment and will not guarantee that we will be immune from an incident or be able to respond rapidly enough to prevent a negative impact on our business. Like all organizations, we routinely experience attempted interference with the integrity of, and interruptions in, our technology systems via events such as cyber-attacks, malicious intrusions, or other breakdowns. The consequences could mean data breaches, interference with the integrity of our products and data, compromise of intellectual property or other proprietary information, or other significant disruptions. Furthermore, we rely on third-party vendors to supply and/or support certain aspects of our information technology systems and resulting products, and customers and payors use information technology systems to process payments relating to our products and services. These third-party systems could also become vulnerable to cyber-attack, malicious intrusions, breakdowns, interference, or other significant disruptions, and may contain defects in design or manufacture or other problems that could result in system disruption or compromise the information security of our own systems. In addition, our global profile and international operations expose us to geopolitical events or issues which may increase cybersecurity risks on a global basis.","2026-03-16T05:33:55.245025Z","2024-06-20",0.9358,"Product Liability",1245,"Product Liability",2.216,"MDT_2024_RISK_035","Legal and Regulatory Risks","Legal and Regulatory Risks","MDT","2026-03-16T05:33:55.245038Z"
2241,"1",2341,"We face security risks, including denial of service attacks, hacking, social engineering attacks targeting our colleagues and customers, malware intrusion or data corruption attempts, and identity theft that could result in the disclosure of confidential information, adversely affect our business or reputation, and create significant legal and financial exposure.
Our computer systems and network infrastructure and those of third parties, on which we are highly dependent, are subject to security risks and could be susceptible to cyber-attacks, such as denial of service attacks, hacking, terrorist activities, or identity theft. Our business relies on the secure processing, transmission, storage, and retrieval of confidential, proprietary, and other information in our computer and data management systems and networks, and in the computer and data management systems and networks of third parties. In addition, to access our network, products, and services, our customers and other third parties may use personal mobile devices or computing devices that are outside of our network environment and are subject to their own cybersecurity risks.2022 Form 10-K     31We, our customers, regulators, and other third parties, including other financial services institutions and companies engaged in data processing, have been subject to, and are likely to continue to be the target of, cyber-attacks. These cyber-attacks include computer viruses, malicious or destructive code, phishing attacks, denial of service or information, ransomware, improper access by employees or vendors, attacks on personal email of employees, ransom demands to not expose security vulnerabilities in our systems or the systems of third parties or other security breaches that could result in the unauthorized release, gathering, monitoring, misuse, loss, or destruction of confidential, proprietary, and other information of ours, our employees, our customers, or of third parties, damage our systems or otherwise materially disrupt our or our customers’ or other third parties’ network access or business operations. As cyber-threats continue to evolve, we may be required to expend significant additional resources to continue to modify or enhance our protective measures or to investigate and remediate any information security vulnerabilities or incidents.","2026-03-16T05:33:57.915596Z","2023-02-17",0.8998,"Product Liability",1246,"Product Liability",1.897,"HBAN_2023_RISK_019","We face security risks, including denial of service attacks, hacking, social engineering attacks targeting our colleagues and customers, malware intrusion or data corruption attempts, and identity theft that could result in the disclosure of confidential information, adversely affect our business or reputation, and create significant legal and financial exposure.","Operational Risks:","HBAN","2026-03-16T05:33:57.915604Z"
2242,"1",229,"Risks Related to the Operation of Our Business
Security incidents, improper access to or disclosure of our customers’ data or other cybersecurity incidents may harm our reputation and materially and adversely affect our business.","2026-03-16T05:34:00.138493Z","2026-01-15",0.9097,"Product Liability",1247,"Product Liability",1.543,"ADBE_2026_RISK_022","Risks Related to the Operation of Our Business","","ADBE","2026-03-16T05:34:00.138502Z"
2243,"1",1796,"Operational Risks
We rely heavily on information technology systems across our operations. Our information technology systems, including mobile and online platforms and mobile payment systems, administrative functions such as human resources, payroll, accounting, and internal and external communications, and the information technology systems of our third-party business partners and service providers, contain proprietary or confidential information related to business and personal data, including sensitive personal data, entrusted to us by platform users, employees, and job candidates, and make us a target for threat actors. Cyberattacks that leverage computer malware, ransomware, viruses, denial of service attacks, account takeovers, spamming, phishing, and social engineering have become more prevalent, have occurred on our systems in the past, and may occur on our systems in the future. Cyberthreats are constantly evolving and employing more sophisticated attack techniques. Our detection capabilities may not be sufficient to prevent or detect a sophisticated cyberattacker. Breaches of our facilities, network, applications, identity management solutions or data security have in the past and could in the future disrupt our business or the security of our systems and platforms, impair our ability to protect data, compromise confidential or technical business information harming our reputation or competitive position, result in theft or misuse of our intellectual property or other assets, subject us to regulatory scrutiny or legal liability, require us to allocate more resources to improve technologies, or otherwise adversely affect our reputation, business and operating results. In addition, our hybrid and remote working arrangements may heighten the foregoing risks.","2026-03-16T05:34:02.990458Z","2025-02-14",0.9414,"Product Liability",1248,"Product Liability",2.053,"UBER_2025_RISK_073","Operational Risks","Operational Risks","UBER","2026-03-16T05:34:02.990467Z"
2244,"1",1839,"Other factors
In addition, our reliance on third-party service providers could introduce new cybersecurity risks and vulnerabilities, including supply chain attacks, and other threats to our business operations. We rely on third-party service providers and technologies to operate critical business systems to process confidential, proprietary, and sensitive data in a variety of contexts, including, without limitation, cloud-based infrastructure, data center facilities, encryption and authentication technology, employee email, and other functions. We also rely on third-party service providers to provide other products, services, or otherwise to operate our business. Our ability to monitor these third parties’ information security practices is limited, and these third parties may not have adequate information security measures in place. If our third-party service providers experience a security incident or other interruption, we could experience adverse consequences. While we may be entitled to damages if our third-party service providers fail to satisfy their data privacy or security-related obligations to us, any award may be insufficient to cover our damages, or we may be unable to recover such award. In addition, supply chain attacks have increased in frequency and severity, and we cannot guarantee that third parties’ infrastructure in our supply chain or our third-party partners’ supply chains have not been compromised. We may expend significant resources or modify our business activities to try to protect against security incidents. Additionally, certain data privacy and security obligations may require us to implement and maintain specific security measures or industry-standard or reasonable security measures to protect our information technology systems and confidential, proprietary, and sensitive data.","2026-03-16T05:34:05.339472Z","2024-01-29",0.9126,"Product Liability",1249,"Product Liability",1.676,"ARE_2024_RISK_186","Other factors","Other factors","ARE","2026-03-16T05:34:05.339483Z"
2245,"1",1939,"Risks Related to Intellectual Property, Legal, and Regulatory Matters
The CCPA broadly defines personal information and gives California residents expanded privacy rights and protections, such as affording them the right to access and request deletion of their information and to opt out of certain sharing and sales of personal information. The CCPA provides for severe civil penalties and statutory damages for violations and a private right of action for certain data breaches that result in the loss of unencrypted personal information. This private right of action is expected to increase the likelihood of, and risks associated with, data breach litigation. Numerous other states have also enacted, or are in the process of enacting or considering, comprehensive state-level data privacy and security laws, rules, and regulations that share similarities with the CCPA. Moreover, laws in all 50 U.S. states require businesses to provide notice under certain circumstances to consumers whose personal information has been disclosed as a result of a data breach. Internationally, virtually every jurisdiction in which we operate has established its own data privacy and security legal framework with which we must comply. For example, we are required to comply with the European Union (“EU”) General Data Protection Regulation (“GDPR”) and its equivalent in the U.K. (“U.K. GDPR”), which impose stringent obligations regarding the collection, control, use, sharing, disclosure and other processing of personal data. While the GDPR and U.K. GDPR remain substantially similar for the time being, the U.K. government has announced that it would seek to chart its own path on data protection and reform its relevant laws, including in ways that may differ from the GDPR. While these developments increase uncertainty with regard to data protection regulation in the U.K., even in their current, substantially similar form, the GDPR and U.K.","2026-03-16T05:34:07.959482Z","2024-03-07",0.9367,"Product Liability",1250,"Product Liability",1.759,"CRWD_2024_RISK_083","Risks Related to Intellectual Property, Legal, and Regulatory Matters","Risks Related to Our Business and Industry","CRWD","2026-03-16T05:34:07.959491Z"
2246,"1",1497,"Legal, Regulatory and Compliance Risks
The CCPA, among other things, contains new disclosure obligations for businesses that collect personal information about California residents and affords those individuals numerous rights relating to their personal information that may affect our ability to use personal information or share it with our business partners. A second law in California, the CPRA, passed via a ballot referendum in November 2020. The CPRA expands the scope of the CCPA and establishes a new California Privacy Protection Agency that will enforce the law and issue regulations. The CPRA is scheduled to take effect on January 1, 2023, with a lookback to January 1, 2022. Other states have considered and/or enacted similar privacy laws. We will continue to monitor and assess the impact of these state laws, which may impose substantial penalties for violations, impose significant costs for investigations and compliance, allow private class-action litigation and carry significant potential liability for our business. The legislative and regulatory framework for privacy and data protection issues worldwide is rapidly evolving as countries continue to adopt privacy and data security laws. Outside of the U.S., data protection laws, including the GDPR in the EU (“EU GDPR”) and the UK (“UK GDPR”), the LGPD in Brazil, and the Personal Information Protection Law (“PIPL”) in China, also apply to our operations in those countries in which we provide services to our customers.","2026-03-16T05:34:10.697256Z","2022-02-25",0.9271,"Product Liability",1251,"Product Liability",1.968,"ZBH_2022_RISK_056","Legal, Regulatory and Compliance Risks","Legal, Regulatory and Compliance Risks","ZBH","2026-03-16T05:34:10.697268Z"
2247,"1",1823,"Risks Related to Our Industry, Customers, Products and Services
The success of our web filtering service depends on the breadth and accuracy of our URL database. Although our URL database currently catalogs millions of unique URLs, it contains only a portion of the URLs for all of the websites that are available on the internet. In addition, the total number of URLs and software applications is growing rapidly, and we expect this rapid growth to continue in the future. Accordingly, we must identify and categorize content for our security risk categories at an extremely rapid rate. Our database and technologies may not be able to keep pace with the growth in the number of websites, especially the growing amount of content utilizing foreign languages and the increasing sophistication of malicious code and the delivery mechanisms associated with spyware, phishing and other hazards associated with the internet. Further, the ongoing evolution of the internet and computing environments will require us to continually improve the functionality, features and reliability of our web filtering function. Any failure of our databases to keep pace with the rapid growth and technological change of the internet could impair the market acceptance of our products, which in turn could harm our business, financial condition and results of operations. In addition, our web filtering service may not be successful in accurately categorizing internet and application content to meet our end-customers’ expectations. We rely upon a combination of automated filtering technology and human review to categorize websites and software applications in our proprietary databases. Our end-customers may not agree with our determinations that particular URLs should be included or not included in specific categories of our databases.","2026-03-16T05:34:18.824383Z","2023-02-24",0.9081,"Product Liability",1252,"Product Liability",7.442,"FTNT_2023_RISK_088","Risks Related to Our Industry, Customers, Products and Services","Risks Related to Our Business and Financial Position","FTNT","2026-03-16T05:34:18.824392Z"
2248,"1",2008,"LEGAL AND COMPLIANCE RISKS
We are subject to laws, rules, and regulations relating to the collection, use, and security and privacy of third-party data including data that relates to or identifies an individual person. In many cases, these laws apply not only to third-party transactions, but also to transfers of information between us and our subsidiaries, and among us, our subsidiaries and other parties with which we have commercial relations. Our possession and use of third-party data, including personal data and employee data in conducting our business, subjects us to legal and regulatory burdens that require us to notify vendors, customers or employees or other parties with which we have commercial relations of a data security breach and to respond to regulatory inquiries and to enforcement proceedings. Laws and regulations relating to the collection, use, security and privacy of third-party data change over time and new laws and regulations become effective from time to time. We are subject to notice and privacy policy requirements, as well as obligations to respond to requests to know and access personal information, correct personal information, delete personal information and say no to the sale of personal information. Global privacy and data protection legislation, enforcement, and policy activity in this area are rapidly expanding and evolving, and may be inconsistent from jurisdiction to jurisdiction. We may also be subject to restrictions on cross-border data transfers and requirements for localized storage of data that could increase our compliance costs and risks and affect the ability of our global operations to coordinate activities and respond to customers. Compliance requirements and even our inadvertent failure to comply with applicable laws may cause us to incur substantial costs, subject us to proceedings by governmental entities or others, and cause us to incur penalties or other significant legal liability, or lead us to change our business practices.","2026-03-16T05:34:29.591244Z","2022-08-25",0.93,"Product Liability",1253,"Product Liability",10.101,"WDC_2022_RISK_057","LEGAL AND COMPLIANCE RISKS","LEGAL AND COMPLIANCE RISKS","WDC","2026-03-16T05:34:29.591254Z"
2249,"1",2020,"Regulatory Inquiries, Litigation & Disputes
For example, the Federal Trade Commission and state regulators enforce a variety of data privacy issues, such as misrepresentations in privacy policies or failures to appropriately protect information about individuals, as unfair or deceptive acts or practices in or affecting commerce in violation of the Federal Trade Commission Act or similar state laws. Additionally, the Gramm-Leach-Bliley Act of 1999 (“GLBA”) and its implementing regulations, which restrict certain collection, processing, storage, use, and disclosure of personal information, require notice to individuals of privacy practices, and provides individuals with certain rights to prevent the use and disclosure of certain nonpublic or otherwise legally protected information. These rules also impose requirements for the safeguarding and proper destruction of personal information through the issuance of data security standards or guidelines. The U.S. government, including Congress, the Federal Trade Commission and the Department of Commerce, has announced that it is reviewing the need for greater regulation for the collection of information concerning consumer behavior on the Internet, including regulation aimed at restricting certain targeted advertising practices. In addition, numerous states have enacted or are in the process of enacting state level data privacy laws and regulations governing the collection, use, and processing of state residents’ personal data. For example, the California Consumer Privacy Act (“CCPA”) took effect in January 2020. The CCPA established a new privacy framework for covered businesses such as ours, and may continue to require us to modify our data processing practices and policies and incur compliance related costs and expenses. The CCPA provided new and enhanced data privacy rights to California residents, such as affording consumers the right to access and delete their information and to opt out of certain sharing and sales of personal information.","2026-03-16T05:35:16.928721Z","2024-02-16",0.9486,"Product Liability",1254,"Product Liability",46.654,"ABNB_2024_RISK_109","Regulatory Inquiries, Litigation & Disputes","Regulatory Developments","ABNB","2026-03-16T05:35:16.928731Z"
2250,"1",1701,"Risks Relating to Information Technology, Cybersecurity and Intellectual Property
Due to the nature of our business, we process, store, use, transfer and disclose certain personal or sensitive information about our customers and employees. Penetration of our network or other misappropriation or misuse of personal or sensitive information and data, including credit card information and other personally identifiable information, could cause interruptions in our operations and subject us to increased costs, litigation, inquiries and actions from governmental authorities, and financial or other liabilities. In addition, security breaches, incidents or the inability to protect information could lead to increased incidents of ticketing fraud and counterfeit tickets. Security breaches and incidents could also significantly damage our reputation with consumers, ticketing clients and other third parties, and could result in significant costs related to remediation efforts, such as credit or identity theft monitoring. Although we have developed systems and processes that are designed to protect customer and employee information and to prevent security breaches or incidents (which could result in data loss or other harm or loss), such measures cannot provide absolute security or certainty. It is possible that advances in computer and hacker capabilities, new variants of malware, the development of new penetration methods and tools, inadvertent violations of company policies or procedures or other developments could result in a compromise of customer or employee information or a breach of the technology and security processes that are used to protect customer and employee information.","2026-03-16T05:35:31.515139Z","2024-02-22",0.9103,"Product Liability",1255,"Product Liability",13.911,"LYV_2024_RISK_026","Risks Relating to Information Technology, Cybersecurity and Intellectual Property","Risks Relating to Our Business and the Live Events and Ticketing Industries","LYV","2026-03-16T05:35:31.515151Z"
2251,"1",604,"Risks Related to Information Security and Data Protection
The cost of information security measures, either to protect our information or the information of our customers, and the cost of complying with privacy and information security disclosure regulations, reduces our profitability. Actual or perceived security vulnerabilities in our software and services, even if those vulnerabilities are the result of hardware or software developed by third parties, harm our reputation and lead customers to use our competitors, reduce or delay future purchases of our services, or seek compensation or damages.","2026-03-16T05:35:50.017324Z","2024-02-22",0.8979,"Product Liability",1256,"Product Liability",17.781,"EPAM_2024_RISK_071","Risks Related to Information Security and Data Protection","Risks Related to Our Operations","EPAM","2026-03-16T05:35:50.017333Z"
2252,"1",1200,"We are subject to domestic and international privacy and data protection laws, which impact our ability to collect and use personal information. Our efforts to comply with such laws, which are continually evolving, could impose costly obligations on us and generate additional regulatory and litigation risk.
We are subject to domestic and international laws associated with the acquisition, storage, disclosure, use and protection of personal data, including under the European General Data Protection Regulation, more than a dozen U.S. federal and state privacy laws, including, but not limited to, the CCPA, and many other international laws and regulations. These laws and regulations are continually evolving and many more U.S. state and federal laws and international laws may pass this year and over the next few years. See the discussion above in “Business – Regulatory Matters”. These evolving privacy, security, and data protection laws may require us to expend significant resources to implement additional data protection measures, and our actual or alleged failure to comply with such laws could result in legal claims, regulatory enforcement actions and significant fines and penalties.","2026-03-16T05:35:52.692572Z","2025-02-27",0.946,"Product Liability",1257,"Product Liability",2.024,"WBD_2025_RISK_036","We are subject to domestic and international privacy and data protection laws, which impact our ability to collect and use personal information. Our efforts to comply with such laws, which are continually evolving, could impose costly obligations on us and generate additional regulatory and litigation risk.","Risks Related to Our Financial, Capital and Corporate Structure","WBD","2026-03-16T05:35:52.692582Z"
2253,"1",1858,"Risks Related to the Operation of Our Business
Our products, services and solutions collect, store, manage and otherwise process third-party data, including our customers’ data and our own data. Such products, services and solutions as well as our technologies, systems and networks have been subject to, and may in the future be subject to, cyberattacks, computer viruses, ransomware or other malware, fraud, worms, social engineering, denial-of-service attacks, malicious software programs, insider threats and other cybersecurity incidents that have in the past, and may in the future, result in the unauthorized access, disclosure, acquisition, use, loss or destruction of sensitive personal or business data belonging to us, our employees and our customers. Cybersecurity incidents can be caused by human error from our workforce or that of our third-party service providers, by malicious third parties, acting alone or in groups, or by more sophisticated organizations, including nation-states and state-sponsored organizations. Such risks may be elevated in connection with geopolitical tensions, including the Russia-Ukraine war and the conflict in the Middle East. Certain unauthorized parties have in the past managed, and may in the future manage, to overcome our security measures and those of our third-party service providers to access and misuse systems and software by exploiting defects in design or manufacture, including bugs, vulnerabilities and other problems that unexpectedly compromise the security or operation of a product or system. Further, unauthorized parties may also gain physical access to our facilities and infiltrate our information systems or attempt to gain logical access to our products, services or information systems to access content and data and may result in computer viruses, worms, ransomware or other malware.","2026-03-16T05:35:55.623541Z","2025-01-13",0.9524,"Product Liability",1258,"Product Liability",2.22,"ADBE_2025_RISK_021","Risks Related to the Operation of Our Business","","ADBE","2026-03-16T05:35:55.623552Z"
2254,"1",910,"Industry Risks
The disruption of our global supply chain for any reason, including for issues such as COVID-19 or other health epidemics or pandemics, labor disputes, loss of single source or limited source supplier, inability to procure sufficient raw materials, quality control issues, ethical sourcing issues, discontinuity or disruption in our internal information and data systems or those of our suppliers, cybersecurity incidents including but not limited to ransomware attacks, misuse of artificial intelligence and machine learning technologies, a supplier's financial distress, natural disasters, looting, vandalism or acts of war or terrorism, trade sanctions or other external factors over which we have no control, could interrupt product supply and, if not effectively managed and remedied, have a material adverse impact on our business operations, financial condition and results of operations.","2026-03-16T05:36:08.309328Z","2025-02-14",0.7336,"Product Liability",1259,"Product Liability",11.837,"DOV_2025_RISK_028","Industry Risks","Industry Risks","DOV","2026-03-16T05:36:08.309336Z"
2255,"1",1115,"Information technology system failures, cyberattacks and security breaches may threaten the integrity of Howmet’s intellectual property and other sensitive information, disrupt its business operations, and result in reputational harm and other negative consequences having a material adverse effect on its financial condition and results of operations.
While the Company continually works to safeguard its systems and mitigate potential risks, there is no assurance that such actions will be sufficient to prevent cyberattacks or security breaches that manipulate or improperly use the Company’s systems or networks, compromise confidential or otherwise protected information, destroy or corrupt data, block access to its systems, or otherwise disrupt its operations. The occurrence of such events could negatively impact Howmet’s reputation and its competitive position and could result in litigation with third parties, regulatory action, loss of business, potential liability and increased remediation costs, any of which could have a material adverse effect on its financial condition and results of operations.","2026-03-16T05:36:13.519858Z","2022-02-14",0.7698,"Product Liability",1260,"Product Liability",4.28,"HWM_2022_RISK_015","Information technology system failures, cyberattacks and security breaches may threaten the integrity of Howmet’s intellectual property and other sensitive information, disrupt its business operations, and result in reputational harm and other negative consequences having a material adverse effect on its financial condition and results of operations.","Risks Related to Our Business and Operations","HWM","2026-03-16T05:36:13.519891Z"
2256,"1",1090,"We rely upon Amazon Web Services to operate certain aspects of our service and any disruption of or interference with our use of the Amazon Web Services operation would impact our operations and our business would be adversely impacted.
Amazon Web Services (“AWS”) provides a distributed computing infrastructure platform for business operations, or what is commonly referred to as a ""cloud"" computing service.  We have architected our software and computer systems so as to utilize data processing, storage capabilities and other services provided by AWS.  Currently, we run the vast majority of our computing on AWS.  Given this, along with the fact that we cannot easily switch our AWS operations to another cloud provider, any disruption of or interference with our use of AWS would impact our operations and our business would be adversely impacted.  While the retail side of Amazon competes with us, we do not believe that Amazon will use the AWS operation in such a manner as to gain competitive advantage against our service, although if it were to do so it could harm our business.","2026-03-16T05:36:19.031437Z","2024-01-26",0.6693,"Product Liability",1261,"Product Liability",4.854,"NFLX_2024_RISK_028","We rely upon Amazon Web Services to operate certain aspects of our service and any disruption of or interference with our use of the Amazon Web Services operation would impact our operations and our business would be adversely impacted.","Risks Related to Information Technology","NFLX","2026-03-16T05:36:19.031453Z"
2257,"1",2030,"•A continued change in the retail environment and changing consumer preferences could cause our sales to decline.
For example, the FDA may determine that a particular claim that we use to support the marketing of a product is not substantiated or permissible under products’ regulatory classification, may not accept the evidence of safety for a new product that we may wish to market, may challenge the safety or effectiveness of existing products based on, among other things, changes in formulations, inadequate stability or “shelf-life,” consumer complaints, or improper labeling, may take action against our homeopathic products, such as our Zicam products, on the basis that they are unapproved drugs, and may determine that our dietary supplement business manufacturing, packaging, labeling and holding operations do not comply with cGMPs. Similarly, we may identify these or other issues in internal compliance reviews of our operations and the operations and products of vendors and acquired companies. These other issues may include the identification of contaminants or non-compliant levels of particular ingredients. Any of the foregoing could subject us to adverse publicity, force us to incur unanticipated costs and have a material adverse effect on our business, financial condition, results of operations and cash flows. Additionally, delays in the acceptance, review and approval of products by the FDA or the EPA, or other required governmental approvals, may result from government shutdowns due to the failure by Congress to enact regular appropriations. We are subject to regulations regarding the transportation, storage or use of certain chemicals to protect the environment, as well as the Commission’s rules with respect to “conflict minerals.”  Recent trade policies, tariffs and government regulations affecting trade between the U.S. and other countries, as well as sanctions by the U.S. and the European Union in response to the Russia/Ukraine war, have introduced greater uncertainty and volatility.","2026-03-16T05:36:41.357779Z","2026-02-12",0.8788,"Product Liability",1262,"Product Liability",21.703,"CHD_2026_RISK_033","•A continued change in the retail environment and changing consumer preferences could cause our sales to decline.","Business and Operational Risks","CHD","2026-03-16T05:36:41.357792Z"
2258,"1",1692,"Anti-Money Laundering and Counter-Terrorist Financing
There can be no assurance that others will not offer technologies, products, services, features, or concepts that are substantially similar to ours and compete with our business, or copy or otherwise obtain, disclose and/or use our brand, content, design elements, creative, editorial, and entertainment assets, or other proprietary information without authorization. We may be unable to prevent third parties from seeking to register, acquire, or otherwise obtain trademarks, service marks, domain names, or social media handles that are similar to, infringe upon or diminish the value of our trademarks, service marks, copyrights, and our other proprietary rights. Third parties have also obtained or misappropriated certain of our data through website scraping, robots, or other means to launch copycat sites, aggregate our data for their internal use, or to feature or provide our data through their respective websites, and/or launch businesses monetizing this data. While we routinely employ technological and legal measures in an attempt to divert, halt, or mitigate such operations, we may not always be able to detect or halt the underlying activities as technologies used to accomplish these operations continue to rapidly evolve. Our intellectual property assets and rights are essential to our business. If the protection of our proprietary rights and data is inadequate to prevent unauthorized use or misappropriation by third parties, the value of our brand and other intangible assets may be diminished and competitors may be able to more effectively mimic our technologies, offerings, or features or methods of operations.","2026-03-16T05:37:10.643122Z","2022-02-25",0.8656,"Product Liability",1263,"Non-ESG",28.606,"ABNB_2022_RISK_210","Anti-Money Laundering and Counter-Terrorist Financing","Consumer Protection","ABNB","2026-03-16T05:37:10.643134Z"
2259,"1",730,"Business and Operational Risks
However, because of the evolving nature and sophistication of these security threats, which can be difficult to detect, there can be no assurance that our policies, procedures and controls, or those of our service providers, suppliers or subcontractors, have protected against, detected, mitigated or will detect, prevent or mitigate, any of these threats and we cannot predict the full impact of any such past or future incident. We may be currently unaware of certain vulnerabilities or lack the capability to detect them, which may allow them to persist in our information technology environment over long periods and, even if discovered, our remediation efforts may not be completely successful.","2026-03-16T05:37:21.401772Z","2022-02-15",0.6992,"Product Liability",1264,"Product Liability",10.082,"LDOS_2022_RISK_056","Business and Operational Risks","Business and Operational Risks","LDOS","2026-03-16T05:37:21.401781Z"
2260,"1",1966,"Business and Operating Risks
Transactions facilitated by us include debit card, credit card, electronic bill payment transactions, Automated Clearing House (“ACH”) payments, real-time payments through faster payment networks (such as Zelle, RTP, and FedNow), and check clearing that support consumers, financial institutions, and other businesses. If the continuity of operations, integrity of processing, or ability to detect or prevent fraudulent payments were compromised in connection with payments transactions, we could suffer financial as well as reputational loss. In addition, we rely on various third parties to process transactions and provide services in support of the processing of transactions and funds settlement for certain of our products and services that we cannot provide ourselves. If we are unable to obtain such services in the future or if the price of such services becomes unsustainable, our business, financial position, and results of operations could be materially and adversely affected. In addition, we may issue short-term credit to consumers, financial institutions, or other businesses as part of the funds settlement process. A default on this credit by a counterparty could result in a financial loss to us. Failures of third-party service providers we rely upon could lead to financial loss. We rely on third party service providers to support key portions of our operations. We also rely on third party service providers to provide part, or all of, certain services we deliver to customers. As we continue to move more computing, storage, and processing services out of our data centers and facilities and into third-party hosting environments, our reliance on these providers and their systems will increase. This reliance is further concentrated as we use certain third-party vendors to provide large portions of our hosting needs. While we have selected these third-party vendors carefully, we do not control their actions.","2026-03-16T05:37:25.864734Z","2023-08-24",0.6636,"Product Liability",1265,"Product Liability",3.723,"JKHY_2023_RISK_005","Business and Operating Risks","Business and Operating Risks","JKHY","2026-03-16T05:37:25.864746Z"
2261,"1",1944,"Strategic Risks
We are increasingly using new and rapidly evolving technologies, such as AI, to, among other things, develop new tools and products, and additional features in our existing products, including ongoing deployment and improvement of existing AI, and the development of new product technologies, such as generative AI. For example, in 2023 we launched Airo, an AI-powered, customizable experience designed to automatically build the interconnected pieces of what we call the ""Entrepreneur's Wheel,"" to save our customers time and effort. There are significant risks involved in the development, adoption, use, deployment and maintenance of AI, such as an increase in intellectual property infringement or misappropriation, privacy, data protection, cybersecurity, confidentiality, operational and technological risks, as well as risks associated with harmful content, accuracy, bias and discrimination, any of which could affect our further development, adoption, use, deployment and maintenance of AI, and may cause us to incur additional research and development costs to resolve any issues arising from such risks. In addition to the foregoing risks, the introduction of AI technologies into new or existing products may result in new or enhanced governmental or regulatory scrutiny, litigation, ethical concerns or other complications that could adversely affect our business, reputation or financial results. Legal and regulatory frameworks related to the use of AI are rapidly evolving, as regulation of the use of AI continues to be considered and adopted by various U.S. and international governmental and regulatory entities, including the E.U., the Securities and Exchange Commission and the Federal Trade Commission (FTC). Several jurisdictions have also passed, or are considering, new laws, rules and regulations relating to the use of AI or its outputs. For example, in 2024, the E.U. adopted the E.U. AI Act and U.S.","2026-03-16T05:37:41.402278Z","2025-02-20",0.8417,"Product Liability",1266,"Product Liability",14.902,"GDDY_2025_RISK_012","Strategic Risks","Strategic Risks","GDDY","2026-03-16T05:37:41.402288Z"
2262,"1",1904,"Competition Risks
If any of our significant information technology systems suffer severe damage, disruption, or shutdown, and our business continuity plans do not effectively resolve the issues in a timely manner, our product sales, financial condition, and results of operations may be materially and adversely affected, and we could experience delays in reporting our financial results. In addition, there is a risk of business interruption, violation of data privacy laws and regulations, litigation, and reputational damage from leakage of confidential information. Any interruption of our information technology systems could have operational, reputational, legal, and financial impacts that may have a material adverse effect on our business. We are exposed to cybersecurity risk through our information systems and our use of third-party information systems. While we have experienced threats to our data and systems, to date, we are not aware that we have experienced a breach that had a material impact on our operations or business. Cyberattacks are occurring more frequently, are constantly evolving in nature and are becoming more sophisticated. Additionally, continued geopolitical turmoil and military conflicts have heightened the risk of cyberattacks. While we attempt to continuously monitor and mitigate against cyber risks, including through leveraging multi-sourced threat intelligence, investing in new technologies, and developing third-party cybersecurity risk management capability in support of strategic suppliers, we may incur significant costs in protecting against or remediating cyberattacks or other cyber incidents. Sophisticated cybersecurity threats pose a potential risk to the security and viability of our information technology systems, as well as the confidentiality, integrity, and availability of the data stored on those systems, including cloud-based platforms.","2026-03-16T05:37:46.771800Z","2025-07-10",0.8541,"Product Liability",1267,"Product Liability",4.728,"CAG_2025_RISK_036","Competition Risks","Competition Risks","CAG","2026-03-16T05:37:46.771811Z"
2263,"1",2004,"Information Technology Risks
Any failure or perceived failure by the Company or its third-party service providers to comply with any applicable federal, state, or similar foreign laws, rules, regulations, industry standards, policies, certifications, or orders relating to data privacy and security, or any compromise of security that results in the theft, unauthorized access, acquisition, use, disclosure, or misappropriation of personal data or other customer data, could result in significant awards, fines, civil and/or criminal penalties or judgments, proceedings, or litigation by governmental agencies or customers, including class action privacy litigation in certain jurisdictions and negative publicity and reputational harm, one or all of which could have an adverse effect on the Company’s reputation, business, financial condition, and results of operations. The Company has a dedicated cybersecurity team and program that focuses on current and emerging data security matters. The Company continues to assess and invest in the growing needs of the cybersecurity team through the allocation of skilled personnel, ongoing training, and support of the adoption and implementation of technologies coupled with cybersecurity risk management frameworks. Additionally, as cyber attacks become increasingly sophisticated, the Company may also incur significant costs to modify, upgrade, or enhance its cybersecurity measures to protect against such attacks. The Company may not be able to anticipate, detect, or prevent cyberattacks or security breaches, particularly because the methodologies used by attackers change frequently or may not be recognized until such attack is launched, and because attackers are increasingly using technologies specifically designed to circumvent cybersecurity measures and avoid detection. The Company offers the ability to work remotely to many of the Company's office and clerical Employees, including many of its Employees at the Company's headquarters campus.","2026-03-16T05:38:15.359142Z","2024-02-06",0.8055,"Product Liability",1268,"Product Liability",27.973,"LUV_2024_RISK_048","Information Technology Risks","Information Technology Risks","LUV","2026-03-16T05:38:15.359153Z"
2264,"1",1962,"Risks Related to Operating Our Business
Our brands and our reputation are among our most important assets, and our ability to attract and retain customers depends on brand recognition and reputation. Such dependence makes our business susceptible to reputational damage and to competition from other companies. A variety of events could result in damage to our reputation or brands, some of which are outside of our control, including: •acts or omissions that adversely affect our business such as a crime, scandal, cyber-related incident, litigation or other negative publicity;•failure to successfully perform, or negative publicity related to, a high-profile project, including, among others, our joint venture in LUMA and large-scale infrastructure projects designed to support the energy transition (i.e., large electric transmission and renewable generation projects) and technological advancements (e.g., data center facilities);•actual or potential involvement in a catastrophic fire, explosion, mechanical failure of infrastructure or similar event; or •actual or perceived responsibility for a serious accident or injury. Increased media coverage and interest in energy transition matters and our industries, along with the intensification of media coverage generally, including through the considerable expansion in the use of social media, have increased the volume and speed at which negative publicity arising from these events can be generated and spread, and we may be unable to timely respond to, correct any inaccuracies in, or adequately address negative perceptions arising from such media coverage. In addition, negative publicity relating to certain projects may result in increased regulatory scrutiny, adverse rulings or regulatory actions. If the reputation or perceived quality of our brands decline or customers lose confidence in us, our business, financial condition, results of operations, or cash flows could be adversely affected.","2026-03-16T05:38:28.834214Z","2025-02-20",0.7854,"Product Liability",1269,"Non-ESG",12.638,"PWR_2025_RISK_052","Risks Related to Operating Our Business","Risks Related to Operating Our Business","PWR","2026-03-16T05:38:28.834227Z"
2265,"1",1886,"Strategic and Industry Risks
If we enable or offer solutions that draw controversy due to their perceived or actual impact on human rights, privacy, employment, or in other social contexts, we may experience new or enhanced governmental or regulatory scrutiny, brand or reputational harm, competitive harm or legal liability. Data practices by us or others that result in controversy could also impair the acceptance of AI solutions. This in turn could undermine confidence in the decisions, predictions, analysis or other content that our AI applications produce, subjecting us to competitive harm, legal liability and brand or reputational harm. The rapid evolution of AI will require the application of resources to develop, test and maintain our products and services to help ensure that AI is implemented ethically in order to minimize unintended, harmful impact. Uncertainty around new and emerging AI applications such as generative AI content creation will require additional investment in the licensing or development of proprietary datasets, machine learning models and systems to test for accuracy, bias and other variables, which are often complex, may be costly and could impact our profit margin. Moreover, the move from AI content classification to AI content generation through our development of Einstein GPT and other generative AI products brings additional risks and responsibility. Known risks of generative AI currently include risks related to accuracy, bias, toxicity, privacy and security and data provenance. For example, AI technologies, including generative AI, may create content that appears correct but is factually inaccurate or flawed, or contains copyrighted or other protected material, and if our customers or others use this flawed content to their detriment, we may be exposed to brand or reputational harm, competitive harm and/or legal liability.","2026-03-16T05:38:44.238699Z","2024-03-06",0.7863,"Product Liability",1270,"Non-ESG",14.779,"CRM_2024_RISK_058","Strategic and Industry Risks","Strategic and Industry Risks","CRM","2026-03-16T05:38:44.238709Z"
2266,"1",662,"Cybersecurity incidents impacting our IT systems and digital products could disrupt business operations, result in the loss of critical and confidential information, and materially and adversely affect our reputation and results of operations.
If we are unable to manage the lifecycle cybersecurity risk in development, deployment and operation of our digital platforms and services, they could become susceptible to cybersecurity incidents and lead to third-party claims that our product failures have caused damage to our customers. This risk is enhanced by the increasingly connected nature of our products and the role they play in managing building systems.","2026-03-16T05:38:55.323657Z","2025-11-14",0.8461,"Product Liability",1271,"Product Liability",10.456,"JCI_2025_RISK_013","Cybersecurity incidents impacting our IT systems and digital products could disrupt business operations, result in the loss of critical and confidential information, and materially and adversely affect our reputation and results of operations.","Risks Related to Our Business Operations","JCI","2026-03-16T05:38:55.323666Z"
2267,"1",882,"Risks Related to our Industry
Any of the foregoing consequences could harm our business, reputation, financial condition, and operating results. While we have dedicated significant resources to privacy and security incident response capabilities, including dedicated worldwide incident response teams, our response process, particularly during times of a natural disaster or pandemic, may not be adequate, may fail to accurately assess the severity of an incident, may not be fast enough to prevent or limit harm, or may fail to sufficiently remediate an incident. As a result, we may suffer significant legal, reputational, or financial exposure, which could harm our business, financial condition, and operating results. For additional information, see also our risk factor on privacy and data protection regulations under ‘Risks Related to Laws, Regulations, and Policies’ below.","2026-03-16T05:39:25.161684Z","2025-02-05",0.6579,"Product Liability",1272,"Non-ESG",29.228,"GOOG_2025_RISK_038","Risks Related to our Industry","Risks Related to our Industry","GOOG","2026-03-16T05:39:25.161705Z"
2268,"1",1813,"Other factors
government and major U.S.-based private companies through malware planted in third-party software. The full extent of the hack to these entities remains unknown, and there is no evidence that we have been impacted by this hack, though a significant number of governmental agencies and companies in the private sector, most of which are U.S.-based, have confirmed breaches. We have not experienced any material breach of cybersecurity. However, our computer systems will likely be subject to cyber attacks, unauthorized access, computer viruses, or other computer-related penetrations. Our administrative and technical controls as well as other preventive actions we take to reduce the risk of cyber incidents and protect our information technology may be insufficient to prevent physical and electronic break-ins, cyber attacks, or other security breaches to our computer systems. In response to recent cyber attacks, President Biden issued an executive order, “Improving the Nation’s Cybersecurity” in May 2021, which established a reporting requirement for government contractors and encouraged coordination between the public and private sectors to better protect against cybersecurity incidents. In addition, in June 2021, the SEC increased its focus on the failure of some public companies to disclose that they had been affected by the aforementioned December 2020 cyber attack, by sending investigative letters seeking voluntary information regarding the attack and questions around companies’ disclosures and internal controls. The SEC also communicated that cyber risks would be included on the SEC rulemaking agenda. We expect the federal government and regulatory agencies to continue to focus on ways to increase protection against and oversight and disclosure of cyber attack incidents.","2026-03-16T05:39:34.151606Z","2022-01-31",0.8067,"Product Liability",1273,"Product Liability",8.369,"ARE_2022_RISK_192","Other factors","Other factors","ARE","2026-03-16T05:39:34.151627Z"
2269,"1",224,"Industry Risks
Emerging issues related to our development, integration and use of artificial intelligence (“AI”) could give rise to legal or regulatory action, damage our reputation or otherwise materially harm our business.","2026-03-16T05:39:42.884240Z","2026-02-17",0.8716,"Product Liability",1274,"Non-ESG",8.119,"BLDR_2026_RISK_038","Industry Risks","Industry Risks","BLDR","2026-03-16T05:39:42.884249Z"
2270,"1",1748,"Technology, Information Protection, and Privacy Risks
Our reliance on computer, Internet-based, and mobile systems and communications, and the frequency and sophistication of efforts by third parties to gain unauthorized access or prevent authorized access to such systems, have greatly increased in recent years. Our increased reliance on cloud-based services and on remote access to information systems and our use of AI and other emerging technologies increases the Company’s exposure to potential cybersecurity incidents. We and our hotel owners, service providers, and other third parties with whom we or they do business have experienced cyberattacks, attempts to disrupt access to systems and data, and attempts to affect the operation or integrity of data or systems, and the frequency and sophistication of such efforts could continue to increase. Any additional significant theft of, unauthorized access to, compromise or loss of, loss of access to, or fraudulent use of guest, associate, hotel owner, service provider, Company, or other data as a result of a cybersecurity incident could adversely impact our reputation and could result in legal, regulatory, and other consequences, including remedial and other expenses, fines, or litigation. Depending on the nature and scope of the event, future compromises in the security of our information systems or those of our hotel owners, service providers, or other third parties with whom we or they do business, or other future disruptions or compromises of data or information systems, could lead to future interruptions in, or other adverse effects on, the operation of our systems or those of our hotel owners, service providers, or other third parties with whom we or they do business.","2026-03-16T06:08:34.772439Z","2026-02-10",0.8543,"Product Liability",1275,"Product Liability",33.204,"MAR_2026_RISK_027","Technology, Information Protection, and Privacy Risks","Development and Financing Risks","MAR","2026-03-16T06:08:34.772451Z"
2271,"1",1875,"Risks Related to Information Technology, Cybersecurity and Data Protection
Cyber risk insurance has also become more difficult and expensive to obtain, and the Company cannot be certain that its current level of insurance or the breadth of its terms and conditions will continue to be available on economically reasonable terms. A significant failure, compromise, breach or interruption of the Company’s systems or other technologies, or those of third parties upon which its business relies, could result in a disruption of its operations, including degradation or disruption of service, equipment and data damage, customer, audience or advertiser dissatisfaction, damage to its reputation or brands, regulatory investigations and enforcement actions, lawsuits, remediation costs, a loss of or inability to attract new customers, audience, advertisers or business partners or loss of revenues and other financial losses. If any such failure, compromise, breach, interruption or similar event results in improper access to or disclosure of information maintained in the Company’s information systems and networks or those of its vendors, including financial, personal and credit card data, as well as confidential and proprietary information relating to personnel, customers, vendors and the Company’s business, including its intellectual property, the Company could also be subject to liability under relevant contractual obligations and laws and regulations protecting personal data and privacy, as well as private individual or class action lawsuits or regulatory enforcement actions. The Company may also be required to notify certain governmental agencies and/or regulators (including the appropriate EU supervisory authority) about any actual or perceived data security breach, as well as the individuals who are affected by any such breach, within strict time periods.","2026-03-16T06:08:38.831788Z","2022-08-12",0.8117,"Product Liability",1276,"Product Liability",3.466,"NWSA_2022_RISK_048","Risks Related to Information Technology, Cybersecurity and Data Protection","Macroeconomic and Market Risks","NWSA","2026-03-16T06:08:38.831798Z"
2272,"1",1230,"Interruptions in information technology, infrastructure or other internal or external systems used for our business operations, or a failure to maintain the confidentiality, integrity or availability of data residing on such systems, could disrupt our business, damage our reputation and adversely impact our profitability.
The tactics and techniques used by cyber criminals to obtain unauthorized access, or otherwise impact our business negatively change frequently, and we, and our supply chain partners, may be unable to anticipate their schemes to implement preventative measures. The failure of our controls (such as policies, procedures, security controls and monitoring, automation and backup plans) designed to prevent, or limit the effect of, failure, inadvertent use or abuse could result in disruptions or breaches beyond our control. Any compromise of the security of our systems that results in the disclosure of personally identifiable customer or employee information could damage our reputation, deter customers from purchasing our products and services, expose us to litigation, increase regulatory scrutiny, impact our business operations and require us to incur significant technical, legal and other expenses.","2026-03-16T06:08:51.613074Z","2023-02-16",0.8807,"Product Liability",1277,"Product Liability",12.173,"PFG_2023_RISK_059","Interruptions in information technology, infrastructure or other internal or external systems used for our business operations, or a failure to maintain the confidentiality, integrity or availability of data residing on such systems, could disrupt our business, damage our reputation and adversely impact our profitability.","General risks","PFG","2026-03-16T06:08:51.613084Z"
2273,"1",1939,"Cybersecurity
partners, and other third parties, and rely on software and hardware that is highly technical and complex. Our cybersecurity environment continues to evolve, including as we develop and deploy AI models, tools, and other applications and increase our use of public cloud and other third-party services. We maintain an information security program that is comprised of policies and controls designed to mitigate cybersecurity risk. However, at any given time, we face known and unknown cybersecurity risks and threats that are not fully mitigated, and we discover vulnerabilities in our program. We continuously work to enhance our information security program and risk management efforts. We use a risk management framework based on applicable laws and regulations, and informed by industry standards and industry-recognized practices, for managing cybersecurity risks within our products and services, infrastructure, and corporate resources. To identify and assess risks from cybersecurity threats, we evaluate a variety of developments including threat intelligence, first- and third-party vulnerabilities, evolving regulatory requirements, and observed cybersecurity incidents, among others. We regularly conduct risk assessments to evaluate the maturity and effectiveness of our systems and processes in addressing cybersecurity threats and to identify areas for remediation and opportunities for enhancements. We also engage third-party security experts and consultants to assist with assessment and enhancement of our cybersecurity risk management processes, as well as benchmarking against industry practices. In addition, we operate a Bug Bounty program that invites independent cybersecurity researchers to investigate and explore potential security vulnerabilities in our products and report their findings to us. However, we may not be successful in fully addressing any such areas for remediation or enhancement.","2026-03-16T06:08:53.765445Z","2026-01-29",0.809,"Product Liability",1278,"Product Liability",1.525,"META_2026_RISK_170","Cybersecurity","Cybersecurity","META","2026-03-16T06:08:53.765454Z"
2274,"1",839,"Risks Related to Technology, Data Privacy and Intellectual Property
A failure of us, our employees, our Concepts’ franchisees or third parties acting at our direction, or others perceived to be associated with us or our Concepts’ franchisees, to abide by applicable laws and regulations regarding the use of social media, or to appropriately use social media, could adversely impact our Concepts’ brands, our reputation, our business and our growth prospects, result in negative publicity, or subject us or our Concepts’ franchisees to fines, other penalties or litigation. Other risks associated with the use of social media include improper disclosure of proprietary information, negative comments about our Concepts’ brands, exposure of personally identifiable information, fraud, hoaxes or malicious dissemination of false information.","2026-03-16T06:08:56.411463Z","2023-02-27",0.8359,"Product Liability",1279,"Product Liability",1.969,"YUM_2023_RISK_042","Risks Related to Technology, Data Privacy and Intellectual Property","Risks Related to our Business Strategy and reliance upon Franchisees","YUM","2026-03-16T06:08:56.411475Z"
2275,"1",1239,"Cybersecurity
While we have not experienced a cybersecurity incident that resulted in a material adverse effect on our business, operations, financial condition or results of operations, there can be no guarantee that we will not experience such an incident in the future. Although we maintain cybersecurity insurance, the costs and expenses related to cybersecurity incidents may not be fully insured. See “Item 1A – Risk Factors – Technology, Cybersecurity and Privacy Risks – The failure to effectively maintain and modernize our technology systems and infrastructure and integrate those of acquired businesses could adversely affect our business”, “ – Technology, Cybersecurity and Privacy Risks – We could incur significant liability if our technology systems or those of third parties are breached or we or third parties otherwise fail to protect the security of data residing on our respective systems, which could adversely affect our business and results of operations” and “ – Business Strategic and Operational Risks – Our inability to successfully recover should we experience a business continuity event could have a material adverse effect on our business, financial condition and results of operations” for more information.","2026-03-16T06:08:59.737517Z","2024-02-15",0.6883,"Product Liability",1280,"Product Liability",2.664,"AIZ_2024_RISK_129","Cybersecurity","Cybersecurity","AIZ","2026-03-16T06:08:59.737556Z"
2276,"1",2077,"Risks Related to Intellectual Property, Information Technology, Data Privacy, and Security
In the event that there is a failure of warranties in such agreements, we are generally obligated to correct the product or service to conform to the warranty provision, or, if we are unable to do so, the customer is entitled to seek a refund of the purchase price of the product and service (generally prorated over the contract term). In the event of a violation of an SLA, some customers may be entitled to seek a refund of a portion of the applicable monthly fee, with such portion determined by the magnitude of SLA violation, subject to a cap of a portion of total monthly fees, as applicable. The sale and support of our products also entail the risk of product liability claims. We maintain insurance to protect against certain claims associated with the use of our products, but our insurance coverage may not adequately cover any claim asserted against us. In addition, even claims that ultimately are unsuccessful could result in our expenditure of funds in litigation and divert management’s time and other resources. In addition, our platforms integrate a wide variety of other elements, and our platforms must successfully interoperate with products from other vendors and our customers’ internally developed software. As a result, when problems occur for a customer using our platforms, it may be difficult to identify the sources of these problems, and we may receive blame for a security, access control, or other compliance breach that was the result of the failure of one of the other elements in a customer’s or another vendor’s IT, security, or compliance infrastructure. The occurrence of software or errors in data, whether or not caused by our platforms, could delay or reduce market acceptance of our platforms and have an adverse effect on our business and financial performance, and any necessary revisions may cause us to incur significant expenses. The occurrence of any such problems could harm our business, financial condition, and results of operations.","2026-03-16T06:09:11.853328Z","2024-02-20",0.6882,"Product Liability",1281,"Product Liability",11.498,"PLTR_2024_RISK_129","Risks Related to Intellectual Property, Information Technology, Data Privacy, and Security","Risks Related to Our Business and Industry","PLTR","2026-03-16T06:09:11.853339Z"
2277,"1",1918,"Risks Related to Brand Relevance and Brand Execution
Our global business strategy, including our plans for new stores, branded products and other initiatives, relies significantly on a variety of business partners, including licensee and joint venture relationships, third-party manufacturers, distributors and retailers, particularly for our entire global Channel Development business. Licensees, retailers and foodservice operators are often authorized to use our logos and provide branded food, beverage and other products directly to customers. We believe our customers expect the same quality of service regardless of whether they visit a licensed or company-operated store, so we provide training and support to, and monitor the operations of, certain of these licensees and other business partners. However, the product quality and service they deliver may still be diminished by any number of factors beyond our control, including financial constraints caused by the COVID-19 pandemic and other factors. We do not have direct control over our business partners, including in their adherence to additional sanitation protocols and guidelines as a result of the COVID-19 pandemic, and may not have visibility into their practices. We also source our food, beverage and other products from a wide variety of domestic and international business partners, and in certain cases such products are produced or sourced by our licensees directly. And although foodservice operators are authorized to use our logos and provide branded products as part of their foodservice business, we do not monitor the quality of non-Starbucks products served in those locations. Additionally, inconsistent uses of our brand and other of our intellectual property assets, as well as failure to protect our intellectual property, can erode consumer trust and our brand value and have a material negative impact on our financial results.","2026-03-16T06:09:33.094977Z","2021-11-19",0.7934,"Product Liability",1282,"Product Liability",20.616,"SBUX_2021_RISK_015","Risks Related to Brand Relevance and Brand Execution","Risk Factors","SBUX","2026-03-16T06:09:33.094987Z"
2278,"1",576,"Incident Response and Recovery Planning
We have instituted cybersecurity event detection systems, methods, and supporting processes to perform continuous monitoring, identify and classify events and anomalies, take appropriate actions when necessary, and report incidents to the appropriate parties.  Our response and recovery capabilities are designed to, among other things, contain any impacts, analyze and mitigate events, track events to resolution, provide effective stakeholder communication, recover and resume operations, and evaluate and improve systems and methods.","2026-03-16T06:09:36.391489Z","2025-02-19",0.5326,"Product Liability",1283,"Product Liability",2.672,"TPL_2025_RISK_045","Incident Response and Recovery Planning","Incident Response and Recovery Planning","TPL","2026-03-16T06:09:36.391502Z"
2279,"1",1482,"Risks Relating to Our Operations
•Segments of our business are significantly dependent on major contracts with GPOs, IDNs, and certain other distributors and purchasers.•We may be unable to obtain sufficient components or raw materials on a timely basis or for a cost-effective price. •We may experience manufacturing, sterilization, supply, or distribution difficulties.•We have experienced and may continue to experience issues with quality management or product quality.•We may experience breaches and breakdowns affecting our information technology systems or protected information, including from obsolescence, cyber security breaches and data leakage.•We are exposed to risks associated with incorporating AI, machine learning and other emerging technologies into our products, services and operations. •We are subject to risks associated with doing business globally.•A portion of our workforce is unionized, and we could face labor disruptions that would interfere with our operations.•The effects of climate change, including legal, regulatory, or market measures related to climate change and other sustainability topics, could adversely affect our business, results of operations, financial condition, and cash flows.•Our commitments, goals, activities, and disclosures related to sustainability and corporate responsibility matters, and the perception of our activities in these areas, may fail to satisfy the differing expectations of key stakeholders on these matters.","2026-03-16T06:09:55.638036Z","2026-02-12",0.4787,"Product Liability",1284,"Non-ESG",18.577,"BAX_2026_RISK_004","Risks Relating to Our Operations","Risks Relating to Our Operations","BAX","2026-03-16T06:09:55.638051Z"
2280,"1",1502,"The failure in cyber or other information security controls, as well as the occurrence of events unanticipated in our disaster recovery processes and business continuity planning, could result in a loss or disclosure of confidential information, damage to our reputation, additional costs and impair our ability to conduct business effectively
In these markets, we may be compelled to underwrite significant amounts of business at lower-than-desired rates, possibly leading to an unacceptable return on equity. Alternatively, as the facilities recognize a financial deficit, they could have the ability to assess participating insurers, adversely affecting our results of operations and financial condition. Laws and regulations of many states also limit an insurer’s ability to withdraw from one or more lines of insurance, except pursuant to a plan that is approved by the state insurance department. Certain states require an insurer to participate in guaranty funds for impaired or insolvent insurance companies. These funds periodically assess losses against all insurance companies doing business in the state. Our results of operations and financial condition could be adversely affected by any of these factors. Regulatory reforms, and the more stringent application of existing regulations, may make it more expensive for us to conduct our businessThe federal government has enacted comprehensive regulatory reforms for financial services entities. As part of a larger effort to strengthen the","2026-03-16T06:10:11.536245Z","2022-02-18",0.4168,"Product Liability",1285,"Product Liability",5.725,"ALL_2022_RISK_038","The failure in cyber or other information security controls, as well as the occurrence of events unanticipated in our disaster recovery processes and business continuity planning, could result in a loss or disclosure of confidential information, damage to our reputation, additional costs and impair our ability to conduct business effectively","","ALL","2026-03-16T06:10:11.536255Z"
2281,"1",1997,"Debt/Liquidity Related Risk Factors
Additionally, older ships in our fleet may not be as competitive as new ships enter the market and we may not be able to sell such older ships at optimal prices.​Risks Related to the Regulatory Environment in Which We Operate​We are subject to complex laws and regulations, including environmental, health and safety, labor, data privacy and protection and maritime laws and regulations, which could adversely affect our operations and certain recently introduced laws and regulations and future changes in laws and regulations could lead to increased costs and/or decreased revenue.​Increasingly stringent and complex international, federal, state, and local laws and regulations addressing environmental protection and health and safety of workers could affect our operations. The IMO, a United Nations agency with responsibility for the safety and security of shipping and the prevention of marine pollution by ships, the Council of the European Union, individual countries, the United States, and individual states have implemented and are considering, new laws and rules to manage cruise ship operations. Many aspects of the cruise industry are subject to international treaties such as SOLAS, an international safety regulation, MARPOL, IMO’s requirements governing environmental protection, and STCW, an IMO regulation governing ship manning. In the United States, the Environmental Protection Agency and the U.S. Coast Guard both have regulations addressing cruise ship operations.​The U.S. and various state and foreign government and regulatory agencies have enacted or are considering new environmental regulations and policies aimed at restricting or taxing emissions, including those of greenhouse gases, requiring the use of low-sulfur fuels, requiring the use of shore power while in port, increasing fuel efficiency requirements, reducing the threat of invasive species in ballast water, and improving sewage and greywater-handling capabilities.","2026-03-16T06:10:23.677459Z","2024-02-28",0.3083,"Product Liability",1286,"Climate Change",11.537,"NCLH_2024_RISK_033","Debt/Liquidity Related Risk Factors","Debt/Liquidity Related Risk Factors","NCLH","2026-03-16T06:10:23.677471Z"
2282,"1",2071,"OUR PRODUCTS MAY CAUSE OR CONTRIBUTE TO ADVERSE MEDICAL EVENTS OR BE SUBJECT TO FAILURES OR MALFUNCTIONS THAT WE ARE REQUIRED TO REPORT TO THE FDA AND FOREIGN REGULATORY AUTHORITIES AND, IF WE FAIL TO DO SO, WE WOULD BE SUBJECT TO SANCTIONS THAT COULD HARM OUR REPUTATION, BUSINESS, FINANCIAL CONDITION, OR RESULTS OF OPERATIONS.
A government‑mandated or voluntary recall by us could occur as a result of an unacceptable risk to health, component failures, malfunctions, manufacturing defects, labeling or design deficiencies, packaging defects, or other deficiencies or failures to comply with applicable regulations. Product defects or other errors may occur in the future. Depending on the corrective action we take to redress a product’s deficiencies or defects, the FDA or foreign regulatory authorities may require, or we may decide, that we will need to obtain new clearances, approvals, or certifications for the device before we may market or distribute the corrected device. Seeking such clearances, approvals, or certifications may delay our ability to replace the recalled devices in a timely manner. Moreover, if we do not adequately address problems associated with our devices, we may face additional regulatory enforcement actions, including FDA or foreign regulatory authorities warning letters, product seizure, injunctions, administrative penalties, or civil or criminal fines. Companies are required to maintain certain records of recalls and corrections, even if they are not reportable to the FDA or foreign regulatory authorities. We may initiate voluntary withdrawals or corrections for our products in the future that we determine do not require notification of the FDA or foreign regulatory authorities. If the FDA or foreign regulatory authorities disagree with our determinations, it could require us to report those actions as recalls, and we may be subject to enforcement actions. A future recall announcement could harm our reputation with customers, potentially lead to product liability claims against us, and negatively affect our sales.","2026-03-16T06:10:27.365859Z","2025-01-31",0.4518,"Product Liability",1287,"Product Liability",3.09,"ISRG_2025_RISK_087","OUR PRODUCTS MAY CAUSE OR CONTRIBUTE TO ADVERSE MEDICAL EVENTS OR BE SUBJECT TO FAILURES OR MALFUNCTIONS THAT WE ARE REQUIRED TO REPORT TO THE FDA AND FOREIGN REGULATORY AUTHORITIES AND, IF WE FAIL TO DO SO, WE WOULD BE SUBJECT TO SANCTIONS THAT COULD HARM OUR REPUTATION, BUSINESS, FINANCIAL CONDITION, OR RESULTS OF OPERATIONS.","RISKS RELATING TO OUR REGULATORY ENVIRONMENT","ISRG","2026-03-16T06:10:27.365869Z"
2283,"1",1851,"Contract services in the drug development industry create liability risks.
In contracting to work on drug development trials and studies, BLS faces potential risks inherent to the provision of diagnostic information services for clinical trial participants. Users of BLS for clinical trials may have a greater sensitivity to errors than the users of services or products that are intended for other purposes, such as research only. Other potential liabilities may include:•Errors or omissions that create harm to clinical trial subjects during a trial or to consumers of a drug after the trial is completed and regulatory approval of the drug has been granted;•Risks that animals in BLS’s facilities may be infected with diseases that may be harmful and even lethal to themselves and humans despite preventive measures contained in BLS's business policies, including those for the quarantine and handling of imported animals; and•Errors and omissions during a trial or study that may undermine the usefulness of a trial or study, or data from the trial or study or that may delay the entry of a drug to the market. While BLS endeavors to include in its contracts provisions entitling it to be indemnified and entitling it to a limitation of liability, these provisions are not always successfully obtained and, even if obtained, do not uniformly protect BLS against liability arising from certain of its own actions. BLS could be materially and adversely affected if it were required to pay damages or bear the costs of defending any claim that is not covered by a contractual indemnification provision, or in the event that a party which must indemnify it does not fulfill its indemnification obligations, or in the event that BLS is not successful in limiting its liability or in the event that the damages and costs exceed BLS's insurance coverage.","2026-03-16T06:10:31.958519Z","2024-02-26",0.5845,"Product Liability",1288,"Product Liability",3.994,"LH_2024_RISK_060","Contract services in the drug development industry create liability risks.","Risks Related to Legal Matters","LH","2026-03-16T06:10:31.958532Z"
2284,"1",1897,"Multiple Sclerosis
Breakthrough therapy status does not guarantee that a product will be eligible for priority review and does not ensure FDA approval.•Priority Review: “Priority review” only applies to applications (original or efficacy supplement) for a drug that treats a serious condition and, if approved, would provide a significant improvement in safety or effectiveness of the treatment, diagnosis or prevention of a serious condition. Priority review may also be granted for any supplement that proposes a labeling change due to studies completed in response to a written request from the FDA for pediatric studies, for an application for a drug that has been designated as a qualified infectious disease product or for any application or supplement for a drug submitted with a priority review voucher. In December 2016 the FDA issued a rare pediatric disease priority review voucher to us in connection with the approval of SPINRAZA. POST-MARKETING STUDIESRegardless of the approval pathway employed, the FDA may require a sponsor to conduct additional post-marketing studies as a condition of approval to provide data on safety and effectiveness. If a sponsor fails to conduct the required studies, the FDA may withdraw its approval. In addition, if the FDA concludes that a drug that has been shown to be effective can be safely used only if distribution or use is restricted, it can mandate post-marketing restrictions to assure safe use. In such a case, the sponsor may be required to establish rigorous systems to assure use of the product under safe conditions. These systems are usually referred to as Risk Evaluation and Mitigation Strategies (REMS). The FDA can impose financial penalties for failing to comply with certain post-marketing commitments, including REMS. In addition, any changes to an approved REMS must be reviewed and approved by the FDA prior to implementation.","2026-03-16T06:10:37.454056Z","2022-02-03",0.5696,"Product Liability",1289,"Product Liability",4.917,"BIIB_2022_RISK_042","Multiple Sclerosis","Multiple Sclerosis","BIIB","2026-03-16T06:10:37.454065Z"
2285,"1",1898,"Reputational Risks
Truist’s earnings, capital, and stock price are subject to risks associated with negative public opinion. Negative public opinion could result from the Company’s actual or alleged conduct in any number of activities, including lending, sales and other operating practices, corporate governance, acquisitions, a breach of client or teammate information, the failure of any product or service sold to meet clients’ expectations or applicable regulatory requirements. In addition, the public perception that a cyberattack on the Company’s systems has been successful, whether or not this perception is correct, may damage the Company’s reputation with clients and third parties with whom the Company does business. The compromise of personal information, in particular, could result in identity theft and cause serious reputational harm. Any cybersecurity breaches, attacks and other similar incidents could significantly harm Truist’s reputation, which could adversely affect the Company’s financial condition and results of operation. Negative public opinion could also result from increased polarization of environmental and social considerations that may affect Truist and clients of Truist. The proliferation of social media may increase the likelihood that negative public opinion from any of the real or perceived events discussed above could impact our reputation and business. Negative public opinion could adversely affect the Company’s ability to attract and retain clients and teammates and can result in litigation and regulatory actions. Actual or alleged conduct by one of the Company’s businesses can result in negative public opinion about the Company’s other businesses. Actual or alleged conduct by another financial services company can result in negative public opinion about the financial services industry in general and, as a result, adversely affect Truist.","2026-03-16T06:12:38.705048Z","2024-02-27",0.5278,"Product Liability",1290,"Product Liability",120.616,"TFC_2024_RISK_134","Reputational Risks","Reputational Risks","TFC","2026-03-16T06:12:38.705057Z"
2286,"1",1363,"Company and Operational Risks
We participate as a distributor in government-sponsored vaccination programs, such as the U.S. government’s COVID-19 distribution program (“Federal COVID-19 Response”). We also provide supplies used for vaccine administration in the Federal COVID-19 Response. Our participation in such programs exposes us to various uncertainties. For example, the novel nature and rapid mutation of the SARS-CoV‑2 virus, the changing distribution scope of COVID-19 vaccines, supply chain stability, inflation, and the effectiveness of other COVID-19 transmission mitigation measures introduce uncertainty about what volumes of vaccines and related supplies may be distributed by us, the safety and efficacy of newly developed vaccines, and the cost of distribution. Because of such uncertainties, our operating results may be subject to variability. Our participation in such programs also exposes us to various risks, including regulatory compliance, government oversight, dependence on government funding, contractual performance, litigation, security risks, and supply chain challenges. Any significant problems with our participation in such programs might have a materially adverse impact on our reputation and our business. Because of these risks and uncertainties our operating results may be materially higher or lower than our projections.","2026-03-16T06:12:53.828867Z","2022-05-09",0.5587,"Product Liability",1291,"Non-ESG",14.504,"MCK_2022_RISK_035","Company and Operational Risks","Company and Operational Risks","MCK","2026-03-16T06:12:53.828875Z"
2287,"1",515,"Risks related to our business and the animal health industry
Furthermore, our exposure to credit and collectability risk and cybersecurity risk is higher in certain international markets, our ability to mitigate such risks may be limited. While we have procedures to monitor and limit exposure to credit and collectability risk and have defensive measures in place to prevent and mitigate cyberattacks, there can be no assurances that such procedures and measures will effectively limit such risks and avoid losses.","2026-03-16T06:13:16.050789Z","2025-02-13",0.6215,"Product Liability",1292,"Product Liability",21.62,"ZTS_2025_RISK_053","Risks related to our business and the animal health industry","Risks related to our business and the animal health industry","ZTS","2026-03-16T06:13:16.050808Z"
2288,"1",686,"Risks Related to the Operation of Our Business
Recalls and field actions could result in third-party litigation by persons or companies alleging harm or economic damage as a result of the use of the products. In addition, privacy advocacy groups and other technology and industry groups have established or may establish various new or different self-regulatory standards that may place additional obligations on us. Our customers may expect us to meet voluntary certifications or adhere to other standards established by third-parties. If we are unable to maintain these certifications or meet these standards, it could reduce demand for our products and adversely affect our business.","2026-03-16T06:13:20.112293Z","2024-02-15",0.4013,"Product Liability",1293,"Product Liability",3.49,"MSI_2024_RISK_065","Risks Related to the Operation of Our Business","Risks Related to Laws and Regulations","MSI","2026-03-16T06:13:20.112302Z"
2289,"1",1895,"Business and Operational Risks
In the course of conducting our business, we must adequately address quality issues associated with our products, services, and solutions (whether developed by us or by a company we acquire), including defects in our engineering, design, and manufacturing processes and unsatisfactory performance under service contracts, as well as defects in third-party components included in our products and unsatisfactory performance or even malicious acts by third-party contractors or subcontractors or their employees. In order to address quality issues, we work extensively with our customers and suppliers and engage in product testing to determine the causes of problems and to develop and implement appropriate solutions. However, the products, services, and solutions that we offer are complex, and our regular testing and quality control efforts may not be effective in controlling or detecting all quality issues or errors, particularly with respect to faulty components manufactured by third parties. If we are unable to determine the cause, find an appropriate solution or offer a temporary fix (or “patch”) to address quality issues with our products, we may delay shipment to customers, which could delay revenue recognition and receipt of customer payments and could adversely affect our revenue, cash flows, and profitability. In addition, after products are delivered, quality issues may require us to repair or replace such products. Addressing quality issues can be expensive and may result in additional warranty, repair, replacement, and other costs, adversely affecting our financial performance. If new or existing customers have difficulty operating our products or are dissatisfied with our services or solutions, our results of operations could be adversely affected, and we could face possible claims if we fail to meet our customers' expectations.","2026-03-16T06:13:26.882849Z","2024-12-19",0.4242,"Product Liability",1294,"Product Liability",6.168,"HPE_2024_RISK_041","Business and Operational Risks","Business and Operational Risks","HPE","2026-03-16T06:13:26.882872Z"
2290,"1",265,"LEGAL AND COMPLIANCE RISKS
In addition, many of the risks associated with usage of open source, including open source that incorporates or relies on generative AI, may not or cannot be eliminated and could, if not properly addressed, negatively affect our business.","2026-03-16T06:13:33.802123Z","2023-05-25",0.6204,"Product Liability",1295,"Non-ESG",6.332,"GEN_2023_RISK_062","LEGAL AND COMPLIANCE RISKS","LEGAL AND COMPLIANCE RISKS","GEN","2026-03-16T06:13:33.802135Z"
2291,"1",262,"Risks Related to Information Technology, Cybersecurity, and Data Protection
We are highly dependent on information systems, and systems failures could significantly disrupt our business, which may, in turn, negatively affect us and the value of our common stock.","2026-03-16T06:13:35.930410Z","2024-02-21",0.5222,"Product Liability",1296,"Product Liability",1.572,"INVH_2024_RISK_083","Risks Related to Information Technology, Cybersecurity, and Data Protection","Legal and Regulatory Related Risks","INVH","2026-03-16T06:13:35.930419Z"
2292,"1",1768,"Risks Related to Our Business
In addition, we have not in the past taken and may not in the future take steps to re-verify or re-screen Host qualifications, listings, or experiences following initial review. We have in the past relied, and may in the future, rely on Hosts and guests to disclose information relating to their listings and experiences and such information may be inaccurate or incomplete. We have created policies and standards to respond to issues reported with listings, but certain listings may pose heightened safety risks to individual users because those issues have not been reported to us or because our customer support team has not taken the requisite action based on our policies. We rely, at least in part, on reports of issues from Hosts and guests to investigate and enforce many of our policies and standards. In addition, our policies may not contemplate certain safety risks posed by listings or individual Hosts or guests or may not sufficiently address those risks. We have also faced civil litigation, regulatory investigations, and inquiries involving allegations of, among other things, unsafe or unsuitable listings, discriminatory policies, data processing, practices, or behavior on and off our platform or by Hosts, guests, and third parties, general misrepresentations regarding the safety or accuracy of offerings on our platform, and other Host, guest, or third-party actions that are criminal, violent, inappropriate, dangerous, or fraudulent. While we recognize that we need to continue to build trust and invest in innovations that will support trust when it comes to our policies, tools, and procedures to help protect Hosts, guests, and the communities in which our Hosts operate, we may not be successful in doing so.","2026-03-16T06:13:43.896215Z","2023-02-17",0.6219,"Product Liability",1297,"Product Liability",7.367,"ABNB_2023_RISK_065","Risks Related to Our Business","Risks Related to Our Business","ABNB","2026-03-16T06:13:43.896225Z"
2293,"1",2618,"Breaches of our cybersecurity systems, or other security breaches or incidents with respect to our products, services, networks, systems, or data, could degrade our ability to conduct our business operations and deliver products and services to our customers, cause vulnerabilities in our products and services, and subject us to regulatory enforcement actions and or fines or liabilities for damages incurred by our customers or partners, delay our ability to recognize revenue, compromise the integrity of our software products and our networks, systems, and data, result in significant data losses and the theft of our intellectual property, damage our reputation, expose us to liability to third parties and require us to incur significant additional costs to maintain the security of our networks and data.
Should any of the above events occur, or be perceived to occur, we could be subject to significant claims for liability from our customers and others and regulatory investigations and actions from governmental agencies, and we could be required to expend significant capital and other resources to remediate and otherwise address any data security incident or breach, including to notify individuals, entities, or regulatory bodies and to implement measures in an effort to prevent further breaches or incidents. In addition, our ability to protect our intellectual property rights could be compromised and our reputation and competitive position could be significantly harmed. Also, the regulatory and contractual actions, proceedings, litigation, investigations, fines, penalties and liabilities relating to any actual or perceived data breaches or security incidents that result in losses of, damage or destruction of, or unauthorized access to or acquisition of, credit card information or other personal or sensitive data of users of our services can be significant in terms of fines and reputational impact and necessitate changes to our business operations that may be disruptive to us. Additionally, we could incur significant costs in order to upgrade our cybersecurity systems and other measures in an effort to prevent network and system disruptions and other security breaches and other incidents. Even the perception of inadequate security may damage our reputation and negatively impact our ability to win new customers and retain existing customers. Consequently, our financial performance and results of operations could be adversely affected by any of the foregoing types of security breaches, incidents, vulnerabilities, or other matters, or the perception that any of them have occurred.","2026-03-16T06:13:50.157689Z","2024-02-13",0.6245,"Product Liability",1298,"Product Liability",5.669,"ANET_2024_RISK_094","Breaches of our cybersecurity systems, or other security breaches or incidents with respect to our products, services, networks, systems, or data, could degrade our ability to conduct our business operations and deliver products and services to our customers, cause vulnerabilities in our products and services, and subject us to regulatory enforcement actions and or fines or liabilities for damages incurred by our customers or partners, delay our ability to recognize revenue, compromise the integrity of our software products and our networks, systems, and data, result in significant data losses and the theft of our intellectual property, damage our reputation, expose us to liability to third parties and require us to incur significant additional costs to maintain the security of our networks and data.","Risks Related to Litigation","ANET","2026-03-16T06:13:50.157701Z"
2294,"1",465,"Cybersecurity Risk Management Program
We do not believe that any risks we have identified to date from cybersecurity threats, including as a result of any previous cybersecurity incidents, have materially affected or are reasonably likely to materially affect us, including our business strategy, results of operations or financial condition. For additional information regarding the risks to us associated with cybersecurity incidents, see Item 1A. “Risk Factors”.","2026-03-16T06:14:04.522998Z","2026-02-20",0.3984,"Product Liability",1299,"Product Liability",5.183,"YUM_2026_RISK_083","Cybersecurity Risk Management Program","Cybersecurity Risk Management Program","YUM","2026-03-16T06:14:04.523012Z"
2295,"1",1817,"Operational and Technology Risks
We rely upon a number of internal business processes and information systems to support key business functions, and the efficient operation of these processes and systems is critical to our business. Our business processes and information systems need to be sufficiently scalable to support the growth of our business and may require modifications or upgrades that expose us to a number of operational risks. As such, our information systems will continually evolve and adapt in order to meet our business needs. These changes may be costly and disruptive to our operations and could impose substantial demands on management time. These changes may also require changes in our information systems, modification of internal control procedures and significant training of employees and third-party resources. We continuously work on simplifying our information systems and applications through consolidation and standardization efforts. There can be no assurance that our business and operations will not experience any disruption in connection with this transition. Our information technology systems, and those of third-party information technology providers or business partners, may also be vulnerable to damage or disruption caused by circumstances beyond our control including catastrophic events, power anomalies or outages, natural disasters, viruses or malware, cyber-attacks, data breaches and computer system or network failures, exposing us to significant cost, reputational harm and disruption or damage to our business. In addition, as our IT environment continues to evolve, we are embracing new ways of communicating and sharing data internally and externally with customers and partners using methods such as mobility and the cloud that can promote business efficiency.","2026-03-16T06:14:10.062766Z","2022-02-03",0.4554,"Product Liability",1300,"Product Liability",4.943,"AMD_2022_RISK_061","Operational and Technology Risks","Operational and Technology Risks","AMD","2026-03-16T06:14:10.062778Z"
2296,"1",1802,"Host Damage Protection Program
Our ability to provide high-quality support to our community of Hosts and guests is important for the growth of our business and any failure to maintain such standards of community support, or any perception that we do not provide high-quality service, could affect our ability to retain and attract Hosts and guests. Meeting the community support expectations of our Hosts and guests requires significant time and resources from our community support team and significant investment in staffing, technology, including automation and machine learning to improve efficiency, infrastructure, policies, and community support tools. The failure to develop the appropriate technology, infrastructure, policies, and community support tools, or to manage or properly train our community support team, could compromise our ability to resolve questions and complaints quickly and effectively. The number of our Hosts and guests has grown significantly and such growth, as well as any future growth, will put additional pressure on our community support organization and our technology organization. In addition, as we service a global customer base and continue to grow outside of North America and Europe, we need to be able to provide effective support that meets our Hosts’ and guests’ needs and languages globally at scale. As part of our reduction in force announced in May 2020, we significantly reduced the number of employees in our community support organization and our technology organization, which impacted our ability to provide effective support to our Hosts and guests. Our service is staffed based on complex algorithms that map to our business forecasts. Any volatility in those forecasts could lead to staffing gaps that could impact the quality of our service.","2026-03-16T06:14:41.804445Z","2022-02-25",0.723,"Community Relations",1301,"Non-ESG",31.139,"ABNB_2022_RISK_145","Host Damage Protection Program","Host Damage Protection Program","ABNB","2026-03-16T06:14:41.804454Z"
2297,"1",982,"Risks Related to the Jurisdictions in Which We Operate
Other risks include impacts to supply chain, restrictions and local procurement requirements, increase in key commodity prices, more restrictive local banking requirements including requirements for repatriation of proceeds to banks domiciled in Ghana, limitations on capacity of banks to provide reclamation bonds, requests for further local employment requirements, requests for contract renegotiation and increases in contract rates and other costs. Additionally, the government may grant artisanal mining rights or alternative mining rights, such as sand and gravel, in locations in which the Company has land rights, but no active operations, impacting the Company’s non-operational land positions. Economic setbacks and anti-mining sentiment can also result in an increase in community frustration and friction with artisanal small-scale mining resulting in conflicts, which can negatively impact our operations in Ghana.","2026-03-16T06:14:53.633116Z","2023-02-23",0.922,"Community Relations",1302,"Non-ESG",11.258,"NEM_2023_RISK_105","Risks Related to the Jurisdictions in Which We Operate","Risks Related to Our Industry","NEM","2026-03-16T06:14:53.633126Z"
2298,"1",1561,"Diversity, Equity, and Inclusion (DE&I)
Additionally, in 2019 we began hosting an annual weeklong event focused on diversity and inclusion, where employees have the opportunity to attend webinars and panel discussions, take part in group activities, listen to podcasts featuring Progressive employees, and more. Moreover, we support efforts to contribute to our communities, through our Keys to Progress® programs (which include providing vehicles to veterans and furnishing homes for individuals emerging from homelessness), our various education and engagement efforts, and our financial contributions to various community organizations. For nearly 20 years, we have also contributed to The Progressive Insurance Foundation, which provided matching funds to eligible 501(c)(3) charitable organizations to which employees contributed. To more broadly represent our employees and their communities, in 2020, The Progressive Insurance Foundation began funding national charitable organizations identified by our Employee Resource Groups and, beginning mid-2022, will contribute a fixed amount to an eligible charity of each participating employee’s choosing without requiring the employee make an out-of-pocket donation to match funds. We know we still have much more work to do, but we are committed to these efforts. To learn more, please visit our website at: progressive.com/about/diversity-and-inclusion. The information on that website is not incorporated by reference in, and does not form part of, this Annual Report on Form 10-K or any other SEC filing.","2026-03-16T06:15:00.079659Z","2022-02-28",0.9684,"Community Relations",1303,"Community Relations",5.854,"PGR_2022_RISK_036","Diversity, Equity, and Inclusion (DE&I)","Diversity, Equity, and Inclusion (DE&I)","PGR","2026-03-16T06:15:00.079700Z"
2299,"1",1719,"THIRD-PARTY REIMBURSEMENT AND GUIDELINES
Professional societies, government agencies, practice management groups, private health/science foundations, and organizations involved in healthcare issues may publish guidelines, recommendations or studies to the healthcare and patient communities. Organizations like these have in the past made recommendations about our products and those of our competitors. If followed by healthcare providers and insurers, such publications could result in decreased use of our products. For example, in November 2012, the American Congress of Obstetrics and Gynecologists, known as the ACOG, released updates in which it recommended less frequent cervical cancer screening similar to guidelines released in March 2012 by the U.S. Preventive Services Task Force, or the USPSTF, and the American Cancer Society. We believe that these recommendations and guidelines may have contributed to increased screening intervals for cervical cancer, which we believe has and may continue to adversely affect our ThinPrep revenues. Our cervical cancer screening revenues, primarily from ThinPrep sales, may also be adversely affected by the July 2020 American Cancer Society cervical cancer screening guidelines, which recommended the use of a human papillomavirus (HPV) test for primary screening rather than co-testing (the use of an HPV test with a Pap test) or a standalone Pap test. In addition, on October 20, 2015, the American Cancer Society issued guidelines recommending that women start annual mammograms at age 45 instead of 40 and have a mammogram every two years instead of annually. We believe that this recommendation may have resulted in a decrease in the use of mammography systems.","2026-03-16T06:15:37.165854Z","2023-11-21",0.7204,"Community Relations",1304,"Product Liability",36.471,"HOLX_2023_RISK_027","THIRD-PARTY REIMBURSEMENT AND GUIDELINES","THIRD-PARTY REIMBURSEMENT AND GUIDELINES","HOLX","2026-03-16T06:15:37.165865Z"
2300,"1",1951,"Environmental Sampling in the Cadia Area
The Company’s relationships with the communities that are located near its operations or on whose land it operates are essential to the success of its existing operations, exploration activities and the construction and development of its projects. A failure to manage relationships with such communities may lead to local dissatisfaction which, in turn, may lead to interruptions to the Company’s operations, exploration activities and development projects. Specific challenges in community relations include community concerns over management of increased traffic, migratory workforces, environmental impacts and resource depletion, social, environmental and cultural heritage impacts, increasing expectations regarding the level of benefits that communities receive, benefits sharing with Indigenous peoples’ governments, concerns focused on the level of transparency regarding the payment of compensation and the provision of other benefits to affected landholders and the wider community. In particular, opposition by Indigenous communities to the Company’s activities may require modifications to or preclude operation or development of its projects or may require entry into additional agreements with Indigenous communities, which may result in additional costs. Newmont’s current and future operations are subject to a risk that one or more Indigenous communities in the locations in which we operate may oppose continued operation, further development or new development of its projects or operations. Claims and protests driven by such opposition may disrupt or delay activities, including permitting, at the Newmont’s operations and projects. The negotiation and review of agreements, including components such as business development, participation, co-management and compensation and other benefits, involve complicated and sensitive issues, associated expectations and often competing interests.","2026-03-16T06:15:42.209498Z","2025-02-21",0.9607,"Community Relations",1305,"Community Relations",4.418,"NEM_2025_RISK_110","Environmental Sampling in the Cadia Area","Waste Rock and Tailings Management","NEM","2026-03-16T06:15:42.209518Z"
2301,"1",2434,"If the number or percentage of patients with higher-paying commercial insurance declines, if the average rates that commercial payors pay us decline, if patients in commercial plans are subject to restriction in plan designs, if we are unable to maintain contracts with payors with competitive terms, including, without limitation, reimbursement rates, scope and duration of coverage and in-network benefits, it could have a material adverse effect on our business, results of operations, financial condition and cash flows.
If the Court declines to uphold the protections of the MSPA such that more plans seek to implement plan designs that discourage patients from retaining their commercial coverage, it may lead to a significant decrease in the number of patients with commercial plans, the duration of benefits for patients under commercial plans and/or a significant decrease in the payment rates we receive, any of which would have a material adverse effect on our business, results of operations, financial condition and cash flows. In addition, some commercial payors are pursuing or have incorporated policies into their provider manuals limiting or refusing to accept charitable premium assistance from non-profit organizations, such as the American Kidney Fund, which may impact the number of patients who are able to afford commercial plans. Paying for coverage is a significant financial burden for many patients, and ESRD disproportionately affects the low-income population. Charitable premium assistance supports continuity of coverage and access to care for patients, many of whom are unable to continue working full-time as a result of their severe health condition. Many patients with commercial and government insurance also rely on financial assistance from charitable organizations, such as the American Kidney Fund. Certain payors have challenged our patients' and other providers' patients' ability to utilize assistance from charitable organizations for the payment of premiums, including, without limitation, through litigation and other legal proceedings. The use of charitable premium assistance for ESRD patients has also faced challenges and inquiries from legislators, regulators and other governmental authorities, and this may continue. In addition, CMS or another regulatory agency or legislative authority may issue a new rule or guidance that challenges or restricts charitable premium assistance.","2026-03-16T06:16:22.495274Z","2022-02-11",0.9013,"Community Relations",1306,"Product Liability",39.691,"DVA_2022_RISK_030","If the number or percentage of patients with higher-paying commercial insurance declines, if the average rates that commercial payors pay us decline, if patients in commercial plans are subject to restriction in plan designs, if we are unable to maintain contracts with payors with competitive terms, including, without limitation, reimbursement rates, scope and duration of coverage and in-network benefits, it could have a material adverse effect on our business, results of operations, financial condition and cash flows.","General Risks","DVA","2026-03-16T06:16:22.495285Z"
2302,"1",2014,"Risks Related to Our Industry
Greater scrutiny on the private sector broadly and multi-national companies specifically, to contribute to sustainable outcomes in the places where they operate, has led to a proliferation of standards and reporting initiatives focused on environmental stewardship, social performance and transparency. Extractive industries, and mining in particular, have seen significant increases in stakeholder expectations. These businesses are increasingly required to meaningfully engage with impacted stakeholders; understand and avoid or mitigate negative impacts while optimizing economic participation and uplift opportunities associated with their operations. The expectation is for companies to create shared value for shareholders, employees, governments, local communities and host countries. Such expectations tend to be particularly focused on companies whose activities are perceived to have high socio-economic and environmental impacts. In Canada, for instance, there is increased expectation that is also increasingly supported by regulations and/or case law for Indigenous communities on whose traditional territories mineral development occurs or is impacted by mineral development to share in the economic prosperity of the mine, and for such communities to share in joint decision making with government regulators on various permitting efforts. Newmont has over many years developed and continues to evolve a robust system of ESG management that includes policies, standards, guidance, assurance, participation in international organizations focused on improved performance and outcomes for host communities and the environment. In Ghana, for instance, in response to resettlement-related complaints, Newmont worked with national and local government authorities, traditional leaders, impacted farmers/landowners and other concerned stakeholders to analyze impacts, extend programs to support vulnerable households and provide enhanced and/or alternative livelihood support.","2026-03-16T06:16:32.430570Z","2024-02-29",0.9661,"Community Relations",1307,"Community Relations",9.361,"NEM_2024_RISK_064","Risks Related to Our Industry","Risks Related to Our Industry","NEM","2026-03-16T06:16:32.430580Z"
2303,"1",1910,"Risks related to the COVID-19 pandemic’s impact on multifamily rental housing
For example, prospective residents visiting apartments may do so virtually or on a self-tour rather than being accompanied by a leasing consultant. In addition, in many communities, access to various common areas may be limited. These factors may affect resident satisfaction and leasing velocity.•There are growing concerns related to the general economy about (i) supply chain constraints caused by business challenges resulting from the pandemic and (ii) inflation caused by both supply chain constraints and governmental fiscal and monetary policies. Supply chain constraints could cause delays in our construction and redevelopment activity, and inflation could cause our construction and operating costs to increase. In the event that our rents and rental revenue do not increase sufficiently to offset increases in construction and operating costs, our operating results would be negatively impacted. In addition to renting apartment homes directly to residents, we also lease ancillary commercial space at our communities and lease apartment homes to corporate apartment home providers. In 2021, 1.4% of our total revenue was from commercial tenants and 2.1% of our total residential revenue was from corporate apartment home providers. To the extent that the pandemic or any associated government restrictions have adverse impacts on the businesses of our commercial tenants, or demand from corporate apartment home providers, we may experience elevated delinquencies for these tenants. There may also be a greater risk of bankruptcy and default from commercial and corporate apartment home providers. Emergency orders shutting down non-essential businesses, limiting congregations of people, and requiring social distancing have at times disrupted, and may in the future disrupt, our development and construction activity.","2026-03-16T06:16:44.289695Z","2022-02-25",0.8786,"Community Relations",1308,"Non-ESG",11.245,"AVB_2022_RISK_003","Risks related to the COVID-19 pandemic’s impact on multifamily rental housing","","AVB","2026-03-16T06:16:44.289714Z"
2304,"1",1941,"COVID-19 and Debt/Liquidity Related Risk Factors
The availability of ports, including the specific port facility at which our guests will embark and disembark, is affected by a number of factors, including, but not limited to, health, safety, and environmental concerns, existing capacity constraints, security, adverse weather conditions and natural disasters such as hurricanes, floods, typhoons and earthquakes, financial limitations on port development, political instability, armed conflicts such as Russia’s invasion of Ukraine, exclusivity arrangements that ports may have with our competitors, local governmental regulations and fees, local community concerns about port development and other adverse impacts on their communities from additional tourists and sanctions programs implemented by the Office of Foreign Assets Control of the United States Treasury Department or other regulatory bodies. For example, currently and in the past, regulatory changes, the COVID-19 pandemic, armed conflicts and damages to ports from hurricanes have prohibited our cruise voyages from visiting certain regions, including Cuba, Russia, Japan and some ports in the Caribbean. There can be no assurance that our ports of call will not be similarly affected in the future. Due to environmental and over-crowding concerns, some local governments have begun to take measures to limit the number of cruise ships and passengers allowed at certain destinations. For example, Dubrovnik, Venice and Barcelona have either implemented or considered implementing such limitations on cruise ships and passengers. Limitations on the availability of ports of call or on the availability of shore excursions and other service providers at such ports have adversely affected our business, financial condition and results of operations in the past and could do so in the future.​We rely on scheduled commercial airline services for passenger and crew connections.","2026-03-16T06:16:52.943946Z","2023-02-28",0.7661,"Community Relations",1309,"Non-ESG",8.09,"NCLH_2023_RISK_013","COVID-19 and Debt/Liquidity Related Risk Factors","","NCLH","2026-03-16T06:16:52.943957Z"
2305,"1",256,"Regulatory, environmental and social risks
Failure or the perceived failure to manage our relationships with the communities and/or Indigenous Peoples where we operate or that are near our operations could harm our reputation and social license to operate.","2026-03-16T06:16:56.356750Z","2024-02-16",0.9477,"Community Relations",1310,"Community Relations",2.869,"FCX_2024_RISK_092","Regulatory, environmental and social risks","Human capital risks","FCX","2026-03-16T06:16:56.356762Z"
2306,"1",240,"Environmental Sampling in the Cadia Area
Our operations and projects are subject to risks related to our relationships and/or agreements with local communities, including Indigenous Peoples, and laws for the protection of cultural heritage.","2026-03-16T06:16:59.068614Z","2025-02-21",0.8598,"Community Relations",1311,"Community Relations",2.15,"NEM_2025_RISK_109","Environmental Sampling in the Cadia Area","Waste Rock and Tailings Management","NEM","2026-03-16T06:16:59.068625Z"
2307,"1",193,"Risks Related to Our Industry
Mining companies are increasingly required to consider and provide benefits to the communities and countries in which they operate in order to maintain operations.","2026-03-16T06:17:02.310221Z","2025-02-21",0.9768,"Community Relations",1312,"Community Relations",2.651,"NEM_2025_RISK_064","Risks Related to Our Industry","Risks Related to Our Industry","NEM","2026-03-16T06:17:02.310232Z"
2308,"1",1798,"Risks Related to Our Business and Industry
The COVID-19 pandemic, including the continued spread of new variants, has had, and other pandemics in the future could have, repercussions across global economies and financial markets. The COVID-19 pandemic and the measures taken to limit its spread have adversely impacted regional, national and global economic activity and have contributed to significant volatility and negative pressure in financial markets. The impact of the COVID-19 pandemic has rapidly evolved and, as cases and variants of COVID-19 have continued to increase and be identified, many countries, including the United States, the United Kingdom, and Spain, have reacted by, among other things, instituting quarantines and restricting travel. Many national, state and local governments, including in areas where we own properties, have also reacted by instituting quarantines, restrictions on travel, shelter-in-place orders, vaccine requirements, restrictions on types of business that may continue to operate, school closures, vaccine and testing requirements, limitations on attendance at events or other gatherings, and social distancing requirements, and additional national, state and local governments may implement similar restrictions. In that regard, surges in COVID-19 cases have led many state and local governments to increase the scope and severity of some of these restrictions and to institute new restrictions. As a result, the COVID-19 pandemic and the measures taken to limit its spread have negatively impacted the global, national and regional economies generally and many industries, directly or indirectly, and those impacts may continue and may increase in severity, including potentially triggering prolonged periods of negative or limited economic growth.","2026-03-16T06:17:13.560776Z","2022-02-23",0.7618,"Community Relations",1313,"Non-ESG",10.661,"O_2022_RISK_003","Risks Related to Our Business and Industry","Risks Related to Our Business and Industry","O","2026-03-16T06:17:13.560787Z"
2309,"1",2183,"A weak worldwide economy, or actual or perceived economic weakness in any significant geography, could result in reduced demand for our products and services or increased customer credit risk
A substantial percentage of our sales are made worldwide to the companion animal veterinary industry. Demand for our companion animal diagnostic products and services is driven in part by the number of patient visits to veterinary hospitals and the practices of veterinarians with respect to the recommendations for diagnostic testing, as well as pet owner compliance with these recommendations. Pet owners generally pay cash out of pocket for health care services for their pets from veterinary practices. Actual or perceived economic weakness, whether due to inflation or other factors, in any of our significant geographies could cause pet owners in those regions to forgo or defer visits to veterinary hospitals or affect their willingness to approve certain diagnostic tests, comply with a treatment plan or, even more fundamentally, continue to own a pet. In addition, concerns about the financial resources of pet owners could cause veterinarians to be less likely to recommend certain diagnostic tests, and concerns about the economy may cause veterinarians to defer purchasing capital items such as our instruments and systems. These conditions, if they continue, could result in a decrease in sales or decrease in sales growth, of diagnostic products and services, which could have an adverse effect on our results of operations. Demand for our water products is driven in part by the availability of funds at government laboratories, water utilities, and private certified laboratories that utilize our products. Availability of funds also affects demand by government laboratories and cattle, swine and poultry producers that utilize our livestock and poultry diagnostic products, and by users of our human diagnostic products and services. Actual or perceived economic weakness and the other factors described above have caused and could continue to cause our customers to reduce their investment in such testing, which could have an adverse effect on our results of operations.","2026-03-16T06:17:53.322488Z","2025-02-21",0.7184,"Community Relations",1314,"Non-ESG",39.154,"IDXX_2025_RISK_038","A weak worldwide economy, or actual or perceived economic weakness in any significant geography, could result in reduced demand for our products and services or increased customer credit risk","GENERAL RISKS","IDXX","2026-03-16T06:17:53.322499Z"
2310,"1",2034,"Risks Related to the COVID-19 Pandemic
The COVID-19 pandemic has significantly affected the global economy and strained the hospitality industry due to travel restrictions and advisories, stay-at-home directives, limitations on public gatherings and modified work arrangements, all of which have resulted in cancellations and reduced travel around the world, as well as complete and partial suspensions of certain hotel operations. Although distribution of approved vaccines for COVID-19 began in late 2020 and continued throughout 2021, access to and acceptance of vaccines has varied across regions and within individual countries. In addition, new strains of the virus have had increased transmissibility, complicating treatment and vaccination programs. As such, the COVID-19 pandemic had a material negative impact on our results for the year ended December 31, 2021 and will continue to negatively affect future results. The long-term effects of the COVID-19 pandemic on our business and the travel industry at large remain uncertain and will depend on future developments, including, but not limited to, the duration and severity of increases in serious illnesses, if any, the availability and public acceptance of vaccinations and other treatments to combat COVID-19 and the length of time it takes for demand and pricing to stabilize and normal economic and operating conditions to resume. The current and uncertain future impact of the COVID-19 pandemic, including its effect on the ability or desire of people to travel and use our hotel properties for lodging, food and beverage and other services, is expected to continue to negatively affect our results, operations, outlook, plans, growth, cash flows and liquidity. During the pandemic, the U.S. and other national and local governments have imposed travel restrictions at various times and, in some countries and U.S. states, re-imposed such restrictions, and a number of our hotels fully or partially suspended operations, primarily during 2020, but also during 2021.","2026-03-16T06:18:04.697912Z","2022-02-16",0.832,"Community Relations",1315,"Non-ESG",10.79,"HLT_2022_RISK_002","Risks Related to the COVID-19 Pandemic","Risks Related to the COVID-19 Pandemic","HLT","2026-03-16T06:18:04.697922Z"
2311,"1",1176,"Risks Related to Our Real Estate Investments and Our Operations
The U.S. has experienced, and may experience in the future, outbreaks of contagious diseases that affect public health and public perception of health risk. Our rental revenues and operating results depend significantly on the occupancy levels at our properties and the ability of our residents and commercial tenants to meet their rent obligations to us, which could be adversely affected by such disease outbreak or other public health events. For example, in response to the COVID-19 pandemic, extraordinary actions were taken by federal, state and local governmental authorities to combat the spread of COVID-19, including issuance of “stay-at-home” directives and similar mandates for many individuals to substantially restrict daily activities and for many businesses to curtail or cease normal operations. These measures, while intended to protect human life, led to significantly reduced economic activity and a surge in unemployment throughout the U.S., including the markets where our properties are located, and they materially affected our ability to lease our properties and collect rental revenues.","2026-03-16T06:18:11.436943Z","2024-02-09",0.8563,"Community Relations",1316,"Non-ESG",6.185,"MAA_2024_RISK_043","Risks Related to Our Real Estate Investments and Our Operations","","MAA","2026-03-16T06:18:11.436964Z"
2312,"1",1948,"Outside the United States
The Ministry of Agriculture and Rural Affairs (MARA), a ministerial-level component of the State Council, drafts and implements policies related to agriculture, rural areas and rural residents, and regulates crop farming, animal husbandry, fisheries, agriculture mechanization and the quality of agriculture products. MARA is also the regulatory body responsible for the regulation and control of pharmaceuticals, biologicals and medicated feed additives for animal use. Regulatory requirements in China have become increasingly stringent, with MARA recently issuing new regulations and changes to the regulatory review process. Brazil. The Ministry of Agriculture, Livestock and Food Supply (MAPA) is the regulatory body in Brazil that is responsible for the regulation and control of pharmaceuticals, biologicals and medicated feed additives for animal use. MAPA's regulatory activities are conducted through the Secretary of Agricultural Defense and its Livestock Products Inspection Department. In addition, regulatory activities are conducted at a local level through the Federal Agriculture Superintendence. These activities include the inspection and licensing of both manufacturing and commercial establishments for veterinary products, as well as the submission, review and approval of pharmaceuticals, biologicals, and medicated feed additives. MAPA is one of the most active regulatory agencies in Latin America, having permanent seats at several international animal health forums, such as Codex Alimentarius, World Organization for Animal Health and Committee of Veterinary Medicines for the Americas. MAPA was also invited to be a Latin American representative at meetings of the International Cooperation on Harmonisation of Technical Requirements for Registration of Veterinary Medicinal Products (VICH). Several normative instructions issued by MAPA have set regulatory trends in Latin America. Australia.","2026-03-16T06:18:25.980608Z","2022-02-15",0.8876,"Community Relations",1317,"Non-ESG",13.987,"ZTS_2022_RISK_019","Outside the United States","Outside the United States","ZTS","2026-03-16T06:18:25.980616Z"
2313,"1",1265,"New South Wales Parliamentary Inquiry
In July 2023, a New South Wales Parliamentary Inquiry (Legislative Council’s Portfolio Committee No. 2 – Health) (the “Parliamentary Inquiry”) was initiated into current and potential community impacts of gold, silver, lead and zinc mining on human health, land, air and water quality in New South Wales. The inquiry process included written submissions, public hearings and witness testimony. The committee released its report including non-binding recommendations to the New South Wales Government on December 15, 2023. The government is required to respond to the report within three months. Newmont acknowledges and understands that some local residents living close to Cadia have concerns about dust emissions from Cadia’s tailings storage facilities and ventilation rises. Prior to our acquisition of Newcrest, Newcrest provided a submission to the committee and hosted a number of committee members on a tour of Cadia. Newcrest’s Interim CEO and Cadia’s General Manager also appeared before the committee as witnesses. The Parliamentary Inquiry and the community concerns could give rise to reputational harm, operational disruptions, increased regulatory scrutiny of mining activities and delays to project development.","2026-03-16T06:18:40.163965Z","2024-02-29",0.8712,"Community Relations",1318,"Pollution & Waste",13.597,"NEM_2024_RISK_081","New South Wales Parliamentary Inquiry","New South Wales Parliamentary Inquiry","NEM","2026-03-16T06:18:40.163975Z"
2314,"1",1812,"Risks Related to the Jurisdictions in Which We Operate
Should the Company be unable to develop the Conga project or conclude that future development is not in the best interest of the business, a future impairment charge may result. The prior Central Government of Peru supported responsible mining as a vehicle for the growth and future development of Peru. However, following the presidential election in 2021, there has been considerable political unrest in Peru. In a close and contested election, Pedro Castillo was declared the president-elect of Peru in July 2021, which resulted in a period of protests, unrest and uncertainty around the political and social environment in Peru and Cajamarca. Amidst political turmoil and instability, Castillo made numerous changes to his cabinet, including ministers of mining, work and interior, and of prime ministers. Castillo was ultimately removed from office in late 2022 due to his attempt to dissolve the legislative body and install an emergency government. Political turmoil and division has continued in Peru as protest and demonstrations against the current President Dina Boluarte escalated in early 2023 resulting in clashes with security forces and violence. The current Central Government’s legislative priorities and support for responsible mining in Peru remains uncertain. Previous regional governments of Cajamarca and other political parties actively opposed certain mining projects in the past, including by protests, community demands and road blockages, which may occur again in the future. We are unable to predict the positions that will be taken by the Central or regional government and neighboring communities in the future and whether such positions or changes in law will affect current operations and new projects at Yanacocha or Conga.","2026-03-16T06:18:57.876794Z","2023-02-23",0.5896,"Community Relations",1319,"Non-ESG",17.12,"NEM_2023_RISK_100","Risks Related to the Jurisdictions in Which We Operate","Risks Related to Our Industry","NEM","2026-03-16T06:18:57.876803Z"
2315,"1",483,"Business and Operational Risks
If these preferences return and consumers choose to avoid gathering in public places in large groups, the demand for our products and services could be adversely affected. Moreover, if governmental restrictions were to resume, it is unclear how quickly customers will return to their prior eating habits, which may be a function of continued concerns over safety or depressed consumer sentiment due to adverse economic conditions, including job losses.","2026-03-16T06:19:07.711422Z","2023-08-25",0.5262,"Community Relations",1320,"Non-ESG",9.243,"SYY_2023_RISK_030","Business and Operational Risks","Business and Operational Risks","SYY","2026-03-16T06:19:07.711433Z"
2316,"1",1995,"General Risk Factors
Many economies have experienced, and continue to experience, financial turmoil, high unemployment, soaring inflation and interest rates, and a significant depreciation of their local currencies. Economies of developing countries like Venezuela and Argentina remain in a long-term crisis, with their current political turmoil exacerbating their economic problems and rendering a bleak near-term outlook. Policies of advanced economies have a profound effect on emerging markets, and ramifications of any trade war involving an advanced economy, like of that between the U.S. and China, could further contribute to the adverse economic and political conditions of emerging and other developed economies. In addition, there are tensions among the U.S., the North Atlantic Treaty Organization (“NATO”), and Russia that have escalated and are culminating in the increasing threat of a potential Russian invasion of Ukraine, ongoing security concerns about North Korea and Iran’s nuclear weapons and ballistic missile capabilities, uncertainty regarding Russia, North Korea, and Iran’s actions, and their relations with the U.S. and the international community in general, which have created a global security issue that may adversely affect international business and economic conditions. During 2018–2019, disputes on trade policy between the U.S. and China resulted in increased tariffs and escalating tensions between the two countries. On January 15, 2020, the two parties signed a trade deal representing the first phase of trade negotiations between the two countries. The agreement reduced certain existing tariffs, obligated China to purchase additional products from the U.S. in 2020 and 2021, and provided for stronger protection of American intellectual property and trade secrets (the “Phase One deal”). The Phase One deal expired at the end of 2021, and while China’s purchase of products increased during this two-year period, it fell far below stated targets. U.S.","2026-03-16T06:19:16.715851Z","2022-01-31",0.6406,"Community Relations",1321,"Non-ESG",8.414,"ARE_2022_RISK_218","General Risk Factors","General Risk Factors","ARE","2026-03-16T06:19:16.715862Z"
2317,"1",510,"Risks Related to Us and Our Subsidiaries Generally
The spread of COVID-19 and mitigating measures caused unprecedented disruptions to the global economy and normal business operations across sectors and countries, including the sectors and countries in which we and our subsidiaries operate. Future pandemics or other outbreaks of contagious diseases, and efforts to mitigate their spread, may result in similar or worse economic implications and disruptions, including on our and our subsidiaries’ businesses.","2026-03-16T06:19:26.911179Z","2025-02-11",0.4308,"Community Relations",1322,"Non-ESG",9.633,"L_2025_RISK_137","Risks Related to Us and Our Subsidiaries Generally","","L","2026-03-16T06:19:26.911188Z"
2318,"1",2008,"Economic and Industry Risks
As a global healthcare company, public health crises, such as the widespread outbreaks of infectious diseases like the COVID-19 pandemic, may negatively impact certain of Abbott's operations. Health concerns and significant changes in political or economic conditions caused by such outbreaks can cause, and during the COVID-19 pandemic have caused, significant reductions in demand for certain products, increased difficulty in serving customers, disruptions to manufacturing and supply chains, and negative effects on certain of Abbott’s operations as well as the operations of its suppliers, distributors and other third-party partners. Furthermore, such widespread outbreaks may impact, and during the COVID-19 pandemic have impacted, the broader economies of affected countries, including negatively impacting economic growth, the proper functioning of financial and capital markets, inflation rates (including in the U.S.), foreign currency exchange rates, and interest rates. In addition, the COVID-19 pandemic has contributed to global supply chain disruptions, which have adversely impacted the cost and availability of certain raw materials, supplies, and services. With regard to COVID-19 diagnostic testing, the FDA issued Emergency Use Authorizations (EUAs) for several COVID‑19 related products in 2020 and 2021, including Abbott diagnostic tests. EUAs are authorized pursuant to an EUA Declaration under the U.S. Food, Drug, and Cosmetic Act and remain in effect until the Secretary of the U.S. Department of Health and Human Services terminates the EUA Declaration or unless sooner terminated or revoked. Abbott is actively pursuing the FDA’s customary regulatory approval process for various COVID-19 diagnostic tests which has uncertainty as discussed in “Abbott is subject to numerous governmental regulations and it can be costly to comply with these regulations and to develop compliant products and processes.” in “Legal and Regulatory Risks” under “Item 1A.","2026-03-16T06:19:41.369631Z","2023-02-17",0.4402,"Community Relations",1323,"Non-ESG",13.878,"ABT_2023_RISK_026","Economic and Industry Risks","Economic and Industry Risks","ABT","2026-03-16T06:19:41.369641Z"
2319,"1",1443,"Our business is dependent on funding from a combination of federal, state and local sources
Our products are used in public infrastructure projects, which include the construction, maintenance and improvement of highways, streets, roads, bridges, schools and similar projects. Accordingly, our business is dependent on the level of federal, state, and local spending on these projects. The visibility into future federal infrastructure funding was clarified and stabilized to some extent in 2015 with the passage of the Fixing America’s Surface Transportation, or FAST Act, which reauthorized federal highway and transportation funding programs.  Further clarification was provided with the passage of the $1 trillion IIJ Act in November 2021, which contains a five-year surface transportation reauthorization plus $110 billion in new funding for roads, bridges and other hard infrastructure projects.  At the federal level, we expect to see stable infrastructure spending in 2022, with more meaningful impact from the IIJ Act beginning in 2023.  Further, we continue to expect to see increased infrastructure spending at the state and local levels in 2022, aided by $10 billion for state departments of transportation provided by the December 2020 federal stimulus package as well as $14 billion of approved ballot initiatives. We cannot be assured, however, of the amount and timing of appropriations for spending on infrastructure projects.","2026-03-16T06:19:53.135533Z","2022-02-22",0.5755,"Community Relations",1324,"Community Relations",11.164,"MLM_2022_RISK_023","Our business is dependent on funding from a combination of federal, state and local sources","Our businesses face many competitors","MLM","2026-03-16T06:19:53.135541Z"
2320,"1",1591,"Government factors
These budgetary pressures may result in a reduced ability by the FDA and the NIH to perform their respective roles and may have a related impact on academic institutions and research laboratories whose funding is fully or partially dependent on both the level and the timing of funding from government sources. In October 2020, then President Trump signed a stopgap spending bill in order to extend government funding until December 11, 2020. This bill provided necessary funding to government agencies until more fulsome appropriations were approved to provide funding for the remainder of the 2021 fiscal year. In December 2020, the U.S. Congress passed additional stopgap bills before finally enacting a budget for the 2021 fiscal year on December 27, 2020. In December 2021, President Biden signed a continuing resolution to extend government funding through February 18, 2022. It is unclear whether the U.S. federal government will fail to enact a budget in future fiscal years, and if so, it is possible another partial government shutdown similar to the one that took place from December 22, 2018 to January 25, 2019 may occur. If this occurs, the FDA and certain other science agencies may temporarily shut down select non-essential operations. Also, as was the case in the last government shutdown, the FDA may maintain only operations deemed to be essential public health-related functions and halt the acceptance of new medical product applications and routine regulatory and compliance work for medical products and certain drugs and foods during any shutdown.","2026-03-16T06:20:03.356871Z","2022-01-31",0.5,"Community Relations",1325,"Non-ESG",9.628,"ARE_2022_RISK_146","Government factors","Government factors","ARE","2026-03-16T06:20:03.356883Z"
2321,"1",1879,"Consolidation in our customer base, including through increased corporate hospital ownership, and prevalence of buying consortiums could negatively affect our business
Veterinarians are our primary customers for our CAG products and services, and the veterinary services industry in the U.S. and abroad has been consolidating at an accelerating rate in recent years. In the United States, the number of owners of veterinary hospitals has been declining, and an increasing percentage of veterinary hospitals are owned by corporations that are in the business of acquiring veterinary hospitals and/or opening new veterinary hospitals nationally or regionally. Major corporate hospital owners in the U.S. include Mars, Incorporated (owner of Banfield Pet Hospitals, Blue Pearl Veterinary Partners, Pet Partners and VCA Inc.), and National Veterinary Associates, and are joined by dozens of other consolidators. A similar trend exists in other regions such as Canada, Europe, Australia, New Zealand, China, and Brazil. Furthermore, an increasing percentage of individually-owned veterinary hospitals in the U.S. are participating in buying consortiums. Corporate owners of veterinary hospitals and buying consortiums often seek to improve profitability by leveraging the buying power they derive from their scale to obtain favorable pricing from suppliers, which could have a negative impact on our profitability and results of operations. While we have strong supplier relationships with several corporate hospital groups and buying consortiums, decisions by larger corporate owners and buying consortiums to shift their purchasing of products and services away from us and to a competitor would have a negative impact on our results of operations. In addition, certain corporate owners also operate reference laboratories that serve both their hospitals and unaffiliated hospitals.","2026-03-16T06:20:09.603738Z","2022-02-16",0.566,"Community Relations",1326,"Non-ESG",5.697,"IDXX_2022_RISK_019","Consolidation in our customer base, including through increased corporate hospital ownership, and prevalence of buying consortiums could negatively affect our business","RISKS RELATED TO OUR BUSINESS AND INDUSTRY","IDXX","2026-03-16T06:20:09.603755Z"
2322,"1",2009,"Outside the United States / Global
These activities include the inspection and licensing of both manufacturing and commercial establishments for veterinary products, as well as the submission, review and approval of pharmaceuticals, biologicals, and medicated feed additives. MAPA is one of the most active regulatory agencies in Latin America, having permanent seats at several international animal health forums, such as Codex Alimentarius, World Organization for Animal Health and Committee of Veterinary Medicines for the Americas. MAPA was also invited to be a Latin American representative at meetings of the International Cooperation on Harmonisation of Technical Requirements for Registration of Veterinary Medicinal Products (VICH). Several normative instructions issued by MAPA have set regulatory trends in Latin America. Australia. The Australian Pesticides and Veterinary Medicines Authority (APVMA) is an Australian government statutory authority established in 1993 to centralize the registration of all agricultural and veterinary products for the Australian marketplace. Previously each State and Territory government had its own system of registration. The APVMA assesses applications from companies and individuals seeking registration or a permit so they can supply their product to the marketplace. Applications undergo rigorous assessment using the expertise of the APVMA's scientific staff and drawing on the technical knowledge of other relevant scientific organizations, Commonwealth government departments and state agriculture departments. If the product works as intended and the scientific data confirms that when used as directed on the product label it will have no harmful or unintended effects on people, animals, the environment or international trade, the APVMA will register the product. As well as registering new agricultural and veterinary products, the APVMA receives and reviews adverse event information which may be submitted by registrants or members of the public.","2026-03-16T06:20:15.998464Z","2026-02-12",0.6908,"Community Relations",1327,"Non-ESG",5.85,"ZTS_2026_RISK_020","Outside the United States / Global","Outside the United States / Global","ZTS","2026-03-16T06:20:15.998484Z"
2323,"1",1293,"Environmental Sampling in the Cadia Area
In 2023, the WA Premier announced that the Aboriginal Cultural Heritage Act 2021 (WA) will be completely repealed, with an amended Aboriginal Heritage Act 1972 (WA) replacing it. Further, cultural heritage in PNG is protected under the National Cultural Property (Preservation) Act 1965 (PNG). The main government bodies responsible for enforcing this Act are the National Museum and Art Gallery of PNG and the National Cultural Commission. The Lihir operation has a culturally significant site called the Ailaya Rock, located near the mining operations. Significant civil reinforcement work is being undertaken to protect the surrounding area's structural integrity. A failure to maintain the integrity of the surrounding area could inadvertently damage the site, resulting in impacts to community relations and reputation. Newmont’s operations could inadvertently disturb protected cultural heritage assets, resulting in international scrutiny by investors and non-governmental organizations, negative impact on stockholder value, compensation and/or offset claims, increased costs to projects and operations, delays impacting construction or production or project development, court action or other legal proceedings and lasting reputational damage.","2026-03-16T06:20:22.302446Z","2025-02-21",0.7142,"Community Relations",1328,"Community Relations",5.737,"NEM_2025_RISK_112","Environmental Sampling in the Cadia Area","Waste Rock and Tailings Management","NEM","2026-03-16T06:20:22.302457Z"
2324,"1",1446,"Declining asset prices could adversely affect us.
During periods of economic stress, the volatility and disruption that the capital and credit markets experience may reach, and have in the past reached, extreme levels. Market disruption may severely stress or even lead to the failure of financial institutions, which can cause further credit market constriction and further liquidation of assets, driving asset prices down even more. Asset price deterioration has a negative effect on the valuation of collateral and certain of the asset categories represented on our balance sheet and reduces our ability to sell assets at prices we deem acceptable. The most recent recession, resulting from the impact of the COVID-19 pandemic, did not have significant lastingimpact on collateral value. However, there are still risks to economic stability that could reverse recent stable trends in asset prices. These risks include:•A correction in equity or housing markets;•Supply chain issues such as closed factories and disrupted port activity, as well as the impact of the Russia-Ukraine war and the Israel-Hamas war on global transportation and the availability of materials; •Labor-supply constraints, leading to slowing job growth and boosting wages along with inflation (wage-price spiral); and•Negative GDP growth, as a result of, in part, the Federal Reserve’s monetary policy efforts to arrest inflationary pressures within the broader economy.","2026-03-16T06:20:33.319784Z","2024-02-22",0.4293,"Community Relations",1329,"Non-ESG",10.409,"KEY_2024_RISK_015","Declining asset prices could adversely affect us.","I.  Credit Risk","KEY","2026-03-16T06:20:33.319806Z"
2325,"1",1842,"Research and Development
We are committed to investing in world-class digital technology development, which we believe is critical to achieving our goal of establishing the Invisalign system as the standard method for treating malocclusion, our intraoral scanners as the preferred scanning technology for digital dental scans, and our exocad CAD/CAM software as the solution of choice for dental labs. Our research and development activities are directed toward developing digital technology innovations that we believe will deliver our next generation of products and solutions to enable the Align digital platform. These activities range from accelerating product and clinical innovation to developing manufacturing process improvements to researching future technologies, products and software. In an effort to demonstrate the broad treatment capabilities of the Invisalign system, various clinical case studies and articles have been published that highlight the clinical applicability of Invisalign treatment to malocclusion cases, including those of severe complexity. Similarly, various studies have also been published demonstrating the capabilities of our scanners, including advanced features such as our NIRI technology. We undertake pre-commercialization trials and testing of our technological improvements to our products and manufacturing process. We furthermore fund research in the field of orthodontics and dentistry through initiatives such as our Annual Research Award Program, which was in its 12th year in 2021, our donations to the American Association of Orthodontists Foundation and our partnership with MedTech Innovator Asia Pacific, a nonprofit startup accelerator for the medical technology industry that connects healthcare industry leaders with innovative medical technology startups for mentorship and support.","2026-03-16T06:20:41.419215Z","2022-02-25",0.448,"Community Relations",1330,"Community Relations",7.531,"ALGN_2022_RISK_002","Research and Development","Research and Development","ALGN","2026-03-16T06:20:41.419225Z"
2326,"1",1546,"Risks Relating to Regulatory and Legal Matters
In contrast to previous executive and legislative efforts to restrict or limit certain provisions of the ACA, the American Rescue Act, enacted on March 11, 2021, contained provisions aimed at leveraging Medicaid and the Health Insurance Marketplace to expand health insurance coverage and affordability to consumers. The American Rescue Act authorized an additional $1.9 trillion in federal spending to address the COVID-19 public health emergency, and contained several provisions designed to increase coverage of certain healthcare services, expand eligibility and benefits, incentivize state Medicaid expansion, and adjust federal financing for state Medicaid programs, the ultimate impact of which remain uncertain. The American Rescue Act enhanced eligibility for the advance premium tax credit for certain enrollees in the Health Insurance Marketplace currently expires on December 31, 2022, and if it is not extended, our Health Insurance Marketplace membership may be reduced. These changes and other potential changes involving the functioning of the Health Insurance Marketplace as a result of additional new legislation, regulation, executive action or litigation, including those related to extending enrollment periods, increasing eligibility in the program design, changing the eligibility and amount of the advanced premium tax credit and expanding navigator services, could impact our business and results of operations adversely or in other ways that we do not currently anticipate.","2026-03-16T06:20:47.402723Z","2022-02-22",0.4593,"Community Relations",1331,"Community Relations",5.443,"CNC_2022_RISK_052","Risks Relating to Regulatory and Legal Matters","Risks Relating to Our Business","CNC","2026-03-16T06:20:47.402732Z"
2327,"1",149,"Texas:
We own 7 inpatient acute care hospitals, 12 free-standing emergency departments and 21 inpatient behavioral healthcare facilities as listed in","2026-03-16T06:20:52.984152Z","2023-02-27",0.6708,"Community Relations",1332,"Non-ESG",5.043,"UHS_2023_RISK_003","Texas:","Texas:","UHS","2026-03-16T06:20:52.984162Z"
2328,"1",186,"Risks Related to Public Health Threats
Public health threats or outbreaks of communicable diseases could have a material adverse effect on the Company’s operations and financial results.","2026-03-16T06:21:01.886266Z","2023-02-23",0.427,"Community Relations",1333,"Non-ESG",8.348,"NRG_2023_RISK_088","Risks Related to Public Health Threats","Risks Related to Public Health Threats","NRG","2026-03-16T06:21:01.886275Z"
2329,"1",2449,"International conflicts (such as the Russia-Ukraine war and Israel-Hamas war), geopolitical events, natural disasters, public health crises (such as the COVID-19 pandemic), trade wars, terrorist acts, labor strikes, political or economic crises (such as uncertainty related to protracted U.S. federal government funding negotiations), accidents and other events could adversely affect our business and financial results, including by disrupting development, manufacturing, distribution or sale of our products.
As a company engaged in the global development, manufacture and distribution of products, we are subject to the risks inherent in such activities, including industrial accidents, environmental events, strikes and other labor disputes, product quality control issues, safety, licensing requirements and other regulatory issues, as well as natural disasters, public health crises, such as pandemics or epidemics, international conflicts, geopolitical events, trade wars, terrorist acts, political or economic crises (such as the uncertainty related to protracted U.S. federal government funding negotiations) and other external factors over which we have no control. See, also “—Supply chain disruptions, geopolitical developments, including the Russia-Ukraine war, the Israel-Hamas war and wider Middle East developments (including disruptions to the Red Sea passage), or climate-change events (including severe weather events) may adversely affect our suppliers or our procurement of raw materials, and thus may impact our business and financial results.” For instance, the Russia-Ukraine war has adversely impacted and may continue to impact, among other things, certain of our local markets and suppliers, global and local macroeconomic conditions, foreign exchange rates and financial markets, raw material, energy and transportation costs, and cause further supply chain disruptions. We maintain operations in both Russia and Ukraine and export products to customers in Russia and Ukraine from operations outside the region. In response to the events in Ukraine, the Company has limited the production and supply of ingredients in and to Russia to only those that meet the essential needs of people, including food, hygiene and medicine. As a result of changes and uncertainties arising out of the Russia-Ukraine war, our operating performance in Russia remains lower compared to previous years and may not reverse in the near future.","2026-03-16T06:21:10.082712Z","2024-02-28",0.4708,"Community Relations",1334,"Non-ESG",7.647,"IFF_2024_RISK_026","International conflicts (such as the Russia-Ukraine war and Israel-Hamas war), geopolitical events, natural disasters, public health crises (such as the COVID-19 pandemic), trade wars, terrorist acts, labor strikes, political or economic crises (such as uncertainty related to protracted U.S. federal government funding negotiations), accidents and other events could adversely affect our business and financial results, including by disrupting development, manufacturing, distribution or sale of our products.","Risks Related to Our Business and Industry","IFF","2026-03-16T06:21:10.082727Z"
2330,"1",1339,"New Laws or Regulations, or Future Legislative, Judicial or Regulatory Changes
We are and will continue to be regularly subject to new laws and regulations, changes to existing laws and regulations, and judicial determinations that impact the interpretation and applicability of those laws and regulations. The Patient Protection and Affordable Care Act and The Health Care and Education Reconciliation Act of 2010 (which we collectively refer to as the Health Care Reform Law), the Families First Coronavirus Response Act (the “Families First Act”), the Coronavirus Aid, Relief, and Economic Security Act (the “CARES Act”), and the Inflation Reduction Act of 2022 (the “Inflation Reduction Act”), and related regulations, are examples of laws which have enacted significant reforms to various aspects of the U.S. health insurance industry, including among others, mandated coverage requirements, mandated benefits and guarantee issuance associated with commercial medical insurance, rebates to policyholders based on minimum benefit ratios, adjustments to Medicare Advantage premiums, the establishment of federally facilitated or state-based exchanges coupled with programs designed to spread risk among insurers, the introduction of plan designs based on set actuarial values, and changes to the Part D prescription drug benefit design.","2026-03-16T06:21:23.457709Z","2025-02-20",0.609,"Community Relations",1335,"Non-ESG",12.839,"HUM_2025_RISK_033","New Laws or Regulations, or Future Legislative, Judicial or Regulatory Changes","Risks Relating to Our Business","HUM","2026-03-16T06:21:23.457721Z"
2331,"1",1389,"PUBLIC HEALTH CRISES OR EPIDEMIC DISEASES, OR THE PERCEPTION OF THEIR EFFECTS, COULD MATERIALLY ADVERSELY AFFECT OUR BUSINESS, FINANCIAL CONDITION, OR RESULTS OF OPERATIONS.
For instance, California, where many of our operations and manufacturing facilities are located, implemented risk-reduction orders that limited our employees’ ability to produce and move products through the supply chain. Such disruptions negatively impacted our business, financial condition, and results of operations. Similar effects may occur in the event of a resurgence of COVID-19 or the emergence of another public health crisis. Also, any delays in elective surgeries caused by a public health crisis, outbreak of epidemic, pandemic, or contagious disease may create patient backlogs. The patients in such backlogs may or may not use our products when their surgeries are ultimately performed. In addition, public health crises and outbreaks of epidemic, pandemic, or contagious diseases can negatively impact global economies and financial markets, leading to economic slowdowns or recessions. Such conditions may reduce hospital spending, delay product demand, and increase the risk of customer payment defaults or agreement terminations due to liquidity constraints or funding issues. These factors create material uncertainties and risks to our business, financial condition, and results of operations.","2026-03-16T06:21:44.488068Z","2025-01-31",0.4794,"Community Relations",1336,"Non-ESG",11.383,"ISRG_2025_RISK_040","PUBLIC HEALTH CRISES OR EPIDEMIC DISEASES, OR THE PERCEPTION OF THEIR EFFECTS, COULD MATERIALLY ADVERSELY AFFECT OUR BUSINESS, FINANCIAL CONDITION, OR RESULTS OF OPERATIONS.","RISKS RELATING TO OUR BUSINESS","ISRG","2026-03-16T06:21:44.488081Z"
2332,"1",1926,"PANDEMIC-RELATED RISKS
The outbreak and spread of contagious diseases such as COVID-19 has adversely affected, and may continue to adversely affect, our business, financial condition and results of operations. The COVID-19 pandemic has resulted in a widespread global public health crisis. Such infectious illness outbreaks or other adverse public health developments in countries where we operate, as well as local, state and/or national government restrictive measures implemented to control such outbreaks, could adversely affect the economies of many nations or the entire global economy, the financial condition of individual issuers or companies and capital markets, in ways that cannot necessarily be foreseen, and such impacts could be significant and long term. Such extraordinary events and their aftermaths can cause investor fear and panic, which can further adversely affect the operations and performance of companies, sectors, nations, regions and financial markets in general and in ways that cannot necessarily be foreseen. The COVID-19 pandemic has adversely affected global economies and markets, and has resulted in disruptions in commerce that will continue to evolve, including with respect to financial and other economic activities, services, travel and supply chains. Global health concerns and uncertainty regarding the impact of COVID-19 could lead to further and/or increased volatility in global capital and credit markets, adversely affect our key executives and other personnel, clients, investors, providers, suppliers, lessees, and other third parties, and negatively impact our AUM, revenues, income, business and operations. Our business has been and may continue to be negatively impacted by the current COVID-19 pandemic, including by the potential reoccurrence of periods of increased spread of COVID-19 and/or COVID-19 variants, and ensuing economic downturn in global financial markets.","2026-03-16T06:21:59.673662Z","2021-11-19",0.4249,"Community Relations",1337,"Non-ESG",14.587,"BEN_2021_RISK_002","PANDEMIC-RELATED RISKS","PANDEMIC-RELATED RISKS","BEN","2026-03-16T06:21:59.673670Z"
2333,"1",207,"Legal, Regulatory, Compliance and Reputational Risks
For example, the Chinese government has issued a series of policies in the past several years to promote the development and use of local medical devices.","2026-03-16T06:22:05.773800Z","2026-02-24",0.4264,"Community Relations",1338,"Non-ESG",5.53,"DHR_2026_RISK_082","Legal, Regulatory, Compliance and Reputational Risks","Financial and Tax Risks","DHR","2026-03-16T06:22:05.773829Z"
2334,"1",220,"Business and Operating Risks
We are subject to risks associated with public health crises, particularly with respect to the pressures that such crises create on the hospital systems and supply chains in which we operate.","2026-03-16T06:22:13.429354Z","2024-02-12",0.5385,"Community Relations",1339,"Non-ESG",7.089,"EW_2024_RISK_008","Business and Operating Risks","Business and Operating Risks","EW","2026-03-16T06:22:13.429362Z"
2335,"1",2009,"Outside the United States / Global
These activities include the inspection and licensing of both manufacturing and commercial establishments for veterinary products, as well as the submission, review and approval of pharmaceuticals, biologicals, and medicated feed additives. MAPA is one of the most active regulatory agencies in Latin America, having permanent seats at several international animal health forums, such as Codex Alimentarius, World Organization for Animal Health and Committee of Veterinary Medicines for the Americas. MAPA was also invited to be a Latin American representative at meetings of the International Cooperation on Harmonisation of Technical Requirements for Registration of Veterinary Medicinal Products (VICH). Several normative instructions issued by MAPA have set regulatory trends in Latin America. Australia. The Australian Pesticides and Veterinary Medicines Authority (APVMA) is an Australian government statutory authority established in 1993 to centralize the registration of all agricultural and veterinary products for the Australian marketplace. Previously each State and Territory government had its own system of registration. The APVMA assesses applications from companies and individuals seeking registration or a permit so they can supply their product to the marketplace. Applications undergo rigorous assessment using the expertise of the APVMA's scientific staff and drawing on the technical knowledge of other relevant scientific organizations, Commonwealth government departments and state agriculture departments. If the product works as intended and the scientific data confirms that when used as directed on the product label it will have no harmful or unintended effects on people, animals, the environment or international trade, the APVMA will register the product. As well as registering new agricultural and veterinary products, the APVMA receives and reviews adverse event information which may be submitted by registrants or members of the public.","2026-03-16T06:22:20.260020Z","2025-02-13",0.6908,"Community Relations",1340,"Non-ESG",6.28,"ZTS_2025_RISK_021","Outside the United States / Global","Outside the United States / Global","ZTS","2026-03-16T06:22:20.260029Z"
2336,"1",1369,"Facilities
We own and lease facilities throughout the United States, Canada, Australia and certain other foreign countries where we conduct business. These facilities are utilized for operations in all of our reportable segments and include offices, equipment yards, warehouses, storage, maintenance shops, manufacturing facilities and training and educational facilities, including the training and educational facilities located at the Quanta Advanced Training Center in La Grange, Texas, and the campuses of Northwest Lineman College, our postsecondary educational institution, which are located in California, Florida, Idaho and Texas. As of December 31, 2024, we owned 101 of our facilities and certain real property and leased the remainder. Included in the owned facilities is real property and associated office buildings and facilities located in Houston, Texas that we utilize as our corporate headquarters and real property and associated manufacturing facilities located in Canonsburg, Pennsylvania; Raeford, North Carolina; and Erie County, New York, associated with our businesses that specialize in manufacturing power transformers and related electrical components. We believe that our existing property and facilities are suitable and adequate for our current needs; however, we continue to evaluate real estate strategies to support our recent growth.","2026-03-16T06:22:35.734084Z","2025-02-20",0.602,"Community Relations",1341,"Non-ESG",14.934,"PWR_2025_RISK_133","Facilities","Facilities","PWR","2026-03-16T06:22:35.734094Z"
2337,"1",1837,"General risk factors
From time to time, tensions between countries may erupt into warfare and may adversely affect neighboring countries and those who conduct trade or foreign relations with those affected regions. Such acts of war may cause widespread and lingering damage on a global scale, including, but not limited to, (i) safety and cyber security, (ii) the economy, and (iii) global relations. In February 2022, Russia invaded Ukraine following years of strained diplomatic relations between the two countries, which was heightened in 2021 when Russia amassed large numbers of military ground forces and support personnel on the Ukraine-Russia border. In response to the invasion and ensuing war, many countries, including the U.S., imposed significant economic and other sanctions against Russia. The war has created the largest refugee crisis in Europe since World War II and has inflicted significant damage to Ukraine’s infrastructure and economy. Both countries’ economies may be significantly affected, which may also adversely impact the global economy, including that of the U.S. The humanitarian crisis that has resulted from the war is likely to have pronounced and enduring impact on Ukraine, as well as a significant impact to neighboring countries that have accepted refugees. Further, Russia has launched an onslaught of cyberwarfare against Ukraine following its invasion, targeting the country’s critical infrastructure, government agencies, media organizations, and related think tanks in the U.S. and EU.The U.S. federal government has cautioned Americans on the possibility of Russia targeting the U.S. with cyber attacks in retaliation for sanctions that the U.S. has imposed and has urged both the public and private sectors to strengthen their cyber defenses and protect critical services and infrastructure.","2026-03-16T06:22:45.848444Z","2023-01-30",0.5345,"Community Relations",1342,"Non-ESG",9.599,"ARE_2023_RISK_216","General risk factors","General risk factors","ARE","2026-03-16T06:22:45.848454Z"
2338,"1",1868,"ECONOMIC/POLITICAL RISKS
Our business is dependent on the construction industry and is subject to economic cycles — Our products are principally sold to the U.S. construction industry. Construction spending is affected by general economic conditions, changes in interest rates, demographic shifts, industry cycles, employment levels, inflation and other business, economic and financial factors, any of which could contribute to a downturn in construction activities or spending in Vulcan-served markets. A downturn in Vulcan-served markets, particularly in our top revenue-generating markets, could have a material adverse effect on our business, financial condition, and results of operations. Our business is exposed to the risks associated with a pandemic, epidemic or other public health emergency, such as the coronavirus (COVID-19) pandemic — The COVID-19 pandemic caused governments and businesses around the world to implement strict measures to help control the spread of the virus. The vast majority, if not all, of these measures are no longer in place in the United States. While our industry was deemed essential in every state in which we operate and we continued to operate across our footprint when such measures were in place, our operations, supply chain, customers, and transportation networks were negatively impacted by such measures (including our own) and the health of our employees. The progression of COVID-19 (which remains highly uncertain) or another pandemic may result in future measures taken by governments and/or businesses (including our own) that could negatively impact our business. Our business is dependent on the timing and amount of federal, state and local funding for infrastructure — Our products are used in a variety of public infrastructure projects that are funded and financed by federal, state and local governments.","2026-03-16T06:22:59.104576Z","2023-02-24",0.3587,"Community Relations",1343,"Non-ESG",12.713,"VMC_2023_RISK_002","ECONOMIC/POLITICAL RISKS","ECONOMIC/POLITICAL RISKS","VMC","2026-03-16T06:22:59.104586Z"
2339,"1",1201,"Changes in testing patterns could negatively affect our operating results
Significant reductions to the pet population or to veterinary protocols that reduce the frequency of diagnostic testing, due to macroeconomic conditions or other reasons, could have an adverse effect on our results of operations. Actual or perceived economic weakness, whether due to inflation or other factors, may also reduce demand for our companion animal, water, livestock, poultry, and dairy products and services, and public health-related guidance and directives, including stay-at-home orders that may be deployed to combat public health issues, and severe weather conditions could result in a decrease in companion animal clinical visits, the delay of elective procedures and wellness visits and disruption of veterinary clinic operations, all of which would have a negative effect on veterinary service providers and result in declines in demand for our CAG products and services. Declines in testing for any reason, including the reasons described above, along with lost opportunities associated with a reduction in the pet population or veterinary visits, could have an adverse effect on our results of operations.","2026-03-16T06:29:20.424748Z","2026-02-20",0.3887,"Community Relations",1344,"Non-ESG",380.779,"IDXX_2026_RISK_024","Changes in testing patterns could negatively affect our operating results","RISKS RELATED TO OUR BUSINESS AND INDUSTRY","IDXX","2026-03-16T06:29:20.424761Z"
2340,"1",1257,"RISKS RELATED TO OUR BUSINESS AND OPERATIONS
We face a wide variety of risks related to health epidemics, pandemics and similar outbreaks. As was evidenced by the COVID-19 pandemic, public health crises have the potential to dramatically impact the global health and economic environment and to trigger significant economic volatility and operational uncertainty. While our operations have generally stabilized since the peak of the COVID-19 pandemic, future public health emergencies, which could include a resurgence of  COVID-19, and unpredictable responses by authorities around the world could negatively impact our global operations, customers and suppliers. Any future public health crises, epidemics, pandemics or similar events could result in disruptions to our operations, including higher rates of employee absenteeism and supply chain disruptions, decreased demand for our products, volatility in financial markets, and overall deterioration of national and global economic conditions. Given the tremendous uncertainties and variables associated with public health crises, we cannot predict the impact of such events, but any one could have a material adverse impact on our business, financial position, results of operations and/or cash flows.","2026-03-16T06:30:55.169145Z","2024-02-14",0.2996,"Community Relations",1345,"Non-ESG",94.147,"WAB_2024_RISK_017","RISKS RELATED TO OUR BUSINESS AND OPERATIONS","RISKS RELATED TO OUR BUSINESS AND OPERATIONS","WAB","2026-03-16T06:30:55.169153Z"
2341,"1",1208,"GLOBAL OPERATIONAL RISKS
The outbreak and spread of contagious diseases have had, and may in the future have, adverse effects on our business, financial condition and results of operations. For example, the COVID-19 pandemic resulted in a widespread global public health crisis. Such infectious illness outbreaks or other adverse public health developments in countries where we operate, as well as local, state and/or national government restrictive measures implemented to control such outbreaks, could adversely affect the economies of many nations or the entire global economy, the financial condition of individual issuers or companies and capital markets, in ways that cannot necessarily be foreseen, and such impacts could be significant and long term. Such extraordinary events and their aftermaths can cause investor fear and panic, which can further adversely affect the operations and performance of companies, sectors, nations, regions and financial markets in general and in ways that cannot necessarily be foreseen. It is not possible to predict the full extent to which a pandemic may evolve and/or adversely impact our business, liquidity, capital resources, financial results and operations.","2026-03-16T06:31:02.185922Z","2025-11-10",0.3495,"Community Relations",1346,"Non-ESG",6.393,"BEN_2025_RISK_013","GLOBAL OPERATIONAL RISKS","GLOBAL OPERATIONAL RISKS","BEN","2026-03-16T06:31:02.185932Z"
2342,"1",151,"OPERATIONAL RISKS
Our business has and may continue to be adversely affected by a public health emergency or outbreak of a contagious disease or virus.","2026-03-16T06:31:08.314527Z","2024-02-05",0.423,"Community Relations",1347,"Non-ESG",5.525,"BKR_2024_RISK_025","OPERATIONAL RISKS","OPERATIONAL RISKS","BKR","2026-03-16T06:31:08.314550Z"
2343,"1",1898,"Pandemics, epidemics or other outbreaks of disease have had and may in the future have a material adverse impact upon our business, liquidity, results of operations and financial condition.
The COVID-19 pandemic had, and any future pandemic, epidemic or other outbreak of disease may have, widespread, rapidly evolving, and unpredictable impacts on global society, economies, financial markets and business practices by, among other things, causing significant loss of life, curtailing congregation of people and disrupting communications and travel. This or other similar events may have a material adverse impact upon, our business, liquidity, results of operations and financial condition, including as a result of the following:•Reduced client demand for services – The vast majority of our business is with clients in the United States, the United Kingdom and other countries in Europe, all regions that were significantly impacted by the COVID-19 pandemic and could be impacted by other future pandemics, epidemics or other outbreaks of disease. Such outbreaks could reduce demand for our services, particularly in regions or industries that are significantly impacted by such events.•Delivery challenges – Due to the closures of many of our clients' facilities, including as a result of various orders from national, state or local governments, we faced challenges in delivering services to our clients and satisfying contractually agreed upon service levels during the COVID-19 pandemic and could face such closures in future pandemics, epidemics or other outbreaks of disease. The COVID-19 pandemic, particularly in India, but also in the Philippines and other countries where we have near-shore or offshore delivery operations for clients, as well as our in-country offices and offices of clients where our employees may normally work, impacted our ability to deliver services to clients.","2026-03-16T06:31:18.222500Z","2023-02-15",0.3517,"Community Relations",1348,"Non-ESG",9.315,"CTSH_2023_RISK_010","Pandemics, epidemics or other outbreaks of disease have had and may in the future have a material adverse impact upon our business, liquidity, results of operations and financial condition.","Risks Related to our Business and Operations","CTSH","2026-03-16T06:31:18.222510Z"
2344,"1",2000,"Economic, Geopolitical and Industry Risks
As a global healthcare company, public health crises, such as the widespread outbreaks of infectious diseases like the COVID-19 pandemic, may negatively impact certain Abbott's operations. Health concerns and significant changes in political or economic conditions caused by such outbreaks can cause, and during the COVID-19 pandemic caused, significant reductions in demand for certain products, increased difficulty in serving customers, disruptions to manufacturing and supply chains, and negative effects on certain of Abbott’s operations as well as the operations of its suppliers, distributors and other third-party partners. Furthermore, such widespread outbreaks may impact, and during the COVID-19 pandemic impacted, the broader economies of affected countries, including negatively impacting economic growth, the proper functioning of financial and capital markets, inflation rates, foreign currency exchange rates, and interest rates. In addition, the COVID-19 pandemic contributed to global supply chain disruptions, which adversely impacted the cost and availability of certain raw materials, supplies, and services. With regard to COVID-19 diagnostic testing, the FDA issued Emergency Use Authorizations (EUA) for several COVID‑19 related products in 2020 and 2021, including Abbott diagnostic tests. EUAs are authorized pursuant to an EUA Declaration under the U.S. Food, Drug, and Cosmetic Act and remain in effect until the Secretary of the U.S. Department of Health and Human Services terminates the EUA Declaration or unless sooner terminated or revoked. Abbott is actively pursuing the FDA’s customary regulatory approval process for various COVID-19 diagnostic tests, which has uncertainty as discussed in “Abbott is subject to numerous governmental regulations and it can be costly to comply with these regulations and to develop compliant products and processes.” in “Legal and Regulatory Risks” under “Item 1A. Risk Factors.” The U.S.","2026-03-16T06:31:57.813175Z","2024-02-16",0.4036,"Community Relations",1349,"Non-ESG",39.02,"ABT_2024_RISK_038","Economic, Geopolitical and Industry Risks","Legal and Regulatory Risks","ABT","2026-03-16T06:31:57.813187Z"
2345,"1",1908,"Operational Risks
In 2023, we derived 20% of our Mobility Gross Bookings from five metropolitan areas—Chicago, Los Angeles, and New York City in the United States, Sao Paulo in Brazil, and London in the United Kingdom. We experience strong competition in large metropolitan areas, which has led us to offer significant Driver incentives and consumer discounts and promotions in these large metropolitan areas. As a result of our geographic concentration, our business and financial results are susceptible to economic, social, weather, and regulatory conditions or other circumstances in each of these large metropolitan areas. Outbreaks of contagious diseases or other viruses could lead to a sustained decline in the desirability of living, working and congregating in metropolitan areas in which we operate. Any short-term or long-term shifts in the travel patterns of consumers away from metropolitan areas, due to health concerns regarding epidemics or pandemics could have an adverse impact on our Mobility Gross Bookings from these areas. An economic downturn, increased competition, or regulatory obstacles in any of these key metropolitan areas would adversely affect our business, financial condition, and operating results to a much greater degree than would the occurrence of such events in other areas. In addition, any changes to local laws or regulations within these key metropolitan areas that affect our ability to operate or increase our operating expenses in these markets would have an adverse effect on our business. Furthermore, if we are unable to renew existing licenses or do not receive new licenses in key metropolitan areas where we operate or such licenses are terminated, any inability to operate in such metropolitan area, as well as the publicity concerning any such termination or non-renewal, could adversely affect our business, financial condition, and operating results.","2026-03-16T06:35:08.142132Z","2024-02-15",0.3963,"Community Relations",1350,"Non-ESG",189.786,"UBER_2024_RISK_060","Operational Risks","Operational Risks","UBER","2026-03-16T06:35:08.142142Z"
2346,"1",1916,"Risks Related to Our Business and Industry
A significant outbreak of infectious disease, medical epidemic, or a pandemic, such as the COVID-19 pandemic, may result in a widespread health crisis and may lead to an economic downturn that could negatively affect our business, results of operations, and financial condition. To the extent our current or prospective residents experience unemployment, deteriorating financial conditions, and declines in household income, resulting from medical epidemics or pandemics, they may be unwilling or unable to pay rent in full on a timely basis or renew or enter into new leases for our homes, and our revenues and operating results could be negatively affected. Measures put in place in response to a pandemic such as temporary eviction moratoriums if certain criteria are met by residents, deferral of missed rent payments without incurring late fees, and restrictions on rent increases may impose restrictions on our ability to enforce residents’ contractual rental obligations and limit our ability to collect and increase rents, which has been the case with COVID-19. Our residents’ inability or refusal to meet their lease obligations may reduce our cash flows, which has been the case with COVID-19. The resulting impact from a future pandemic or outbreak of infectious disease on rental and other property income could impact our ability to make all required debt service payments and to continue paying dividends to our stockholders at expected levels or at all. Additionally, the lingering impact of a pandemic and related containment measures may interfere with the ability of our suppliers and other business partners to carry out their assigned tasks or supply materials, products, services, or funding (in the case of our revolving credit facility) at ordinary levels of performance relative to the conduct of our business, which has been the case with COVID-19.","2026-03-16T06:35:44.651079Z","2023-02-22",0.3656,"Community Relations",1351,"Non-ESG",35.959,"INVH_2023_RISK_084","Risks Related to Our Business and Industry","Risks Related to Our Business and Industry","INVH","2026-03-16T06:35:44.651090Z"
2347,"1",1036,"RISKS RELATED TO OPERATIONS
For example, on August 6, 2020, an Executive Order was issued that was aimed at boosting domestic production of essential medicines, medical countermeasures, and critical inputs titled “Executive Order on Ensuring Essential Medicines, Medical Countermeasures, and Critical Inputs are Made in the United States.” Additionally, one legislative proposal would have prohibited the U.S. Department of Veterans Affairs from purchasing certain drugs that have active pharmaceutical ingredients manufactured outside the United States. While we perform a substantial majority of our commercial manufacturing activities in the United States, including in the U.S. territory of Puerto Rico, and a substantial majority of our clinical manufacturing activities at our facility in Thousand Oaks, California, the passage of such legislation could result in foreign governments enacting retaliatory legislation or regulatory actions, which may have an adverse effect on our product sales, business and results of operations.","2026-03-16T06:35:57.906369Z","2025-02-14",0.4008,"Community Relations",1352,"Non-ESG",12.722,"AMGN_2025_RISK_107","RISKS RELATED TO OPERATIONS","RISKS RELATED TO OPERATIONS","AMGN","2026-03-16T06:35:57.906380Z"
2348,"1",2019,"Risks Related to the Jurisdictions in Which We Operate
Should the Company be unable to develop the Conga project or conclude that future development is not in the best interest of the business, a future impairment charge may result. The prior Central Government of Peru supported responsible mining as a vehicle for the growth and future development of Peru. However, following the most recent presidential election in 2021, whether the Central government will continue to take similar positions in the future remains uncertain. In a close and contested election, Pedro Castillo was declared the president-elect of Peru in July 2021, which resulted in a period of protests, unrest and uncertainty around the political and social environment in Peru and Cajamarca. Castillo’s election platform had been considered to be less supportive of mining in the past, and raised concerns with respect to foreign investment and mining. However, the Central Government’s legislative priorities and agenda remain to be established. Amidst political turmoil and instability, Castillo has appointed four prime ministers since taking office, and made a number of changes to his cabinet, including ministers of mining, work and interior. Additionally, previous regional governments of Cajamarca and other political parties actively opposed certain mining projects in the past, including by protests, community demands and road blockages, which may occur again in the future. We are unable to predict the positions that will be taken by the Central or regional government and neighboring communities in the future and whether such positions or changes in law will affect current operations and new projects at Yanacocha or Conga. Risks related to mining and foreign investment under the new administration include, without limitation, risks to mining concessions, land tenure and permitting, increased taxes and royalties, nationalization of mining assets and increased labor regulations, environmental and other regulatory requirements.","2026-03-16T06:36:21.964015Z","2022-02-24",0.403,"Community Relations",1353,"Non-ESG",23.528,"NEM_2022_RISK_094","Risks Related to the Jurisdictions in Which We Operate","Risks Related to Our Industry","NEM","2026-03-16T06:36:21.964025Z"
2349,"1",801,"Risks Related to our Business Operations
The U.S. and other countries have experienced, and may experience in the future, outbreaks of contagious diseases that affect public health and public perception of health risk. In the event of a widespread, prolonged, actual or perceived outbreak of any contagious disease, such as COVID-19, our operations could be negatively impacted. Such events have had, and could in the future have, an effect on our operations, including a reduction in customer traffic, a disruption in our supply chain, tightness in the labor market or other factors, all of which could reduce demand for our homes. These or other repercussions of a public health crisis that affect the global economy could have an adverse impact on our results of operations and financial condition.","2026-03-16T06:37:34.714612Z","2024-11-19",0.3894,"Community Relations",1354,"Non-ESG",72.091,"DHI_2024_RISK_022","Risks Related to our Business Operations","Risks Related to our Business Operations","DHI","2026-03-16T06:37:34.714621Z"
2350,"1",1911,"Risk Related to Tenant Operations at Our Properties
●supply chain disruptions and labor shortages;●consumers avoiding in-person shopping due to a heightened level of concern for safety in public places due to heightened sensitivity to risks associated with transmission of disease, as occurred during the COVID-19 pandemic, or consumer perception of increased risk of criminal activity and civil unrest, including acts of terrorism, riots, random acts of violence, mass shootings or inappropriate or unacceptable behavior of other patrons; ●significant reductions in international travel and tourism, resulting in fewer international retail consumers;●consumer perceptions of the safety, convenience and attractiveness of our properties;●the impact on our retail tenants and demand for retail space at our properties from the increasing use of the Internet by retailers and consumers, which accelerated during the COVID-19 pandemic;●the creditworthiness of our retail tenants and the availability of new creditworthy tenants and the related impact on our occupancy levels and lease income;●local real estate conditions, such as an oversupply of, or reduction in demand for, retail space or retail goods, decreases in rental rates and declines in real estate values;●the willingness of retailers to lease space in our properties at attractive rents, or at all;●changes in regional and local economies, which may be affected by increased rates of unemployment, increased foreclosures, higher taxes, decreased tourism, industry slowdowns, adverse weather conditions, and other factors;●increased operating costs and capital expenditures, whether from redevelopments, replacing tenants or otherwise;●changes in applicable laws and regulations, including tax, environmental, safety and zoning; and●epidemics, pandemics or other public health crises, like the COVID-19 pandemic, and the governmental reaction thereto.","2026-03-16T06:37:46.418160Z","2023-02-23",0.3646,"Community Relations",1355,"Non-ESG",11.167,"SPG_2023_RISK_008","Risk Related to Tenant Operations at Our Properties","Summary of Risk Factors","SPG","2026-03-16T06:37:46.418174Z"
2351,"1",1901,"COVID-19 and Debt/Liquidity Related Risk Factors
Additionally, SOFR is calculated based on short-term repurchase agreements, backed by Treasury securities. SOFR is observed and backward looking, which stands in contrast with LIBOR, which is an estimated forward-looking rate and relies, to some degree, on the expert judgment of submitting panel members. Given the inherent differences between LIBOR and SOFR or any other alternative benchmark rate that may be established, there are many uncertainties regarding a transition from LIBOR. The consequences of these developments with respect to LIBOR cannot be entirely predicted and span multiple future periods but could result in an increase in the cost of our variable rate debt which may be detrimental to our financial position or operating results.​Operational Related Risk Factors​Unavailability of ports of call may materially adversely affect our business, financial condition and results of operations.​We believe that attractive port destinations are a major reason why guests choose to go on a particular cruise or on a cruise vacation. The availability of ports, including the specific port facility at which our guests will embark and disembark, is affected by a number of factors, including, but not limited to, health, safety, and environmental concerns, existing capacity constraints, security, adverse weather conditions and natural disasters such as hurricanes, floods, typhoons and earthquakes, financial limitations on port development, political instability, exclusivity arrangements that ports may have with our competitors, local governmental regulations and fees, local community concerns about port development and other adverse impacts on their communities from additional tourists and sanctions programs implemented by the Office of Foreign Assets Control of the United States Treasury Department or other regulatory bodies.","2026-03-16T06:37:57.751006Z","2022-03-01",0.3756,"Community Relations",1356,"Non-ESG",10.744,"NCLH_2022_RISK_018","COVID-19 and Debt/Liquidity Related Risk Factors","","NCLH","2026-03-16T06:37:57.751016Z"
2352,"1",1759,"Industry and General Economic Risks
Public health crises, pandemics and epidemics, such as the COVID-19 pandemic, have impacted our operations directly and may continue to impact us directly, or may continue to disrupt the operations of our business partners, suppliers and customers in ways that could have an adverse effect on our business, results of operations and financial condition. Fear of such events may further alter consumer confidence, behavior and spending patterns, and could adversely affect the economies and financial markets of many countries (or globally), resulting in an economic downturn that could affect customers’ demand for our products. In response to the outbreak of COVID-19 and its development into a pandemic, governmental authorities in many countries in which we operate, and in which our customers are present and suppliers operate, have, imposed mandatory closures, sought voluntary closures and imposed restrictions on, or advisories with respect to, travel, business operations and public gatherings or interactions. Among other matters, these actions have required or strongly urged various venues where foodservice products are served, including restaurants, schools, hotels and cruise liners, to reduce or discontinue operations, which have adversely affected and will continue to adversely affect demand in the foodservice industry, including demand for our products and services. Mutations of the virus have arisen, and are continuing to arise, some of which have proven to be particularly aggressive variants. As these variants spread, some governmental authorities have reintroduced certain restrictions and others may decide to do so in the future, which could adversely affect demand in the foodservice industry.","2026-03-16T06:39:24.834396Z","2022-08-26",0.33,"Community Relations",1357,"Non-ESG",86.555,"SYY_2022_RISK_007","Industry and General Economic Risks","Industry and General Economic Risks","SYY","2026-03-16T06:39:24.834405Z"
2353,"1",1206,"Health crisis events, such as epidemics or pandemics, have adversely impacted, and may continue to impact, the economy and disrupt our operations and supply chains, which may have an adverse effect on our results of operations
Health crisis events, including epidemics or pandemics, such as COVID-19, have impacted and may further impact the economy and could have additional impacts on economic growth, supply chains, the proper functioning of financial and capital markets, foreign currency exchange rates and interest rates. Recently, the COVID-19 pandemic resulted in authorities around the world implementing numerous unprecedented measures such as travel restrictions, quarantines, shelter in place orders, vaccine mandates and facility shutdowns. These measures have impacted our workforce, operations and supply chains, and those of our customers, contract manufacturers and suppliers, and may continue to have an impact particularly in the event of another significant global health crisis. There is considerable uncertainty regarding the duration, scope and severity of a health crisis event and the impacts on our business and the economy from the effects of such an event and response measures.","2026-03-16T06:39:32.091673Z","2025-02-13",0.3776,"Community Relations",1358,"Non-ESG",6.683,"GLW_2025_RISK_004","Health crisis events, such as epidemics or pandemics, have adversely impacted, and may continue to impact, the economy and disrupt our operations and supply chains, which may have an adverse effect on our results of operations","Risks Related to Our Business","GLW","2026-03-16T06:39:32.091682Z"
2354,"1",264,"Risks Related to Our Business and Operations
The outbreak of highly infectious or contagious diseases, such as COVID-19, could adversely impact or cause disruption to our financial condition, results of operations, cash flows and liquidity and that of our clients.","2026-03-16T06:39:53.479071Z","2023-02-27",0.2567,"Community Relations",1359,"Non-ESG",3.565,"BXP_2023_RISK_017","Risks Related to Our Business and Operations","Risks Related to Our Business and Operations","BXP","2026-03-16T06:39:53.479081Z"
2355,"1",1096,"Risks Related to Our Business
Our business is sensitive to the willingness of our customers to travel. We are dependent on the willingness of our customers to travel. Only a small amount of our business is and will be generated by local residents. Most of our customers travel to reach our Macao, Singapore and Las Vegas properties. Infectious diseases may severely disrupt, and in the case of the COVID-19 Pandemic, have severely disrupted, domestic and international travel, which would result in a decrease in customer visits to Macao, Singapore and Las Vegas, including our properties. Regional political events, acts of terrorism or civil unrest, including those resulting in travelers perceiving areas as unstable or an unwillingness of governments to grant visas, regional conflicts or an outbreak of hostilities or war could have a similar effect on domestic and international travel. Management cannot predict the extent to which disruptions from these types of events in air or other forms of travel would have on our business, financial condition, results of operations and cash flows.","2026-03-16T06:40:03.193213Z","2022-02-04",0.2717,"Community Relations",1360,"Non-ESG",9.18,"LVS_2022_RISK_009","Risks Related to Our Business","Risks Related to Our Business","LVS","2026-03-16T06:40:03.193223Z"
2356,"1",1683,"Risks Related to Ownership of Our Class A Common Stock
If such security has lesser or no economic rights, it could have the effect of further increasing the divergence between the economic interests of our Founders who are then party to the Founder Voting Agreement and their affiliates, on the one hand, and the voting power of such Founders and their affiliates, on the other. Further, Corporation Equity Securities includes, among other things, any warrants, calls, options or other right, whether vested or unvested, to acquire from the Company certain voting or equity securities from the Company. Accordingly, the Board of Directors could issue additional equity securities, or additional options, RSUs, warrants or other rights to acquire equity securities (whether vested or unvested), to our Founders or certain of their affiliates, which would increase the number of Corporation Equity Securities they hold and enable them to meet the Ownership Threshold notwithstanding sales of Corporation Equity Securities that they currently hold. As a result, any Founders who are then party to the Founder Voting Agreement or certain of their affiliates could hold a nominal equity interest with little to no voting rights but meet the Ownership Threshold and therefore have voting power that provides effective control of our company. The multiple class structure of our common stock features certain provisions that are novel or otherwise not common among other corporations with multiple class structures. A number of provisions relating to the multiple class structure of our common stock are novel or otherwise not common among other corporations with multiple class structures.","2026-03-16T06:40:09.850327Z","2022-02-24",0.9935,"Corporate Governance",1361,"Corporate Governance",6.126,"PLTR_2022_RISK_184","Risks Related to Ownership of Our Class A Common Stock","Risks Related to Our Business and Industry","PLTR","2026-03-16T06:40:09.850338Z"
2357,"1",1952,"Finance Risks
Effective internal controls are necessary for us to provide reasonable assurance with respect to our financial reports. We spend a substantial amount of management and other employee time and resources to comply with laws, regulations and standards relating to corporate governance and public disclosure. In the U.S., such regulations include the Sarbanes-Oxley Act of 2002, SEC regulations and the NASDAQ listing standards. In particular, Section 404 of the Sarbanes-Oxley Act of 2002 requires management’s annual review and evaluation of our internal control over financial reporting and attestation as to the effectiveness of these controls by our independent registered public accounting firm. In 2022, we completed the transition of certain support services from Pfizer, as well as certain subsidiaries, to a new ERP system. While we believe that this new system and the related changes to internal controls will ultimately strengthen our internal control over financial reporting, there are inherent risks in implementing any new ERP system. If we fail to maintain the adequacy of our internal controls, we may not be able to ensure that we can conclude on an ongoing basis that we have effective internal control over financial reporting. Additionally, internal control over financial reporting may not prevent or detect misstatements because of its inherent limitations, including the possibility of human error, the circumvention or overriding of controls, or fraud. Therefore, even effective internal controls can provide only reasonable assurance with respect to the preparation and fair presentation of financial statements. In addition, projections of any evaluation of effectiveness of internal control over financial reporting to future periods are subject to the risk that the control may become inadequate because of changes in conditions, or that the degree of compliance with the policies or procedures may deteriorate.","2026-03-16T06:40:19.781211Z","2023-02-27",0.9821,"Corporate Governance",1362,"Corporate Governance",9.41,"VTRS_2023_RISK_132","Finance Risks","Finance Risks","VTRS","2026-03-16T06:40:19.781221Z"
2358,"1",1803,"Risks Relating to Limitations on Dividends from Subsidiaries and Anti-Takeover Provisions
Generally, United States insurance holding company laws require that, before a person can acquire control of an insurance company, prior written approval must be obtained from the insurance regulatory authorities in the state in which that insurance company is domiciled. Pursuant to applicable laws and regulations, “control” over an insurer is generally presumed to exist if any person, directly or indirectly, owns, controls, holds the power to vote, or holds proxies representing 10% or more of the voting securities of that insurer or any parent company of such insurer. Indirect ownership includes ownership of the shares of our common stock. Thus, the insurance regulatory authorities of the states in which our insurance subsidiaries are domiciled are likely to apply these restrictions on acquisition of control to any proposed acquisition of our common stock. Some states require a person seeking to acquire control of an insurer licensed but not domiciled in that state to make a filing prior to completing an acquisition if the acquirer and its affiliates, on the one hand, and the target insurer and its affiliates, on the other hand, have specified market shares in the same lines of insurance in that state. Additionally, many foreign jurisdictions where we conduct business impose similar restrictions and requirements. These provisions can also lead to the imposition of conditions on an acquisition that could delay or prevent its consummation. These laws may discourage potential acquisition proposals and may delay, deter or prevent a change in control of us through transactions, and in particular unsolicited transactions, that some or all of our stockholders might consider to be desirable.","2026-03-16T06:41:17.252460Z","2022-02-24",0.982,"Corporate Governance",1363,"Non-ESG",44.771,"WRB_2022_RISK_061","Risks Relating to Limitations on Dividends from Subsidiaries and Anti-Takeover Provisions","Risks Relating to Our Investments","WRB","2026-03-16T06:41:17.252477Z"
2359,"1",2205,"Our amended and restated certificate of incorporation designates the Court of Chancery of the State of Delaware as the exclusive forum for certain disputes between us and our stockholders, which could limit our stockholders’ ability to choose the judicial forum for disputes with us or our directors, officers, or employees.
Our amended and restated certificate of incorporation provides that, unless we consent in writing to the selection of an alternative forum, the sole and exclusive forum for (i) any derivative action or proceeding brought on our behalf, (ii) any action or proceeding asserting a claim of breach of a fiduciary duty owed by any of our directors, officers, or other employees to us or our stockholders, (iii) any action or proceeding asserting a claim arising pursuant to any provision of the Delaware General Corporation Law, our amended and restated certificate of incorporation, or our amended and restated bylaws, or (iv) any action or proceeding asserting a claim that is governed by the internal affairs doctrine, shall be the Court of Chancery of the State of Delaware. This provision does not apply to suits brought to enforce a duty or liability created by the Exchange Act, for which the U.S. federal courts have exclusive jurisdiction, or the Securities Act. Any person or entity purchasing or otherwise acquiring or holding or owning (or continuing to hold or own) any interest in any of our securities shall be deemed to have notice of and consented to the foregoing provisions. Although we believe this exclusive forum provision benefits us by providing increased consistency in the application of Delaware law in the types of lawsuits to which it applies, the exclusive forum provision may (i) increase the costs for a stockholder, and/or (ii) limit a stockholder’s ability to bring a claim in a judicial forum of its choosing for disputes with us or any of our directors, officers, other employees, stockholders, or others which may discourage lawsuits with respect to such claims. Our stockholders will not be deemed to have waived our compliance with the federal securities laws and the rules and regulations thereunder as a result of our exclusive forum provision.","2026-03-16T06:41:37.208181Z","2025-09-26",0.9835,"Corporate Governance",1364,"Non-ESG",19.397,"CPRT_2025_RISK_045","Our amended and restated certificate of incorporation designates the Court of Chancery of the State of Delaware as the exclusive forum for certain disputes between us and our stockholders, which could limit our stockholders’ ability to choose the judicial forum for disputes with us or our directors, officers, or employees.","Risks Related to Our Business and Industry","CPRT","2026-03-16T06:41:37.208190Z"
2360,"1",313,"Cybersecurity Governance
The Audit Committee reports to the full Board of Directors regarding its activities, including those related to cybersecurity. The Board of Directors also receives an annual briefing from our Chief Information Officer, or CIO, on our cybersecurity program, including risks and priorities.","2026-03-16T06:41:59.351829Z","2025-12-05",0.9949,"Corporate Governance",1365,"Corporate Governance",21.606,"COO_2025_RISK_080","Cybersecurity Governance","Cybersecurity Governance","COO","2026-03-16T06:41:59.351838Z"
2361,"1",1877,"Risks Related to Ownership of Our Class A Common Stock
Although we currently are not considered to be a “controlled company” under the NYSE corporate governance rules, we may in the future become a controlled company due to the concentration of voting power among our Founders and their affiliates resulting from the issuance of our Class F common stock. See “Risks Related to the Multiple Class Structure of our Common Stock, the Founder Voting Trust Agreement, and the Founder Voting Agreement” below. A “controlled company” pursuant to the NYSE corporate governance rules is a company of which more than 50% of the voting power is held by an individual, group, or another company. In the event that our Founders and their affiliates or other stockholders acquire more than 50% of the voting power of the Company, we may in the future be able to rely on the “controlled company” exemptions under the NYSE corporate governance rules due to this concentration of voting power and the ability of our Founders and their affiliates to act as a group. If we were a controlled company, we would be eligible, and could elect, not to comply with certain of the NYSE corporate governance standards. Such standards include the requirement that a majority of directors on our Board of Directors are independent directors, subject to certain phase-in periods, and the requirement that our compensation, nominating and governance committee consist entirely of independent directors. In such a case, if the interests of our stockholders differ from the group of stockholders holding a majority of the voting power, our stockholders would not have the same protection afforded to stockholders of companies that are subject to all of the NYSE corporate governance standards, and the ability of our independent directors to influence our business policies and corporate matters may be reduced.","2026-03-16T06:42:11.739801Z","2024-02-20",0.9946,"Corporate Governance",1366,"Corporate Governance",11.855,"PLTR_2024_RISK_219","Risks Related to Ownership of Our Class A Common Stock","Risks Related to Our Business and Industry","PLTR","2026-03-16T06:42:11.739818Z"
2362,"1",1411,"Risks Related to the Ownership of our Common Stock
In March 2016, we issued 965,100 Series A Preferred, which rank senior to the common stock with respect to distribution rights and rights upon liquidation. Subject to certain exceptions, so long as any Series A Preferred remain outstanding, we may not declare any dividend or distribution on our common stock unless all accumulated and unpaid dividends have been declared and paid on the Series A Preferred. In the event of our liquidation, winding-up or dissolution, the holders of the Series A Preferred would have the right to receive proceeds from any such transaction before the holders of the common stock. The payment of the liquidation preference could result in common stockholders not receiving any consideration if we were to liquidate, dissolve or wind up, either voluntarily or involuntarily. Additionally, the existence of the liquidation preference may reduce the value of the common stock, make it harder for us to sell shares of common stock in offerings in the future, or prevent or delay a change of control. The Certificate of Designations governing the Series A Preferred provides the Series A Preferred holders with the right to vote, under certain conditions, on an as-converted basis with our common stockholders on matters submitted to a stockholder vote. The holders of the Series A Preferred do not currently have such right to vote.","2026-03-16T06:42:17.389966Z","2022-02-24",0.9885,"Corporate Governance",1367,"Corporate Governance",5.093,"TRGP_2022_RISK_087","Risks Related to the Ownership of our Common Stock","Risks Related to our Financial Condition","TRGP","2026-03-16T06:42:17.389974Z"
2363,"1",1823,"Risks Relating to Our Industry, Business and Operations
The bye-laws also provide that the affirmative vote of at least 66 2/3% of the outstanding voting power of our shares (excluding shares owned by any person (and such person’s affiliates and associates) that is the owner of 15% or more (a “15% Holder”) of our outstanding voting shares) shall be required for various corporate actions, including: merger or consolidation of the company into a 15% Holder; sale of any or all of our assets to a 15% Holder; the issuance of voting securities to a 15% Holder; or amendment of these provisions; provided, however, the super majority vote will not apply to any transaction approved by the Board. The provisions described above may have the effect of making more difficult or discouraging unsolicited takeover bids from third parties. To the extent that these effects occur, shareholders could be deprived of opportunities to realize takeover premiums for their shares and the market price of their shares could be depressed. In addition, these provisions could also result in the entrenchment of incumbent management. There are regulatory limitations on the ownership and transfer of our common shares. The jurisdictions where we operate have laws and regulations that require regulatory approval of a change in control of an insurer or an insurer's holding company. Where such laws apply to us, there can be no effective change in our control unless the person seeking to acquire control has filed a statement with the regulators and obtained prior approval for the proposed change. Certain regulators may at any time, by written notice, object to a person holding shares in an insurer or an insurer's holding company if it appears to the regulator that the person is not or is no longer fit and proper to be such a holder.","2026-03-16T06:42:21.019204Z","2024-02-23",0.9916,"Corporate Governance",1368,"Corporate Governance",3.075,"ACGL_2024_RISK_050","Risks Relating to Our Industry, Business and Operations","RISK FACTORS SUMMARY","ACGL","2026-03-16T06:42:21.019226Z"
2364,"1",1297,"We do not own a controlling equity interest in our non-consolidated companies, some of which are foreign companies, and therefore our operating results and cash flow may be materially affected by how the governing boards and majority owners operate such businesses. There may also be limitations on monetary distributions from these companies that are outside of our control. Together, these factors may lower our equity earnings or cash flow from such businesses and negatively impact our results of operations.
We hold minority ownership interests in other companies that are not controlled by us. The operations and results of Ma'aden and some other companies are significant to us, and their operations can affect earnings. Because we do not control these companies either at the board or stockholder levels and because local laws in foreign jurisdictions and contractual obligations may place restrictions on monetary distributions by these companies, we cannot ensure that these companies will operate efficiently, pay dividends or generally follow the desires of our management by virtue of our board or stockholder representation. As a result, these companies may contribute less than anticipated to our earnings and cash flow, negatively impacting our results of operations and liquidity.","2026-03-16T06:42:25.124950Z","2025-03-03",0.984,"Corporate Governance",1369,"Corporate Governance",3.573,"MOS_2025_RISK_016","We do not own a controlling equity interest in our non-consolidated companies, some of which are foreign companies, and therefore our operating results and cash flow may be materially affected by how the governing boards and majority owners operate such businesses. There may also be limitations on monetary distributions from these companies that are outside of our control. Together, these factors may lower our equity earnings or cash flow from such businesses and negatively impact our results of operations.","Operational Risks","MOS","2026-03-16T06:42:25.124958Z"
2365,"1",1575,"Risks relating to ownership of our common stock
Our certificate of incorporation includes a “corporate opportunity” provision in which Match Group and its affiliates renounce any interests or expectancy in corporate opportunities which become known to any of Match Group’s directors or officers who are also officers or directors of IAC.Generally, Match Group’s officers or directors who are also IAC’s officers or directors will not be liable to Match Group or its stockholders for breach of any fiduciary duty because such person fails to communicate or offer to Match Group a corporate opportunity that has been communicated or offered to IAC, that may also be a corporate opportunity of Match Group or because such person communicates or offers to IAC any corporate opportunity that may also be a corporate opportunity of Match Group. In order for any Match Group director or officer who is also an IAC director or officer not to be liable to Match Group or its stockholders, such opportunity cannot become known to the officer or director in his or her capacity as a Match Group director or officer and cannot be presented to any party other than IAC. In addition, such officer or director cannot pursue such an opportunity in his or her individual capacity. The corporate opportunity provision may exacerbate conflicts of interest between Match Group and IAC because the provision effectively permits any of Match Group’s directors or officers who also serve as an officer or director of IAC to choose to direct a corporate opportunity to IAC instead of to Match Group.","2026-03-16T06:42:29.670418Z","2025-02-27",0.9933,"Corporate Governance",1370,"Corporate Governance",4.011,"MTCH_2025_RISK_074","Risks relating to ownership of our common stock","Risks relating to our indebtedness","MTCH","2026-03-16T06:42:29.670428Z"
2366,"1",2135,"Risks Related to the Multiple Class Structure of our Common Stock, the Founder Voting Trust Agreement, and the Founder Voting Agreement
Shares of our Class F common stock will not convert into shares of our Class B common stock, and our multi-class structure will not terminate, solely because our Founders and certain of their affiliates do not satisfy this Ownership Threshold on the applicable record date. Upon the withdrawal, or removal, of one or more of our Founders from the Founder Voting Agreement (including as a result of death or disability), the Ownership Threshold that must be met on the applicable record date will be reduced on a pro rata basis based on the ownership of Corporation Equity Securities (which excludes Designated Founders’ Excluded Shares) of the Founders and certain of their affiliates as of August 10, 2020, which could substantially decrease the Ownership Threshold without reducing the effective voting power of the Class F common stock. Accordingly, our Founders who are then party to the Founder Voting Agreement will be able to achieve substantial liquidity in their holdings, and substantially diminish their economic interest in us, without diminishing their voting power. Furthermore, meeting the Ownership Threshold on the applicable record date will not ensure that the Founders and their affiliates do not or will not have differing economic interests from the interests of holders of the Class A common stock. For example, the Founder Voting Agreement does not prohibit a Founder from hedging his economic exposure to our common stock; however, we have implemented a policy that will prohibit hedging by our directors, officers and employees, which currently includes the Founders. In addition, the trustee will vote shares of Class F common stock in accordance with the decision of a majority in number of the Founders who are then party to the Founder Voting Agreement, regardless of such Founders’ relative ownership of any class of our common stock. In August 2020, we granted two of our Founders, Mr. Karp, our Chief Executive Officer and a member of our Board of Directors, and Mr.","2026-03-16T06:42:35.141724Z","2025-02-18",0.995,"Corporate Governance",1371,"Corporate Governance",4.956,"PLTR_2025_RISK_235","Risks Related to the Multiple Class Structure of our Common Stock, the Founder Voting Trust Agreement, and the Founder Voting Agreement","Risks Related to Our Business and Industry","PLTR","2026-03-16T06:42:35.141735Z"
2367,"1",1570,"Because we are a “controlled company” within the meaning of NYSE rules and, as a result, qualify for, and rely on, exemptions from certain corporate governance requirements, holders of Class C Common Stock do not have the same protections afforded to stockholders of companies that are subject to such requirements.
We are a “controlled company” within the meaning of NYSE rules because the MD stockholders hold common stock representing more than 50% of the voting power in the election of directors.  As a controlled company, we may elect not to comply with certain corporate governance requirements under NYSE rules, including the requirements that we have a board composed of a majority of “independent directors,” as defined under NYSE rules, and that we have a compensation committee and a nominating/corporate governance committee each composed entirely of independent directors.  Although we currently maintain a board composed of a majority of independent directors, we currently utilize the exemptions relating to committee composition and expect to continue to utilize those exemptions.  As a result, none of the committees of the board of directors, other than the audit committee, consists entirely of independent directors.  Further, we may decide in the future to change our board membership so that the board is not composed of a majority of independent directors.  Accordingly, holders of Class C Common Stock do not have the same protections afforded to stockholders of companies that are subject to all of the NYSE’s corporate governance requirements.","2026-03-16T06:42:38.047733Z","2021-03-26",0.9955,"Corporate Governance",1372,"Corporate Governance",2.378,"DELL_2021_RISK_049","Because we are a “controlled company” within the meaning of NYSE rules and, as a result, qualify for, and rely on, exemptions from certain corporate governance requirements, holders of Class C Common Stock do not have the same protections afforded to stockholders of companies that are subject to such requirements.","Risks Relating to Our Business and Our Industry","DELL","2026-03-16T06:42:38.047742Z"
2368,"1",1119,"Governance
Our CTO leads our Business Technology organization and our cybersecurity risk management program in coordination with our CRO. The Business Technology team is responsible for assessing, identifying, and managing risks from cybersecurity threats. Our CTO and CRO regularly receive briefings on cybersecurity matters, and in turn our CTO regularly reports to the Audit Committee on such matters. Our CRO regularly reports on enterprise risks facing the Company to the ERMC. Our CTO  and our CRO have several years of experience in leading and managing risk oversight for global organizations. Our Board oversees Bunge’s approach to risk management. Our Board has established a dedicated Board committee, the Enterprise Risk Management Committee, which enables greater focus at the Board level on risk oversight tailored to our business and industries. Additionally, each of our other Board committees is responsible for considering risks within its area of responsibility. The Board has delegated oversight and review of risks related to cybersecurity and information technology systems to the Audit Committee.","2026-03-16T06:42:40.721657Z","2026-02-19",0.9927,"Corporate Governance",1373,"Corporate Governance",2.137,"BG_2026_RISK_083","Governance","Governance","BG","2026-03-16T06:42:40.721668Z"
2369,"1",1267,"Risks Associated with the Proposed Transaction with Qorvo
Therefore, there can be no assurance that the Mergers will be completed in the expected timeframe (early in calendar year 2027), or at all. The Merger Agreement may be terminated under certain circumstances, including that either party may terminate if the Mergers are not completed by April 27, 2027, which date may be extended to July 27, 2027, and to October 27, 2027, in each case under certain circumstances as provided in the Merger Agreement (the “Outside Date”). Upon termination of the Merger Agreement, each party under specified circumstances, including termination by such party to accept a Superior Proposal (as defined in the Merger Agreement) or termination by the other party upon a change in such party’s board of directors’ recommendation to its stockholders, will be required to pay the other party a termination fee of $298.7 million. Alternatively, we, under specified circumstances, including termination following an injunction arising in connection with certain antitrust or foreign investment laws, or failure to receive certain required regulatory approvals of specified governmental authorities by the Outside Date, will be required to pay Qorvo a termination fee of $100.0 million.","2026-03-16T06:42:44.998122Z","2025-11-07",0.9855,"Corporate Governance",1374,"Corporate Governance",3.77,"SWKS_2025_RISK_012","Risks Associated with the Proposed Transaction with Qorvo","Risks Associated with the Proposed Transaction with Qorvo","SWKS","2026-03-16T06:42:44.998132Z"
2370,"1",677,"Information about our Executive Officers
Soriano served in increasing roles of responsibility at Becton Dickinson and Company, including as Global Vice President, General Manager, Microbiology from 2020 to 2023; U.S. Vice President, General Manager, Diabetes Care; Senior Vice President, Global Marketing and Strategy; and Vice President, Strategic Marketing. Previously, she worked at Johnson & Johnson, the Coca Cola Company and Citibank, N.A. Ms. Soriano currently serves as a member of the board of directors of ScionHealth. All executive officers hold office until their respective successors are elected and qualified or until their earlier death, resignation or removal.","2026-03-16T06:42:47.958537Z","2026-02-12",0.9943,"Corporate Governance",1375,"Corporate Governance",2.395,"BAX_2026_RISK_106","Information about our Executive Officers","Risks Relating to Our Common Stock","BAX","2026-03-16T06:42:47.958562Z"
2371,"1",398,"BPLP’s Partnership Agreement
We may change our policies without obtaining the approval of our stockholders. Our operating and financial policies, including our policies with respect to acquisitions of real estate, growth, operations, indebtedness, capitalization and dividends, are exclusively determined by BXP’s Board of Directors.  Accordingly, our securityholders do not control these policies.","2026-03-16T06:42:54.403440Z","2024-02-27",0.9884,"Corporate Governance",1376,"Corporate Governance",5.901,"BXP_2024_RISK_090","BPLP’s Partnership Agreement","BPLP’s Partnership Agreement","BXP","2026-03-16T06:42:54.403448Z"
2372,"1",1066,"Global, regional and local events outside of our control, including geopolitical events and natural
In addition to the provisions related to our Series I preferred stock and Series I preferred stockholder described in this report, certain provisions in our certificate of incorporation and bylaws may discourage, delay or prevent a merger or acquisition that a stockholder may consider favorable by, for example:•permitting our board of directors to issue one or more series of preferred stock;•requiring advance notice for stockholder proposals and nominations if at any time stockholders other than the Series I preferred stockholder are permitted to submit proposals and nominations; •restricting the ability of any stockholder other than the Series I preferred stockholder that acquires 20% or more of any class of stock then outstanding to vote such stock without the consent of our board of directors; and•placing limitations on convening stockholder meetings. These provisions may also discourage acquisition proposals or delay or prevent a change in control.","2026-03-16T06:43:04.484464Z","2026-02-27",0.9934,"Corporate Governance",1377,"Corporate Governance",9.542,"KKR_2026_RISK_152","Global, regional and local events outside of our control, including geopolitical events and natural","Risks Related to Our Business","KKR","2026-03-16T06:43:04.484475Z"
2373,"1",1323,"Delaware law, provisions in our certificate of incorporation and bylaws, and our capital structure could make a merger, takeover attempt or change in control difficult.
Provisions contained in our certificate of incorporation and bylaws and our capital structure could delay or prevent a merger, takeover attempt or change in control that our stockholders may consider favorable. For example, except for limited exceptions:•no person may beneficially own more than 15 percent of our class A common stock (or 15 percent of our total outstanding common stock on an as-converted basis), unless our board of directors approves the acquisition of such shares in advance;•no competitor or an affiliate of a competitor may hold more than 5 percent of our total outstanding common stock on an as-converted basis;•the affirmative votes of the class B and C common stock and series A, B and C preferred stock are required for certain types of consolidations or mergers;•our stockholders may only take action during a stockholders’ meeting and may not act by written consent; and•only the board of directors, Chairman, or CEO or any stockholders who have owned continuously for at least one year not less than 15 percent of the voting power of all shares of class A common stock outstanding may call a special meeting of stockholders.","2026-03-16T06:43:13.389065Z","2022-11-16",0.9942,"Corporate Governance",1378,"Corporate Governance",8.372,"V_2022_RISK_054","Delaware law, provisions in our certificate of incorporation and bylaws, and our capital structure could make a merger, takeover attempt or change in control difficult.","Structural and Organizational Risks","V","2026-03-16T06:43:13.389076Z"
2374,"1",1897,"RISKS RELATED TO OUR FINANCIAL PERFORMANCE
In October 2021, our Board authorized KDP to repurchase up to $4 billion of our outstanding common stock over a four-year period, beginning on January 1, 2022, potentially enabling us to return value to shareholders. Our repurchase program does not obligate us to repurchase any specific dollar amount or to acquire any specific number of shares. Under the terms of our share repurchase program, shares may be repurchased from time to time in open market transactions at prevailing market prices, in privately negotiated transactions, or by other means (including through the use of trading plans intended to qualify under Rule 10b5-1 under the Exchange Act) in accordance with federal securities laws. We may fund our share repurchases through cash flow from operations, borrowings, a combination of the two, or other sources of liquidity. The actual manner, timing, amount, value and counterparties of any repurchases under the program will be determined at our discretion and will depend on a number of factors, including the market price of our common stock, trading volume, other capital management objectives and opportunities, applicable legal requirements, applicable tax effects, and general market and economic conditions. We cannot guarantee that we will repurchase shares (or the terms or amount of any such repurchase) or conduct future share repurchase programs, and we cannot guarantee that any such programs will result in long-term increases to shareholder value. The existence of our stock repurchase program could also cause the price of our common stock to be higher than it would be in the absence of such a program and could potentially reduce the market liquidity for our common stock. Additionally, significant changes in laws or regulations may reduce our ability or inclination to take advantage of our share repurchase program.","2026-03-16T06:43:17.756656Z","2025-02-25",0.8885,"Corporate Governance",1379,"Corporate Governance",3.852,"KDP_2025_RISK_035","RISKS RELATED TO OUR FINANCIAL PERFORMANCE","RISKS RELATED TO OUR FINANCIAL PERFORMANCE","KDP","2026-03-16T06:43:17.756687Z"
2375,"1",983,"Risks Relating to Our Stock
The timing, declaration, amount and payment of any future dividends fall within the discretion of our Board and depend on many factors, including our available cash, estimated cash needs, cash deployment alternatives, earnings, financial condition, operating results and capital requirements, as well as limitations in our contractual agreements, applicable law, regulatory constraints, industry practice and other business considerations that our Board considers relevant. In addition, the timing and amount of share repurchases under Board-approved share repurchase plans is within the discretion of management and will depend on many factors, including results of operations, capital requirements and applicable law. Our payment of dividends and share repurchases could vary from historical practices or our stated expectations. A change in our dividend or share repurchase programs could have an adverse effect on the market price of our common stock.","2026-03-16T06:43:22.337151Z","2022-02-15",0.8292,"Corporate Governance",1380,"Corporate Governance",4.045,"LDOS_2022_RISK_091","Risks Relating to Our Stock","Risks Relating to Our Stock","LDOS","2026-03-16T06:43:22.337162Z"
2376,"1",1896,"Risk Management and Strategy
Under the leadership of our CDIO and CISO, and with oversight, as appropriate, from the Board’s Audit Committee, we have developed a Cybersecurity Incident Response Process (the “Response Process”), which sets forth a framework for the actions to be taken in response to a cybersecurity incident and includes appropriate escalations to the Company’s senior management, including our ECCRT (as defined below), and the Board. Under the guidance of our CISO, the Response Process is routinely evaluated, tested and updated as appropriate. In addition to our Response Process, which is employed in the event of a cybersecurity incident, we take preventative measures that are designed to mitigate the likelihood and prevalence of cybersecurity incidents. For example, we believe that enterprise-wide cybersecurity and privacy training serve an important role in risk reduction. Accordingly, we require employees to complete periodic access-based and role-based privacy and cybersecurity training. These trainings are routinely updated to reflect changes in the threat environment, assessment, and/or audit findings, laws, and regulations. We also engage and educate employees through cybersecurity and privacy awareness programs and communication campaigns. We recognize that our cybersecurity risk profile extends beyond our organization. As such, we strive to manage cybersecurity risks associated with our third-party business partners and external users of our systems. Our third-party business partner risk management program is built upon, informed by, and responsive to industry best practices. This program is designed to conduct appropriate due diligence on the third-party business partners with whom we engage and conduct business, as well as on the systems and the cybersecurity controls of such third-party business partners. Specifically, to evaluate third-","2026-03-16T06:43:45.101075Z","2025-11-25",0.8959,"Corporate Governance",1381,"Corporate Governance",9.701,"COR_2025_RISK_086","Risk Management and Strategy","Risk Management and Strategy","COR","2026-03-16T06:43:45.101091Z"
2377,"1",846,"Cybersecurity
We have a longstanding information security risk management framework structured according to the National Institute of Standards and Technology Cybersecurity Framework, industry best practices, privacy legislation, and other global and local standards and regulations. This risk management framework is under the specific oversight of the Company’s Vice President and Chief Information Officer (the “CIO”) and includes a defense-in-depth approach with multiple layers of security controls, including network segmentation, security monitoring, endpoint protection, and identity and access management, as well as data protection best practices and data loss prevention controls. Our Audit and Finance Committee is updated on the overall performance of our information security risk management framework on an annual basis by the CIO.","2026-03-16T06:43:57.956220Z","2025-02-25",0.8213,"Corporate Governance",1382,"Corporate Governance",12.321,"WAT_2025_RISK_038","Cybersecurity","Cybersecurity","WAT","2026-03-16T06:43:57.956231Z"
2378,"1",1048,"General Risks
We cannot assure you we will continue paying dividends at the current rates, or at all. We cannot assure you we will continue periodic dividends on our capital stock at the current rates, or at all.  Any quarterly dividends on our common stock will be paid from funds legally available for such purpose when, and if, declared by our Board of Directors.  Decisions on whether, when and in which amounts to continue making any future dividend distributions will remain at all times entirely at the discretion of our Board of Directors, which reserves the right to change or terminate our dividend practices at any time and for any reason without prior notice.  Holders of our common stock should be aware they have no contractual or other legal right to receive dividends. Similarly, holders of our common stock should be aware that repurchases of our common stock under any repurchase plan then in effect are completely discretionary and may be suspended or discontinued at any time for any reason regardless of our financial position.","2026-03-16T06:44:08.114094Z","2022-02-25",0.9798,"Corporate Governance",1383,"Corporate Governance",3.761,"POOL_2022_RISK_038","General Risks","General Risks","POOL","2026-03-16T06:44:08.114105Z"
2379,"1",121,"Governance
policies governing the processes by which our CEO and senior management assess our exposure to risk, including","2026-03-16T06:44:12.072679Z","2025-02-14",0.9696,"Corporate Governance",1384,"Non-ESG",3.411,"LHX_2025_RISK_042","Governance","Governance","LHX","2026-03-16T06:44:12.072689Z"
2380,"1",1920,"Market and Industry Risks
See also “As a leading global manufacturing business, we have been, and may be in the future, adversely affected by factors that are beyond our control, such as economic and financial market conditions, geopolitical conflicts and other social and political unrest or change” and “We are exposed to risks related to our international sales and operations.” The Company’s maintenance of two exchange listings may adversely affect liquidity in the market for our shares and result in pricing differentials of our shares between the two exchanges. Given trading in our shares on the NYSE and the LSE takes place in different currencies (U.S. dollars on the NYSE and pounds sterling on the LSE) and at different times (resulting from different time zones, different trading hours and different trading days for the NYSE and the LSE), the trading prices of our shares on these two exchanges may at times differ due to these and other factors. Any decrease in the price of our ordinary shares on the NYSE could cause a decrease in the trading price of our ordinary shares on the LSE and vice versa. Risks Related to Our Incorporation in IrelandWe are incorporated in Ireland and Irish law differs from the laws in effect in the U.S. and might afford less protection to our shareholders. As an Irish company, we are governed by the Irish Companies Act. The Irish Companies Act differs in some significant, and possibly material, respects from laws applicable to U.S. corporations and shareholders under various state corporation laws, including the provisions relating to interested directors, mergers and acquisitions, takeovers, shareholder lawsuits and indemnification of directors. Irish law differs from the laws in effect in the U.S., and our shareholders could have more difficulty protecting their interests than shareholders of a corporation incorporated in a jurisdiction of the U.S. The U.S.","2026-03-16T06:44:26.902214Z","2025-03-07",0.9738,"Corporate Governance",1385,"Non-ESG",14.298,"SW_2025_RISK_057","Market and Industry Risks","Market and Industry Risks","SW","2026-03-16T06:44:26.902234Z"
2381,"1",691,"Risks Related to our Debt and Equity Securities
In addition, the provisions of Section 203 of the Delaware General Corporate Law may prohibit large stockholders, in particular those owning 15% or more of our outstanding common stock, from engaging in certain business combinations, without approval of substantially all of our stockholders, for a certain period of time. These provisions in our certificate of incorporation, our bylaws and under Delaware law could discourage potential takeover attempts, reduce the price that investors might be willing to pay for shares of our common stock in the future and result in the market price being lower than it would be without these provisions.","2026-03-16T06:44:33.071116Z","2023-02-13",0.9653,"Corporate Governance",1386,"Corporate Governance",5.638,"ENPH_2023_RISK_155","Risks Related to our Debt and Equity Securities","Risks Related to our Financial Condition and Liquidity","ENPH","2026-03-16T06:44:33.071124Z"
2382,"1",2015,"Risks Related to Income Tax
The failure of Prologis, Inc. to qualify as a REIT would have serious adverse consequences. Prologis, Inc. elected to be taxed as a REIT under Sections 856 through 860 of the IRC commencing with the taxable year ended December 31, 1997. We believe Prologis, Inc. has been organized and operated to qualify as a REIT under the IRC and believe that the current organization and method of operation comply with the rules and regulations promulgated under the IRC to enable Prologis, Inc. to continue to qualify as a REIT. However, it is possible that we are organized or have operated in a manner that would not allow Prologis, Inc. to qualify as a REIT, or that our future operations could cause Prologis, Inc. to fail to qualify. Qualification as a REIT requires us to satisfy numerous requirements (some annually and others on a quarterly basis) established under highly technical and complex sections of the IRC for which there are only limited judicial and administrative interpretations and involves the determination of various factual matters and circumstances not entirely within our control. For example, to qualify as a REIT, Prologis, Inc. must derive at least 95% of its gross income in any year from qualifying sources. In addition, Prologis, Inc. must pay dividends to its stockholders aggregating annually at least 90% of its taxable income (determined without regard to the dividends paid deduction and by excluding capital gains) and must satisfy specified asset tests on a quarterly basis. Historically, we have satisfied these distribution requirements by making cash distributions to our stockholders, but we may choose to satisfy these requirements by making distributions of cash or other property, including, in limited circumstances, our own stock. The provisions of the IRC and applicable Treasury regulations regarding qualification as a REIT are more complicated for Prologis, Inc. because we hold substantially all of our assets through the OP.If Prologis, Inc.","2026-03-16T06:44:49.895982Z","2024-02-13",0.8325,"Corporate Governance",1387,"Non-ESG",16.275,"PLD_2024_RISK_051","Risks Related to Income Tax","Risks Related to Income Tax","PLD","2026-03-16T06:44:49.895990Z"
2383,"1",1466,"Cybersecurity.
Third-party service providers must meet baseline security requirements before they connect to our systems or manage sensitive information. They are evaluated based on risk, which is based on financial, operational, legal/regulatory, capacity, cybersecurity posture, and reputational impact. Additionally, high risk third-party service providers are continuously monitored for security health and active threats. We recognize the risk posed by global cybersecurity threats, and our Board is regularly updated on emerging risks and maintains oversight of our cybersecurity program implemented to address them. In 2025, management provided a detailed cybersecurity update to the Board and led discussions on specific cybersecurity and process control topics at its May meeting. While management is responsible for assessing and managing our day-to-day risks and control systems, the Audit Committee of the Board oversees our information technology and cybersecurity risks. The Committee conducts a comprehensive review of cybersecurity topics and reviews our programs and practices with management at least annually, and receives management’s report on our cybersecurity dashboard, which summarizes key security metrics and activities, at each quarterly Committee meeting. To further advance cybersecurity awareness, we adopted behavior-based education that helps improve employee’s performance identifying and reporting fraudulent email and voice fraud.","2026-03-16T06:45:00.636573Z","2026-02-20",0.9777,"Corporate Governance",1388,"Product Liability",10.212,"LYB_2026_RISK_065","Cybersecurity.","General Risk Factors","LYB","2026-03-16T06:45:00.636583Z"
2384,"1",964,"Cybersecurity Strategy and Risk Management
When a cybersecurity threat or incident is identified, our policy is to review and triage the threat or incident, and to then manage it to conclusion in accordance with our cybersecurity incident response processes.  When a cybersecurity incident is determined to be significant, it is addressed by management committees using processes that leverage subject-matter expertise from across the Company.  Further, we have in the past and may in the future engage with third-party advisors and government and law enforcement agencies as part of our incident management processes.  All cybersecurity incidents that are identified as reasonably having the potential to be highly significant to the Company are brought to the attention of both the Chief Enterprise Technology Officer and Chief Policy Officer and General Counsel by the Chief Information Security Officer as part of our cybersecurity incident response processes.","2026-03-16T06:45:07.958791Z","2025-02-06",0.9198,"Corporate Governance",1389,"Corporate Governance",6.79,"F_2025_RISK_059","Cybersecurity Strategy and Risk Management","Legal and Regulatory Risks","F","2026-03-16T06:45:07.958804Z"
2385,"1",1925,"Risks Relating to Income Taxes and REIT Rules
If the applicable REIT does not have other funds available in these situations, it could be required to access capital on unfavorable terms (the receipt of which cannot be assured), sell assets at disadvantageous prices, distribute amounts that would otherwise be invested in future acquisitions, capital expenditures or repayment of debt, or make taxable distributions of capital stock or debt securities to make distributions sufficient to enable it to pay out enough of its REIT taxable income to satisfy the REIT distribution requirement and avoid corporate income tax and the 4% excise tax in a particular year. These alternatives could increase costs or reduce our equity. Further, amounts distributed will not be available to fund the growth of our business. Thus, compliance with the REIT requirements may adversely affect our liquidity and our ability to execute our business plan. Partnership tax audit rules could have a material adverse effect on us. Under the rules applicable to U.S. federal income tax audits of partnerships, subject to certain exceptions, any audit adjustment to items of income, gain, loss, deduction, or credit of a partnership (and any partner’s distributive share thereof) is determined, and taxes, interest, or penalties attributable thereto could be assessed and collected, at the partnership level. Absent available elections, it is possible that a partnership in which we directly or indirectly invest could be required to pay additional taxes, interest and penalties as a result of an audit adjustment, and we, as a direct or indirect partner of these partnerships, could be required to bear the economic burden of those taxes, interest, and penalties even though Simon and the Subsidiary REITs, as REITs, may not otherwise have been required to pay additional corporate-level taxes had they owned the assets of the partnership directly.","2026-03-16T06:45:15.497978Z","2024-02-22",0.8051,"Corporate Governance",1390,"Non-ESG",6.999,"SPG_2024_RISK_046","Risks Relating to Income Taxes and REIT Rules","Summary of Risk Factors","SPG","2026-03-16T06:45:15.497992Z"
2386,"1",918,"We cannot predict or reasonably estimate the impact of any potential long-term changes to the healthcare industry from global economic and political events, including any future pandemics. For example, there is potential for a shift in the U.S. payer channel mix due to changes in patient coverage from the current economic crisis, but we are not able to reliably estimate what the impact would be on our results of operations given the highly variable and uncertain situation. It is also possible that changes in the
Our amended bylaws designate the Court of Chancery of the State of Delaware as the sole and exclusive forum for certain lawsuits between us and our stockholders, which could limit our stockholders’ ability to obtain a judicial forum that it finds favorable for such lawsuits and make it more costly for our stockholders to bring such lawsuits, which may have the effect of discouraging such lawsuits.","2026-03-16T06:45:34.884546Z","2024-02-13",0.8281,"Corporate Governance",1391,"Non-ESG",18.866,"BMY_2024_RISK_070","We cannot predict or reasonably estimate the impact of any potential long-term changes to the healthcare industry from global economic and political events, including any future pandemics. For example, there is potential for a shift in the U.S. payer channel mix due to changes in patient coverage from the current economic crisis, but we are not able to reliably estimate what the impact would be on our results of operations given the highly variable and uncertain situation. It is also possible that changes in the","Market, Liquidity and Credit Risks","BMY","2026-03-16T06:45:34.884556Z"
2387,"1",486,"Risks Related to Ownership of Our Common Stock
Our amended and restated certificate of incorporation provides that the Court of Chancery of the State of Delaware and, to the extent enforceable, the federal district courts of the United States of America are the exclusive forums for substantially all disputes between us and our stockholders, which could limit our stockholders’ ability to obtain a favorable judicial forum for disputes with us or our directors, officers, or employees.","2026-03-16T06:45:44.094967Z","2023-02-21",0.9654,"Corporate Governance",1392,"Non-ESG",8.66,"UBER_2023_RISK_193","Risks Related to Ownership of Our Common Stock","Financing and Transactional Risks","UBER","2026-03-16T06:45:44.094978Z"
2388,"1",1208,"RISKS RELATING TO OUR BUSINESS
corporate income tax rate and the 30% branch profits tax rate is a net tax rate of 44.7%. The imposition of these taxes would reduce our net income. Group and/or Bermuda Re may become subject to Bermuda tax, which would reduce our net income. Group and Bermuda Re are not subject to income or profits tax, withholding tax or capital gains taxes in Bermuda. Both companies have received an assurance from the Bermuda Minister of Finance under The Exempted Undertakings Tax Protection Amendment Act of 2011 to the effect that if any legislation is enacted in Bermuda that imposes any tax computed on profits or income, or computed on any capital asset, gain or appreciation, or any tax in the nature of estate duty or inheritance tax, then that tax will not apply to us or to any of our operations or our shares, debentures or other obligations until March 31, 2035. This assurance does not prevent the application of any of those taxes to persons ordinarily resident in Bermuda and does not prevent the imposition of any tax payable in accordance with the provisions of The Land Tax Act 1967 of Bermuda or otherwise payable in relation to any land leased to Group or Bermuda Re.","2026-03-16T06:45:50.824447Z","2022-02-28",0.8947,"Corporate Governance",1393,"Non-ESG",6.191,"EG_2022_RISK_038","RISKS RELATING TO OUR BUSINESS","RISKS RELATING TO OUR BUSINESS","EG","2026-03-16T06:45:50.824458Z"
2389,"1",213,"Risks Relating to Our Business and Industry
Actions of activist stockholders could impact the pursuit of our business strategies and adversely affect our results of operations, financial condition, or stock price.","2026-03-16T06:45:57.366251Z","2026-02-23",0.968,"Corporate Governance",1394,"Non-ESG",6.0,"CCI_2026_RISK_056","Risks Relating to Our Business and Industry","Risks Relating to Our Business and Industry","CCI","2026-03-16T06:45:57.366261Z"
2390,"1",2032,"Risks related to ownership of our common stock
Pursuant to by-laws, unless we consent in writing to the selection of an alternative forum, the Court of Chancery of the State of Delaware is the sole and exclusive forum for state law claims for (1) any derivative action or proceeding brought on our behalf, (2) any action asserting a claim of or based on a breach of a fiduciary duty owed by any of our current or former directors, officers, or other employees to us or our shareholders, (3) any action asserting a claim against us or any of our current or former directors, officers, employees or shareholders arising pursuant to any provision of the Delaware General Corporation Law or our by-laws or (4) any action asserting a claim governed by the internal affairs doctrine (the Delaware Forum Provision). The Delaware Forum Provision will not apply to any causes of action arising under the Securities Act or the Exchange Act. Our by-laws further provide that the U.S. District Court for the District of Massachusetts is the exclusive forum for resolving any complaint asserting a cause of action arising under the Securities Act (the Federal Forum Provision). Our by-laws provide that any person or entity purchasing or otherwise acquiring any interest in shares of our common stock is deemed to have notice of and consented to the Delaware Forum Provision and the Federal Forum Provision. The Delaware Forum Provision and the Federal Forum Provision may impose additional litigation costs on shareholders in pursuing any such claims, particularly if the shareholders do not reside in or near the State of Delaware or the Commonwealth of Massachusetts, as applicable. Additionally, the forum selection clauses in our by-laws may limit our shareholders’ ability to obtain a favorable judicial forum for disputes with us or our directors, officers or employees, which may discourage the filing of lawsuits against us and our directors, officers and employees, even though an action, if successful, might benefit our shareholders.","2026-03-16T06:46:09.378115Z","2026-02-20",0.9772,"Corporate Governance",1395,"Corporate Governance",11.472,"MRNA_2026_RISK_174","Risks related to ownership of our common stock","Risks related to our business and operations","MRNA","2026-03-16T06:46:09.378125Z"
2391,"1",2002,"Risks Related to the Spin-Off and Solventum’s Relationship with 3M
Under current U.S. federal income tax law, a spin-off that otherwise qualifies for tax-free treatment can be rendered taxable to the parent corporation and its shareholders as a result of certain post-spin-off transactions, including certain acquisitions of shares or assets of the spun-off corporation. To preserve the tax-free treatment of the distribution and certain related transactions, and in addition to Solventum’s indemnity obligation described below, the Tax Matters Agreement restricts Solventum, for the two-year period following the distribution, except in specific circumstances, from (1) entering into any transaction pursuant to which all or a portion of the shares of Solventum stock would be acquired, whether by merger or otherwise; (2) issuing equity securities beyond certain thresholds; (3) repurchasing shares of Solventum stock other than in certain open-market transactions; and (4) ceasing to actively conduct certain of Solventum’s businesses. Further, the Tax Matters Agreement imposes similar restrictions on Solventum and its subsidiaries that are intended to prevent certain transactions undertaken as part of the internal reorganization from failing to qualify as transactions that are generally tax-free for U.S. federal income tax purposes under Sections 355 and 368(a)(1)(D) of the Code or for applicable non-U.S. income tax purposes. The Tax Matters Agreement also prohibits Solventum from taking or failing to take any other action that would prevent the distribution and certain related transactions (or certain transactions undertaken as part of the internal reorganization) from qualifying as tax-free transactions under applicable law. These restrictions may limit Solventum’s ability to pursue certain equity issuances, strategic transactions or other transactions that it may otherwise believe to be in the best interests of its shareholders or that might increase the value of its business.","2026-03-16T06:47:01.669238Z","2025-02-28",0.9367,"Corporate Governance",1396,"Non-ESG",44.195,"SOLV_2025_RISK_014","Risks Related to the Spin-Off and Solventum’s Relationship with 3M","Summary of Risk Factors","SOLV","2026-03-16T06:47:01.669249Z"
2392,"1",1363,"Risks Related to Ownership of Our Class A Common Stock
Sales of a substantial number of shares of our Class A common stock in the public market, including shares of Class A stock that have been converted from shares of Class B common stock, and particularly sales by our directors, executive officers and significant stockholders, or the perception that these sales could occur, could adversely affect the market price of our Class A common stock. As of February 28, 2022, we had 210,058,133 shares of Class A common stock outstanding and 20,709,727 shares of Class B common stock outstanding. In addition, certain holders of our Class B common stock are entitled to rights with respect to registration of these shares under the Securities Act pursuant to our amended and restated registration rights agreement. If these holders of our Class B common stock, by exercising their registration rights, sell a large number of shares, they could adversely affect the market price for our Class A common stock. We may also issue our shares of Class A common stock or securities convertible into shares of our Class A common stock from time to time in connection with a financing, acquisition, investments or otherwise. Any such issuance could result in substantial dilution to our existing stockholders and cause the market price of our Class A common stock to decline.","2026-03-16T06:47:06.925772Z","2022-03-16",0.9214,"Corporate Governance",1397,"Corporate Governance",4.744,"CRWD_2022_RISK_113","Risks Related to Ownership of Our Class A Common Stock","Risks Related to Our Business and Industry","CRWD","2026-03-16T06:47:06.925783Z"
2393,"1",1136,"Business and Operational Risks
Dispositions may also involve continued financial involvement in the divested business, such as through continuing equity ownership, guarantees, indemnities or other financial obligations. Under these arrangements, performance by the divested businesses or other conditions outside of our control could affect our future financial results.•Our certificate of incorporation and bylaws could make it difficult or discourage an acquisition of Hewlett Packard Enterprise if our Board of Directors deems it to be undesirable. Provisions such as indemnification, meeting requirements, and blank check stock authorizations could deter or delay hostile takeovers, proxy contests, or changes in control or management of Hewlett Packard Enterprise. Management’s attention or other resources may be diverted during business combination and investment transactions and may be further impacted if we fail to successfully complete or integrate business combination and investment transactions that further our strategic objectives. See also the risk factors below under the heading “Risks Related to Prior Separations.”","2026-03-16T06:47:10.354732Z","2024-12-19",0.9773,"Corporate Governance",1398,"Corporate Governance",2.87,"HPE_2024_RISK_039","Business and Operational Risks","Business and Operational Risks","HPE","2026-03-16T06:47:10.354753Z"
2394,"1",1649,"Investment-Related Risks
We have complied with Section 404 of the Sarbanes-Oxley Act of 2002 by assessing, strengthening and testing our system of internal controls. Even though we concluded our internal control over financial reporting and disclosure controls and procedures were effective as of the end of the period covered by this report, we need to continue to maintain our processes and systems and adapt them to changes as our business evolves and we rearrange management responsibilities and reorganize our business. This continuous process of maintaining and adapting our internal controls and complying with Section 404 is expensive and time-consuming and requires significant management attention. We cannot be certain that our internal control measures will continue to provide adequate control over our financial processes and reporting and ensure compliance with Section 404. Furthermore, as our business changes, including by expanding our operations in different markets, increasing reliance on channel partners and completing acquisitions, our internal controls may become more complex and we will be required to expend significantly more resources to ensure our internal controls remain effective. Failure to implement required new or improved controls, or difficulties encountered in their implementation, could harm our operating results or cause us to fail to meet our reporting obligations. If we or our independent registered public accounting firm identify material weaknesses, the disclosure of that fact, even if quickly remediated, could reduce the market's confidence in our financial statements and harm our stock price.","2026-03-16T06:47:29.490930Z","2022-02-28",0.9237,"Corporate Governance",1399,"Corporate Governance",18.584,"AKAM_2022_RISK_074","Investment-Related Risks","Investment-Related Risks","AKAM","2026-03-16T06:47:29.490941Z"
2395,"1",476,"Legal, Regulatory, Compliance, and Reputational Risks
The Company’s Bylaws designate specific courts as the exclusive forum for certain legal actions between the Company and its Shareholders, which could increase costs to bring a claim, discourage claims, or limit the ability of the Company’s Shareholders to bring a claim in a judicial forum viewed by the Shareholders as more favorable for disputes with the Company or the Company’s directors, officers, or other Employees.","2026-03-16T06:47:46.958186Z","2024-02-06",0.9571,"Corporate Governance",1400,"Corporate Governance",16.92,"LUV_2024_RISK_077","Legal, Regulatory, Compliance, and Reputational Risks","Information Technology Risks","LUV","2026-03-16T06:47:46.958206Z"
2396,"1",504,"Governance
We have in place an incident response plan to identify, protect, detect, respond to, and recover from cybersecurity threats and incidents. The Information Security Risk Council, Executive Leadership, the Audit Committee, and the Board are notified of any material cybersecurity incidents through an established escalation process. Additionally, we maintain a qualified third-party vendor relationship which is available to the team for on-demand incident response and investigation, as needed.","2026-03-16T06:47:49.706392Z","2026-02-05",0.949,"Corporate Governance",1401,"Corporate Governance",2.201,"FAST_2026_RISK_035","Governance","Governance","FAST","2026-03-16T06:47:49.706412Z"
2397,"1",1943,"INFORMATION ABOUT OUR EXECUTIVE OFFICERS
Clark was named Senior Vice President and Chief Marketing Officer in June 2011. She previously served as Senior Vice President of Marketing and Business Development for AmerisourceBergen Specialty Group from January 2007 to June 2011. Prior to joining the Company, she worked in executive leadership roles at Premier Inc. and HealthSouth, including Senior Vice President of Marketing and Alliance Relations, Group Vice President of Relationship Management, and Senior Vice President of Managed Care and National Contracting. Mr. Cleary has been Executive Vice President since March 2015 and became Chief Financial Officer in November 2018. He served as Group President, Global Commercialization Services & Animal Health from June 2017 to November 2018. He previously served as President, MWI Animal Health from March 2015 to June 2017. Prior to joining the Company, he was President and Chief Executive Officer of MWI Veterinary Supply, Inc. from June 2002. Mr. Cleary has been employed by the Company or one of its predecessors for over 25 years. Ms. Donato has been Executive Vice President and Chief Strategy Officer since July 2019. Prior to joining the Company, she held various leadership roles at Bayer from May 2009 to May 2019, including Vice President of Strategy, Pharmaceuticals Division, Vice President of Strategy, Bayer Healthcare US, and Vice President & General Manager of Neurology & Hematology. She also worked for McKinsey & Company where she was a Partner in the Healthcare Practice. Mr. Mauch has been Executive Vice President since February 2015 and became Chief Operating Officer in October 2022. He served as Group President from February 2019 to September 2022. He served as Group President, Pharmaceutical Distribution & Strategic Global Sourcing from June 2017 to February 2019. He served as President, AmerisourceBergen Drug Corporation from February 2015 to June 2017. Mr.","2026-03-16T06:47:52.314308Z","2023-11-21",0.9708,"Corporate Governance",1402,"Corporate Governance",2.092,"COR_2023_RISK_089","INFORMATION ABOUT OUR EXECUTIVE OFFICERS","INFORMATION ABOUT OUR EXECUTIVE OFFICERS","COR","2026-03-16T06:47:52.314319Z"
2398,"1",1896,"Legal Proceedings
Following full briefing on the merits of the appeal, a three-judge panel of the Fifth Circuit heard oral argument of the appeal on July 5, 2022. On November 21, 2022, the Fifth Circuit issued an opinion concluding that, among other things, the plaintiffs ""have offered no plausible theory of economic harm"" and ""have suffered no injury in fact and lack Article III standing,"" and so their ""case therefore must be dismissed."" The Fifth Circuit reversed the trial court's September 3, 2021 certification order and remanded the case to the trial court with instructions to dismiss the case for lack of jurisdiction. On December 5, 2022, the plaintiffs filed a Petition for Rehearing En Banc, which seeks to have the appeal reheard by the Fifth Circuit. On January 10, 2023, the Company and Boeing filed a joint response to the Petition. The Petition remains pending before the Fifth Circuit. The Company denies all allegations of wrongdoing, believes the plaintiffs' positions are without merit, and intends to continue vigorously defending itself in all respects. On February 19, 2020, a complaint alleging violations of federal securities laws and seeking certification as a class action was filed against the Company and certain of its officers in the United States District Court for the Northern District of Texas in Dallas. A lead plaintiff has been appointed in the case, and an amended complaint was filed on July 2, 2020. The amended complaint seeks damages on behalf of a putative class of persons who purchased the Company’s common stock between February 7, 2017, and January 29, 2020. The amended complaint asserts claims under Sections 10(b) and 20 of the Securities Exchange Act and alleges that the Company made material misstatements to investors regarding the Company’s safety and maintenance practices and its compliance with federal regulations and requirements.","2026-03-16T06:48:11.864235Z","2023-02-07",0.6307,"Corporate Governance",1403,"Business Ethics & Values",19.012,"LUV_2023_RISK_091","Legal Proceedings","Legal Proceedings","LUV","2026-03-16T06:48:11.864261Z"
2399,"1",231,"Containment, Eradication, Recovery, and Reporting
Following the conclusion of an incident, the incident response team will generally assess the effectiveness of the cybersecurity program and IRP and make adjustments as appropriate.","2026-03-16T06:50:37.782856Z","2026-02-12",0.474,"Corporate Governance",1404,"Non-ESG",145.211,"PSA_2026_RISK_053","Containment, Eradication, Recovery, and Reporting","Detection and Analysis","PSA","2026-03-16T06:50:37.782877Z"
2400,"1",1720,"Operational Risks
For example, in light of the conflict between Russia and Ukraine, members of our management team resigned from the board of our Yandex. Taxi joint venture, and we announced that we are actively looking for opportunities to accelerate the sale of our remaining holdings in the joint venture. The broader consequences of this conflict, which may include additional international sanctions, embargoes, regional instability, and geopolitical shifts, increased tensions between the United States and countries in which we operate, and the extent of the conflict’s effect on the global economy, cannot be predicted. Any of these risks could materially affect the value of our assets, which could have an adverse effect on our business, financial condition, operating results, or the trading price of our common stock. Further, we are contractually limited in our ability to sell or transfer these assets. For example, in connection with Aurora’s November 2021 initial public offering, we are subject to a 4-year lock-up with respect to our shares in Aurora. Furthermore, we may be required to sell these assets at a time at which we would not be able to realize what we believe to be the long-term value of these assets. For example, if we were deemed an investment company under the Investment Company Act of 1940, as amended (the “Investment Company Act”), we may be required to sell some or all of such assets so that we would not be subject to the requirements of the Investment Company Act. Additionally, we may have to pay significant taxes upon the sale or transfer of these assets. Accordingly, we may never realize the value of these assets relative to the contributions we made to these businesses.","2026-03-16T06:51:26.103038Z","2023-02-21",0.5552,"Corporate Governance",1405,"Corporate Governance",47.776,"UBER_2023_RISK_052","Operational Risks","Operational Risks","UBER","2026-03-16T06:51:26.103054Z"
2401,"1",2234,"We are dependent on third parties to supply data, applications and services for our products and services and are dependent on certain vendors to distribute our products. A refusal or failure by a key vendor to distribute our products; any termination,
To the extent that any of MSCI’s operating segments, product lines or MSCI as a whole suffers a reputational or other loss in credibility, it could have a material adverse effect on our business, financial condition or results of operations. Reputational damage could prompt clients or vendors to reduce use of our products, or terminate or renegotiate contracts. Factors that have affected or could affect our credibility include: real or perceived conflicts of interest; the adequacy, completeness and editorial independence of our index composition and ESG ratings and controversy assessment processes and decisions; allegations of perceived bias or lack of independence; the inappropriate influence, attempted influence or appearance of influence of third parties, including governments, politicians, NGOs and other advocacy groups, and clients (including large asset managers or asset owners), on our editorial decisions; the impact on companies of our indexes, ESG ratings and controversies, risk models or other MSCI content or analytics; the timing and nature of changes to our methodologies or products, including indexes and ESG ratings and controversies; disagreement with our methodologies or models, including for calculating indexes, value-at-risk and other risk measures, climate metrics, and ESG ratings and controversies; the accuracy and completeness of our client data or third-party data, including data voluntarily disclosed by the investment community, corporate issuers and others that is utilized in our products; and controversies, investigations, media attention, or regulatory or other governmental actions affecting our industry, competitors, clients, strategic partners, vendors or other relevant industry participants. We may face public or media scrutiny concerning politically or socially sensitive topics, which could lead to negative media coverage, reputational harm or increased government or regulatory scrutiny, even if such claims lack merit.","2026-03-16T06:51:36.122313Z","2026-02-06",0.404,"Corporate Governance",1406,"Non-ESG",9.496,"MSCI_2026_RISK_013","We are dependent on third parties to supply data, applications and services for our products and services and are dependent on certain vendors to distribute our products. A refusal or failure by a key vendor to distribute our products; any termination,","Operational Risks","MSCI","2026-03-16T06:51:36.122324Z"
2402,"1",2202,"If we are unable to compete successfully, including, without limitation, implementing our growth strategy and/or retaining patients and developing and maintaining relationships with physicians and hospitals, it could materially adversely affect our business, results of operations, financial condition and cash flows.
We operate in a highly competitive and continuously evolving environment across the spectrum of kidney care, and operating in this market requires us to successfully execute on strategic initiatives which, among other things, build or retain our patient population through acquisition or referrals, or that develop and maintain our relationships with physicians and hospitals in both the dialysis and pre-dialysis space. Competition for relationships with certain referral sources, including nephrologists and hospitals, in existing and expanding geographies or areas is intense, and we continue to face intense competition from large and medium-sized providers, among others, which compete directly with us for physicians qualified to serve as medical directors, for limited acquisition targets and for individual patients. In addition to these large and medium-sized competitors with substantial financial resources and other established participants in the dialysis space, we also compete with individual nephrologists who have opened their own dialysis units or facilities. Our largest competitor, Fresenius Medical Group, manufactures a full line of dialysis supplies and equipment in addition to owning and operating dialysis centers, which may, among other things, give it cost advantages over us because of its ability to manufacture its own products. We continuously compete for maintaining or developing relationships with physicians that can serve as medical directors at our centers. Physicians, including medical directors, choose where they refer their patients, and neither of our current or former medical directors have an obligation to refer their patients to our centers. Certain physicians prefer to have their patients treated at dialysis centers where they or other members of their practice supervise the overall care provided as medical director of the center.","2026-03-16T06:51:50.232732Z","2023-02-22",0.4116,"Corporate Governance",1407,"Non-ESG",13.571,"DVA_2023_RISK_060","If we are unable to compete successfully, including, without limitation, implementing our growth strategy and/or retaining patients and developing and maintaining relationships with physicians and hospitals, it could materially adversely affect our business, results of operations, financial condition and cash flows.","General Risks","DVA","2026-03-16T06:51:50.232740Z"
2403,"1",1845,"Risks Related to Our Business
For example, to qualify as a REIT, we must ensure that, at the end of each calendar quarter, at least 75% of the value of our assets consists of cash, cash items, government securities and “real estate assets” (as defined in the Code), including towers and certain mortgage loans and securities. The remainder of our investments (other than government securities, qualified real estate assets and securities issued by a taxable REIT subsidiary (“TRS”)) generally may not include more than 10% of the outstanding voting securities of any one issuer or more than 10% of the total value of the outstanding securities of any one issuer. In addition, in general, no more than 5% of the value of our total assets (other than government securities, qualified real estate assets, and securities issued by a TRS) may consist of the securities of any one issuer, and no more than 20% of the value of our total assets may be represented by securities of one or more TRSs. If we fail to comply with these requirements at the end of any calendar quarter, we must correct the failure within 30 days after the end of the calendar quarter or qualify for certain statutory relief provisions to avoid losing our REIT qualification and suffering adverse tax consequences. As a result, we may be required to liquidate assets in adverse market conditions or forgo otherwise attractive investments. These actions may reduce our income and amounts available for distributions to our shareholders. In addition to the asset tests set forth above, to qualify and be subject to tax as a REIT, we will be required generally to distribute at least 90% of our REIT taxable income after the utilization of any available NOLs (determined without regard to the dividends paid deduction and excluding net capital gain) each year to our shareholders.","2026-03-16T06:52:04.037843Z","2024-02-28",0.6113,"Corporate Governance",1408,"Non-ESG",13.259,"SBAC_2024_RISK_043","Risks Related to Our Business","Risks Related to Our Business","SBAC","2026-03-16T06:52:04.037851Z"
2404,"1",1589,"Risks relating to our business and industry
We depend on our key management and product development personnel. Our continued success will depend to a significant extent on our senior management team and our relationship with ZelnickMedia Corporation (""ZelnickMedia""). Our Executive Chairman/Chief Executive Officer and President are partners of ZelnickMedia. We are also highly dependent on the expertise, skills and knowledge of our key creative personnel responsible for content creation and development of our Grand Theft Auto and other hit titles and titles based on other brands. We may not be able to continue to retain these personnel at current compensation levels, or at all. Our industry is generally characterized by a high level of employee mobility, competitive compensation programs, and aggressive recruiting among competitors for employees with technical, marketing, sales, engineering, product development, creative, and/or management skills.    The loss of the services of our executive officers, ZelnickMedia, or certain key creative personnel could significantly harm our business. In addition, if one or more key employees were to join a competitor or form a competing company, we may lose additional personnel, experience material interruptions in product development, delays in bringing products to market and difficulties in our relationships with licensors, suppliers and customers, which would significantly harm our business. Failure to continue to attract and retain qualified management and creative personnel could adversely affect our business and prospects.","2026-03-16T06:52:30.230429Z","2022-05-17",0.5309,"Corporate Governance",1409,"Human Capital",25.645,"TTWO_2022_RISK_032","Risks relating to our business and industry","Risks relating to our business and industry","TTWO","2026-03-16T06:52:30.230448Z"
2405,"1",905,"Legal and Regulatory Risks
Simultaneously, there are efforts by some stakeholders to reduce companies’ efforts on certain environmental, social and sustainability-related matters. Both advocates and opponents to these matters are increasingly resorting to a range of activism forms, including media campaigns and litigation, to advance their perspectives. To the extent we are subject to such activism or litigation, it may require us to incur costs or otherwise adversely impact our business. Additionally, stakeholder groups may find our stated goals to be insufficiently responsive to the implications of issues, such as climate change, and any failure to set or achieve corporate responsibility initiatives that meet stakeholder expectations may result in loss of customers or in investors selling their shares, which could harm our reputation and could have a material adverse effect on our business.","2026-03-16T06:52:59.544730Z","2024-01-31",0.4861,"Corporate Governance",1410,"Climate Change",28.764,"AMD_2024_RISK_099","Legal and Regulatory Risks","Legal and Regulatory Risks","AMD","2026-03-16T06:52:59.544739Z"
2406,"1",1716,"Risks Relating to Our Business
Further, legislative or regulatory changes to how actual prescription drug costs are reported or calculated or other changes to the Part D prescription drug benefit design may lower reinsurance or low-income cost subsidies paid by CMS and may have a material adverse effect on our results of operations, financial position, or cash flows.•Our primary care and home health businesses derive a substantial portion of their revenues from third-party payors and directly from the federal and state governments through participation in fee-for-service Medicare. This concentration of revenues subjects these businesses to reductions in Medicare reimbursement rates or changes in the rules governing the Medicare program, including changes to CMS’s risk adjustment model that may apply to our primary care business through its contracts with third-party payors. It is reasonably possible that such changes in reimbursement rates or changes to the Medicare programs in which our primary care and home health business participate may have a material adverse effect on our results of operations, financial position, or cash flows.•We are subject to various other governmental audits and investigations. Under state laws, our HMOs and health insurance companies are audited by state departments of insurance for financial and contractual compliance. Our HMOs are audited for compliance with health services by state departments of health. Audits and investigations, including audits of risk adjustment data, are also conducted by state attorneys general, CMS, HHS-OIG, the Office of Personnel Management, the Department of Justice, the Department of Labor, and the Defense Contract Audit Agency.","2026-03-16T06:53:14.241059Z","2024-02-15",0.7098,"Corporate Governance",1411,"Non-ESG",14.164,"HUM_2024_RISK_026","Risks Relating to Our Business","Risks Relating to Our Business","HUM","2026-03-16T06:53:14.241069Z"
2407,"1",1867,"Operational Risks
Because of the inherent limitations in all systems of internal controls, internal controls over business processes and financial reporting may not prevent or detect fraud or misstatements. Any failure to maintain an effective system of internal controls over business processes and financial reporting could limit our ability to report our financial results accurately and timely or to detect and prevent fraud, and could expose us to litigation, economic loss, or adversely affect the market price of our common stock. Our competitive advantage in FMI solutions, which includes industrial vending (FASTVend) and bin stock (FASTStock and FASTBin) tools could be eliminated and, in the case of FASTVend and FASTBin, the loss of key suppliers of equipment and services could be impactful and result in failure to deploy devices. Certain circumstances could lead to a short-term inability to promote and/or install our FMI solutions. We believe we have a competitive advantage in industrial vending and bin stock due to our hardware and software, our local presence (allowing us to service devices and bins more rapidly and with less burden on our customers), our depth of products that lend themselves to being dispensed through industrial vending devices or bin stocks, and, particularly in North America, our distribution strength. These advantages have developed over time; however, other competitors could respond to our expanding industrial vending and bin stock position with highly competitive platforms of their own. Such competition could negatively impact our ability to expand our industrial vending and bin stock tools or negatively impact the economics of that business. In addition, we currently rely on a limited number of suppliers for our vending devices, RFID technology, and IR technology used in our FASTVend and FASTBin platforms.","2026-03-16T06:53:18.008174Z","2024-02-06",0.3362,"Corporate Governance",1412,"Corporate Governance",3.234,"FAST_2024_RISK_009","Operational Risks","Operational Risks","FAST","2026-03-16T06:53:18.008186Z"
2408,"1",1988,"Risks Related to Our Business Operations and Financial Results
The numbers for our key metrics, which include our DAP and average revenue per person (ARPP), are calculated using internal company data based on the activity of user accounts. While these numbers are based on what we believe to be reasonable estimates of our user base for the applicable period of measurement, there are inherent challenges in measuring usage of our products across large online and mobile populations around the world. The methodologies used to measure these metrics require significant judgment and are also susceptible to algorithm or other technical errors. In addition, we are continually seeking to improve our estimates of our user base, and such estimates may change due to improvements or changes in our methodology. We regularly review our processes for calculating these metrics, and from time to time we discover inaccuracies in our metrics or make adjustments to improve their accuracy, which can result in adjustments to our historical metrics. Our ability to recalculate our historical metrics may be impacted by data limitations or other factors that require us to apply different methodologies for such adjustments. We generally do not intend to update previously disclosed Family metrics for any such inaccuracies or adjustments that are within the error margins disclosed below. In addition, our Family metrics estimates will differ from estimates published by third parties due to differences in methodology or other factors such as data limitations or other challenges in measuring large online and mobile populations. For example, our methodologies include measurements of our user base that have in some instances exceeded estimates of addressable online and mobile populations that are based on data published by third parties. Many people in our community have user accounts on more than one of our products, and some people have multiple user accounts within an individual product.","2026-03-16T06:53:35.636651Z","2025-01-30",0.3275,"Corporate Governance",1413,"Non-ESG",17.127,"META_2025_RISK_069","Risks Related to Our Business Operations and Financial Results","Risks Related to Our Business Operations and Financial Results","META","2026-03-16T06:53:35.636661Z"
2409,"1",177,"Risks Related to Ownership of Our Common Stock
Although we currently pay a quarterly cash dividend to holders of our common stock, we may change our dividend policy at any time.","2026-03-16T06:53:45.219728Z","2025-02-06",0.6762,"Corporate Governance",1414,"Corporate Governance",9.054,"HLT_2025_RISK_105","Risks Related to Ownership of Our Common Stock","Risks Related to Our Indebtedness","HLT","2026-03-16T06:53:45.219739Z"
2410,"1",2235,"Legal and regulatory developments in the mutual fund and investment advisory industry could increase our regulatory burden, impose significant financial and strategic costs on our business, and cause a loss of, or impact the servicing of, our clients and fund shareholders.
Our regulatory environment is frequently altered by new regulations and by revisions to, and evolving interpretations of, existing regulations. New regulations present areas of uncertainty susceptible to alternative interpretations; regulators and prospective litigants may not agree with reasoned interpretations we adopt. Future changes could require us to modify or curtail our investment offerings and business operations or impact our expenses and profitability. Additionally, some regulations may not directly apply to our business but may impact the capital markets, service providers or have other indirect effects on our ability to provide services to our clients. Potential impacts of current or proposed legal or regulatory requirements include, without limitation, the following:•As part of the debate in Washington, D.C. and in state legislatures, there has been increasing focus on the framework of the U.S. retirement system. We could experience adverse business impacts if legislative and regulatory changes limit retirement plans to certain products and services, or favor certain investment vehicles, that we do not offer, materially limit retirement savings opportunities or foster substantial outflows from retirement savings plans for non-retirement purposes. •There has been substantial regulatory and legislative activity at federal and state levels regarding standards of care for financial services firms, related to both retirement and taxable accounts and the United States Department of Labor intends to propose new fiduciary rules applicable to retirement plans and accounts that comprise a majority of our accounts. Actions taken by applicable regulatory or legislative bodies may impact our business activities and increase our costs. •The Federal Reserve Board has adopted final regulations related to non-bank Systemically Important Financial Institutions (""SIFIs""), and other jurisdictions are contemplating similar regulation.","2026-03-16T06:54:03.369436Z","2022-02-24",0.421,"Corporate Governance",1415,"Non-ESG",17.619,"TROW_2022_RISK_024","Legal and regulatory developments in the mutual fund and investment advisory industry could increase our regulatory burden, impose significant financial and strategic costs on our business, and cause a loss of, or impact the servicing of, our clients and fund shareholders.","","TROW","2026-03-16T06:54:03.369445Z"
2411,"1",1953,"Tennessee Anti-Takeover Statutes
The market price of MAA’s publicly traded securities may be affected by many factors, including:•our financial condition and operating performance and the performance of other similar companies;•actual or anticipated differences in our quarterly and annual operating results;•changes in our revenues or earnings estimates or recommendations by securities analysts;•publication of research reports about us or our industry by securities analysts;•additions and departures of key personnel;•inability to access the capital markets;•strategic decisions by us or our competitors, such as acquisitions, dispositions, spin-offs, joint ventures, strategic investments or changes in business strategy;•the issuance of additional shares of MAA’s common stock, or the perception that such sales may occur, including under a forward sale agreement and MAA’s at-the-market share offering program, or ATM program;•the reputation of REITs generally and the reputation of REITs with portfolios similar to ours;•the attractiveness of the securities of REITs in comparison to securities issued by other entities (including securities issued by other real estate companies);•an increase in market interest rates, which may lead prospective investors to demand a higher distribution rate in relation to the price paid for MAA’s common stock;•the passage of legislation or other regulatory developments that adversely affect us or our industry;•speculation in the press or investment community;•actions by institutional shareholders or hedge funds;•the issuance of ratings, reports and scores related to our corporate responsibility and ESG reports and disclosures;•changes in accounting principles;•terrorist acts; and•general market conditions, including factors unrelated to our performance. In the past, securities class action litigation has often been instituted against companies following periods of volatility in their stock price.","2026-03-16T06:54:16.114725Z","2025-02-07",0.7074,"Corporate Governance",1416,"Non-ESG",12.213,"MAA_2025_RISK_075","Tennessee Anti-Takeover Statutes","Tennessee Anti-Takeover Statutes","MAA","2026-03-16T06:54:16.114734Z"
2412,"1",675,"Operational Risks
To the extent we are subject to such activism, and we have been in the past, it may require us to incur costs or otherwise adversely impact our business. This and other stakeholder expectations will likely lead to increased compliance costs as well as scrutiny that could heighten all of the risks identified above and other similar risks. In addition, negative perception of our environmental and social related initiatives, whether due to perceived over- or under-pursuit of such initiatives, may result in issues hiring or retaining employees, as well as potential investigations, regulatory scrutiny, litigation or other adverse impacts to our business.","2026-03-16T06:54:31.665185Z","2026-02-13",0.4612,"Corporate Governance",1417,"Business Ethics & Values",15.04,"UBER_2026_RISK_099","Operational Risks","Operational Risks","UBER","2026-03-16T06:54:31.665195Z"
2413,"1",290,"Legal and Compliance Risks
Environmental, Social and Governance (""ESG"") Practices — Increasing scrutiny and changing expectations from investors, customers, and governments with respect to our ESG practices and commitments may impose additional costs on us or expose us to additional risks.","2026-03-16T06:54:38.426179Z","2022-08-18",0.4553,"Corporate Governance",1418,"Non-ESG",6.2,"AMCR_2022_RISK_058","Legal and Compliance Risks","Legal and Compliance Risks","AMCR","2026-03-16T06:54:38.426186Z"
2414,"1",417,"Risks Related to Ownership of Our Securities
We may not continue to pay dividends at the same rate or at all. Our payment of dividends, as well as the rate at which we pay dividends, are solely at the discretion of our Board of Directors. Further, dividend payments, if any, are subject to our financial results and the availability of statutory surplus. These factors could result in a change to our dividend policy.","2026-03-16T06:55:00.477817Z","2025-02-20",0.7012,"Corporate Governance",1419,"Corporate Governance",21.493,"PAYC_2025_RISK_093","Risks Related to Ownership of Our Securities","Industry and Financial Risks","PAYC","2026-03-16T06:55:00.477827Z"
2415,"1",246,"Legal and Regulatory Risks
Our business is subject to evolving corporate governance and public disclosure regulations and expectations, including with respect to environmental, social and governance matters that could expose us to numerous risks.","2026-03-16T06:55:16.289966Z","2022-12-12",0.4058,"Corporate Governance",1420,"Corporate Governance",7.622,"SNPS_2022_RISK_060","Legal and Regulatory Risks","Legal and Regulatory Risks","SNPS","2026-03-16T06:55:16.289977Z"
2416,"1",974,"REGULATORY AND LITIGATION RISKS
We are subject to various litigation matters from time to time, which could have a material adverse effect on our business, results of operations and financial condition.  Claims arising out of actual or alleged violations of law could be asserted against us by individuals, either individually or through class actions, or by governmental entities in civil or criminal investigations and proceedings.  These claims could be asserted under a variety of laws including, but not limited to, consumer finance laws, consumer protection laws, intellectual property laws, privacy laws, labor and employment laws, securities laws, employee benefit laws, tax laws and environmental laws.  These actions could expose us to adverse publicity and to substantial monetary damages and legal defense costs, injunctive relief and criminal and civil fines and penalties including, but not limited to, suspension or revocation of licenses to conduct business.","2026-03-16T06:55:50.195850Z","2023-04-13",0.9141,"Business Ethics & Values",1421,"Business Ethics & Values",33.39,"KMX_2023_RISK_047","REGULATORY AND LITIGATION RISKS","REGULATORY AND LITIGATION RISKS","KMX","2026-03-16T06:55:50.195872Z"
2417,"1",1003,"Risks Relating to Strategic Transactions
The U.S. Foreign Corrupt Practices Act, the United Kingdom’s Bribery Act, and similar worldwide anti-bribery laws generally prohibit companies and their intermediaries from making improper payments to government officials for the purpose of obtaining or retaining business. Our policies mandate compliance with these anti-bribery laws. We operate in many parts of the world that have experienced governmental corruption to some degree, and in certain circumstances, strict compliance with anti-bribery laws may conflict with local customs and practices. Despite our training and compliance program, we cannot provide assurance that our internal control policies and procedures always will protect us from reckless or criminal acts committed by our employees or agents. Violations of these laws, or allegations of such violations, could disrupt our business and result in a material adverse effect on our results of operations, financial position, and cash flows.","2026-03-16T06:55:55.300606Z","2023-11-13",0.9746,"Business Ethics & Values",1422,"Business Ethics & Values",4.573,"TEL_2023_RISK_035","Risks Relating to Strategic Transactions","","TEL","2026-03-16T06:55:55.300617Z"
2418,"1",2048,"Anti-corruption, sanctions and foreign direct investment laws
Federal, state and foreign anti-corruption and trade sanctions laws and restrictions on foreign direct investment applicable to us and our portfolio companies create the potential for significant liabilities and penalties, the inability to complete transactions, imposition of significant costs and burdens, and reputational harm. If we fail to comply with these laws and regulations, we could be exposed to claims for damages, civil or criminal financial penalties, reputational harm, incarceration of our employees, restrictions on our operations and other liabilities, any of which could materially and adversely affect our business, results of operations and financial condition. In addition, we may be subject to successor liability for FCPA violations or other acts of bribery, or violations of applicable sanctions, other export control or foreign direct investment laws committed by companies in which we or our funds invest or which we or our funds acquire. We are subject to a number of laws and regulations governing payments and contributions to political persons or other third parties, including restrictions imposed by the Foreign Corrupt Practices Act (""FCPA""), as well as trade sanctions and trade control laws administered by the Office of Foreign Assets Control (""OFAC""), the U.S. Department of Commerce and the U.S. Department of State, and anti-money laundering laws, including the Corporate Transparency Act (""CTA""). The FCPA is intended to prohibit bribery of foreign governments and their officials and political parties, and requires public companies in the United States to keep books and records that accurately and fairly reflect those companies' transactions. OFAC, the U.S. Department of Commerce and the U.S. Department of State administer and enforce various trade control laws and regulations, including economic and trade sanctions based on U.S. foreign policy and national security goals against targeted foreign states, organizations and individuals.","2026-03-16T06:56:02.687943Z","2024-02-29",0.9541,"Business Ethics & Values",1423,"Business Ethics & Values",6.862,"KKR_2024_RISK_125","Anti-corruption, sanctions and foreign direct investment laws","Risks Related to Our Business","KKR","2026-03-16T06:56:02.687952Z"
2419,"1",510,"LEGAL AND COMPLIANCE RISKS
The use of AI may raise ethical concerns, lead to flawed outcomes, or present other privacy and security risks that could make it more difficult to adopt or implement effectively. Compliance requirements or even our inadvertent failure to comply with applicable laws may cause us to incur substantial costs, subject us to proceedings by governmental entities or others, and cause us to incur penalties or other significant legal liability or lead us to change our business practices.","2026-03-16T06:56:15.971251Z","2025-08-14",0.9287,"Business Ethics & Values",1424,"Business Ethics & Values",12.757,"WDC_2025_RISK_061","LEGAL AND COMPLIANCE RISKS","LEGAL AND COMPLIANCE RISKS","WDC","2026-03-16T06:56:15.971259Z"
2420,"1",1339,"Risks Related to Our Business
Because of our various asset management businesses and our capital markets services business, we will be subject to a number of actual and potential conflicts of interest and subject to greater regulatory oversight and more legal and contractual restrictions than that to which we would otherwise be subject if we had just one line of business. To mitigate these conflicts and address regulatory, legal and contractual requirements across our various businesses, we have implemented certain policies and procedures (for example, information walls) that may reduce the positive synergies that we cultivate across these businesses for purposes of identifying and managing attractive investments. For example, certain regulatory requirements require us to restrict access by certain personnel in our funds to information about certain transactions or investments being considered or made by those funds. In addition, we may come into possession of confidential or material non-public information with respect to issuers in which we may be considering making an investment or issuers in which our affiliates may hold an interest. As a consequence of such policies and procedures, we may be precluded from providing such information or other ideas to our other businesses even where it might be of benefit to them.","2026-03-16T06:56:27.437453Z","2024-02-23",0.9142,"Business Ethics & Values",1425,"Business Ethics & Values",10.963,"BX_2024_RISK_116","Risks Related to Our Business","Risks Related to Our Business","BX","2026-03-16T06:56:27.437467Z"
2421,"1",867,"RISKS RELATED TO REGULATORY AND LEGAL MATTERS
We have bottling and other business operations in markets with high-risk legal compliance environments. Our policies and procedures require strict compliance by our employees and agents with all United States and local laws and regulations and consent orders applicable to our business operations, including those prohibiting improper payments to government officials. Nonetheless, our policies, procedures and related training programs may not always ensure full compliance by our employees and agents with all applicable legal requirements. Improper conduct by our employees or agents could damage our reputation in the United States and internationally or lead to litigation or legal proceedings that could result in civil or criminal penalties, including substantial monetary fines as well as disgorgement of profits.","2026-03-16T06:56:34.567642Z","2023-02-21",0.943,"Business Ethics & Values",1426,"Business Ethics & Values",6.634,"KO_2023_RISK_060","RISKS RELATED TO REGULATORY AND LEGAL MATTERS","RISKS RELATED TO REGULATORY AND LEGAL MATTERS","KO","2026-03-16T06:56:34.567653Z"
2422,"1",1931,"BUSINESS AND OPERATIONAL RISKS
government and other customers in countries, which increases the risk of an incident resulting in injury or loss of life, damage or destruction of property, inability to meet our contractual obligations or retaliatory measures taken in respect thereof;uthe ongoing conflict between Russia and Ukraine, which has resulted in the imposition by the U.S. and other nations of restrictive actions against Russia, Belarus and certain banks, companies and individuals; anduthe ongoing conflict in the Middle East, which continues to expand. We are also subject to the U.S. Foreign Corrupt Practices Act (“FCPA”), the U.K. Bribery Act of 2010 (the “U.K. Bribery Act”) and other anti-corruption and anti-bribery laws and regulations in jurisdictions where we do business. These laws and regulations generally prohibit improper payments or offers of improper payments to government officials, political parties, or commercial partners to obtain or retain business or secure an improper business advantage. We have operations, and deal with and make sales to governmental or quasi-governmental entities in non-U.S. countries, including those known to experience corruption, and further expansion of our non-U.S. sales efforts may involve additional regions. In many countries, particularly countries with developing economies, it may be common for businesses to engage in practices prohibited by the FCPA or other applicable laws and regulations. Our activities in these countries pose a heightened risk of unauthorized payments or offers of payments by one of our employees or third-party business partners, representatives, and agents that could violate various laws, including the FCPA. The FCPA, U.K. Bribery Act and other applicable anti-bribery and anti-corruption laws may also hold us liable for acts of corruption and bribery committed by our third-party business partners, representatives, and agents.","2026-03-16T06:56:38.703640Z","2025-02-11",0.9403,"Business Ethics & Values",1427,"Business Ethics & Values",3.637,"LDOS_2025_RISK_114","BUSINESS AND OPERATIONAL RISKS","BUSINESS AND OPERATIONAL RISKS","LDOS","2026-03-16T06:56:38.703661Z"
2423,"1",2148,"Failure to comply with, compliance with or changes in, laws and regulations applicable to our businesses could have a materially adverse effect on our reputation, results of operations or financial condition, or have other adverse consequences
prohibited by domestic and foreign laws and regulations, including the United States Foreign Corrupt Practices Act and the U.K. Bribery Act 2010. Such laws generally prohibit improper payments or offers of payments to foreign government officials and leaders of political parties and, in some cases, to other persons, for the purpose of obtaining or retaining business. We are also subject to economic and trade sanctions programs, including those administered by the U.S. Treasury Department’s Office of Foreign Assets Control, which prohibit or restrict transactions or dealings with specified countries, their governments and, in certain circumstances, their nationals, and with individuals and entities that are specially designated, including narcotics traffickers and terrorists or terrorist organizations, among others. In addition, some of our businesses and entities in the U.S. and a number of other countries in which we operate are subject to anti-money laundering laws and regulations, including, for example, The Bank Secrecy Act of 1970, as amended by the USA PATRIOT Act of 2001 (the “BSA”). Among other things, the BSA requires certain financial institutions, including banks and money services businesses (such as national trust banks and providers of prepaid access like us), to develop and implement risk-based anti-money laundering programs, report large cash transactions and suspicious activity, and maintain transaction records. We have registered our payroll card business as a provider of prepaid access, and registered our ADP Trust Bank with the Treasury Department’s Financial Crimes Enforcement Network (FinCEN). We have implemented policies and procedures to monitor and address compliance with applicable anti-corruption, economic and trade sanctions and anti-money laundering laws and regulations, and we regularly review, upgrade and enhance our policies and procedures.","2026-03-16T06:56:42.567440Z","2023-08-03",0.9572,"Business Ethics & Values",1428,"Business Ethics & Values",3.355,"ADP_2023_RISK_004","Failure to comply with, compliance with or changes in, laws and regulations applicable to our businesses could have a materially adverse effect on our reputation, results of operations or financial condition, or have other adverse consequences","LEGAL AND COMPLIANCE RISKS","ADP","2026-03-16T06:56:42.567465Z"
2424,"1",1719,"Legal and Regulatory Risks Related to Our Business
We have operations in, and have business relationships with, entities in countries known to experience high levels of corruption. We are subject to the FCPA and other similar laws outside the United States that prohibit improper payments or offers of payments to foreign governments, their officials, and political parties for the purpose of obtaining or retaining business. U.S. and non-U.S. regulators alike continue to focus on the enforcement of these laws, and we may be subject to additional compliance requirements to identify criminal activity and payments to sanctioned parties. Our activities in certain countries with high levels of corruption enhance the risk of unauthorized payments or offers of payments by Drivers, consumers, merchants, shippers or carriers, employees, consultants, or business partners in violation of various anti-corruption laws, including the FCPA, even though the actions of these parties are often outside our control. Our acquisition of Careem may further enhance this risk because users of Careem’s platform and Careem’s employees, consultants, and business partners may not be familiar with, and may not have been previously subject to, these anti-corruption laws. In addition, our existing and future safeguards, including training and compliance programs to discourage these practices by such parties, may not prove effective, and such parties may engage in conduct for which we could be held responsible. Additional compliance requirements may compel us to revise or expand our compliance program, including the procedures we use to verify the identity of platform users and monitor international and domestic transactions.","2026-03-16T06:56:45.907988Z","2022-02-24",0.9647,"Business Ethics & Values",1429,"Business Ethics & Values",2.837,"UBER_2022_RISK_171","Legal and Regulatory Risks Related to Our Business","Financing and Transactional Risks","UBER","2026-03-16T06:56:45.907997Z"
2425,"1",1497,"Tax, Accounting, Compliance and Regulatory Risks
Failure to comply with governmental laws and regulations could harm our business. Our business is subject to regulation by various federal, state, local, and foreign governmental agencies, including agencies responsible for monitoring and enforcing employment and labor laws, workplace safety, product safety, environmental laws, consumer protection laws, privacy and data-protection laws, anti-bribery laws (including the U.S. Foreign Corrupt Practices Act and the U.K. Anti-Bribery Act), import/export controls, federal securities laws, and tax laws and regulations. In certain jurisdictions, these regulatory requirements may be more stringent than those in the United States. Noncompliance with applicable regulations or requirements could subject us to investigations, sanctions, mandatory product recalls, enforcement actions, disgorgement of profits, fines, damages, civil and criminal penalties, or injunctions. If any governmental sanctions are imposed, or if we do not prevail in any possible civil or criminal litigation resulting from any alleged noncompliance, our business, operating results, and financial condition could be materially adversely affected. In addition, responding to any action will likely result in a significant diversion of management’s attention and resources and an increase in professional fees. Enforcement actions, litigation, and sanctions could harm our business, operating results, and financial condition.","2026-03-16T06:56:59.902624Z","2021-09-03",0.92,"Business Ethics & Values",1430,"Business Ethics & Values",13.481,"PANW_2021_RISK_105","Tax, Accounting, Compliance and Regulatory Risks","Risks Related to Operations Outside the United States","PANW","2026-03-16T06:56:59.902635Z"
2426,"1",1744,"Risks Related to Regulation and Compliance
Applicable U.S. and non-U.S. anti-corruption laws, including but not limited to the U.S. Foreign Corrupt Practices Act (FCPA), prohibit us from, among other things, corruptly making payments to non-U.S. officials for the purpose of obtaining or retaining business. We pursue certain opportunities in countries that experience government corruption, and in certain circumstances, compliance with these laws may conflict with local customs and practices. Our policies mandate compliance with all applicable anti-corruption laws and our procedures and practices are designed to ensure that our employees and intermediaries comply with these laws. However, there can be no assurance that such policies, procedures and practices will protect us from liability under the FCPA or other similar laws for actions or inadvertences by our employees or intermediaries. Liability for such actions or inadvertences could result in severe criminal or civil fines, penalties, forfeitures, disgorgements or other sanctions, which in turn could have a material adverse effect on our reputation, business, financial condition, results of operations, and cash flows. In addition, detecting, investigating and resolving actual or alleged violations can be expensive and consume significant time and attention of our senior management, in-country management, and other personnel. Additionally, as we expand our EPC services and/or pursuant to other contracts where we have assumed responsibility to procure all or part of the materials needed for certain projects, we source more materials from outside the United States and are subject to non-U.S. laws associated with the procurement and transportation of such materials.","2026-03-16T06:57:46.636347Z","2026-02-19",0.9731,"Business Ethics & Values",1431,"Business Ethics & Values",46.225,"PWR_2026_RISK_098","Risks Related to Regulation and Compliance","Risks Related to Our Industries","PWR","2026-03-16T06:57:46.636358Z"
2427,"1",1604,"LEGAL PROCEEDINGS
In the normal course of our business, we have been named, from time to time, as a defendant in various legal actions, including arbitrations, class actions and other litigation, arising in connection with our activities as a diversified financial services institution. RJF and certain of its subsidiaries are subject to regular reviews and inspections by regulatory authorities and self-regulatory organizations. Reviews can result in the imposition of sanctions for regulatory violations, ranging from non-monetary censures to fines and, in serious cases, temporary or permanent suspension from conducting business, or limitations on certain business activities. In addition, regulatory agencies and SROs institute investigations from time to time, among other things, into industry practices, which can also result in the imposition of such sanctions. We may contest liability and/or the amount of damages, as appropriate, in each pending matter. Over the last several years, the level of litigation and investigatory activity (both formal and informal) by government and self-regulatory agencies in the financial services industry continues to be significant. There can be no assurance that material losses will not be incurred from claims that have not yet been asserted or are not yet determined to be material. For many legal and regulatory matters, we are unable to estimate a range of reasonably possible loss as we cannot predict if, how or when such proceedings or investigations will be resolved or what the eventual settlement, fine, penalty or other relief, if any, may be.","2026-03-16T06:57:56.916535Z","2021-11-23",0.9014,"Business Ethics & Values",1432,"Business Ethics & Values",9.741,"RJF_2021_RISK_058","LEGAL PROCEEDINGS","LEGAL PROCEEDINGS","RJF","2026-03-16T06:57:56.916544Z"
2428,"1",2024,"LEGAL, ENVIRONMENTAL, AND REGULATORY RISKS
As a U.S. government contractor, we are subject to risks relating to U.S. government audits, investigations, and disputes. We are subject to U.S. government investigations relating to our U.S. government contracts. Such U.S. government investigations often take years to complete and could result in administrative, civil, or criminal liabilities, including repayments, fines, treble and other damages, forfeitures, restitution, or penalties, or could lead to suspension or debarment of U.S. government contracting or of export privileges. For instance, if we or one of our business units were charged with wrongdoing in connection with a U.S. government investigation (including fraud, or violation of certain environmental, FCPA, and other anti-bribery and anti-corruption laws, or export laws, as further described below), the U.S. government could suspend us from bidding on or receiving awards of new U.S. government contracts pending the completion of legal proceedings. If convicted or found liable, the U.S. government could fine and debar us from new U.S. government contracting for a period generally not to exceed three years, and could void any contracts found to be tainted by fraud. We also could suffer reputational harm if allegations of impropriety were made against us, even if such allegations are later determined to be unsubstantiated. Further, our U.S. government contracts are subject to audit and we have received audit reports recommending the reduction of certain contract prices because, for example, cost or pricing data disclosures or cost accounting practices used to price and negotiate those contracts may not have conformed to government regulations. Some of these audit reports recommend that certain payments be repaid, delayed, or withheld, and may involve substantial amounts, which could, if the audit reports’ theories were to prevail in litigation, also have future impacts such as increasing the costs absorbed by our commercial businesses.","2026-03-16T06:58:00.132811Z","2026-02-06",0.9472,"Business Ethics & Values",1433,"Business Ethics & Values",2.715,"RTX_2026_RISK_034","LEGAL, ENVIRONMENTAL, AND REGULATORY RISKS","LEGAL, ENVIRONMENTAL, AND REGULATORY RISKS","RTX","2026-03-16T06:58:00.132828Z"
2429,"1",241,"BUSINESS RISKS
CarMax was founded on the fundamental principle of integrity.  Failure to maintain a reputation of integrity and to otherwise maintain and enhance our brand could adversely affect our business, sales and results of operations.","2026-03-16T06:58:04.301460Z","2023-04-13",0.9508,"Business Ethics & Values",1434,"Business Ethics & Values",3.666,"KMX_2023_RISK_010","BUSINESS RISKS","BUSINESS RISKS","KMX","2026-03-16T06:58:04.301471Z"
2430,"1",261,"Compliance Risks
We are subject to the U.S. Foreign Corrupt Practices Act, the U.K. Bribery Act, Chinese anti-corruption laws and similar worldwide anti-corruption laws, which impose restrictions on certain conduct and may carry substantial fines and penalties.","2026-03-16T06:58:08.551033Z","2024-02-28",0.9035,"Business Ethics & Values",1435,"Business Ethics & Values",3.739,"VTRS_2024_RISK_084","Compliance Risks","Compliance Risks","VTRS","2026-03-16T06:58:08.551045Z"
2431,"1",280,"Legal and Regulatory Risks
▪The improper conduct of employees, agents, subcontractors, suppliers, business partners or joint ventures in which we participate can impact our reputation, our ability to do business and our financial position, results of operations and/or cash flows.","2026-03-16T06:58:15.383159Z","2022-01-27",0.9254,"Business Ethics & Values",1436,"Non-ESG",10.993,"NOC_2022_RISK_017","Legal and Regulatory Risks","Legal and Regulatory Risks","NOC","2026-03-16T06:58:43.194327Z"
2432,"1",1411,"General Risk Factors
Adverse publicity related to our company, industry, personnel, operations or business performance may cause damage to our corporate reputation or brands and may generate negative sentiment, potentially affecting the performance of our business or our stock price, regardless of its accuracy or inaccuracy. Our reputation could be adversely affected by actual or perceived failures or concerns related to ethics, compliance, product quality and safety, environmental matters, privacy, diversity and inclusion, human rights, compensation and benefits and corporate governance, among other things. Negative publicity can be disseminated rapidly through digital platforms, including social media, websites, blogs and newsletters. Customers and other interested parties value readily available information and often act on such information without further investigation and without regard to its accuracy. The harm may be immediate without affording us an opportunity for redress or correction, and our success in preserving our brand image depends on our ability to recognize, respond to and effectively manage negative publicity in a rapidly changing environment. Adverse publicity or unfavorable commentary from any source could damage our reputation, reduce the demand for our homes or negatively impact the morale and performance of our employees, which could adversely affect our business.","2026-03-16T06:58:35.779242Z","2021-11-18",0.933,"Business Ethics & Values",1437,"Non-ESG",19.901,"DHI_2021_RISK_057","General Risk Factors","General Risk Factors","DHI","2026-03-16T06:58:35.779252Z"
2433,"1",866,"Because we have operations in numerous countries, our results may be adversely impacted by economic, regulatory and political developments, natural disasters, pandemics or conflicts.
In certain markets, we are dependent on governmental approvals of various actions such as price changes, and failure to obtain such approvals could impair growth of our profitability. In addition, despite our high ethical standards and rigorous controls and compliance policies aimed at preventing and detecting unlawful conduct, given the breadth and scope of our international operations, we may not be able to detect all potential improper or unlawful conduct by our employees and partners. Such improper or unlawful conduct (actual or alleged) could lead to litigation and regulatory action, cause damage to our reputation and that of our brands, and result in substantial costs.","2026-03-16T06:59:14.188375Z","2024-02-08",0.9461,"Business Ethics & Values",1438,"Business Ethics & Values",22.329,"PM_2024_RISK_027","Because we have operations in numerous countries, our results may be adversely impacted by economic, regulatory and political developments, natural disasters, pandemics or conflicts.","Overall Business Risks","PM","2026-03-16T06:59:14.188395Z"
2434,"1",2143,"We are subject to regulation worldwide.   If we fail to comply with regulatory requirements or if regulations change in a way that adversely affects our operations, we may not be able to conduct our business, or we may be less profitable.
Many of our activities throughout the world are subject to supervision and regulations promulgated by regulatory or self-regulatory bodies such as the SEC, the NYSE, the DOJ, the IRS, the Office of Foreign Assets Control, the FTC and the FINRA in the U.S., the Financial Conduct Authority in the U.K., the Australian Securities and Investments Commission in Australia and insurance regulators in nearly every jurisdiction in which we operate. Our retirement-related consulting and investment services are subject to pension law and financial regulation in many countries. Our activities are also subject to a variety of other laws, rules and regulations addressing licensing, data privacy, wage-and-hour standards, employment and labor relations, anti-competition, anti-corruption, currency, the conduct of business, reserves and the amount of local investment with respect to our operations in certain countries. For example, the DOJ recently revised its Corporate Criminal Enforcement Policies and Practices to include a section on the use of personal devices and third-party messaging applications, indicating that their use poses significant risk to companies and suggesting that it intends to investigate seriously whether companies have ensured that data from these sources is preserved for investigations. This and other forms of regulatory supervision could reduce our profitability or growth by increasing the costs of compliance, increasing the risk of costly enforcement actions, restricting the products or services we sell, the markets we enter, the methods by which we sell our products and services, or the prices we can charge for our services and the form of compensation we can accept from our clients, underwriting enterprises and third parties. As our operations grow around the world, it is increasingly difficult to monitor and enforce regulatory compliance across the organization.","2026-03-16T06:59:22.067110Z","2023-02-10",0.796,"Business Ethics & Values",1439,"Business Ethics & Values",7.363,"AJG_2023_RISK_048","We are subject to regulation worldwide.   If we fail to comply with regulatory requirements or if regulations change in a way that adversely affects our operations, we may not be able to conduct our business, or we may be less profitable.","Regulatory, Legal and Accounting Risks","AJG","2026-03-16T06:59:22.067121Z"
2435,"1",1344,"Risks Related to Regulatory and Legal Matters
We and certain related entities have in recent years been subject to various legal proceedings, including civil litigation and governmental investigations and enforcement actions. These actions can arise from normal business operations and/or matters that have been the subject of previous regulatory reviews. As a global company with investment products registered in numerous countries and subject to the jurisdiction of one or more regulators in each country, at any given time, our business operations may be subject to review, investigation or disciplinary action. For example, governmental authorities regularly make inquiries, hold investigations and administer market conduct examinations with respect to the company's compliance with applicable laws and regulations. Lawsuits or regulatory enforcement actions arising out of these inquiries may in the future be filed against the company and related entities and individuals. Judgments in civil litigation or findings of wrongdoing by these authorities against us could affect our reputation, result in damages, fines or penalties for which we would be responsible, increase our costs of doing business and/or negatively impact our revenues, any of which could have a material negative impact on our AUM, revenues, net income or liquidity.","2026-03-16T07:00:01.068580Z","2024-02-21",0.8565,"Business Ethics & Values",1440,"Non-ESG",38.492,"IVZ_2024_RISK_084","Risks Related to Regulatory and Legal Matters","Risks Related to Strategic Transactions","IVZ","2026-03-16T07:00:01.068590Z"
2436,"1",1782,"Our Legal, Compliance and Regulatory Risks
We and our managers, tenants and borrowers may be adversely affected by regulation and enforcement. We and our managers, tenants and borrowers are subject to or impacted by extensive and frequently changing federal, state, local and international laws and regulations. For example, the healthcare industry is subject to laws and regulations that relate to, among other things, licensure and certificates of need, conduct of operations, ownership of communities and facilities, construction of new communities and facilities and addition of equipment, governmental reimbursement programs, such as Medicare and Medicaid, allowable costs, services, prices for services, qualified beneficiaries, appropriateness and classification of care, patient rights, resident health and safety, data privacy and cybersecurity, wage and hour, fraud and abuse and financial and other arrangements that may be entered into by healthcare providers. We generally hold the applicable healthcare licenses and enroll in applicable government healthcare programs on behalf of the properties in our SHOP segment, and that subjects us to potential liability under some healthcare laws and regulations. See “Government Regulation—United States Healthcare Regulation, Licensing and Enforcement” included in Part I, Item 1 of this Annual Report. Many of our research tenants are subject to laws and regulations that govern the research, development, clinical testing, manufacture and marketing of drugs, medical devices and similar products. The laws and regulations that apply to us and our managers, tenants and borrowers are complex and may change rapidly or new laws and regulations may be introduced, and efforts to comply with them require significant resources.","2026-03-16T07:03:06.025078Z","2025-02-13",0.6344,"Business Ethics & Values",1441,"Product Liability",184.433,"VTR_2025_RISK_091","Our Legal, Compliance and Regulatory Risks","Our Capital Structure Risks","VTR","2026-03-16T07:03:06.025086Z"
2437,"1",1159,"Certain Recent and Potential Regulatory Developments
•In October 2023, the U.S. Department of Labor proposed a rule that, if finalized, would materially increase the likelihood that a fund sponsor could inadvertently become a fiduciary to plans governed by The Employee Retirement Income Security Act of 1974 (""ERISA""), individual retirement accounts (“IRAs”) within the meaning of Section 4975 of the Code, and similar plans, by reason of being deemed to have rendered investment advice in the context of fundraising and investor engagement. The proposal broadly applies to any communication made to ERISA-governed plans, IRAs, and their fiduciaries that would reasonably be viewed as a suggestion that the plan engage in, or refrain from taking, a particular course of action, and, therefore, may potentially create a fiduciary relationship between the fund sponsor and an ERISA plan or IRA for purposes of that communication. In the event that the fund sponsor was deemed to be an investment advice fiduciary, such fund sponsor would generally need to satisfy a complicated exemption to avoid a self-dealing prohibited transaction under ERISA and the Code.","2026-03-16T07:03:37.891476Z","2024-02-29",0.8044,"Business Ethics & Values",1442,"Business Ethics & Values",31.327,"KKR_2024_RISK_097","Certain Recent and Potential Regulatory Developments","Risks Related to Our Business","KKR","2026-03-16T07:03:37.891493Z"
2438,"1",2010,"COMPANY RISKS
One of our businesses was recently suspended by CMS from receiving payments from Medicare, although it is permitted to continue to perform and bill for Medicare services. The amounts billed are being deposited in an escrow account pending resolution of an audit. The Company has not recognized revenue for these services and has currently deferred slightly over $4 million in revenue. Our business is also subject to requirements of similar and other foreign governmental laws and regulations affecting our operations abroad. The failure to comply with any of these laws or regulations, or new interpretations of existing laws and regulations, or the imposition of any additional laws and regulations, could materially adversely affect our business. The costs to us associated with complying with the various applicable statutes and regulations, as they now exist and as they may be modified, could be material. Allegations by a governmental body that we have not complied with these laws could have a material adverse effect on our businesses. While we believe that we are substantially compliant with applicable laws and regulations, and believe we have adequate compliance programs and controls in place to ensure substantial compliance, if it is determined that we have not complied with these laws, we are potentially subject to penalties, including warning letters, substantial civil and criminal penalties, mandatory recall of product, seizure of product and injunction, consent decrees and suspension or limitation of product sale and distribution. If we enter into settlement agreements to resolve allegations of non-compliance, we could be required to make settlement payments or be subject to civil and criminal penalties, including fines and the loss of licenses. Non-compliance with government requirements could also adversely affect our ability to participate in important federal and state government health care programs, such as Medicare and Medicaid, and damage our reputation.","2026-03-16T07:03:48.723242Z","2022-02-15",0.734,"Business Ethics & Values",1443,"Business Ethics & Values",10.313,"HSIC_2022_RISK_038","COMPANY RISKS","COMPANY RISKS","HSIC","2026-03-16T07:03:48.723252Z"
2439,"1",257,"Business and Operational Risks
Acquiring new clients and retaining existing clients depends on our ability to avoid and manage conflicts of interest arising from other client relationships, retaining key personnel and maintaining a highly skilled workforce.","2026-03-16T07:04:02.058948Z","2024-02-07",0.7594,"Business Ethics & Values",1444,"Human Capital",12.824,"OMC_2024_RISK_013","Business and Operational Risks","Business and Operational Risks","OMC","2026-03-16T07:04:02.058964Z"
2440,"1",2269,"Legal and Regulatory Risks
From time to time, we may be, and in certain cases have been, subject to a variety of legal and regulatory actions relating to our current and past business operations, including:•industry-wide investigations regarding business practices, including the use and marketing of certain types of insurance policies or certificates of insurance, and compliance with guidance issued by regulators; •actions by regulatory authorities that may restrict our ability to increase or maintain our premium rates, require us to reduce premium rates, require us to allow customers to defer premium payments on certain of our products, make offering our products more expensive or unattractive to our clients, impose fines or penalties, and result in other expenses; •market conduct examinations, for which we are required to pay the expenses of the regulator as well as our own expenses, and which may result in fines, penalties, and other adverse consequences; •disputes regarding our Lender-placed Insurance products, including those relating to rates, agent compensation, consumer disclosure, continuous coverage requirements, loan tracking services and other services that we provide to mortgage servicers; •disputes over coverage or claims adjudication; •disputes over our treatment of claims, in which states or insureds may allege that we failed to make required payments or meet prescribed deadlines for adjudicating claims; •disputes regarding regulatory compliance, sales practices, disclosures, premium refunds, licensing, underwriting and compensation arrangements; •disputes over liability claims under comprehensive general liability policies involving property damage or personal injury at insured properties or relating to insured vehicles; •disputes alleging bundling of credit insurance and warranty products with other products provided by financial institutions; •disputes with tax and insurance authorities regarding our tax liabilities;•investigations alleging violations of sanctions and/or export control laws; •disputes relating to customers’ claims that they were not aware of the full cost or existence of the insurance or limitations on insurance coverage; and •employment litigation claims brought by current or former employees.","2026-03-16T07:04:36.401238Z","2023-02-17",0.7764,"Business Ethics & Values",1445,"Business Ethics & Values",33.807,"AIZ_2023_RISK_113","Legal and Regulatory Risks","Legal and Regulatory Risks","AIZ","2026-03-16T07:04:36.401249Z"
2441,"1",752,"Risks Related to Laws and Regulations
We envision a future in which AI operating in our products and services will help our public safety and private sector customers build safer communities with stronger communication platforms. AI may be flawed and datasets may be insufficient or contain biased information. Additionally, AI presents emerging ethical issues and we may enable or offer solutions that draw controversy due to their perceived or actual impact on society. As we work to responsibly meet our customers’ needs for products and services that use AI, we could suffer reputational or competitive damage as a result of any inconsistencies in the application of the technology or ethical concerns both of which may generate negative publicity.","2026-03-16T07:04:41.990646Z","2023-02-16",0.8427,"Business Ethics & Values",1446,"Business Ethics & Values",5.07,"MSI_2023_RISK_006","Risks Related to Laws and Regulations","Risks Related to Laws and Regulations","MSI","2026-03-16T07:04:41.990657Z"
2442,"1",1359,"Risks Related to Government Regulation and Enforcement
In addition, in November 2024, the European Commission issued a fine as a result of its finding that we tied Facebook Marketplace to Facebook and use data in a manner that infringes European Union competition rules. We are also subject to other government inquiries and investigations relating to our business activities and disclosure practices. For example, beginning in September 2021, we became subject to government investigations and requests relating to allegations and the release of internal company documents by a former employee. Orders issued by, or inquiries or enforcement actions initiated by, government or regulatory authorities could cause us to incur substantial costs, expose us to civil and criminal liability (including liability for our personnel) or penalties (including substantial monetary remedies), interrupt or require us to change our business practices in a manner materially adverse to our business (including changes to our products or user data practices), result in negative publicity and reputational harm, divert resources and the time and attention of management from our business, or subject us to other structural or behavioral remedies that adversely affect our business, and we have experienced some of these adverse effects to varying degrees from time to time.","2026-03-16T07:04:58.973430Z","2026-01-29",0.5928,"Business Ethics & Values",1447,"Business Ethics & Values",5.959,"META_2026_RISK_129","Risks Related to Government Regulation and Enforcement","Risks Related to Our Business Operations and Financial Results","META","2026-03-16T07:04:58.973440Z"
2443,"1",710,"BUSINESS AND OPERATIONS RISKS
laws, rules and regulations that may apply to our international operations may result in lawsuits, enforcement actions, criminal actions, or sanctions against us and, our directors, officers, and employees; prohibit or require us to change our products, services and business practices; and damage our reputation. There can be no assurance that our employees, contractors, or agents will not violate applicable laws or our policies, procedures and controls designed to help ensure compliance with these laws. These risks are inherent in our international operations, may increase our costs of doing business internationally, and could materially and adversely affect our business.","2026-03-16T07:05:04.199671Z","2026-02-03",0.7763,"Business Ethics & Values",1448,"Business Ethics & Values",4.724,"PYPL_2026_RISK_063","BUSINESS AND OPERATIONS RISKS","BUSINESS AND OPERATIONS RISKS","PYPL","2026-03-16T07:05:04.199681Z"
2444,"1",1283,"We are subject to governmental export and import controls that could subject us to liability or impair our ability to compete in global markets as well as a variety of other laws and regulations.
government contracts, any of which could have a material adverse effect on our operations, reputation and financial condition. In addition to export control laws, our global operations are subject to numerous U.S. and foreign laws and regulations, including those related to anti-corruption, anti-bribery, tax, corporate governance, financial and other disclosures, competition, antitrust, data privacy, data protection and employment. These laws and regulations are complex and may have differing or conflicting legal standards, making compliance difficult and costly, and changes to these laws may require us to make significant changes to our business operations that may adversely affect our business overall. The policies and procedures we have implemented to assist our compliance with these laws and regulations do not provide complete assurance that our employees, contractors, agents or partners will not violate such laws and regulations. Any violation individually or in the aggregate could have a material adverse effect on our operations, reputation and financial condition.","2026-03-16T07:05:14.421565Z","2024-02-14",0.7532,"Business Ethics & Values",1449,"Business Ethics & Values",9.727,"CDNS_2024_RISK_010","We are subject to governmental export and import controls that could subject us to liability or impair our ability to compete in global markets as well as a variety of other laws and regulations.","Business and Operational Risks","CDNS","2026-03-16T07:05:14.421574Z"
2445,"1",2035,"Risks Related to Regulatory and Legal Matters
We are subject to increasing compliance risks that could adversely affect our operating results. As a global business, we are subject to laws and regulations in the U.S. and other countries in which we operate. International sales and global operations require importing and exporting goods, software and technology, some of which have military applications subjecting them to more stringent import-export controls across international borders on a regular basis. For example, we sometimes initially must obtain licenses and authorizations from various U.S. Government agencies before we are permitted to sell certain of our aerospace and defense products outside the U.S., and we are not always successful in obtaining these licenses or authorizations in a timely manner. Both U.S. and foreign laws and regulations applicable to us have been increasing in scope and complexity. For example, both U.S. and foreign governments and government agencies regulate the aviation industry, and they have previously and may in the future impose new regulations for additional aircraft security or other requirements or restrictions. New or changing laws and regulations or related interpretation and policies could increase our costs of doing business, affect how we conduct our operations, adversely impact demand for our products, and/or limit our ability to sell our products and services. Compliance with laws and regulations of increasing scope and complexity is even more challenging in our current business environment in which reducing our operating costs is often necessary to remain competitive. In addition, a violation of U.S. and/or foreign laws by one of our employees or business partners could subject us or our employees to civil or criminal penalties, including material monetary fines, or other adverse actions, such as denial of import or export privileges and/or debarment as a government contractor which could damage our reputation and have an adverse effect on our business.","2026-03-16T07:05:29.170068Z","2022-02-17",0.6408,"Business Ethics & Values",1450,"Business Ethics & Values",14.217,"TXT_2022_RISK_038","Risks Related to Regulatory and Legal Matters","Financial Risks","TXT","2026-03-16T07:05:29.170092Z"
2446,"1",1708,"REGULATORY, LEGAL AND COMPLIANCE RISKS
We are involved, or may in the future become involved, in legal proceedings, regulatory reviews, audits and other legal matters. These may involve inquiries, investigations, lawsuits and other proceedings by local, provincial, state and national governmental entities (in the U.S. and other countries) and private plaintiffs, including with respect to employment and employee benefits (such as classification, employment rights, discrimination, wage and hour and retaliation); whistleblower claims; harassment claims; tax; securities; disclosure; real estate; environmental matters; hazardous materials and hazardous waste; tort; business practices; consumer protection; privacy/data security; product safety and compliance; advertising; and intellectual property. There continue to be employment-related and consumer protection lawsuits, including putative class actions, in the United States, and we are subject to these types of suits. We cannot predict the results of legal and regulatory proceedings with certainty, and actual results may differ from any reserves we establish estimating the probable outcome. Regardless of merit or outcome, these proceedings can be both time-consuming and disruptive to our operations and may cause significant expense and diversion of management attention. Legal, regulatory and other proceedings could expose us to significant defense costs, fines, penalties and liability to private parties and governmental entities for monetary recoveries and other amounts and attorneys’ fees and/or require us to change aspects of our operations, any of which could have a material adverse effect on our business and results of operations.","2026-03-16T07:05:33.101242Z","2021-03-31",0.6909,"Business Ethics & Values",1451,"Business Ethics & Values",3.396,"TJX_2021_RISK_061","REGULATORY, LEGAL AND COMPLIANCE RISKS","REGULATORY, LEGAL AND COMPLIANCE RISKS","TJX","2026-03-16T07:05:33.101252Z"
2447,"1",1909,"Liquidity
Not only are these regulations extensive, but they involve types of regulations and supervision, as well as regulatory compliance risks, that have not historically applied to us. The level of regulatory scrutiny and the scope of regulations affecting financial interactions with consumers is often much greater than that associated with doing business with institutions and high-net-worth individuals. Complying with these regulations is time-consuming, costly and presents new and increased risks. Our expansion into consumer-oriented activities will result in a change to GS Bank USA's CRA requirements later in 2023, such that GS Bank USA will no longer be assessed as a “wholesale bank” for CRA compliance purposes and, instead, will be assessed pursuant to the framework applicable to large commercial banks or pursuant to an approved strategic plan. Any failure to comply with different or expanded CRA requirements as a result of this change in assessment methods could negatively impact GS Bank USA's CRA ratings, cause reputational harm and result in limits on our ability to make future acquisitions or engage in certain new activities. Increasingly, regulators and courts have sought to hold financial institutions liable for the misconduct of their clients where they have determined that the financial institution should have detected that the client was engaged in wrongdoing, even though the financial institution had no direct knowledge of the activities engaged in by its client. Regulators and courts have also increasingly found liability as a “control person” for activities of entities in which financial institutions or funds controlled by financial institutions have an investment, but which they do not actively manage. In addition, regulators and courts continue to seek to establish “fiduciary” obligations to counterparties to which no such duty had been assumed to exist.","2026-03-16T07:09:26.669665Z","2023-02-24",0.7338,"Business Ethics & Values",1452,"Non-ESG",233.052,"GS_2023_RISK_045","Liquidity","Liquidity","GS","2026-03-16T07:09:26.669675Z"
2448,"1",2027,"We assume operational risks with respect to our senior housing properties managed in RIDEA structures that could have a material adverse effect on our business, results of operations and financial condition.
As a result, we have limited rights to direct or influence the business or operations of our properties in the CCRC segment and in the properties owned by our SWF SH JV, and we depend on our operators to operate these properties in a manner that complies with applicable law, minimizes legal risk and maximizes the value of our investment. Failure by our operators to adequately manage these risks could have a material adverse effect on our business, results of operations and financial condition. We are required under RIDEA to rely on our operators to oversee and direct these aspects of the properties’ operations to ensure compliance with applicable laws and regulations. If one or more of our healthcare properties fails to comply with applicable laws and regulations, our TRS would be responsible (except in limited circumstances, such as the gross negligence or willful misconduct of our operators, where we would have a contractual claim against them), which could subject our TRS to penalties including loss or suspension of licenses, certification or accreditation, exclusion from government healthcare programs (i.e., Medicare, Medicaid), administrative sanctions and civil monetary penalties. Some states also reserve the right to sanction affiliates of a licensee when they take administrative action against the licensee. Additionally, when we receive individually identifiable health information relating to residents of our healthcare properties, we are subject to federal and state data privacy and security laws and rules, and could be subject to liability in the event of an audit, complaint, cybersecurity attack or data breach. Furthermore, our TRS has exposure to professional liability claims that could arise out of resident claims, such as quality of care, and the associated litigation costs.","2026-03-16T07:09:38.594767Z","2022-02-09",0.6285,"Business Ethics & Values",1453,"Business Ethics & Values",11.408,"DOC_2022_RISK_027","We assume operational risks with respect to our senior housing properties managed in RIDEA structures that could have a material adverse effect on our business, results of operations and financial condition.","Risks Related to Our Business and Operations","DOC","2026-03-16T07:09:38.594779Z"
2449,"1",1656,"Extensive regulation and changes in legislation can impact profitability and growth.
The Company's insurance subsidiaries are subject to complex laws and regulations that are administered and enforced by a number of governmental authorities, that exercise a degree of interpretive latitude, including the FSA and Ministry of Finance (MOF) in Japan, state insurance regulators, the BMA in Bermuda, the SEC, the NAIC, the FIO, the U.S. Department of Justice, state attorneys general, the U.S. Commodity Futures Trading Commission, and the U.S. Department of the Treasury, including the Internal Revenue Service (IRS), in the U.S. The Company is subject to the risk that compliance with any particular regulator's or enforcement authority's interpretation of a legal or regulatory issue may result in non-compliance with another regulator's or enforcement authority's interpretation of the same issue, particularly when compliance is judged in hindsight. Further, regulatory authorities periodically re-examine existing laws and regulations applicable to insurance companies and their products. Changes in these laws and regulations, or in interpretations thereof, could have a material adverse effect on the Company's financial condition and results of operations. In July 2023, new regulations were proposed by the U.S. Departments of Labor, Treasury and Health and Human Services related to (i) short-term, limited-duration insurance, (ii) fixed indemnity and hospital indemnity excepted benefits, (iii) specified disease or illness excepted benefits, and (iv) tax treatments of fixed amounts received through employment-based accident or health insurance.","2026-03-16T07:09:55.062956Z","2024-02-22",0.6804,"Business Ethics & Values",1454,"Business Ethics & Values",15.956,"AFL_2024_RISK_040","Extensive regulation and changes in legislation can impact profitability and growth.","Regulatory Risk Factors","AFL","2026-03-16T07:09:55.062967Z"
2450,"1",1865,"Risks Related to Our Business and Industry
These claims, lawsuits, and proceedings could involve labor and employment, discrimination and harassment, commercial disputes, intellectual property rights (including patent, trademark, copyright, trade secret, and other proprietary rights), class actions, general contract, tort, defamation, data privacy rights, antitrust, common law fraud, government regulation, or compliance, alleged federal and state securities and “blue sky” law violations or other investor claims, and other matters. Derivative claims, lawsuits, and proceedings, which may, from time to time, be asserted against our directors by our stockholders, could involve breach of fiduciary duty, failure of oversight, corporate waste claims, and other matters. One of our stockholders with respect to whom we are currently engaged in litigation as described in the notes to our consolidated financial statements has threatened to bring various of these claims. In addition, our business and results may be adversely affected by the outcome of any currently pending or any future legal, regulatory, and/or administrative claims or proceedings, including through monetary damages or injunctive relief. The number and significance of our legal disputes and inquiries may increase as we continue to grow larger, as our business expands in employee headcount, scope, and geographic reach, and as our platforms and services become more complex. Additionally, if customers fail to pay us under the terms of our agreements, we may be adversely affected due to the cost of enforcing the terms of our contracts through litigation. Litigation or other proceedings can be expensive and time consuming and can divert our resources and leadership’s attention from our primary business operations. The results of our litigation also cannot be predicted with certainty.","2026-03-16T07:10:01.928297Z","2022-02-24",0.7591,"Business Ethics & Values",1455,"Business Ethics & Values",6.34,"PLTR_2022_RISK_125","Risks Related to Our Business and Industry","Risks Related to Our Business and Industry","PLTR","2026-03-16T07:10:01.928308Z"
2451,"1",1786,"Risks Related to Our Business
Our business is subject to extensive regulation and legislative focus, including periodic examinations, inquiries and investigations by governmental and self-regulatory organizations in the jurisdictions in which we operate around the world. Many of these regulators, including U.S. federal and state and foreign government agencies and regulators and self-regulatory organizations, are empowered to impose fines, restrictions on activities, suspensions of personnel or other sanctions, including censure, the issuance of cease-and-desist orders or the suspension or expulsion of applicable licenses, authorizations and memberships. Any of the foregoing may damage our relationships with existing and potential fund investors, impair our ability to raise capital for successor funds, impair our ability to carry out our investment strategies, impair Global Atlantic's ability to conduct its insurance business, or contravene provisions concerning compliance with law in agreements to which we are a party. Even if a sanction is not imposed or a sanction imposed against us or our personnel by a regulator were small in monetary amount, the adverse publicity relating to the regulatory activity or imposition of these sanctions could harm our reputation and cause us to lose existing fund investors or fail to gain new fund investors or to lose or fail to gain new policyholders or ceding parties. The private equity industry has been and continues to be under intense regulatory and news media scrutiny with governmental officials and regulators, focusing on the private equity industry's fees, the taxation of its investments, the business practices, antitrust compliance and operations of its portfolio companies, conflicts of interest, and other issues.","2026-03-16T07:10:21.540659Z","2023-02-27",0.8553,"Business Ethics & Values",1456,"Non-ESG",19.119,"KKR_2023_RISK_096","Risks Related to Our Business","Risks Related to Our Business","KKR","2026-03-16T07:10:21.540670Z"
2452,"1",262,"Risks Related to Economic Conditions and Operating Internationally
Failure to comply with the U.S. Foreign Corrupt Practices Act and similar worldwide anti-bribery laws could materially adversely affect our business and result in civil and/or criminal sanctions.","2026-03-16T07:10:24.572410Z","2023-02-24",0.8293,"Business Ethics & Values",1457,"Business Ethics & Values",2.541,"PODD_2023_RISK_035","Risks Related to Economic Conditions and Operating Internationally","Risks Related to Our Business and Industry","PODD","2026-03-16T07:10:24.572419Z"
2453,"1",1910,"INDUSTRY AND ECONOMIC RISKS
Our revenues from contracts with the U.S. government (including all branches of the U.S. military), either as a prime contractor or a subcontractor to other contractors engaged in work for the U.S. government, generated approximately 87% of our total revenue in both fiscal 2024 and 2023, and 86% in fiscal 2022. We expect to continue to derive most of our revenues from work performed under U.S. government contracts. Our reputation and relationships with the U.S. government, particularly with the agencies of the DoD and the U.S. Intelligence Community, are key factors in maintaining and growing our revenues, and enable us to provide informal input and advice to government entities and agencies prior to the development of a formal bid. In addition, negative publicity, including reports from the press or social media coverage, regardless of accuracy or completeness, and which could pertain to employee or subcontractor misconduct, conflicts of interest, poor contract performance, deficiencies in services, reports, products or other deliverables, security breaches or other security incidents or other aspects of our business, could harm our reputation with these agencies and with certain non-U.S. customers. Due to the sensitive nature of our work and our confidentiality obligations to our customers, and despite our ongoing efforts to provide transparency, we may be unable to or limited in our ability to respond to such negative publicity, which could also harm our reputation and our business. If our reputation is negatively affected or if we are unable to successfully maintain our relationships with government entities and agencies, certain customers could cease to do business with us and our ability to bid successfully for new business may be adversely affected, which could cause our actual results to differ materially and adversely from those anticipated.","2026-03-16T07:11:20.024934Z","2025-02-11",0.7823,"Business Ethics & Values",1458,"Business Ethics & Values",54.926,"LDOS_2025_RISK_007","INDUSTRY AND ECONOMIC RISKS","INDUSTRY AND ECONOMIC RISKS","LDOS","2026-03-16T07:11:20.024943Z"
2454,"1",2403,"Risks Related to Laws and Regulations
Our business is subject to risks associated with doing business internationally, including:•uncertain, inconsistent or changing laws, regulations, rulings or methodologies impacting our existing and anticipated international operations, fees or other requirements directed specifically at the ownership and operation of communications infrastructure or our international acquisitions, any of which laws, fees or requirements may be applied retroactively or with significant delay;•failure or inability to retain our tax status or to obtain an expected tax status for which we have applied;•changes to applicable tax laws or successful challenges to how or where our profits are currently recognized, which could increase our overall taxes;•expropriation resulting in government takeover of our or our customers’ operations;•governmental regulation restricting foreign ownership or requiring reversion or divestiture;•laws or regulations that tax or otherwise restrict repatriation of earnings or other funds or otherwise limit distributions of capital;•changes in a specific country’s or region’s political or economic conditions, including inflation, currency devaluation, coup d’états and other violent and/or unplanned transitions of power;•changes to zoning regulations or construction laws, which could be applied retroactively to our existing communications infrastructure;•actions restricting or revoking our customers’ spectrum licenses, or alterations or interpretations thereof, or suspending or terminating business under prior licenses;•failure to comply with anti-bribery laws such as the FCPA or similar local anti-bribery laws, or the Office of Foreign Assets Control requirements;•failure to comply with data privacy laws or other protections of employee health and personal information;•material site issues related to security, fuel availability and reliability of electrical grids;•significant increases in, or implementation of new, license surcharges and similar fees or taxes on our revenue;•anti-American sentiment or adverse impacts from United States trade or foreign policy, including the impacts of tariffs and retaliatory measures;•loss of key personnel, including expatriates, in markets where talent is difficult or expensive to acquire; and•price-setting or other similar laws or regulations for the sharing of passive infrastructure.","2026-03-16T07:12:55.046302Z","2026-02-24",0.8086,"Business Ethics & Values",1459,"Non-ESG",94.378,"AMT_2026_RISK_033","Risks Related to Laws and Regulations","Risks Related to Laws and Regulations","AMT","2026-03-16T07:12:55.046310Z"
2455,"1",1966,"Risks related to operating in foreign jurisdictions
Our international operations could be limited or disrupted by any of the following:•volatility in the international financial markets;•difficulties enforcing contractual and intellectual property rights;•theft or compromise of technology, data and intellectual property;•parallel trade in our products (importation of our products from EU countries where our products are sold at lower prices into EU countries where the products are sold at higher prices);•compliance with a wide variety of potentially changing and conflicting laws and regulations, such as the FCPA, the U.K. Bribery Act of 2010 and similar anti-bribery and corruption-related laws globally, including labor laws, tax laws, tariffs and those relating to environmental, health and safety requirements;•political and social instability, including crime, civil disturbance, terrorist activities and armed conflicts;•trade restrictions and restrictions on direct investments by foreign entities, including restrictions administered by OFAC and the EU, in relation to our products or the products of farmers and other customers (e.g., restrictions on the importation of agricultural products from the EU to Russia);•government limitations on foreign ownership or government takeover or nationalization of our business; •imposition of anti-dumping and countervailing duties or other trade-related sanctions;•costs and difficulties and compliance risks in staffing, managing and monitoring international operations, including the use of overseas third-party goods and service providers;•longer payment cycles and increased exposure to counterparty risk; and•additional limitations on transferring personal information between countries or other restrictions on the processing of personal information. While the impact of these factors is difficult to predict, any of them could materially adversely affect our operating results and financial condition.","2026-03-16T07:13:02.618266Z","2024-02-13",0.6641,"Business Ethics & Values",1460,"Non-ESG",7.059,"ZTS_2024_RISK_114","Risks related to operating in foreign jurisdictions","Risks related to our business and the animal health industry","ZTS","2026-03-16T07:13:02.618278Z"
2456,"1",1871,"Legal Proceedings
Supreme Court agreed to review the scope of protection available to online platforms under Section 230 of the Communications Decency Act (Section 230). We believe this lawsuit is without merit, and we are vigorously defending it. However, changes to the protections available under Section 230 may increase our costs or require significant changes to our products, business practices, or operations, which could adversely affect our business. On February 14, 2022, the State of Texas filed a lawsuit against us in Texas state court alleging that “tag suggestions"" and other facial recognition features on our products violated the Texas Capture or Use of Biometric Identifiers Act and the Texas Deceptive Trade Practices-Consumer Protection Act, and seeking statutory damages and injunctive relief. The case is currently scheduled for trial in October 2023. We believe this lawsuit is without merit, and we are vigorously defending it. In addition, we are subject to litigation and other proceedings involving law enforcement and other regulatory agencies, including in particular in Brazil, Russia, and other countries in Europe, in order to ascertain the precise scope of our legal obligations to comply with the requests of those agencies, including our obligation to disclose user information in particular circumstances. A number of such instances have resulted in the assessment of fines and penalties against us. We believe we have multiple legal grounds to satisfy these requests or prevail against associated fines and penalties, and we intend to vigorously defend such fines and penalties. We are also party to various other legal proceedings, claims, and regulatory, tax or government inquiries and investigations that arise in the ordinary course of business, and we may in the future be subject to additional legal proceedings and disputes.","2026-03-16T07:13:06.873546Z","2023-02-02",0.7811,"Business Ethics & Values",1461,"Business Ethics & Values",3.718,"META_2023_RISK_161","Legal Proceedings","Legal Proceedings","META","2026-03-16T07:13:06.873555Z"
2457,"1",1907,"Legal and Regulatory Risks
case law have generally shielded us from liability for customer activities to date, court rulings in pending or future litigation or future regulatory or legislative amendments may narrow the scope of protection afforded us under these laws. Additionally, neither the DMCA nor the CDA generally apply to claims of trademark violations, and thus they may be inapplicable to many of the claims asserted against our company. Furthermore, there have been, and continue to be, various Congressional and executive efforts to remove or restrict the scope of the protections available under Section 230 of the CDA, which if successful could decrease our current protections from liability for third-party content and increase our litigation costs. In addition, other bodies of law, including state criminal laws, may be deemed to apply or new statutes or regulations may be adopted in the future, any of which could expose us to further liability and increase our costs of doing business. If such claims are successful, our business and operating results could be adversely affected, and even if the claims do not result in litigation or are resolved in our favor, these claims, and the time and resources necessary to resolve them, could divert the resources of our management and adversely affect our business and operating results. For example, the Stop Enabling Sex Traffickers Act and the Allow States and Victims to Fight Online Sex Trafficking Act may limit the immunity previously available to us under the CDA, which could subject us to investigations or penalties if our customers' activities are deemed illegal or inappropriate. In addition, the DSA, a package of legislation intended to update the liability and safety rules for digital platforms, products and services, could negatively impact the scope of the limited immunity provided by the E-Commerce Directive in the EU.","2026-03-16T07:13:10.354245Z","2023-02-16",0.8513,"Business Ethics & Values",1462,"Business Ethics & Values",2.974,"GDDY_2023_RISK_135","Legal and Regulatory Risks","Legal and Regulatory Risks","GDDY","2026-03-16T07:13:10.354255Z"
2458,"1",1929,"Business, Operational and Industry Risks
The indenture governing the securitized debt will restrict the cash flow from the entities subject to the securitization to any of our other entities and upon the occurrence of certain events, cash flow would be further restricted. In the event that a rapid amortization event occurs under the indenture (including, without limitation, upon an event of default under the indenture or the failure to repay the securitized debt at the end of its term), the funds available to us would be reduced or eliminated, which would in turn reduce our ability to operate or grow our business. Regulatory, Legal and Compliance Risks We face risks of litigation, investigations, enforcement actions and negative publicity from customers, franchisees, suppliers, employees, regulators and others in the ordinary course of business, which could divert our financial and management resources. Litigation, investigations, enforcement actions or publicity may adversely impact our financial condition and results of operations. Claims of illness or injury relating to food quality or food handling are common in the food service industry, and vehicular accidents and injuries occur in the food delivery business. We are currently subject to these types of claims and have been subject to these types of claims in the past. Claims within our industry of improper supplier actions also occasionally arise that, if made against one of our suppliers, could potentially damage our brand image. In addition, class action lawsuits have been filed, and may continue to be filed, against various QSRs alleging, among other things, that QSRs have failed to disclose the health risks associated with certain foods and that QSR marketing practices have encouraged obesity. State attorney general offices or other regulators have initiated and may in the future initiate investigations or enforcement actions against us.","2026-03-16T07:13:14.895318Z","2026-02-23",0.5305,"Business Ethics & Values",1463,"Business Ethics & Values",4.019,"DPZ_2026_RISK_035","Business, Operational and Industry Risks","","DPZ","2026-03-16T07:13:14.895330Z"
2459,"1",1883,"Legal and Regulatory Risks
Many of our applications are designed to assist our clients in complying with government regulations that continually change. The introduction of new regulatory requirements, or new interpretations of existing laws or regulations, could increase our cost of doing business. For example, there have been and may continue to be a significant number of new laws and regulations promulgated by federal, state and local governments following the outbreak of the COVID-19 pandemic. We have expended additional resources and incurred additional costs in addressing the regulatory requirements applicable to us and our clients. More generally, changing regulatory requirements may make the introduction of new applications and enhancements more costly or more time-consuming than we currently anticipate or could prevent the introduction of new applications and enhancements by us altogether. Changes in laws, regulations or policies could also affect the extent and type of benefits employers are required, or may choose, to provide employees or the amount and type of taxes employers and employees are required to pay. Such changes could reduce or eliminate the need for certain of our existing applications or services, which would result in decreased revenues. For example, we generate ACA-related revenues (i) on an annual basis in connection with processing and filing Forms 1094 and 1095 on behalf of clients and (ii) from clients who have purchased our Enhanced ACA application as part of the fixed, bundled price charged per billing period. If the ACA is modified to eliminate the employer reporting requirements, or if the ACA is repealed and replaced with new legislation that does not include similar employer reporting requirements, we will no longer generate revenues in connection with processing and filing Forms 1094 and 1095 on behalf of clients.","2026-03-16T07:16:29.890560Z","2023-02-16",0.3225,"Business Ethics & Values",1464,"Non-ESG",194.476,"PAYC_2023_RISK_043","Legal and Regulatory Risks","Legal and Regulatory Risks","PAYC","2026-03-16T07:16:29.890571Z"
2460,"1",1972,"Risks Related to Laws, Regulations, and Policies
We are subject to claims, lawsuits, regulatory and government investigations, other proceedings, and consent orders involving competition, intellectual property, data privacy and security, tax and related compliance, labor and employment, commercial disputes, content generated by our users, goods and services offered by advertisers or publishers using our platforms, personal injury, and other matters. We also are subject to a variety of claims including product warranty, product liability, and consumer protection claims related to product defects, among other litigation, and we may also be subject to claims involving health and safety, hazardous materials usage, other environmental effects, or service disruptions or failures. Claims have been brought, and we expect will continue to be brought, against us for defamation, negligence, breaches of contract, copyright and trademark infringement, unfair competition, unlawful activity, torts, privacy rights violations, fraud, or other legal theories based on the nature and content of information available on or via our services or due to our involvement in hosting, transmitting, marketing, branding, or providing access to content created by third parties. For example, the U.S. Department of Justice, various U.S. states, and other plaintiffs have filed several antitrust lawsuits about various aspects of our business, including our advertising technologies and practices, the operation and distribution of Google Search, and the operation and distribution of the Android operating system and Play Store. Other regulatory agencies in the U.S. and around the world, including competition enforcers, consumer protection agencies, and data protection authorities, have challenged and may continue to challenge our business practices and compliance with laws and regulations. We are cooperating with these investigations and defending litigation where appropriate.","2026-03-16T07:16:51.703330Z","2023-02-03",0.4235,"Business Ethics & Values",1465,"Business Ethics & Values",21.283,"GOOG_2023_RISK_048","Risks Related to Laws, Regulations, and Policies","Risks Related to our Industry","GOOG","2026-03-16T07:16:51.703341Z"
2461,"1",879,"Risks Related to Government Laws and Regulations
We are cooperating with certain government investigations as discussed in Note 13, Commitments and Contingencies, to the consolidated financial statements included elsewhere in this Annual Report on Form 10-K. To our knowledge, no government agency in any such ongoing investigation has concluded that any wrongdoing occurred. However, we cannot predict the outcome or impact of any such ongoing matters, and there exists the possibility that we could be subject to liability, penalties and other restrictive sanctions and adverse consequences if the SEC, the U.S. Department of Justice or any other government agency were to pursue legal action in the future. Moreover, we expect to incur costs in responding to related requests for information and subpoenas, and if instituted, in defending against any governmental proceedings.","2026-03-16T07:17:00.824941Z","2026-01-29",0.4553,"Business Ethics & Values",1466,"Business Ethics & Values",8.594,"TSLA_2026_RISK_074","Risks Related to Government Laws and Regulations","Risks Related to Our Operations","TSLA","2026-03-16T07:17:00.824950Z"
2462,"1",814,"Regulatory and Legislative Risks
FERC has regulatory authority over some of our operations, including the use and release of interstate pipeline and storage capacity. FERC has adopted rules designed to prevent market power abuse and market manipulation and to promote compliance with FERC’s other rules, policies, and orders by companies engaged in the sale, purchase, transportation, or storage of natural gas in interstate commerce. These rules carry increased penalties for violations. Although we have taken steps to structure current and future transactions to comply with applicable current FERC regulations, changes in FERC regulations or their interpretation by FERC or additional regulations issued by FERC in the future could also adversely affect our business, financial condition, or financial results.","2026-03-16T07:17:18.292999Z","2024-11-18",0.4659,"Business Ethics & Values",1467,"Business Ethics & Values",16.943,"ATO_2024_RISK_005","Regulatory and Legislative Risks","Regulatory and Legislative Risks","ATO","2026-03-16T07:17:18.293016Z"
2463,"1",1431,"Legal and Regulatory Risks Related to Our Business
If we are subject to claims of liability relating to the acts of Drivers or others using our platform, we may be subject to negative publicity and incur additional expenses, which could harm our business, financial condition, and operating results. In addition, we are subject to local laws, rules, and regulations relating to insurance coverage which could result in proceedings or actions against us by governmental entities or others. Legislation has been passed in many U.S. jurisdictions that codifies these insurance requirements with respect to ridesharing. Additional legislation has been proposed in other jurisdictions that seeks to codify or change insurance requirements with respect to ridesharing. Further, service providers and business customers of Freight and Uber for Business may require higher levels of coverage as a condition to entering into certain key contracts with us. Any failure, or perceived failure, by us to comply with local laws, rules, and regulations or contractual obligations relating to insurance coverage could result in proceedings or actions against us by governmental entities or others. These lawsuits, proceedings, or actions may subject us to significant penalties and negative publicity, require us to increase our insurance coverage, require us to amend our insurance policy disclosure, increase our costs, and disrupt our business.","2026-03-16T07:17:23.238641Z","2026-02-13",0.4231,"Business Ethics & Values",1468,"Business Ethics & Values",4.43,"UBER_2026_RISK_182","Legal and Regulatory Risks Related to Our Business","Financing and Transactional Risks","UBER","2026-03-16T07:17:23.238648Z"
2464,"1",1934,"Risks Related to Our Real Estate Investments and Operations
requirements may change, or new requirements may be imposed. Changes in, or noncompliance with, these regulatory requirements could require the Company to make significant unanticipated expenditures to address noncompliance. Rent control or rent stabilization laws, and new such laws that may be implemented, and other regulatory restrictions may limit our ability to increase rents and pass through new or increased operating costs to our tenants. These initiatives and any other future enactments of rent control or rent stabilization laws or other laws regulating multifamily housing, as well as any lawsuits against the Company arising from such rent control or other laws, may reduce rental revenues or increase operating costs. Such laws and regulations limit our ability to charge market rents, increase rents, evict tenants or recover increases in our operating expenses and could reduce the value of our communities or make it more difficult for us to dispose of properties in certain circumstances. Expenses associated with our investment in these communities, such as debt service, real estate taxes, insurance and maintenance costs, are generally not reduced when circumstances cause a reduction in rental income from the community. Furthermore, such regulations may negatively impact our ability to attract higher-paying tenants to such communities. The COVID-19 pandemic, or the future outbreak of other highly contagious diseases, could materially affect our business, financial condition and results of operations. Uncertainty still surrounds COVID-19, and the potential short-term and long-term effects, including but not limited to shifts in consumer housing demand based on geography, affordability, housing type and unit type, mainly resulting from the paradigm shift of work culture, as well as economic uncertainty, volatility and increased regulation.","2026-03-16T07:19:11.431525Z","2022-02-25",0.3107,"Business Ethics & Values",1469,"Non-ESG",101.892,"ESS_2022_RISK_004","Risks Related to Our Real Estate Investments and Operations","","ESS","2026-03-16T07:19:11.431535Z"
2465,"1",1889,"II.           Insurance Risks
We are subject to a variety of complex laws and regulations. Our insurance businesses operate in highly regulated environments. Our insurance subsidiaries are subject to regulation and supervision by state insurance departments in all 50 states, the District of Columbia, Puerto Rico, Bermuda, and Canada and its provinces. Each jurisdiction has a unique and complex set of laws and regulations. In addition, certain United States federal laws impose additional requirements on businesses, including insurers, in a wide range of areas, such as the use of credit information, methods of customer communications, employment practices, and the reimbursement of certain medical costs incurred by the government. Our insurance subsidiaries’ ability to implement business plans and remain competitive while complying with these laws and regulations, and to obtain necessary regulatory action in a timely manner, is and will continue to be critical to our success. Most jurisdictions impose restrictions on, or require prior regulatory approval of, various actions by regulated insurers, which may adversely affect our insurance subsidiaries’ ability to operate, innovate, and obtain necessary rate adjustments in a timely manner. Compliance with laws and regulations often results in increased costs, which can be substantial to our insurance subsidiaries. These costs, in turn, may adversely affect our profitability or our ability or desire to grow or operate our business in the applicable jurisdictions. Our compliance efforts are further complicated by changes in the laws or regulations that apply to us and in the regulatory and judicial interpretations of those laws, including more expansive regulatory authority. The pace of change, together with shorter time frames between enactment or promulgation and effectiveness of the changes, increases this risk.","2026-03-16T07:19:37.799128Z","2024-02-26",0.3893,"Business Ethics & Values",1470,"Non-ESG",25.838,"PGR_2024_RISK_074","II.           Insurance Risks","II.           Insurance Risks","PGR","2026-03-16T07:19:37.799138Z"
2466,"1",1944,"Risks Related to Our Business Operations and Financial Results
We are involved in numerous lawsuits, including stockholder derivative lawsuits and putative class action lawsuits, many of which claim statutory damages and/or seek significant changes to our business operations, and we anticipate that we will continue to be a target for numerous lawsuits in the future. Because of the scale of our user, advertiser, and developer base, the plaintiffs in class action cases filed against us typically claim enormous monetary damages even if the alleged per-user or entity harm is small or non-existent. In addition, we have in the past, and may in the future, be subject to additional class action lawsuits based on claims related to advertising, antitrust, privacy, biometrics, content, algorithms, employment, activities on our platform, consumer protection, or product performance or other claims related to the use of consumer hardware and software, including virtual reality technology and products, which are new and unproven. For example, we are currently the subject of multiple putative class action suits in connection with our platform and user data practices and the misuse of certain data by a developer that shared such data with third parties in violation of our terms and policies; the disclosure of our earnings results for the second quarter of 2018; our acquisitions of Instagram and WhatsApp, as well as other alleged anticompetitive conduct; and a former employee's allegations and release of internal company documents beginning in September 2021. The results of any such lawsuits and claims cannot be predicted with certainty, and any negative outcome from any such lawsuits could result in payments of substantial monetary damages or fines, or undesirable changes to our products or business practices, and accordingly our business, financial condition, or results of operations could be materially and adversely affected.","2026-03-16T07:19:44.058617Z","2022-02-03",0.5286,"Business Ethics & Values",1471,"Business Ethics & Values",5.727,"META_2022_RISK_087","Risks Related to Our Business Operations and Financial Results","Risks Related to Our Business Operations and Financial Results","META","2026-03-16T07:19:44.058631Z"
2467,"1",158,"Risks Related to Regulations Governing Our Industry
We may be unable to disclose some restrictions or limitations on our operations imposed by our regulators.","2026-03-16T07:19:50.852124Z","2022-02-23",0.4428,"Business Ethics & Values",1472,"Non-ESG",6.268,"CFG_2022_RISK_054","Risks Related to Regulations Governing Our Industry","Risks Related to Our Industry","CFG","2026-03-16T07:19:50.852134Z"
2468,"1",1828,"Risks Related to Our Business
Geopolitical developments and other local and global events outside of our control, including, without limitation, trade conflict, sanctions (reciprocal or unilateral), trade barriers, civil unrest, national and international political circumstances (including outbreak of war, terrorist acts or security operations) can, and occasionally do, adversely impact our portfolio companies and our other investments around the world. Our investment strategies target opportunities globally, including across the Americas, Europe, Asia-Pacific, and the Middle East. Political instability and extremism, conflict, civil unrest and anti-government protests in any region where we have material business operations or investments may have an adverse impact on our and our portfolio companies' business results, operations or reputation. Even where an investment strategy does not directly target a region or a country that is experiencing one of the aforementioned events, we may still be materially adversely affected by the occurrence of such events as a result of indirect exposure we or our portfolio companies may have through other interconnectivities described in these risk factors, including supply chains, commodity prices and general macroeconomic exposure. We may be wholly ineffective in managing these risks. These risks have increased in both scale and complexity over the past year due to intensifying geopolitical competition and conflicts, including the Russian invasion of Ukraine, heightened geopolitical tension between major world economies, heightened levels of political populism leading to regulatory volatility, and increased attention to trans-national threats, including climate change. Any escalation in an actual or perceived trade war or barriers to investment between the U.S.","2026-03-16T07:19:59.113338Z","2023-02-27",0.344,"Business Ethics & Values",1473,"Non-ESG",7.705,"KKR_2023_RISK_008","Risks Related to Our Business","Risks Related to Our Business","KKR","2026-03-16T07:19:59.113349Z"
2469,"1",1937,"Risks Related to Our Business and Operations
Domestic and foreign regulatory and self-regulatory organizations, such as the SEC, FINRA, and the FCA, can, among other things, fine, censure, issue cease-and-desist orders against, and suspend or expel a broker-dealer or its officers or employees for failure to comply with the many laws and regulations that govern brokerage activities. Regulations affecting the brokerage industry may change, which could adversely affect our business, financial condition or results of operations. We are exposed to certain risks relating to the execution services provided by our brokerage operations to our customers and counterparties, which include other broker-dealers, active traders, hedge funds, asset managers, and other institutional and non-institutional clients. These risks include, but are not limited to, customers or counterparties failing to pay for or deliver securities, trading errors, the inability or failure to settle trades, and trade execution system failures. As trading in the U.S. securities markets has become more automated, the potential impact of a trading error or a rapid series of errors caused by a computer or human error or a malicious act has become greater. In our other businesses, we generally can disclaim liability for trading losses that may be caused by our software, but in our brokerage operations, we may not be able to limit our liability for trading losses or failed trades even when we are not at fault. As a result, we may suffer losses that are disproportionately large compared to the relatively modest profit contributions of our brokerage operations. Moreover, the legislative and regulatory landscape continues to evolve, and we expect that it may cover alternative payment types, including digital/crypto currency. Any failure to comply with such laws and regulations could expose us to liability, regulatory scrutiny and/or reputational damage.","2026-03-16T07:20:08.556486Z","2024-02-26",0.5076,"Business Ethics & Values",1474,"Non-ESG",8.91,"FIS_2024_RISK_028","Risks Related to Our Business and Operations","Risks Related to Our Business and Operations","FIS","2026-03-16T07:20:08.556497Z"
2470,"1",1397,"Risks Relating to Strategic Transactions
If any of our commercial agreements and practices with respect to the electronic components or other markets are found to violate or infringe such laws, we may be subject to civil and other penalties. We may also be subject to third-party claims for damages. Further, agreements that infringe these antitrust and competition laws may be void and unenforceable, in whole or in part, or require modification to be lawful and enforceable. If we are unable to enforce our commercial agreements, whether at all or in material part, our results of operations, financial position, and cash flows could be adversely affected. We also must comply with applicable trade regulations in the jurisdictions where we operate. A small portion of our products, including defense-related products, may require governmental import and export licenses, the issuance of which may be influenced by geopolitical and other events. Any failure to maintain compliance with trade regulations could limit our ability to import and export raw materials and finished goods into or from the relevant jurisdiction, which could negatively impact our results of operations, financial position, and cash flows. In this regard, we have been investigating our past compliance with relevant U.S. trade controls and have made voluntary disclosures of apparent trade controls violations to the 16","2026-03-16T07:20:16.965942Z","2023-11-13",0.484,"Business Ethics & Values",1475,"Business Ethics & Values",7.902,"TEL_2023_RISK_032","Risks Relating to Strategic Transactions","","TEL","2026-03-16T07:20:16.965952Z"
2471,"1",1806,"Risks Related to Doing Business in China
Our operations face risks and uncertainties associated with evolving Chinese laws and regulations, such as those associated with the extent to which the level of Chinese government involvement, control of capital inflows and outflows, control of foreign exchange and allocation of resources currently applicable within mainland China may become applicable to us and other risks and uncertainties as to whether and how Chinese government statements and regulatory developments, such as those relating to data and cyberspace security and anti-monopoly, could result in a material change in our operations and/or the value of our securities or could significantly limit or completely hinder our ability to offer or continue to offer securities to investors, cause the value of such securities to significantly decline or be worthless and affect our ability to list securities on a U.S. or other foreign exchange. If, in the future, there were to be a significant change in the manner in which the Chinese government exercises direct or indirect oversight, discretion or control over businesses operated in Macao, mainland China and Hong Kong, including the current interpretation and application of existing Chinese laws and regulations on how the Chinese government exercises direct or indirect oversight, discretion or control over businesses operated in Macao, mainland China and Hong Kong, it could potentially result in our Macao Operations being materially adversely affected and it could potentially adversely affect our results of operations, financial position and cash flows. In addition, the Chinese government has adopted rules to exert more oversight and control over offerings that are conducted overseas and/or foreign investment in China-based issuers.","2026-03-16T07:23:00.445549Z","2026-02-06",0.5519,"Business Ethics & Values",1476,"Non-ESG",162.979,"LVS_2026_RISK_055","Risks Related to Doing Business in China","Risks Associated with Our International Operations","LVS","2026-03-16T07:23:00.445559Z"
2472,"1",1431,"Legal and Regulatory Risks Related to Our Business
If we are subject to claims of liability relating to the acts of Drivers or others using our platform, we may be subject to negative publicity and incur additional expenses, which could harm our business, financial condition, and operating results. In addition, we are subject to local laws, rules, and regulations relating to insurance coverage which could result in proceedings or actions against us by governmental entities or others. Legislation has been passed in many U.S. jurisdictions that codifies these insurance requirements with respect to ridesharing. Additional legislation has been proposed in other jurisdictions that seeks to codify or change insurance requirements with respect to ridesharing. Further, service providers and business customers of Freight and Uber for Business may require higher levels of coverage as a condition to entering into certain key contracts with us. Any failure, or perceived failure, by us to comply with local laws, rules, and regulations or contractual obligations relating to insurance coverage could result in proceedings or actions against us by governmental entities or others. These lawsuits, proceedings, or actions may subject us to significant penalties and negative publicity, require us to increase our insurance coverage, require us to amend our insurance policy disclosure, increase our costs, and disrupt our business.","2026-03-16T07:23:05.104864Z","2025-02-14",0.4231,"Business Ethics & Values",1477,"Business Ethics & Values",4.157,"UBER_2025_RISK_182","Legal and Regulatory Risks Related to Our Business","Financing and Transactional Risks","UBER","2026-03-16T07:23:05.104873Z"
2473,"1",1978,"Certain Recent and Potential Regulatory Developments
If the entity fails to meet the requirements for a BDC, it may be regulated as a closed-end investment company under the Investment Company Act and become subject to different regulatory restrictions, which could limit its operating flexibility and in turn result in decreased profitability for our affiliated advisor. We have also launched holding company conglomerates that are structured and operated in a manner that does not subject these entities to registration or regulation under the Investment Company Act. If a holding company conglomerate were required to register under the Investment Company Act, the applicable restrictions could make it impractical for the company to operate its business plans as contemplated, which could cause KKR significant harm and materially and adversely affect our business strategy and prospects. As our business expands, we may be required to make additional registrations under the Investment Company Act or similar laws, including in jurisdictions outside the United States. Compliance with these and other U.S. and non-U.S. rules will increase our compliance costs and create potential for additional liabilities and penalties, which would divert management's attention from our business and investments. Rule 206(4)-5 under the Investment Advisers Act regulates ""pay to play"" practices by investment advisers involving campaign contributions and other payments to elected state and local officials or candidates for political office who are able to exert influence on government clients. Among other restrictions, the rule prohibits investment advisers from providing advisory services for compensation to a government client for two years, subject to very limited exceptions, after the investment adviser, its senior executives or its covered associates, as defined under Rule 206(4)-5, makes a disqualifying political contribution or other payment to a governmental official.","2026-03-16T07:23:11.590738Z","2025-02-28",0.5677,"Business Ethics & Values",1478,"Business Ethics & Values",5.918,"KKR_2025_RISK_115","Certain Recent and Potential Regulatory Developments","Risks Related to Our Business","KKR","2026-03-16T07:23:11.590748Z"
2474,"1",1468,"General Risks
There may be conflict or uncertainty in the countries in which we operate, including public health issues (for example, an outbreak of a contagious disease such as COVID-19, avian influenza, measles or Ebola), safety issues, natural disasters, fire, disruptions of service from utilities, nuclear power plant accidents or general economic or political factors. We have experienced, and will continue to experience, disruptions to our business as these measures have, and will continue to have, an effect on our business operations and practices. The United States has been and may continue to be involved in armed conflicts that could have a further impact on our sales and our supply chain. The consequences of armed conflict, political instability or civil or military unrest are unpredictable, and we may not be able to foresee events that could have a material adverse effect on us. Terrorist attacks or other hostile acts may negatively affect our operations, or adversely affect demand for our products, and such attacks or related armed conflicts may impact our physical facilities or those of our suppliers or customers. Furthermore, these attacks or hostile acts may make travel and the transportation of our products more difficult and more expensive, which could materially adversely affect us. Any of these events could cause consumer spending to decrease or result in increased volatility in the U.S. economy and worldwide financial markets.","2026-03-16T07:23:16.179553Z","2024-01-31",0.3857,"Business Ethics & Values",1479,"Non-ESG",4.061,"AMD_2024_RISK_120","General Risks","General Risks","AMD","2026-03-16T07:23:16.179576Z"
2475,"1",1390,"Legal, Regulatory and Compliance Risks
The CRA, the Equal Credit Opportunity Act, the Fair Housing Act, and other fair lending laws and regulations (collectively, fair lending laws) impose community investment and nondiscriminatory lending requirements on financial institutions. The CFPB, the DOJ and other federal and state agencies are responsible for enforcing these federal laws and regulations and comparable state provisions. Due to legal challenges, the federal banking agencies are enjoined from enforcing and are reconsidering the 2023 CRA regulations; the federal banking agencies are continuing to apply the 1995 CRA regulations. Federal, state or local consumer lending laws may restrict our ability to originate certain mortgage loans or increase our risk of liability with respect to such loans. A successful regulatory challenge to an institution's performance under the fair lending laws could result in a wide variety of sanctions, including damages and civil money penalties, injunctive relief, restrictions on mergers and acquisitions, restrictions on expansion, and restrictions on entering new business lines. Private parties may also have the ability to challenge an institution's performance under fair lending laws in private class action litigation. Such actions could have a material adverse effect on our business, financial condition, and results of operations.","2026-03-16T07:23:28.686960Z","2026-02-24",0.3726,"Business Ethics & Values",1480,"Business Ethics & Values",11.981,"RF_2026_RISK_084","Legal, Regulatory and Compliance Risks","Legal, Regulatory and Compliance Risks","RF","2026-03-16T07:23:28.686981Z"
