2026-02-23 14:31:46,181 [src.preprocess] DEBUG: Extracted 3 HTML titles from data/10k_raw/PPG/10-K/0000079879-19-000008/primary-document.html
2026-02-23 14:34:21,559 [src.preprocess] DEBUG: Extracted 324 HTML titles from data/10k_raw/PPG/10-K/0000079879-19-000008/primary-document.html
2026-02-23 14:34:21,757 [src.preprocess] DEBUG: Extracted 172 HTML titles from data/10k_raw/AAPL/10-K/0000320193-24-000123/primary-document.html
2026-02-23 14:34:21,757 [src.preprocess] INFO: Scanned 0 JSON files from data/10k_cleaned
2026-02-23 14:37:05,025 [src.preprocess] DEBUG: Extracted 323 HTML titles from data/10k_raw/PPG/10-K/0000079879-19-000008/primary-document.html
2026-02-23 14:37:05,050 [src.preprocess] DEBUG: Extracted 34 HTML titles from data/10k_raw/AAPL/10-K/0000320193-24-000123/primary-document.html
2026-02-23 14:37:05,050 [src.preprocess] INFO: Scanned 0 JSON files from data/10k_cleaned
2026-02-23 14:40:38,334 [src.preprocess] INFO: Scanned 0 JSON files from data/10k_cleaned
2026-02-23 14:46:46,276 [src.preprocess] INFO: Scanned 4420 HTML files from data/10k_raw
2026-02-23 14:46:46,351 [src.preprocess] DEBUG: Extracted 26 HTML titles from data/10k_raw/AAPL/10-K/0000320193-17-000070/primary-document.html
2026-02-23 14:46:46,638 [src.preprocess] DEBUG: Extracted 71 HTML titles from data/10k_raw/MSFT/10-K/0000950170-23-035122/primary-document.html
2026-02-23 14:46:47,942 [src.preprocess] DEBUG: Extracted 208 HTML titles from data/10k_raw/PPG/10-K/0000079879-15-000009/primary-document.html
2026-02-23 14:46:47,951 [src.preprocess] DEBUG: Filtered 39 / 208 HTML titles against item_1a text
2026-02-23 14:53:35,993 [src.preprocess] INFO: ============================================================
2026-02-23 14:53:35,993 [src.preprocess] INFO: Starting preprocessing: data_dir=data/10k_raw, raw_dir=data/10k_raw, min_chars=100
2026-02-23 14:53:35,993 [src.preprocess] INFO: ============================================================
2026-02-23 14:53:36,009 [src.preprocess] INFO: Scanned 4420 HTML files from data/10k_raw
2026-02-23 14:53:37,923 [src.preprocess] DEBUG: Extracted 330 HTML titles from data/10k_raw/A/10-K/0001090872-15-000051/primary-document.html
2026-02-23 14:53:37,940 [src.preprocess] DEBUG: Filtered 59 / 330 HTML titles against item_1a text
2026-02-23 14:53:39,876 [src.preprocess] DEBUG: Extracted 312 HTML titles from data/10k_raw/A/10-K/0001090872-16-000082/primary-document.html
2026-02-23 14:53:39,892 [src.preprocess] DEBUG: Filtered 47 / 312 HTML titles against item_1a text
2026-02-23 14:53:41,652 [src.preprocess] DEBUG: Extracted 304 HTML titles from data/10k_raw/A/10-K/0001090872-17-000018/primary-document.html
2026-02-23 14:53:41,667 [src.preprocess] DEBUG: Filtered 44 / 304 HTML titles against item_1a text
2026-02-23 14:53:43,377 [src.preprocess] DEBUG: Extracted 301 HTML titles from data/10k_raw/A/10-K/0001090872-18-000019/primary-document.html
2026-02-23 14:53:43,391 [src.preprocess] DEBUG: Filtered 49 / 301 HTML titles against item_1a text
2026-02-23 14:53:44,722 [src.preprocess] DEBUG: Extracted 327 HTML titles from data/10k_raw/A/10-K/0001090872-19-000022/primary-document.html
2026-02-23 14:53:44,739 [src.preprocess] DEBUG: Filtered 46 / 327 HTML titles against item_1a text
2026-02-23 14:53:45,567 [src.preprocess] DEBUG: Extracted 301 HTML titles from data/10k_raw/A/10-K/0001090872-20-000020/primary-document.html
2026-02-23 14:53:45,583 [src.preprocess] DEBUG: Filtered 78 / 301 HTML titles against item_1a text
2026-02-23 14:53:46,398 [src.preprocess] DEBUG: Extracted 305 HTML titles from data/10k_raw/A/10-K/0001090872-21-000027/primary-document.html
2026-02-23 14:53:46,414 [src.preprocess] DEBUG: Filtered 81 / 305 HTML titles against item_1a text
2026-02-23 14:53:47,182 [src.preprocess] DEBUG: Extracted 295 HTML titles from data/10k_raw/A/10-K/0001090872-22-000026/primary-document.html
2026-02-23 14:53:47,197 [src.preprocess] DEBUG: Filtered 75 / 295 HTML titles against item_1a text
2026-02-23 14:53:47,952 [src.preprocess] DEBUG: Extracted 305 HTML titles from data/10k_raw/A/10-K/0001090872-23-000020/primary-document.html
2026-02-23 14:53:47,968 [src.preprocess] DEBUG: Filtered 72 / 305 HTML titles against item_1a text
2026-02-23 14:53:48,736 [src.preprocess] DEBUG: Extracted 322 HTML titles from data/10k_raw/A/10-K/0001090872-24-000049/primary-document.html
2026-02-23 14:53:48,753 [src.preprocess] DEBUG: Filtered 72 / 322 HTML titles against item_1a text
2026-02-23 14:53:48,850 [src.preprocess] DEBUG: Extracted 26 HTML titles from data/10k_raw/AAPL/10-K/0000320193-17-000070/primary-document.html
2026-02-23 14:53:48,942 [src.preprocess] DEBUG: Extracted 24 HTML titles from data/10k_raw/AAPL/10-K/0000320193-18-000145/primary-document.html
2026-02-23 14:53:49,026 [src.preprocess] DEBUG: Extracted 31 HTML titles from data/10k_raw/AAPL/10-K/0000320193-19-000119/primary-document.html
2026-02-23 14:53:49,103 [src.preprocess] DEBUG: Extracted 32 HTML titles from data/10k_raw/AAPL/10-K/0000320193-20-000096/primary-document.html
2026-02-23 14:53:49,104 [src.preprocess] DEBUG: Filtered 2 / 32 HTML titles against item_1a text
2026-02-23 14:53:49,171 [src.preprocess] DEBUG: Extracted 36 HTML titles from data/10k_raw/AAPL/10-K/0000320193-21-000105/primary-document.html
2026-02-23 14:53:49,171 [src.preprocess] DEBUG: Filtered 2 / 36 HTML titles against item_1a text
2026-02-23 14:53:49,240 [src.preprocess] DEBUG: Extracted 35 HTML titles from data/10k_raw/AAPL/10-K/0000320193-22-000108/primary-document.html
2026-02-23 14:53:49,241 [src.preprocess] DEBUG: Filtered 2 / 35 HTML titles against item_1a text
2026-02-23 14:53:49,298 [src.preprocess] DEBUG: Extracted 34 HTML titles from data/10k_raw/AAPL/10-K/0000320193-23-000106/primary-document.html
2026-02-23 14:53:49,298 [src.preprocess] DEBUG: Filtered 2 / 34 HTML titles against item_1a text
2026-02-23 14:53:49,352 [src.preprocess] DEBUG: Extracted 34 HTML titles from data/10k_raw/AAPL/10-K/0000320193-24-000123/primary-document.html
2026-02-23 14:53:49,352 [src.preprocess] DEBUG: Filtered 2 / 34 HTML titles against item_1a text
2026-02-23 14:53:49,403 [src.preprocess] DEBUG: Extracted 0 HTML titles from data/10k_raw/AAPL/10-K/0001193125-15-356351/primary-document.html
2026-02-23 14:53:49,477 [src.preprocess] DEBUG: Extracted 26 HTML titles from data/10k_raw/AAPL/10-K/0001628280-16-020309/primary-document.html
2026-02-23 14:53:49,550 [src.preprocess] DEBUG: Extracted 0 HTML titles from data/10k_raw/ABBV/10-K/0001047469-15-000995/primary-document.html
2026-02-23 14:53:49,636 [src.preprocess] DEBUG: Extracted 0 HTML titles from data/10k_raw/ABBV/10-K/0001047469-16-010239/primary-document.html
2026-02-23 14:53:49,738 [src.preprocess] DEBUG: Extracted 24 HTML titles from data/10k_raw/ABBV/10-K/0001551152-17-000004/primary-document.html
2026-02-23 14:53:49,841 [src.preprocess] DEBUG: Extracted 24 HTML titles from data/10k_raw/ABBV/10-K/0001551152-18-000014/primary-document.html
2026-02-23 14:53:49,946 [src.preprocess] DEBUG: Extracted 24 HTML titles from data/10k_raw/ABBV/10-K/0001551152-19-000008/primary-document.html
2026-02-23 14:53:50,095 [src.preprocess] DEBUG: Extracted 27 HTML titles from data/10k_raw/ABBV/10-K/0001551152-20-000007/primary-document.html
2026-02-23 14:53:50,234 [src.preprocess] DEBUG: Extracted 27 HTML titles from data/10k_raw/ABBV/10-K/0001551152-21-000008/primary-document.html
2026-02-23 14:53:50,375 [src.preprocess] DEBUG: Extracted 27 HTML titles from data/10k_raw/ABBV/10-K/0001551152-22-000007/primary-document.html
2026-02-23 14:53:50,514 [src.preprocess] DEBUG: Extracted 24 HTML titles from data/10k_raw/ABBV/10-K/0001551152-23-000011/primary-document.html
2026-02-23 14:53:50,628 [src.preprocess] DEBUG: Extracted 24 HTML titles from data/10k_raw/ABBV/10-K/0001551152-24-000011/primary-document.html
2026-02-23 14:53:50,685 [src.preprocess] DEBUG: Extracted 0 HTML titles from data/10k_raw/ABT/10-K/0001047469-15-001377/primary-document.html
2026-02-23 14:53:50,740 [src.preprocess] DEBUG: Extracted 0 HTML titles from data/10k_raw/ABT/10-K/0001047469-16-010246/primary-document.html
2026-02-23 14:53:50,796 [src.preprocess] DEBUG: Extracted 0 HTML titles from data/10k_raw/ABT/10-K/0001047469-17-000744/primary-document.html
2026-02-23 14:53:50,858 [src.preprocess] DEBUG: Extracted 0 HTML titles from data/10k_raw/ABT/10-K/0001047469-18-000856/primary-document.html
2026-02-23 14:53:50,918 [src.preprocess] DEBUG: Extracted 0 HTML titles from data/10k_raw/ABT/10-K/0001047469-19-000624/primary-document.html
2026-02-23 14:53:51,032 [src.preprocess] DEBUG: Extracted 16 HTML titles from data/10k_raw/ABT/10-K/0001104659-20-023904/primary-document.html
2026-02-23 14:53:51,146 [src.preprocess] DEBUG: Extracted 18 HTML titles from data/10k_raw/ABT/10-K/0001104659-21-025751/primary-document.html
2026-02-23 14:53:51,261 [src.preprocess] DEBUG: Extracted 25 HTML titles from data/10k_raw/ABT/10-K/0001104659-22-025141/primary-document.html
2026-02-23 14:53:51,359 [src.preprocess] DEBUG: Extracted 26 HTML titles from data/10k_raw/ABT/10-K/0001628280-23-004026/primary-document.html
2026-02-23 14:53:51,438 [src.preprocess] DEBUG: Extracted 24 HTML titles from data/10k_raw/ABT/10-K/0001628280-24-005348/primary-document.html
2026-02-23 14:53:51,876 [src.preprocess] DEBUG: Extracted 62 HTML titles from data/10k_raw/ACGL/10-K/0000947484-15-000010/primary-document.html
2026-02-23 14:53:51,878 [src.preprocess] DEBUG: Filtered 3 / 62 HTML titles against item_1a text
2026-02-23 14:53:52,322 [src.preprocess] DEBUG: Extracted 63 HTML titles from data/10k_raw/ACGL/10-K/0000947484-16-000043/primary-document.html
2026-02-23 14:53:52,324 [src.preprocess] DEBUG: Filtered 3 / 63 HTML titles against item_1a text
2026-02-23 14:53:52,790 [src.preprocess] DEBUG: Extracted 41 HTML titles from data/10k_raw/ACGL/10-K/0000947484-17-000015/primary-document.html
2026-02-23 14:53:52,791 [src.preprocess] DEBUG: Filtered 2 / 41 HTML titles against item_1a text
2026-02-23 14:53:53,240 [src.preprocess] DEBUG: Extracted 35 HTML titles from data/10k_raw/ACGL/10-K/0000947484-18-000012/primary-document.html
2026-02-23 14:53:53,241 [src.preprocess] DEBUG: Filtered 2 / 35 HTML titles against item_1a text
2026-02-23 14:53:53,608 [src.preprocess] DEBUG: Extracted 32 HTML titles from data/10k_raw/ACGL/10-K/0000947484-19-000008/primary-document.html
2026-02-23 14:53:53,609 [src.preprocess] DEBUG: Filtered 1 / 32 HTML titles against item_1a text
2026-02-23 14:53:54,019 [src.preprocess] DEBUG: Extracted 26 HTML titles from data/10k_raw/ACGL/10-K/0000947484-20-000012/primary-document.html
2026-02-23 14:53:54,360 [src.preprocess] DEBUG: Extracted 29 HTML titles from data/10k_raw/ACGL/10-K/0000947484-21-000028/primary-document.html
2026-02-23 14:53:54,699 [src.preprocess] DEBUG: Extracted 32 HTML titles from data/10k_raw/ACGL/10-K/0000947484-22-000015/primary-document.html
2026-02-23 14:53:55,034 [src.preprocess] DEBUG: Extracted 33 HTML titles from data/10k_raw/ACGL/10-K/0000947484-23-000015/primary-document.html
2026-02-23 14:53:55,324 [src.preprocess] DEBUG: Extracted 32 HTML titles from data/10k_raw/ACGL/10-K/0000947484-24-000020/primary-document.html
2026-02-23 14:53:56,473 [src.preprocess] DEBUG: Extracted 388 HTML titles from data/10k_raw/ACN/10-K/0001467373-15-000457/primary-document.html
2026-02-23 14:53:56,491 [src.preprocess] DEBUG: Filtered 82 / 388 HTML titles against item_1a text
2026-02-23 14:53:57,713 [src.preprocess] DEBUG: Extracted 278 HTML titles from data/10k_raw/ACN/10-K/0001467373-16-001080/primary-document.html
2026-02-23 14:53:57,723 [src.preprocess] DEBUG: Filtered 26 / 278 HTML titles against item_1a text
2026-02-23 14:53:58,882 [src.preprocess] DEBUG: Extracted 282 HTML titles from data/10k_raw/ACN/10-K/0001467373-17-000430/primary-document.html
2026-02-23 14:53:58,893 [src.preprocess] DEBUG: Filtered 26 / 282 HTML titles against item_1a text
2026-02-23 14:53:59,997 [src.preprocess] DEBUG: Extracted 272 HTML titles from data/10k_raw/ACN/10-K/0001467373-18-000318/primary-document.html
2026-02-23 14:54:00,009 [src.preprocess] DEBUG: Filtered 28 / 272 HTML titles against item_1a text
2026-02-23 14:54:00,909 [src.preprocess] DEBUG: Extracted 271 HTML titles from data/10k_raw/ACN/10-K/0001467373-19-000339/primary-document.html
2026-02-23 14:54:00,918 [src.preprocess] DEBUG: Filtered 27 / 271 HTML titles against item_1a text
2026-02-23 14:54:01,531 [src.preprocess] DEBUG: Extracted 301 HTML titles from data/10k_raw/ACN/10-K/0001467373-20-000376/primary-document.html
2026-02-23 14:54:01,538 [src.preprocess] DEBUG: Filtered 55 / 301 HTML titles against item_1a text
2026-02-23 14:54:02,193 [src.preprocess] DEBUG: Extracted 407 HTML titles from data/10k_raw/ACN/10-K/0001467373-21-000229/primary-document.html
2026-02-23 14:54:02,210 [src.preprocess] DEBUG: Filtered 70 / 407 HTML titles against item_1a text
2026-02-23 14:54:02,857 [src.preprocess] DEBUG: Extracted 431 HTML titles from data/10k_raw/ACN/10-K/0001467373-22-000295/primary-document.html
2026-02-23 14:54:02,875 [src.preprocess] DEBUG: Filtered 66 / 431 HTML titles against item_1a text
2026-02-23 14:54:03,003 [src.preprocess] DEBUG: Extracted 17 HTML titles from data/10k_raw/ACN/10-K/0001467373-23-000324/primary-document.html
2026-02-23 14:54:03,003 [src.preprocess] DEBUG: Filtered 6 / 17 HTML titles against item_1a text
2026-02-23 14:54:03,539 [src.preprocess] DEBUG: Extracted 336 HTML titles from data/10k_raw/ACN/10-K/0001467373-24-000278/primary-document.html
2026-02-23 14:54:03,548 [src.preprocess] DEBUG: Filtered 65 / 336 HTML titles against item_1a text
2026-02-23 14:54:03,713 [src.preprocess] DEBUG: Extracted 48 HTML titles from data/10k_raw/ADBE/10-K/0000796343-15-000022/primary-document.html
2026-02-23 14:54:03,714 [src.preprocess] DEBUG: Filtered 2 / 48 HTML titles against item_1a text
2026-02-23 14:54:03,853 [src.preprocess] DEBUG: Extracted 48 HTML titles from data/10k_raw/ADBE/10-K/0000796343-16-000224/primary-document.html
2026-02-23 14:54:03,854 [src.preprocess] DEBUG: Filtered 2 / 48 HTML titles against item_1a text
2026-02-23 14:54:03,991 [src.preprocess] DEBUG: Extracted 48 HTML titles from data/10k_raw/ADBE/10-K/0000796343-17-000031/primary-document.html
2026-02-23 14:54:03,992 [src.preprocess] DEBUG: Filtered 2 / 48 HTML titles against item_1a text
2026-02-23 14:54:04,127 [src.preprocess] DEBUG: Extracted 50 HTML titles from data/10k_raw/ADBE/10-K/0000796343-18-000015/primary-document.html
2026-02-23 14:54:04,128 [src.preprocess] DEBUG: Filtered 2 / 50 HTML titles against item_1a text
2026-02-23 14:54:04,276 [src.preprocess] DEBUG: Extracted 51 HTML titles from data/10k_raw/ADBE/10-K/0000796343-19-000019/primary-document.html
2026-02-23 14:54:04,276 [src.preprocess] DEBUG: Filtered 2 / 51 HTML titles against item_1a text
2026-02-23 14:54:04,426 [src.preprocess] DEBUG: Extracted 51 HTML titles from data/10k_raw/ADBE/10-K/0000796343-20-000013/primary-document.html
2026-02-23 14:54:04,427 [src.preprocess] DEBUG: Filtered 2 / 51 HTML titles against item_1a text
2026-02-23 14:54:04,553 [src.preprocess] DEBUG: Extracted 60 HTML titles from data/10k_raw/ADBE/10-K/0000796343-21-000004/primary-document.html
2026-02-23 14:54:04,554 [src.preprocess] DEBUG: Filtered 2 / 60 HTML titles against item_1a text
2026-02-23 14:54:04,669 [src.preprocess] DEBUG: Extracted 64 HTML titles from data/10k_raw/ADBE/10-K/0000796343-22-000032/primary-document.html
2026-02-23 14:54:04,670 [src.preprocess] DEBUG: Filtered 2 / 64 HTML titles against item_1a text
2026-02-23 14:54:04,779 [src.preprocess] DEBUG: Extracted 62 HTML titles from data/10k_raw/ADBE/10-K/0000796343-23-000007/primary-document.html
2026-02-23 14:54:04,780 [src.preprocess] DEBUG: Filtered 2 / 62 HTML titles against item_1a text
2026-02-23 14:54:04,891 [src.preprocess] DEBUG: Extracted 55 HTML titles from data/10k_raw/ADBE/10-K/0000796343-24-000006/primary-document.html
2026-02-23 14:54:04,891 [src.preprocess] DEBUG: Filtered 2 / 55 HTML titles against item_1a text
2026-02-23 14:54:04,985 [src.preprocess] DEBUG: Extracted 7 HTML titles from data/10k_raw/ADI/10-K/0000006281-15-000044/primary-document.html
2026-02-23 14:54:04,985 [src.preprocess] DEBUG: Filtered 1 / 7 HTML titles against item_1a text
2026-02-23 14:54:05,080 [src.preprocess] DEBUG: Extracted 9 HTML titles from data/10k_raw/ADI/10-K/0000006281-16-000097/primary-document.html
2026-02-23 14:54:05,080 [src.preprocess] DEBUG: Filtered 1 / 9 HTML titles against item_1a text
2026-02-23 14:54:05,176 [src.preprocess] DEBUG: Extracted 7 HTML titles from data/10k_raw/ADI/10-K/0000006281-17-000144/primary-document.html
2026-02-23 14:54:05,176 [src.preprocess] DEBUG: Filtered 1 / 7 HTML titles against item_1a text
2026-02-23 14:54:05,268 [src.preprocess] DEBUG: Extracted 0 HTML titles from data/10k_raw/ADI/10-K/0000006281-18-000126/primary-document.html
2026-02-23 14:54:05,400 [src.preprocess] DEBUG: Extracted 0 HTML titles from data/10k_raw/ADI/10-K/0000006281-19-000144/primary-document.html
2026-02-23 14:54:05,499 [src.preprocess] DEBUG: Extracted 5 HTML titles from data/10k_raw/ADI/10-K/0000006281-20-000156/primary-document.html
2026-02-23 14:54:05,598 [src.preprocess] DEBUG: Extracted 5 HTML titles from data/10k_raw/ADI/10-K/0000006281-21-000294/primary-document.html
2026-02-23 14:54:05,691 [src.preprocess] DEBUG: Extracted 5 HTML titles from data/10k_raw/ADI/10-K/0000006281-22-000250/primary-document.html
2026-02-23 14:54:05,768 [src.preprocess] DEBUG: Extracted 5 HTML titles from data/10k_raw/ADI/10-K/0000006281-23-000203/primary-document.html
2026-02-23 14:54:05,845 [src.preprocess] DEBUG: Extracted 5 HTML titles from data/10k_raw/ADI/10-K/0000006281-24-000204/primary-document.html
2026-02-23 14:54:05,965 [src.preprocess] DEBUG: Extracted 12 HTML titles from data/10k_raw/ADM/10-K/0000007084-15-000005/primary-document.html
2026-02-23 14:54:06,075 [src.preprocess] DEBUG: Extracted 12 HTML titles from data/10k_raw/ADM/10-K/0000007084-16-000046/primary-document.html
2026-02-23 14:54:06,184 [src.preprocess] DEBUG: Extracted 11 HTML titles from data/10k_raw/ADM/10-K/0000007084-17-000008/primary-document.html
2026-02-23 14:54:06,304 [src.preprocess] DEBUG: Extracted 11 HTML titles from data/10k_raw/ADM/10-K/0000007084-18-000012/primary-document.html
2026-02-23 14:54:06,439 [src.preprocess] DEBUG: Extracted 10 HTML titles from data/10k_raw/ADM/10-K/0000007084-19-000012/primary-document.html
2026-02-23 14:54:06,616 [src.preprocess] DEBUG: Extracted 28 HTML titles from data/10k_raw/ADM/10-K/0000007084-20-000009/primary-document.html
2026-02-23 14:54:06,779 [src.preprocess] DEBUG: Extracted 37 HTML titles from data/10k_raw/ADM/10-K/0000007084-21-000008/primary-document.html
2026-02-23 14:54:06,931 [src.preprocess] DEBUG: Extracted 38 HTML titles from data/10k_raw/ADM/10-K/0000007084-22-000008/primary-document.html
2026-02-23 14:54:07,088 [src.preprocess] DEBUG: Extracted 46 HTML titles from data/10k_raw/ADM/10-K/0000007084-23-000010/primary-document.html
2026-02-23 14:54:07,248 [src.preprocess] DEBUG: Extracted 50 HTML titles from data/10k_raw/ADM/10-K/0000007084-24-000009/primary-document.html
2026-02-23 14:54:07,329 [src.preprocess] DEBUG: Extracted 11 HTML titles from data/10k_raw/ADP/10-K/0000008670-15-000021/primary-document.html
2026-02-23 14:54:07,411 [src.preprocess] DEBUG: Extracted 11 HTML titles from data/10k_raw/ADP/10-K/0000008670-16-000053/primary-document.html
2026-02-23 14:54:07,495 [src.preprocess] DEBUG: Extracted 13 HTML titles from data/10k_raw/ADP/10-K/0000008670-17-000010/primary-document.html
2026-02-23 14:54:07,583 [src.preprocess] DEBUG: Extracted 14 HTML titles from data/10k_raw/ADP/10-K/0000008670-18-000011/primary-document.html
2026-02-23 14:54:07,675 [src.preprocess] DEBUG: Extracted 15 HTML titles from data/10k_raw/ADP/10-K/0000008670-19-000021/primary-document.html
2026-02-23 14:54:07,791 [src.preprocess] DEBUG: Extracted 16 HTML titles from data/10k_raw/ADP/10-K/0000008670-20-000032/primary-document.html
2026-02-23 14:54:07,881 [src.preprocess] DEBUG: Extracted 26 HTML titles from data/10k_raw/ADP/10-K/0000008670-21-000027/primary-document.html
2026-02-23 14:54:07,970 [src.preprocess] DEBUG: Extracted 26 HTML titles from data/10k_raw/ADP/10-K/0000008670-22-000038/primary-document.html
2026-02-23 14:54:08,044 [src.preprocess] DEBUG: Extracted 24 HTML titles from data/10k_raw/ADP/10-K/0000008670-23-000030/primary-document.html
2026-02-23 14:54:08,119 [src.preprocess] DEBUG: Extracted 24 HTML titles from data/10k_raw/ADP/10-K/0000008670-24-000024/primary-document.html
2026-02-23 14:54:08,257 [src.preprocess] DEBUG: Extracted 14 HTML titles from data/10k_raw/ADSK/10-K/0000769397-15-000012/primary-document.html
2026-02-23 14:54:08,257 [src.preprocess] DEBUG: Filtered 1 / 14 HTML titles against item_1a text
2026-02-23 14:54:08,419 [src.preprocess] DEBUG: Extracted 13 HTML titles from data/10k_raw/ADSK/10-K/0000769397-16-000067/primary-document.html
2026-02-23 14:54:08,419 [src.preprocess] DEBUG: Filtered 1 / 13 HTML titles against item_1a text
2026-02-23 14:54:08,572 [src.preprocess] DEBUG: Extracted 13 HTML titles from data/10k_raw/ADSK/10-K/0000769397-17-000014/primary-document.html
2026-02-23 14:54:08,572 [src.preprocess] DEBUG: Filtered 1 / 13 HTML titles against item_1a text
2026-02-23 14:54:08,733 [src.preprocess] DEBUG: Extracted 16 HTML titles from data/10k_raw/ADSK/10-K/0000769397-18-000011/primary-document.html
2026-02-23 14:54:08,733 [src.preprocess] DEBUG: Filtered 2 / 16 HTML titles against item_1a text
2026-02-23 14:54:08,912 [src.preprocess] DEBUG: Extracted 13 HTML titles from data/10k_raw/ADSK/10-K/0000769397-19-000016/primary-document.html
2026-02-23 14:54:08,912 [src.preprocess] DEBUG: Filtered 2 / 13 HTML titles against item_1a text
2026-02-23 14:54:09,063 [src.preprocess] DEBUG: Extracted 13 HTML titles from data/10k_raw/ADSK/10-K/0000769397-20-000013/primary-document.html
2026-02-23 14:54:09,063 [src.preprocess] DEBUG: Filtered 2 / 13 HTML titles against item_1a text
2026-02-23 14:54:09,186 [src.preprocess] DEBUG: Extracted 14 HTML titles from data/10k_raw/ADSK/10-K/0000769397-21-000014/primary-document.html
2026-02-23 14:54:09,186 [src.preprocess] DEBUG: Filtered 2 / 14 HTML titles against item_1a text
2026-02-23 14:54:09,315 [src.preprocess] DEBUG: Extracted 15 HTML titles from data/10k_raw/ADSK/10-K/0000769397-22-000019/primary-document.html
2026-02-23 14:54:09,315 [src.preprocess] DEBUG: Filtered 2 / 15 HTML titles against item_1a text
2026-02-23 14:54:09,463 [src.preprocess] DEBUG: Extracted 15 HTML titles from data/10k_raw/ADSK/10-K/0000769397-23-000036/primary-document.html
2026-02-23 14:54:09,463 [src.preprocess] DEBUG: Filtered 2 / 15 HTML titles against item_1a text
2026-02-23 14:54:09,603 [src.preprocess] DEBUG: Extracted 15 HTML titles from data/10k_raw/ADSK/10-K/0000769397-24-000090/primary-document.html
2026-02-23 14:54:09,603 [src.preprocess] DEBUG: Filtered 1 / 15 HTML titles against item_1a text
2026-02-23 14:54:09,810 [src.preprocess] DEBUG: Extracted 17 HTML titles from data/10k_raw/AEE/10-K/0001002910-15-000075/primary-document.html
2026-02-23 14:54:10,006 [src.preprocess] DEBUG: Extracted 17 HTML titles from data/10k_raw/AEE/10-K/0001002910-16-000205/primary-document.html
2026-02-23 14:54:10,286 [src.preprocess] DEBUG: Extracted 41 HTML titles from data/10k_raw/AEE/10-K/0001002910-17-000054/primary-document.html
2026-02-23 14:54:10,286 [src.preprocess] DEBUG: Filtered 1 / 41 HTML titles against item_1a text
2026-02-23 14:54:10,502 [src.preprocess] DEBUG: Extracted 14 HTML titles from data/10k_raw/AEE/10-K/0001002910-18-000069/primary-document.html
2026-02-23 14:54:10,706 [src.preprocess] DEBUG: Extracted 16 HTML titles from data/10k_raw/AEE/10-K/0001002910-19-000094/primary-document.html
2026-02-23 14:54:10,984 [src.preprocess] DEBUG: Extracted 16 HTML titles from data/10k_raw/AEE/10-K/0001002910-20-000077/primary-document.html
2026-02-23 14:54:11,258 [src.preprocess] DEBUG: Extracted 17 HTML titles from data/10k_raw/AEE/10-K/0001002910-21-000065/primary-document.html
2026-02-23 14:54:11,506 [src.preprocess] DEBUG: Extracted 16 HTML titles from data/10k_raw/AEE/10-K/0001002910-22-000038/primary-document.html
2026-02-23 14:54:11,762 [src.preprocess] DEBUG: Extracted 17 HTML titles from data/10k_raw/AEE/10-K/0001002910-23-000053/primary-document.html
2026-02-23 14:54:11,971 [src.preprocess] DEBUG: Extracted 16 HTML titles from data/10k_raw/AEE/10-K/0001002910-24-000056/primary-document.html
2026-02-23 14:54:12,058 [src.preprocess] DEBUG: Extracted 40 HTML titles from data/10k_raw/AEP/10-K/0000004904-15-000008/primary-document.html
2026-02-23 14:54:12,143 [src.preprocess] DEBUG: Extracted 33 HTML titles from data/10k_raw/AEP/10-K/0000004904-16-000056/primary-document.html
2026-02-23 14:54:12,144 [src.preprocess] DEBUG: Filtered 1 / 33 HTML titles against item_1a text
2026-02-23 14:54:12,233 [src.preprocess] DEBUG: Extracted 32 HTML titles from data/10k_raw/AEP/10-K/0000004904-17-000019/primary-document.html
2026-02-23 14:54:12,233 [src.preprocess] DEBUG: Filtered 2 / 32 HTML titles against item_1a text
2026-02-23 14:54:12,327 [src.preprocess] DEBUG: Extracted 35 HTML titles from data/10k_raw/AEP/10-K/0000004904-18-000009/primary-document.html
2026-02-23 14:54:12,328 [src.preprocess] DEBUG: Filtered 6 / 35 HTML titles against item_1a text
2026-02-23 14:54:12,420 [src.preprocess] DEBUG: Extracted 33 HTML titles from data/10k_raw/AEP/10-K/0000004904-19-000009/primary-document.html
2026-02-23 14:54:12,420 [src.preprocess] DEBUG: Filtered 4 / 33 HTML titles against item_1a text
2026-02-23 14:54:12,634 [src.preprocess] DEBUG: Extracted 34 HTML titles from data/10k_raw/AEP/10-K/0000004904-20-000007/primary-document.html
2026-02-23 14:54:12,634 [src.preprocess] DEBUG: Filtered 4 / 34 HTML titles against item_1a text
2026-02-23 14:54:13,293 [src.preprocess] DEBUG: Extracted 35 HTML titles from data/10k_raw/AEP/10-K/0000004904-21-000010/primary-document.html
2026-02-23 14:54:13,294 [src.preprocess] DEBUG: Filtered 4 / 35 HTML titles against item_1a text
2026-02-23 14:54:13,941 [src.preprocess] DEBUG: Extracted 38 HTML titles from data/10k_raw/AEP/10-K/0000004904-22-000024/primary-document.html
2026-02-23 14:54:13,942 [src.preprocess] DEBUG: Filtered 4 / 38 HTML titles against item_1a text
2026-02-23 14:54:14,584 [src.preprocess] DEBUG: Extracted 36 HTML titles from data/10k_raw/AEP/10-K/0000004904-23-000011/primary-document.html
2026-02-23 14:54:14,584 [src.preprocess] DEBUG: Filtered 4 / 36 HTML titles against item_1a text
2026-02-23 14:54:15,032 [src.preprocess] DEBUG: Extracted 38 HTML titles from data/10k_raw/AEP/10-K/0000004904-24-000020/primary-document.html
2026-02-23 14:54:15,033 [src.preprocess] DEBUG: Filtered 5 / 38 HTML titles against item_1a text
2026-02-23 14:54:15,411 [src.preprocess] DEBUG: Extracted 68 HTML titles from data/10k_raw/AES/10-K/0000874761-15-000009/primary-document.html
2026-02-23 14:54:15,413 [src.preprocess] DEBUG: Filtered 2 / 68 HTML titles against item_1a text
2026-02-23 14:54:15,836 [src.preprocess] DEBUG: Extracted 69 HTML titles from data/10k_raw/AES/10-K/0000874761-16-000077/primary-document.html
2026-02-23 14:54:15,838 [src.preprocess] DEBUG: Filtered 2 / 69 HTML titles against item_1a text
2026-02-23 14:54:16,225 [src.preprocess] DEBUG: Extracted 69 HTML titles from data/10k_raw/AES/10-K/0000874761-17-000003/primary-document.html
2026-02-23 14:54:16,227 [src.preprocess] DEBUG: Filtered 2 / 69 HTML titles against item_1a text
2026-02-23 14:54:16,596 [src.preprocess] DEBUG: Extracted 66 HTML titles from data/10k_raw/AES/10-K/0000874761-18-000014/primary-document.html
2026-02-23 14:54:16,597 [src.preprocess] DEBUG: Filtered 1 / 66 HTML titles against item_1a text
2026-02-23 14:54:16,971 [src.preprocess] DEBUG: Extracted 89 HTML titles from data/10k_raw/AES/10-K/0000874761-19-000012/primary-document.html
2026-02-23 14:54:16,972 [src.preprocess] DEBUG: Filtered 1 / 89 HTML titles against item_1a text
2026-02-23 14:54:17,389 [src.preprocess] DEBUG: Extracted 29 HTML titles from data/10k_raw/AES/10-K/0000874761-20-000012/primary-document.html
2026-02-23 14:54:17,389 [src.preprocess] DEBUG: Filtered 1 / 29 HTML titles against item_1a text
2026-02-23 14:54:17,711 [src.preprocess] DEBUG: Extracted 25 HTML titles from data/10k_raw/AES/10-K/0000874761-21-000015/primary-document.html
2026-02-23 14:54:17,712 [src.preprocess] DEBUG: Filtered 1 / 25 HTML titles against item_1a text
2026-02-23 14:54:18,038 [src.preprocess] DEBUG: Extracted 26 HTML titles from data/10k_raw/AES/10-K/0000874761-22-000022/primary-document.html
2026-02-23 14:54:18,039 [src.preprocess] DEBUG: Filtered 1 / 26 HTML titles against item_1a text
2026-02-23 14:54:18,360 [src.preprocess] DEBUG: Extracted 25 HTML titles from data/10k_raw/AES/10-K/0000874761-23-000010/primary-document.html
2026-02-23 14:54:18,360 [src.preprocess] DEBUG: Filtered 1 / 25 HTML titles against item_1a text
2026-02-23 14:54:18,587 [src.preprocess] DEBUG: Extracted 8 HTML titles from data/10k_raw/AES/10-K/0000874761-24-000011/primary-document.html
2026-02-23 14:54:18,587 [src.preprocess] DEBUG: Filtered 1 / 8 HTML titles against item_1a text
2026-02-23 14:54:18,850 [src.preprocess] DEBUG: Extracted 24 HTML titles from data/10k_raw/AFL/10-K/0000004977-15-000071/primary-document.html
2026-02-23 14:54:19,117 [src.preprocess] DEBUG: Extracted 24 HTML titles from data/10k_raw/AFL/10-K/0000004977-16-000259/primary-document.html
2026-02-23 14:54:19,369 [src.preprocess] DEBUG: Extracted 24 HTML titles from data/10k_raw/AFL/10-K/0000004977-17-000064/primary-document.html
2026-02-23 14:54:19,641 [src.preprocess] DEBUG: Extracted 19 HTML titles from data/10k_raw/AFL/10-K/0000004977-18-000054/primary-document.html
2026-02-23 14:54:19,953 [src.preprocess] DEBUG: Extracted 21 HTML titles from data/10k_raw/AFL/10-K/0000004977-19-000049/primary-document.html
2026-02-23 14:54:20,262 [src.preprocess] DEBUG: Extracted 22 HTML titles from data/10k_raw/AFL/10-K/0000004977-20-000044/primary-document.html
2026-02-23 14:54:20,262 [src.preprocess] DEBUG: Filtered 1 / 22 HTML titles against item_1a text
2026-02-23 14:54:20,520 [src.preprocess] DEBUG: Extracted 24 HTML titles from data/10k_raw/AFL/10-K/0000004977-21-000047/primary-document.html
2026-02-23 14:54:20,777 [src.preprocess] DEBUG: Extracted 23 HTML titles from data/10k_raw/AFL/10-K/0000004977-22-000058/primary-document.html
2026-02-23 14:54:21,062 [src.preprocess] DEBUG: Extracted 21 HTML titles from data/10k_raw/AFL/10-K/0000004977-23-000055/primary-document.html
2026-02-23 14:54:21,367 [src.preprocess] DEBUG: Extracted 28 HTML titles from data/10k_raw/AFL/10-K/0000004977-24-000053/primary-document.html
2026-02-23 14:54:21,855 [src.preprocess] DEBUG: Extracted 0 HTML titles from data/10k_raw/AIG/10-K/0000005272-15-000002/primary-document.html
2026-02-23 14:54:22,355 [src.preprocess] DEBUG: Extracted 0 HTML titles from data/10k_raw/AIG/10-K/0000005272-16-000035/primary-document.html
2026-02-23 14:54:22,888 [src.preprocess] DEBUG: Extracted 0 HTML titles from data/10k_raw/AIG/10-K/0000005272-17-000017/primary-document.html
2026-02-23 14:54:23,407 [src.preprocess] DEBUG: Extracted 0 HTML titles from data/10k_raw/AIG/10-K/0000005272-18-000022/primary-document.html
2026-02-23 14:54:23,958 [src.preprocess] DEBUG: Extracted 0 HTML titles from data/10k_raw/AIG/10-K/0000005272-19-000023/primary-document.html
2026-02-23 14:54:24,438 [src.preprocess] DEBUG: Extracted 53 HTML titles from data/10k_raw/AIG/10-K/0000005272-23-000007/primary-document.html
2026-02-23 14:54:24,880 [src.preprocess] DEBUG: Extracted 52 HTML titles from data/10k_raw/AIG/10-K/0000005272-24-000023/primary-document.html
2026-02-23 14:54:25,592 [src.preprocess] DEBUG: Extracted 57 HTML titles from data/10k_raw/AIG/10-K/0001104659-20-023889/primary-document.html
2026-02-23 14:54:26,285 [src.preprocess] DEBUG: Extracted 66 HTML titles from data/10k_raw/AIG/10-K/0001104659-21-025742/primary-document.html
2026-02-23 14:54:27,007 [src.preprocess] DEBUG: Extracted 60 HTML titles from data/10k_raw/AIG/10-K/0001104659-22-024701/primary-document.html
2026-02-23 14:54:27,227 [src.preprocess] DEBUG: Extracted 0 HTML titles from data/10k_raw/AIZ/10-K/0001193125-15-054288/primary-document.html
2026-02-23 14:54:29,119 [src.preprocess] DEBUG: Extracted 499 HTML titles from data/10k_raw/AIZ/10-K/0001267238-20-000004/primary-document.html
2026-02-23 14:54:29,160 [src.preprocess] DEBUG: Filtered 56 / 499 HTML titles against item_1a text
2026-02-23 14:54:30,518 [src.preprocess] DEBUG: Extracted 476 HTML titles from data/10k_raw/AIZ/10-K/0001267238-21-000010/primary-document.html
2026-02-23 14:54:30,560 [src.preprocess] DEBUG: Filtered 89 / 476 HTML titles against item_1a text
2026-02-23 14:54:31,862 [src.preprocess] DEBUG: Extracted 460 HTML titles from data/10k_raw/AIZ/10-K/0001267238-22-000006/primary-document.html
2026-02-23 14:54:31,900 [src.preprocess] DEBUG: Filtered 89 / 460 HTML titles against item_1a text
2026-02-23 14:54:33,162 [src.preprocess] DEBUG: Extracted 474 HTML titles from data/10k_raw/AIZ/10-K/0001267238-23-000007/primary-document.html
2026-02-23 14:54:33,201 [src.preprocess] DEBUG: Filtered 85 / 474 HTML titles against item_1a text
2026-02-23 14:54:34,296 [src.preprocess] DEBUG: Extracted 457 HTML titles from data/10k_raw/AIZ/10-K/0001267238-24-000008/primary-document.html
2026-02-23 14:54:34,332 [src.preprocess] DEBUG: Filtered 81 / 457 HTML titles against item_1a text
2026-02-23 14:54:37,397 [src.preprocess] DEBUG: Extracted 457 HTML titles from data/10k_raw/AIZ/10-K/0001628280-16-011239/primary-document.html
2026-02-23 14:54:37,430 [src.preprocess] DEBUG: Filtered 52 / 457 HTML titles against item_1a text
2026-02-23 14:54:40,506 [src.preprocess] DEBUG: Extracted 473 HTML titles from data/10k_raw/AIZ/10-K/0001628280-17-001320/primary-document.html
2026-02-23 14:54:40,538 [src.preprocess] DEBUG: Filtered 46 / 473 HTML titles against item_1a text
2026-02-23 14:54:42,595 [src.preprocess] DEBUG: Extracted 479 HTML titles from data/10k_raw/AIZ/10-K/0001628280-18-001695/primary-document.html
2026-02-23 14:54:42,631 [src.preprocess] DEBUG: Filtered 60 / 479 HTML titles against item_1a text
2026-02-23 14:54:44,819 [src.preprocess] DEBUG: Extracted 505 HTML titles from data/10k_raw/AIZ/10-K/0001628280-19-001767/primary-document.html
2026-02-23 14:54:44,862 [src.preprocess] DEBUG: Filtered 57 / 505 HTML titles against item_1a text
2026-02-23 14:54:45,289 [src.preprocess] DEBUG: Extracted 30 HTML titles from data/10k_raw/AJG/10-K/0000950170-23-002456/primary-document.html
2026-02-23 14:54:45,503 [src.preprocess] DEBUG: Extracted 28 HTML titles from data/10k_raw/AJG/10-K/0000950170-24-013370/primary-document.html
2026-02-23 14:54:45,655 [src.preprocess] DEBUG: Extracted 0 HTML titles from data/10k_raw/AJG/10-K/0001193125-15-047308/primary-document.html
2026-02-23 14:54:45,822 [src.preprocess] DEBUG: Extracted 0 HTML titles from data/10k_raw/AJG/10-K/0001193125-16-457703/primary-document.html
2026-02-23 14:54:45,988 [src.preprocess] DEBUG: Extracted 0 HTML titles from data/10k_raw/AJG/10-K/0001193125-17-038619/primary-document.html
2026-02-23 14:54:46,102 [src.preprocess] DEBUG: Extracted 0 HTML titles from data/10k_raw/AJG/10-K/0001193125-18-038261/primary-document.html
2026-02-23 14:54:46,188 [src.preprocess] DEBUG: Extracted 0 HTML titles from data/10k_raw/AJG/10-K/0001193125-19-032304/primary-document.html
2026-02-23 14:54:48,271 [src.preprocess] DEBUG: Extracted 394 HTML titles from data/10k_raw/AJG/10-K/0001193125-20-028191/primary-document.html
2026-02-23 14:54:48,299 [src.preprocess] DEBUG: Filtered 103 / 394 HTML titles against item_1a text
2026-02-23 14:54:48,997 [src.preprocess] DEBUG: Extracted 0 HTML titles from data/10k_raw/AJG/10-K/0001564590-21-004555/primary-document.html
2026-02-23 14:54:49,246 [src.preprocess] DEBUG: Extracted 0 HTML titles from data/10k_raw/AJG/10-K/0001564590-22-005714/primary-document.html
2026-02-23 14:54:49,325 [src.preprocess] DEBUG: Extracted 29 HTML titles from data/10k_raw/AKAM/10-K/0001086222-15-000066/primary-document.html
2026-02-23 14:54:49,408 [src.preprocess] DEBUG: Extracted 28 HTML titles from data/10k_raw/AKAM/10-K/0001086222-16-000245/primary-document.html
2026-02-23 14:54:49,494 [src.preprocess] DEBUG: Extracted 30 HTML titles from data/10k_raw/AKAM/10-K/0001086222-17-000080/primary-document.html
2026-02-23 14:54:49,585 [src.preprocess] DEBUG: Extracted 30 HTML titles from data/10k_raw/AKAM/10-K/0001086222-18-000052/primary-document.html
2026-02-23 14:54:49,681 [src.preprocess] DEBUG: Extracted 31 HTML titles from data/10k_raw/AKAM/10-K/0001086222-19-000066/primary-document.html
2026-02-23 14:54:49,789 [src.preprocess] DEBUG: Extracted 25 HTML titles from data/10k_raw/AKAM/10-K/0001086222-20-000045/primary-document.html
2026-02-23 14:54:49,883 [src.preprocess] DEBUG: Extracted 32 HTML titles from data/10k_raw/AKAM/10-K/0001086222-21-000075/primary-document.html
2026-02-23 14:54:49,980 [src.preprocess] DEBUG: Extracted 33 HTML titles from data/10k_raw/AKAM/10-K/0001086222-22-000058/primary-document.html
2026-02-23 14:54:50,085 [src.preprocess] DEBUG: Extracted 34 HTML titles from data/10k_raw/AKAM/10-K/0001086222-23-000078/primary-document.html
2026-02-23 14:54:50,164 [src.preprocess] DEBUG: Extracted 32 HTML titles from data/10k_raw/AKAM/10-K/0001086222-24-000040/primary-document.html
2026-02-23 14:54:50,313 [src.preprocess] DEBUG: Extracted 0 HTML titles from data/10k_raw/ALB/10-K/0000915913-15-000009/primary-document.html
2026-02-23 14:54:50,438 [src.preprocess] DEBUG: Extracted 0 HTML titles from data/10k_raw/ALB/10-K/0000915913-16-000041/primary-document.html
2026-02-23 14:54:50,565 [src.preprocess] DEBUG: Extracted 0 HTML titles from data/10k_raw/ALB/10-K/0000915913-17-000010/primary-document.html
2026-02-23 14:54:50,690 [src.preprocess] DEBUG: Extracted 0 HTML titles from data/10k_raw/ALB/10-K/0000915913-18-000005/primary-document.html
2026-02-23 14:54:50,812 [src.preprocess] DEBUG: Extracted 0 HTML titles from data/10k_raw/ALB/10-K/0000915913-19-000021/primary-document.html
2026-02-23 14:54:50,968 [src.preprocess] DEBUG: Extracted 0 HTML titles from data/10k_raw/ALB/10-K/0000915913-20-000040/primary-document.html
2026-02-23 14:54:51,107 [src.preprocess] DEBUG: Extracted 0 HTML titles from data/10k_raw/ALB/10-K/0000915913-21-000018/primary-document.html
2026-02-23 14:54:51,941 [src.preprocess] DEBUG: Extracted 220 HTML titles from data/10k_raw/ALB/10-K/0000915913-22-000027/primary-document.html
2026-02-23 14:54:51,951 [src.preprocess] DEBUG: Filtered 35 / 220 HTML titles against item_1a text
2026-02-23 14:54:52,786 [src.preprocess] DEBUG: Extracted 229 HTML titles from data/10k_raw/ALB/10-K/0000915913-23-000039/primary-document.html
2026-02-23 14:54:52,797 [src.preprocess] DEBUG: Filtered 35 / 229 HTML titles against item_1a text
2026-02-23 14:54:53,563 [src.preprocess] DEBUG: Extracted 232 HTML titles from data/10k_raw/ALB/10-K/0000915913-24-000016/primary-document.html
2026-02-23 14:54:53,576 [src.preprocess] DEBUG: Filtered 35 / 232 HTML titles against item_1a text
2026-02-23 14:54:53,692 [src.preprocess] DEBUG: Extracted 30 HTML titles from data/10k_raw/ALGN/10-K/0001097149-15-000005/primary-document.html
2026-02-23 14:54:53,693 [src.preprocess] DEBUG: Filtered 3 / 30 HTML titles against item_1a text
2026-02-23 14:54:53,783 [src.preprocess] DEBUG: Extracted 30 HTML titles from data/10k_raw/ALGN/10-K/0001097149-16-000031/primary-document.html
2026-02-23 14:54:53,783 [src.preprocess] DEBUG: Filtered 3 / 30 HTML titles against item_1a text
2026-02-23 14:54:53,877 [src.preprocess] DEBUG: Extracted 32 HTML titles from data/10k_raw/ALGN/10-K/0001097149-17-000009/primary-document.html
2026-02-23 14:54:53,877 [src.preprocess] DEBUG: Filtered 3 / 32 HTML titles against item_1a text
2026-02-23 14:54:54,002 [src.preprocess] DEBUG: Extracted 32 HTML titles from data/10k_raw/ALGN/10-K/0001097149-18-000010/primary-document.html
2026-02-23 14:54:54,003 [src.preprocess] DEBUG: Filtered 3 / 32 HTML titles against item_1a text
2026-02-23 14:54:54,098 [src.preprocess] DEBUG: Extracted 31 HTML titles from data/10k_raw/ALGN/10-K/0001097149-19-000009/primary-document.html
2026-02-23 14:54:54,098 [src.preprocess] DEBUG: Filtered 3 / 31 HTML titles against item_1a text
2026-02-23 14:54:54,217 [src.preprocess] DEBUG: Extracted 32 HTML titles from data/10k_raw/ALGN/10-K/0001097149-20-000008/primary-document.html
2026-02-23 14:54:54,217 [src.preprocess] DEBUG: Filtered 1 / 32 HTML titles against item_1a text
2026-02-23 14:54:54,319 [src.preprocess] DEBUG: Extracted 27 HTML titles from data/10k_raw/ALGN/10-K/0001097149-21-000007/primary-document.html
2026-02-23 14:54:54,429 [src.preprocess] DEBUG: Extracted 25 HTML titles from data/10k_raw/ALGN/10-K/0001097149-22-000011/primary-document.html
2026-02-23 14:54:54,429 [src.preprocess] DEBUG: Filtered 1 / 25 HTML titles against item_1a text
2026-02-23 14:54:54,536 [src.preprocess] DEBUG: Extracted 30 HTML titles from data/10k_raw/ALGN/10-K/0001097149-23-000013/primary-document.html
2026-02-23 14:54:54,536 [src.preprocess] DEBUG: Filtered 1 / 30 HTML titles against item_1a text
2026-02-23 14:54:54,644 [src.preprocess] DEBUG: Extracted 26 HTML titles from data/10k_raw/ALGN/10-K/0001097149-24-000011/primary-document.html
2026-02-23 14:54:54,644 [src.preprocess] DEBUG: Filtered 1 / 26 HTML titles against item_1a text
2026-02-23 14:54:54,898 [src.preprocess] DEBUG: Extracted 0 HTML titles from data/10k_raw/ALL/10-K/0000899051-16-000040/primary-document.html
2026-02-23 14:54:55,161 [src.preprocess] DEBUG: Extracted 0 HTML titles from data/10k_raw/ALL/10-K/0000899051-17-000005/primary-document.html
2026-02-23 14:54:55,447 [src.preprocess] DEBUG: Extracted 0 HTML titles from data/10k_raw/ALL/10-K/0000899051-18-000007/primary-document.html
2026-02-23 14:54:55,736 [src.preprocess] DEBUG: Extracted 0 HTML titles from data/10k_raw/ALL/10-K/0000899051-19-000007/primary-document.html
2026-02-23 14:54:56,103 [src.preprocess] DEBUG: Extracted 0 HTML titles from data/10k_raw/ALL/10-K/0000899051-20-000013/primary-document.html
2026-02-23 14:54:56,387 [src.preprocess] DEBUG: Extracted 0 HTML titles from data/10k_raw/ALL/10-K/0000899051-21-000011/primary-document.html
2026-02-23 14:54:56,645 [src.preprocess] DEBUG: Extracted 0 HTML titles from data/10k_raw/ALL/10-K/0000899051-22-000015/primary-document.html
2026-02-23 14:54:56,902 [src.preprocess] DEBUG: Extracted 0 HTML titles from data/10k_raw/ALL/10-K/0000899051-23-000020/primary-document.html
2026-02-23 14:54:57,131 [src.preprocess] DEBUG: Extracted 0 HTML titles from data/10k_raw/ALL/10-K/0000899051-24-000013/primary-document.html
2026-02-23 14:54:57,336 [src.preprocess] DEBUG: Extracted 0 HTML titles from data/10k_raw/ALL/10-K/0001047469-15-000935/primary-document.html
2026-02-23 14:54:57,433 [src.preprocess] DEBUG: Extracted 0 HTML titles from data/10k_raw/ALLE/10-K/0001579241-15-000005/primary-document.html
2026-02-23 14:54:57,532 [src.preprocess] DEBUG: Extracted 0 HTML titles from data/10k_raw/ALLE/10-K/0001579241-16-000056/primary-document.html
2026-02-23 14:54:57,631 [src.preprocess] DEBUG: Extracted 0 HTML titles from data/10k_raw/ALLE/10-K/0001579241-17-000009/primary-document.html
2026-02-23 14:54:57,728 [src.preprocess] DEBUG: Extracted 0 HTML titles from data/10k_raw/ALLE/10-K/0001579241-18-000007/primary-document.html
2026-02-23 14:54:57,821 [src.preprocess] DEBUG: Extracted 0 HTML titles from data/10k_raw/ALLE/10-K/0001579241-19-000006/primary-document.html
2026-02-23 14:54:57,940 [src.preprocess] DEBUG: Extracted 0 HTML titles from data/10k_raw/ALLE/10-K/0001579241-20-000013/primary-document.html
2026-02-23 14:54:58,027 [src.preprocess] DEBUG: Extracted 0 HTML titles from data/10k_raw/ALLE/10-K/0001579241-21-000020/primary-document.html
2026-02-23 14:54:58,108 [src.preprocess] DEBUG: Extracted 0 HTML titles from data/10k_raw/ALLE/10-K/0001579241-22-000019/primary-document.html
2026-02-23 14:54:58,189 [src.preprocess] DEBUG: Extracted 0 HTML titles from data/10k_raw/ALLE/10-K/0001579241-23-000006/primary-document.html
2026-02-23 14:54:58,253 [src.preprocess] DEBUG: Extracted 0 HTML titles from data/10k_raw/ALLE/10-K/0001579241-24-000006/primary-document.html
2026-02-23 14:54:58,374 [src.preprocess] DEBUG: Extracted 22 HTML titles from data/10k_raw/AMAT/10-K/0000006951-15-000034/primary-document.html
2026-02-23 14:54:58,487 [src.preprocess] DEBUG: Extracted 21 HTML titles from data/10k_raw/AMAT/10-K/0000006951-16-000068/primary-document.html
2026-02-23 14:54:58,595 [src.preprocess] DEBUG: Extracted 21 HTML titles from data/10k_raw/AMAT/10-K/0000006951-17-000038/primary-document.html
2026-02-23 14:54:58,701 [src.preprocess] DEBUG: Extracted 22 HTML titles from data/10k_raw/AMAT/10-K/0000006951-18-000041/primary-document.html
2026-02-23 14:54:58,839 [src.preprocess] DEBUG: Extracted 22 HTML titles from data/10k_raw/AMAT/10-K/0000006951-19-000046/primary-document.html
2026-02-23 14:54:58,952 [src.preprocess] DEBUG: Extracted 28 HTML titles from data/10k_raw/AMAT/10-K/0000006951-20-000048/primary-document.html
2026-02-23 14:54:59,064 [src.preprocess] DEBUG: Extracted 28 HTML titles from data/10k_raw/AMAT/10-K/0000006951-21-000043/primary-document.html
2026-02-23 14:54:59,193 [src.preprocess] DEBUG: Extracted 26 HTML titles from data/10k_raw/AMAT/10-K/0000006951-22-000043/primary-document.html
2026-02-23 14:54:59,281 [src.preprocess] DEBUG: Extracted 26 HTML titles from data/10k_raw/AMAT/10-K/0000006951-23-000041/primary-document.html
2026-02-23 14:54:59,353 [src.preprocess] DEBUG: Extracted 27 HTML titles from data/10k_raw/AMAT/10-K/0000006951-24-000044/primary-document.html
2026-02-23 14:55:00,268 [src.preprocess] DEBUG: Extracted 288 HTML titles from data/10k_raw/AMD/10-K/0000002488-16-000111/primary-document.html
2026-02-23 14:55:00,282 [src.preprocess] DEBUG: Filtered 34 / 288 HTML titles against item_1a text
2026-02-23 14:55:01,315 [src.preprocess] DEBUG: Extracted 276 HTML titles from data/10k_raw/AMD/10-K/0000002488-17-000043/primary-document.html
2026-02-23 14:55:01,329 [src.preprocess] DEBUG: Filtered 33 / 276 HTML titles against item_1a text
2026-02-23 14:55:02,423 [src.preprocess] DEBUG: Extracted 277 HTML titles from data/10k_raw/AMD/10-K/0000002488-18-000042/primary-document.html
2026-02-23 14:55:02,438 [src.preprocess] DEBUG: Filtered 31 / 277 HTML titles against item_1a text
2026-02-23 14:55:03,472 [src.preprocess] DEBUG: Extracted 284 HTML titles from data/10k_raw/AMD/10-K/0000002488-19-000011/primary-document.html
2026-02-23 14:55:03,485 [src.preprocess] DEBUG: Filtered 33 / 284 HTML titles against item_1a text
2026-02-23 14:55:04,197 [src.preprocess] DEBUG: Extracted 272 HTML titles from data/10k_raw/AMD/10-K/0000002488-20-000008/primary-document.html
2026-02-23 14:55:04,208 [src.preprocess] DEBUG: Filtered 32 / 272 HTML titles against item_1a text
2026-02-23 14:55:04,592 [src.preprocess] DEBUG: Extracted 224 HTML titles from data/10k_raw/AMD/10-K/0000002488-22-000016/primary-document.html
2026-02-23 14:55:04,600 [src.preprocess] DEBUG: Filtered 55 / 224 HTML titles against item_1a text
2026-02-23 14:55:05,044 [src.preprocess] DEBUG: Extracted 241 HTML titles from data/10k_raw/AMD/10-K/0000002488-23-000047/primary-document.html
2026-02-23 14:55:05,054 [src.preprocess] DEBUG: Filtered 49 / 241 HTML titles against item_1a text
2026-02-23 14:55:05,456 [src.preprocess] DEBUG: Extracted 241 HTML titles from data/10k_raw/AMD/10-K/0000002488-24-000012/primary-document.html
2026-02-23 14:55:05,466 [src.preprocess] DEBUG: Filtered 50 / 241 HTML titles against item_1a text
2026-02-23 14:55:05,597 [src.preprocess] DEBUG: Extracted 0 HTML titles from data/10k_raw/AMD/10-K/0001193125-15-054362/primary-document.html
2026-02-23 14:55:05,976 [src.preprocess] DEBUG: Extracted 235 HTML titles from data/10k_raw/AMD/10-K/0001628280-21-001185/primary-document.html
2026-02-23 14:55:05,984 [src.preprocess] DEBUG: Filtered 53 / 235 HTML titles against item_1a text
2026-02-23 14:55:06,073 [src.preprocess] DEBUG: Extracted 0 HTML titles from data/10k_raw/AME/10-K/0001037868-21-000007/primary-document.html
2026-02-23 14:55:06,142 [src.preprocess] DEBUG: Extracted 0 HTML titles from data/10k_raw/AME/10-K/0001037868-22-000009/primary-document.html
2026-02-23 14:55:06,210 [src.preprocess] DEBUG: Extracted 0 HTML titles from data/10k_raw/AME/10-K/0001037868-23-000012/primary-document.html
2026-02-23 14:55:06,264 [src.preprocess] DEBUG: Extracted 0 HTML titles from data/10k_raw/AME/10-K/0001037868-24-000009/primary-document.html
2026-02-23 14:55:06,308 [src.preprocess] DEBUG: Extracted 0 HTML titles from data/10k_raw/AME/10-K/0001193125-15-059832/primary-document.html
2026-02-23 14:55:06,354 [src.preprocess] DEBUG: Extracted 0 HTML titles from data/10k_raw/AME/10-K/0001193125-16-478197/primary-document.html
2026-02-23 14:55:06,403 [src.preprocess] DEBUG: Extracted 0 HTML titles from data/10k_raw/AME/10-K/0001193125-17-053600/primary-document.html
2026-02-23 14:55:06,461 [src.preprocess] DEBUG: Extracted 0 HTML titles from data/10k_raw/AME/10-K/0001193125-18-053631/primary-document.html
2026-02-23 14:55:06,506 [src.preprocess] DEBUG: Extracted 0 HTML titles from data/10k_raw/AME/10-K/0001193125-19-046947/primary-document.html
2026-02-23 14:55:06,612 [src.preprocess] DEBUG: Extracted 0 HTML titles from data/10k_raw/AME/10-K/0001193125-20-043133/primary-document.html
2026-02-23 14:55:07,806 [src.preprocess] DEBUG: Extracted 212 HTML titles from data/10k_raw/AMGN/10-K/0000318154-15-000005/primary-document.html
2026-02-23 14:55:07,818 [src.preprocess] DEBUG: Filtered 12 / 212 HTML titles against item_1a text
2026-02-23 14:55:09,047 [src.preprocess] DEBUG: Extracted 213 HTML titles from data/10k_raw/AMGN/10-K/0000318154-16-000031/primary-document.html
2026-02-23 14:55:09,059 [src.preprocess] DEBUG: Filtered 12 / 213 HTML titles against item_1a text
2026-02-23 14:55:10,302 [src.preprocess] DEBUG: Extracted 213 HTML titles from data/10k_raw/AMGN/10-K/0000318154-17-000004/primary-document.html
2026-02-23 14:55:10,314 [src.preprocess] DEBUG: Filtered 12 / 213 HTML titles against item_1a text
2026-02-23 14:55:11,599 [src.preprocess] DEBUG: Extracted 215 HTML titles from data/10k_raw/AMGN/10-K/0000318154-18-000004/primary-document.html
2026-02-23 14:55:11,612 [src.preprocess] DEBUG: Filtered 12 / 215 HTML titles against item_1a text
2026-02-23 14:55:12,891 [src.preprocess] DEBUG: Extracted 215 HTML titles from data/10k_raw/AMGN/10-K/0000318154-19-000008/primary-document.html
2026-02-23 14:55:12,904 [src.preprocess] DEBUG: Filtered 10 / 215 HTML titles against item_1a text
2026-02-23 14:55:14,036 [src.preprocess] DEBUG: Extracted 213 HTML titles from data/10k_raw/AMGN/10-K/0000318154-20-000017/primary-document.html
2026-02-23 14:55:14,050 [src.preprocess] DEBUG: Filtered 31 / 213 HTML titles against item_1a text
2026-02-23 14:55:14,834 [src.preprocess] DEBUG: Extracted 228 HTML titles from data/10k_raw/AMGN/10-K/0000318154-21-000010/primary-document.html
2026-02-23 14:55:14,852 [src.preprocess] DEBUG: Filtered 52 / 228 HTML titles against item_1a text
2026-02-23 14:55:15,575 [src.preprocess] DEBUG: Extracted 206 HTML titles from data/10k_raw/AMGN/10-K/0000318154-22-000010/primary-document.html
2026-02-23 14:55:15,591 [src.preprocess] DEBUG: Filtered 50 / 206 HTML titles against item_1a text
2026-02-23 14:55:16,292 [src.preprocess] DEBUG: Extracted 203 HTML titles from data/10k_raw/AMGN/10-K/0000318154-23-000017/primary-document.html
2026-02-23 14:55:16,307 [src.preprocess] DEBUG: Filtered 50 / 203 HTML titles against item_1a text
2026-02-23 14:55:17,036 [src.preprocess] DEBUG: Extracted 208 HTML titles from data/10k_raw/AMGN/10-K/0000318154-24-000011/primary-document.html
2026-02-23 14:55:17,053 [src.preprocess] DEBUG: Filtered 51 / 208 HTML titles against item_1a text
2026-02-23 14:55:17,266 [src.preprocess] DEBUG: Extracted 0 HTML titles from data/10k_raw/AMP/10-K/0000820027-15-000024/primary-document.html
2026-02-23 14:55:17,536 [src.preprocess] DEBUG: Extracted 74 HTML titles from data/10k_raw/AMP/10-K/0000820027-16-000168/primary-document.html
2026-02-23 14:55:17,538 [src.preprocess] DEBUG: Filtered 14 / 74 HTML titles against item_1a text
2026-02-23 14:55:17,842 [src.preprocess] DEBUG: Extracted 75 HTML titles from data/10k_raw/AMP/10-K/0000820027-17-000007/primary-document.html
2026-02-23 14:55:17,843 [src.preprocess] DEBUG: Filtered 14 / 75 HTML titles against item_1a text
2026-02-23 14:55:18,120 [src.preprocess] DEBUG: Extracted 75 HTML titles from data/10k_raw/AMP/10-K/0000820027-18-000008/primary-document.html
2026-02-23 14:55:18,122 [src.preprocess] DEBUG: Filtered 14 / 75 HTML titles against item_1a text
2026-02-23 14:55:18,499 [src.preprocess] DEBUG: Extracted 68 HTML titles from data/10k_raw/AMP/10-K/0000820027-19-000010/primary-document.html
2026-02-23 14:55:18,501 [src.preprocess] DEBUG: Filtered 13 / 68 HTML titles against item_1a text
2026-02-23 14:55:18,865 [src.preprocess] DEBUG: Extracted 68 HTML titles from data/10k_raw/AMP/10-K/0000820027-20-000010/primary-document.html
2026-02-23 14:55:18,867 [src.preprocess] DEBUG: Filtered 13 / 68 HTML titles against item_1a text
2026-02-23 14:55:20,208 [src.preprocess] DEBUG: Extracted 365 HTML titles from data/10k_raw/AMP/10-K/0000820027-21-000012/primary-document.html
2026-02-23 14:55:20,232 [src.preprocess] DEBUG: Filtered 74 / 365 HTML titles against item_1a text
2026-02-23 14:55:21,545 [src.preprocess] DEBUG: Extracted 366 HTML titles from data/10k_raw/AMP/10-K/0000820027-22-000016/primary-document.html
2026-02-23 14:55:21,567 [src.preprocess] DEBUG: Filtered 68 / 366 HTML titles against item_1a text
2026-02-23 14:55:22,926 [src.preprocess] DEBUG: Extracted 357 HTML titles from data/10k_raw/AMP/10-K/0000820027-23-000014/primary-document.html
2026-02-23 14:55:22,946 [src.preprocess] DEBUG: Filtered 70 / 357 HTML titles against item_1a text
2026-02-23 14:55:24,772 [src.preprocess] DEBUG: Extracted 382 HTML titles from data/10k_raw/AMP/10-K/0000820027-24-000015/primary-document.html
2026-02-23 14:55:24,795 [src.preprocess] DEBUG: Filtered 70 / 382 HTML titles against item_1a text
2026-02-23 14:55:24,936 [src.preprocess] DEBUG: Extracted 0 HTML titles from data/10k_raw/AMT/10-K/0001053507-16-000018/primary-document.html
2026-02-23 14:55:25,043 [src.preprocess] DEBUG: Extracted 0 HTML titles from data/10k_raw/AMT/10-K/0001053507-17-000009/primary-document.html
2026-02-23 14:55:25,155 [src.preprocess] DEBUG: Extracted 0 HTML titles from data/10k_raw/AMT/10-K/0001053507-18-000006/primary-document.html
2026-02-23 14:55:25,270 [src.preprocess] DEBUG: Extracted 0 HTML titles from data/10k_raw/AMT/10-K/0001053507-19-000012/primary-document.html
2026-02-23 14:55:25,424 [src.preprocess] DEBUG: Extracted 0 HTML titles from data/10k_raw/AMT/10-K/0001053507-20-000028/primary-document.html
2026-02-23 14:55:25,556 [src.preprocess] DEBUG: Extracted 0 HTML titles from data/10k_raw/AMT/10-K/0001053507-21-000026/primary-document.html
2026-02-23 14:55:25,690 [src.preprocess] DEBUG: Extracted 0 HTML titles from data/10k_raw/AMT/10-K/0001053507-22-000017/primary-document.html
2026-02-23 14:55:25,814 [src.preprocess] DEBUG: Extracted 0 HTML titles from data/10k_raw/AMT/10-K/0001053507-23-000023/primary-document.html
2026-02-23 14:55:25,918 [src.preprocess] DEBUG: Extracted 0 HTML titles from data/10k_raw/AMT/10-K/0001053507-24-000011/primary-document.html
2026-02-23 14:55:26,019 [src.preprocess] DEBUG: Extracted 0 HTML titles from data/10k_raw/AMT/10-K/0001193125-15-059026/primary-document.html
2026-02-23 14:55:26,079 [src.preprocess] DEBUG: Extracted 0 HTML titles from data/10k_raw/AMZN/10-K/0001018724-15-000006/primary-document.html
2026-02-23 14:55:26,133 [src.preprocess] DEBUG: Extracted 0 HTML titles from data/10k_raw/AMZN/10-K/0001018724-16-000172/primary-document.html
2026-02-23 14:55:26,187 [src.preprocess] DEBUG: Extracted 0 HTML titles from data/10k_raw/AMZN/10-K/0001018724-17-000011/primary-document.html
2026-02-23 14:55:26,240 [src.preprocess] DEBUG: Extracted 0 HTML titles from data/10k_raw/AMZN/10-K/0001018724-18-000005/primary-document.html
2026-02-23 14:55:26,292 [src.preprocess] DEBUG: Extracted 0 HTML titles from data/10k_raw/AMZN/10-K/0001018724-19-000004/primary-document.html
2026-02-23 14:55:26,359 [src.preprocess] DEBUG: Extracted 0 HTML titles from data/10k_raw/AMZN/10-K/0001018724-20-000004/primary-document.html
2026-02-23 14:55:26,420 [src.preprocess] DEBUG: Extracted 0 HTML titles from data/10k_raw/AMZN/10-K/0001018724-21-000004/primary-document.html
2026-02-23 14:55:26,479 [src.preprocess] DEBUG: Extracted 0 HTML titles from data/10k_raw/AMZN/10-K/0001018724-22-000005/primary-document.html
2026-02-23 14:55:26,541 [src.preprocess] DEBUG: Extracted 0 HTML titles from data/10k_raw/AMZN/10-K/0001018724-23-000004/primary-document.html
2026-02-23 14:55:26,590 [src.preprocess] DEBUG: Extracted 0 HTML titles from data/10k_raw/AMZN/10-K/0001018724-24-000008/primary-document.html
2026-02-23 14:55:26,684 [src.preprocess] DEBUG: Extracted 43 HTML titles from data/10k_raw/ANET/10-K/0001596532-15-000004/primary-document.html
2026-02-23 14:55:26,865 [src.preprocess] DEBUG: Extracted 43 HTML titles from data/10k_raw/ANET/10-K/0001596532-16-000244/primary-document.html
2026-02-23 14:55:26,972 [src.preprocess] DEBUG: Extracted 43 HTML titles from data/10k_raw/ANET/10-K/0001596532-17-000019/primary-document.html
2026-02-23 14:55:27,090 [src.preprocess] DEBUG: Extracted 44 HTML titles from data/10k_raw/ANET/10-K/0001596532-18-000018/primary-document.html
2026-02-23 14:55:27,213 [src.preprocess] DEBUG: Extracted 44 HTML titles from data/10k_raw/ANET/10-K/0001596532-19-000027/primary-document.html
2026-02-23 14:55:27,366 [src.preprocess] DEBUG: Extracted 41 HTML titles from data/10k_raw/ANET/10-K/0001596532-20-000024/primary-document.html
2026-02-23 14:55:27,473 [src.preprocess] DEBUG: Extracted 39 HTML titles from data/10k_raw/ANET/10-K/0001596532-21-000049/primary-document.html
2026-02-23 14:55:27,571 [src.preprocess] DEBUG: Extracted 38 HTML titles from data/10k_raw/ANET/10-K/0001596532-22-000026/primary-document.html
2026-02-23 14:55:27,670 [src.preprocess] DEBUG: Extracted 38 HTML titles from data/10k_raw/ANET/10-K/0001596532-23-000016/primary-document.html
2026-02-23 14:55:27,758 [src.preprocess] DEBUG: Extracted 42 HTML titles from data/10k_raw/ANET/10-K/0001596532-24-000043/primary-document.html
2026-02-23 14:55:27,889 [src.preprocess] DEBUG: Extracted 0 HTML titles from data/10k_raw/AON/10-K/0001628280-15-000950/primary-document.html
2026-02-23 14:55:28,002 [src.preprocess] DEBUG: Extracted 0 HTML titles from data/10k_raw/AON/10-K/0001628280-16-011485/primary-document.html
2026-02-23 14:55:28,118 [src.preprocess] DEBUG: Extracted 0 HTML titles from data/10k_raw/AON/10-K/0001628280-17-001652/primary-document.html
2026-02-23 14:55:28,237 [src.preprocess] DEBUG: Extracted 0 HTML titles from data/10k_raw/AON/10-K/0001628280-18-001923/primary-document.html
2026-02-23 14:55:28,362 [src.preprocess] DEBUG: Extracted 0 HTML titles from data/10k_raw/AON/10-K/0001628280-19-001558/primary-document.html
2026-02-23 14:55:28,524 [src.preprocess] DEBUG: Extracted 0 HTML titles from data/10k_raw/AON/10-K/0001628280-20-001607/primary-document.html
2026-02-23 14:55:28,630 [src.preprocess] DEBUG: Extracted 0 HTML titles from data/10k_raw/AON/10-K/0001628280-21-002574/primary-document.html
2026-02-23 14:55:28,737 [src.preprocess] DEBUG: Extracted 0 HTML titles from data/10k_raw/AON/10-K/0001628280-22-003180/primary-document.html
2026-02-23 14:55:28,837 [src.preprocess] DEBUG: Extracted 0 HTML titles from data/10k_raw/AON/10-K/0001628280-23-004087/primary-document.html
2026-02-23 14:55:28,923 [src.preprocess] DEBUG: Extracted 0 HTML titles from data/10k_raw/AON/10-K/0001628280-24-005392/primary-document.html
2026-02-23 14:55:28,988 [src.preprocess] DEBUG: Extracted 0 HTML titles from data/10k_raw/AOS/10-K/0000091142-21-000025/primary-document.html
2026-02-23 14:55:29,050 [src.preprocess] DEBUG: Extracted 0 HTML titles from data/10k_raw/AOS/10-K/0000091142-22-000028/primary-document.html
2026-02-23 14:55:29,113 [src.preprocess] DEBUG: Extracted 0 HTML titles from data/10k_raw/AOS/10-K/0000091142-23-000025/primary-document.html
2026-02-23 14:55:29,161 [src.preprocess] DEBUG: Extracted 0 HTML titles from data/10k_raw/AOS/10-K/0000091142-24-000041/primary-document.html
2026-02-23 14:55:29,192 [src.preprocess] DEBUG: Extracted 0 HTML titles from data/10k_raw/AOS/10-K/0001193125-15-050825/primary-document.html
2026-02-23 14:55:29,223 [src.preprocess] DEBUG: Extracted 0 HTML titles from data/10k_raw/AOS/10-K/0001193125-16-467088/primary-document.html
2026-02-23 14:55:29,268 [src.preprocess] DEBUG: Extracted 0 HTML titles from data/10k_raw/AOS/10-K/0001193125-17-047795/primary-document.html
2026-02-23 14:55:29,294 [src.preprocess] DEBUG: Extracted 0 HTML titles from data/10k_raw/AOS/10-K/0001193125-18-048314/primary-document.html
2026-02-23 14:55:29,319 [src.preprocess] DEBUG: Extracted 0 HTML titles from data/10k_raw/AOS/10-K/0001193125-19-042339/primary-document.html
2026-02-23 14:55:29,421 [src.preprocess] DEBUG: Extracted 0 HTML titles from data/10k_raw/AOS/10-K/0001193125-20-046736/primary-document.html
2026-02-23 14:55:31,441 [src.preprocess] DEBUG: Extracted 434 HTML titles from data/10k_raw/APD/10-K/0000002969-17-000039/primary-document.html
2026-02-23 14:55:31,460 [src.preprocess] DEBUG: Filtered 56 / 434 HTML titles against item_1a text
2026-02-23 14:55:32,989 [src.preprocess] DEBUG: Extracted 434 HTML titles from data/10k_raw/APD/10-K/0000002969-18-000044/primary-document.html
2026-02-23 14:55:33,007 [src.preprocess] DEBUG: Filtered 33 / 434 HTML titles against item_1a text
2026-02-23 14:55:34,389 [src.preprocess] DEBUG: Extracted 435 HTML titles from data/10k_raw/APD/10-K/0000002969-19-000051/primary-document.html
2026-02-23 14:55:34,406 [src.preprocess] DEBUG: Filtered 29 / 435 HTML titles against item_1a text
2026-02-23 14:55:34,570 [src.preprocess] DEBUG: Extracted 14 HTML titles from data/10k_raw/APD/10-K/0000002969-20-000049/primary-document.html
2026-02-23 14:55:34,690 [src.preprocess] DEBUG: Extracted 14 HTML titles from data/10k_raw/APD/10-K/0000002969-21-000055/primary-document.html
2026-02-23 14:55:34,821 [src.preprocess] DEBUG: Extracted 35 HTML titles from data/10k_raw/APD/10-K/0000002969-22-000054/primary-document.html
2026-02-23 14:55:34,927 [src.preprocess] DEBUG: Extracted 11 HTML titles from data/10k_raw/APD/10-K/0000002969-23-000047/primary-document.html
2026-02-23 14:55:35,035 [src.preprocess] DEBUG: Extracted 10 HTML titles from data/10k_raw/APD/10-K/0000002969-24-000056/primary-document.html
2026-02-23 14:55:35,087 [src.preprocess] DEBUG: Extracted 0 HTML titles from data/10k_raw/APD/10-K/0001193125-15-386399/primary-document.html
2026-02-23 14:55:35,139 [src.preprocess] DEBUG: Extracted 0 HTML titles from data/10k_raw/APD/10-K/0001193125-16-773346/primary-document.html
2026-02-23 14:55:35,211 [src.preprocess] DEBUG: Extracted 26 HTML titles from data/10k_raw/APH/10-K/0001104659-15-012575/primary-document.html
2026-02-23 14:55:35,211 [src.preprocess] DEBUG: Filtered 4 / 26 HTML titles against item_1a text
2026-02-23 14:55:35,285 [src.preprocess] DEBUG: Extracted 25 HTML titles from data/10k_raw/APH/10-K/0001104659-16-098503/primary-document.html
2026-02-23 14:55:35,285 [src.preprocess] DEBUG: Filtered 3 / 25 HTML titles against item_1a text
2026-02-23 14:55:35,416 [src.preprocess] DEBUG: Extracted 23 HTML titles from data/10k_raw/APH/10-K/0001558370-17-000659/primary-document.html
2026-02-23 14:55:35,416 [src.preprocess] DEBUG: Filtered 1 / 23 HTML titles against item_1a text
2026-02-23 14:55:35,563 [src.preprocess] DEBUG: Extracted 24 HTML titles from data/10k_raw/APH/10-K/0001558370-18-000871/primary-document.html
2026-02-23 14:55:35,563 [src.preprocess] DEBUG: Filtered 1 / 24 HTML titles against item_1a text
2026-02-23 14:55:35,798 [src.preprocess] DEBUG: Extracted 33 HTML titles from data/10k_raw/APH/10-K/0001558370-19-000636/primary-document.html
2026-02-23 14:55:35,798 [src.preprocess] DEBUG: Filtered 1 / 33 HTML titles against item_1a text
2026-02-23 14:55:35,942 [src.preprocess] DEBUG: Extracted 19 HTML titles from data/10k_raw/APH/10-K/0001558370-20-000728/primary-document.html
2026-02-23 14:55:36,101 [src.preprocess] DEBUG: Extracted 19 HTML titles from data/10k_raw/APH/10-K/0001558370-21-000881/primary-document.html
2026-02-23 14:55:36,258 [src.preprocess] DEBUG: Extracted 18 HTML titles from data/10k_raw/APH/10-K/0001558370-22-000961/primary-document.html
2026-02-23 14:55:36,419 [src.preprocess] DEBUG: Extracted 20 HTML titles from data/10k_raw/APH/10-K/0001558370-23-001036/primary-document.html
2026-02-23 14:55:36,580 [src.preprocess] DEBUG: Extracted 20 HTML titles from data/10k_raw/APH/10-K/0001558370-24-000866/primary-document.html
2026-02-23 14:55:36,799 [src.preprocess] DEBUG: Extracted 64 HTML titles from data/10k_raw/APTV/10-K/0001521332-15-000014/primary-document.html
2026-02-23 14:55:36,800 [src.preprocess] DEBUG: Filtered 9 / 64 HTML titles against item_1a text
2026-02-23 14:55:37,027 [src.preprocess] DEBUG: Extracted 62 HTML titles from data/10k_raw/APTV/10-K/0001521332-16-000084/primary-document.html
2026-02-23 14:55:37,027 [src.preprocess] DEBUG: Filtered 9 / 62 HTML titles against item_1a text
2026-02-23 14:55:37,260 [src.preprocess] DEBUG: Extracted 61 HTML titles from data/10k_raw/APTV/10-K/0001521332-17-000013/primary-document.html
2026-02-23 14:55:37,261 [src.preprocess] DEBUG: Filtered 3 / 61 HTML titles against item_1a text
2026-02-23 14:55:37,494 [src.preprocess] DEBUG: Extracted 61 HTML titles from data/10k_raw/APTV/10-K/0001521332-18-000013/primary-document.html
2026-02-23 14:55:37,495 [src.preprocess] DEBUG: Filtered 3 / 61 HTML titles against item_1a text
2026-02-23 14:55:37,720 [src.preprocess] DEBUG: Extracted 50 HTML titles from data/10k_raw/APTV/10-K/0001521332-19-000007/primary-document.html
2026-02-23 14:55:37,720 [src.preprocess] DEBUG: Filtered 2 / 50 HTML titles against item_1a text
2026-02-23 14:55:37,975 [src.preprocess] DEBUG: Extracted 49 HTML titles from data/10k_raw/APTV/10-K/0001521332-20-000012/primary-document.html
2026-02-23 14:55:37,976 [src.preprocess] DEBUG: Filtered 2 / 49 HTML titles against item_1a text
2026-02-23 14:55:38,171 [src.preprocess] DEBUG: Extracted 53 HTML titles from data/10k_raw/APTV/10-K/0001521332-21-000009/primary-document.html
2026-02-23 14:55:38,171 [src.preprocess] DEBUG: Filtered 2 / 53 HTML titles against item_1a text
2026-02-23 14:55:38,358 [src.preprocess] DEBUG: Extracted 56 HTML titles from data/10k_raw/APTV/10-K/0001521332-22-000010/primary-document.html
2026-02-23 14:55:38,358 [src.preprocess] DEBUG: Filtered 2 / 56 HTML titles against item_1a text
2026-02-23 14:55:38,551 [src.preprocess] DEBUG: Extracted 55 HTML titles from data/10k_raw/APTV/10-K/0001521332-23-000013/primary-document.html
2026-02-23 14:55:38,552 [src.preprocess] DEBUG: Filtered 2 / 55 HTML titles against item_1a text
2026-02-23 14:55:39,337 [src.preprocess] DEBUG: Extracted 343 HTML titles from data/10k_raw/APTV/10-K/0001521332-24-000011/primary-document.html
2026-02-23 14:55:39,353 [src.preprocess] DEBUG: Filtered 89 / 343 HTML titles against item_1a text
2026-02-23 14:55:39,701 [src.preprocess] DEBUG: Extracted 84 HTML titles from data/10k_raw/ARE/10-K/0001035443-15-000018/primary-document.html
2026-02-23 14:55:40,023 [src.preprocess] DEBUG: Extracted 85 HTML titles from data/10k_raw/ARE/10-K/0001035443-16-000136/primary-document.html
2026-02-23 14:55:40,351 [src.preprocess] DEBUG: Extracted 88 HTML titles from data/10k_raw/ARE/10-K/0001035443-17-000022/primary-document.html
2026-02-23 14:55:40,682 [src.preprocess] DEBUG: Extracted 89 HTML titles from data/10k_raw/ARE/10-K/0001035443-18-000028/primary-document.html
2026-02-23 14:55:41,055 [src.preprocess] DEBUG: Extracted 89 HTML titles from data/10k_raw/ARE/10-K/0001035443-19-000041/primary-document.html
2026-02-23 14:55:41,475 [src.preprocess] DEBUG: Extracted 84 HTML titles from data/10k_raw/ARE/10-K/0001035443-20-000042/primary-document.html
2026-02-23 14:55:41,743 [src.preprocess] DEBUG: Extracted 96 HTML titles from data/10k_raw/ARE/10-K/0001035443-21-000044/primary-document.html
2026-02-23 14:55:42,019 [src.preprocess] DEBUG: Extracted 104 HTML titles from data/10k_raw/ARE/10-K/0001035443-22-000040/primary-document.html
2026-02-23 14:55:42,314 [src.preprocess] DEBUG: Extracted 101 HTML titles from data/10k_raw/ARE/10-K/0001035443-23-000099/primary-document.html
2026-02-23 14:55:42,559 [src.preprocess] DEBUG: Extracted 100 HTML titles from data/10k_raw/ARE/10-K/0001035443-24-000072/primary-document.html
2026-02-23 14:55:44,412 [src.preprocess] DEBUG: Extracted 362 HTML titles from data/10k_raw/ATO/10-K/0000731802-15-000030/primary-document.html
2026-02-23 14:55:44,426 [src.preprocess] DEBUG: Filtered 36 / 362 HTML titles against item_1a text
2026-02-23 14:55:46,252 [src.preprocess] DEBUG: Extracted 364 HTML titles from data/10k_raw/ATO/10-K/0000731802-16-000066/primary-document.html
2026-02-23 14:55:46,265 [src.preprocess] DEBUG: Filtered 34 / 364 HTML titles against item_1a text
2026-02-23 14:55:47,857 [src.preprocess] DEBUG: Extracted 347 HTML titles from data/10k_raw/ATO/10-K/0000731802-17-000041/primary-document.html
2026-02-23 14:55:47,869 [src.preprocess] DEBUG: Filtered 35 / 347 HTML titles against item_1a text
2026-02-23 14:55:49,397 [src.preprocess] DEBUG: Extracted 340 HTML titles from data/10k_raw/ATO/10-K/0000731802-18-000039/primary-document.html
2026-02-23 14:55:49,409 [src.preprocess] DEBUG: Filtered 33 / 340 HTML titles against item_1a text
2026-02-23 14:55:50,598 [src.preprocess] DEBUG: Extracted 338 HTML titles from data/10k_raw/ATO/10-K/0000731802-19-000037/primary-document.html
2026-02-23 14:55:50,610 [src.preprocess] DEBUG: Filtered 33 / 338 HTML titles against item_1a text
2026-02-23 14:55:51,792 [src.preprocess] DEBUG: Extracted 340 HTML titles from data/10k_raw/ATO/10-K/0000731802-20-000040/primary-document.html
2026-02-23 14:55:51,803 [src.preprocess] DEBUG: Filtered 32 / 340 HTML titles against item_1a text
2026-02-23 14:55:52,567 [src.preprocess] DEBUG: Extracted 328 HTML titles from data/10k_raw/ATO/10-K/0000731802-21-000040/primary-document.html
2026-02-23 14:55:52,578 [src.preprocess] DEBUG: Filtered 64 / 328 HTML titles against item_1a text
2026-02-23 14:55:53,353 [src.preprocess] DEBUG: Extracted 330 HTML titles from data/10k_raw/ATO/10-K/0000731802-22-000037/primary-document.html
2026-02-23 14:55:53,365 [src.preprocess] DEBUG: Filtered 61 / 330 HTML titles against item_1a text
2026-02-23 14:55:54,143 [src.preprocess] DEBUG: Extracted 338 HTML titles from data/10k_raw/ATO/10-K/0000731802-23-000028/primary-document.html
2026-02-23 14:55:54,154 [src.preprocess] DEBUG: Filtered 62 / 338 HTML titles against item_1a text
2026-02-23 14:55:54,793 [src.preprocess] DEBUG: Extracted 273 HTML titles from data/10k_raw/ATO/10-K/0000731802-24-000030/primary-document.html
2026-02-23 14:55:54,800 [src.preprocess] DEBUG: Filtered 58 / 273 HTML titles against item_1a text
2026-02-23 14:55:55,038 [src.preprocess] DEBUG: Extracted 29 HTML titles from data/10k_raw/AVB/10-K/0000915912-15-000004/primary-document.html
2026-02-23 14:55:55,282 [src.preprocess] DEBUG: Extracted 29 HTML titles from data/10k_raw/AVB/10-K/0000915912-16-000024/primary-document.html
2026-02-23 14:55:55,478 [src.preprocess] DEBUG: Extracted 31 HTML titles from data/10k_raw/AVB/10-K/0000915912-17-000004/primary-document.html
2026-02-23 14:55:55,675 [src.preprocess] DEBUG: Extracted 32 HTML titles from data/10k_raw/AVB/10-K/0000915912-18-000004/primary-document.html
2026-02-23 14:55:55,868 [src.preprocess] DEBUG: Extracted 32 HTML titles from data/10k_raw/AVB/10-K/0000915912-19-000004/primary-document.html
2026-02-23 14:55:56,128 [src.preprocess] DEBUG: Extracted 34 HTML titles from data/10k_raw/AVB/10-K/0000915912-20-000004/primary-document.html
2026-02-23 14:55:56,341 [src.preprocess] DEBUG: Extracted 40 HTML titles from data/10k_raw/AVB/10-K/0000915912-21-000004/primary-document.html
2026-02-23 14:55:56,556 [src.preprocess] DEBUG: Extracted 40 HTML titles from data/10k_raw/AVB/10-K/0000915912-22-000005/primary-document.html
2026-02-23 14:55:56,557 [src.preprocess] DEBUG: Filtered 1 / 40 HTML titles against item_1a text
2026-02-23 14:55:56,770 [src.preprocess] DEBUG: Extracted 47 HTML titles from data/10k_raw/AVB/10-K/0000915912-23-000004/primary-document.html
2026-02-23 14:55:56,771 [src.preprocess] DEBUG: Filtered 1 / 47 HTML titles against item_1a text
2026-02-23 14:55:56,968 [src.preprocess] DEBUG: Extracted 52 HTML titles from data/10k_raw/AVB/10-K/0000915912-24-000004/primary-document.html
2026-02-23 14:55:56,968 [src.preprocess] DEBUG: Filtered 1 / 52 HTML titles against item_1a text
2026-02-23 14:55:57,060 [src.preprocess] DEBUG: Extracted 10 HTML titles from data/10k_raw/AVY/10-K/0000008818-23-000002/primary-document.html
2026-02-23 14:55:57,135 [src.preprocess] DEBUG: Extracted 35 HTML titles from data/10k_raw/AVY/10-K/0000008818-24-000003/primary-document.html
2026-02-23 14:55:57,156 [src.preprocess] DEBUG: Extracted 0 HTML titles from data/10k_raw/AVY/10-K/0001047469-15-001200/primary-document.html
2026-02-23 14:55:57,175 [src.preprocess] DEBUG: Extracted 0 HTML titles from data/10k_raw/AVY/10-K/0001047469-16-010376/primary-document.html
2026-02-23 14:55:57,195 [src.preprocess] DEBUG: Extracted 0 HTML titles from data/10k_raw/AVY/10-K/0001047469-17-000881/primary-document.html
2026-02-23 14:55:57,216 [src.preprocess] DEBUG: Extracted 0 HTML titles from data/10k_raw/AVY/10-K/0001047469-18-000931/primary-document.html
2026-02-23 14:55:57,237 [src.preprocess] DEBUG: Extracted 0 HTML titles from data/10k_raw/AVY/10-K/0001047469-19-000747/primary-document.html
2026-02-23 14:55:57,267 [src.preprocess] DEBUG: Extracted 1 HTML titles from data/10k_raw/AVY/10-K/0001104659-20-025360/primary-document.html
2026-02-23 14:55:57,267 [src.preprocess] DEBUG: Filtered 1 / 1 HTML titles against item_1a text
2026-02-23 14:55:57,295 [src.preprocess] DEBUG: Extracted 0 HTML titles from data/10k_raw/AVY/10-K/0001193125-21-055146/primary-document.html
2026-02-23 14:55:57,315 [src.preprocess] DEBUG: Extracted 0 HTML titles from data/10k_raw/AVY/10-K/0001193125-22-049910/primary-document.html
2026-02-23 14:55:59,006 [src.preprocess] DEBUG: Extracted 318 HTML titles from data/10k_raw/AWK/10-K/0001410636-18-000076/primary-document.html
2026-02-23 14:55:59,025 [src.preprocess] DEBUG: Filtered 39 / 318 HTML titles against item_1a text
2026-02-23 14:56:00,895 [src.preprocess] DEBUG: Extracted 325 HTML titles from data/10k_raw/AWK/10-K/0001410636-19-000041/primary-document.html
2026-02-23 14:56:00,914 [src.preprocess] DEBUG: Filtered 6 / 325 HTML titles against item_1a text
2026-02-23 14:56:02,161 [src.preprocess] DEBUG: Extracted 316 HTML titles from data/10k_raw/AWK/10-K/0001410636-20-000040/primary-document.html
2026-02-23 14:56:02,180 [src.preprocess] DEBUG: Filtered 9 / 316 HTML titles against item_1a text
2026-02-23 14:56:02,994 [src.preprocess] DEBUG: Extracted 308 HTML titles from data/10k_raw/AWK/10-K/0001410636-21-000101/primary-document.html
2026-02-23 14:56:03,013 [src.preprocess] DEBUG: Filtered 37 / 308 HTML titles against item_1a text
2026-02-23 14:56:03,802 [src.preprocess] DEBUG: Extracted 311 HTML titles from data/10k_raw/AWK/10-K/0001410636-22-000048/primary-document.html
2026-02-23 14:56:03,822 [src.preprocess] DEBUG: Filtered 35 / 311 HTML titles against item_1a text
2026-02-23 14:56:04,600 [src.preprocess] DEBUG: Extracted 319 HTML titles from data/10k_raw/AWK/10-K/0001410636-23-000020/primary-document.html
2026-02-23 14:56:04,620 [src.preprocess] DEBUG: Filtered 38 / 319 HTML titles against item_1a text
2026-02-23 14:56:05,362 [src.preprocess] DEBUG: Extracted 336 HTML titles from data/10k_raw/AWK/10-K/0001410636-24-000050/primary-document.html
2026-02-23 14:56:05,384 [src.preprocess] DEBUG: Filtered 37 / 336 HTML titles against item_1a text
2026-02-23 14:56:06,966 [src.preprocess] DEBUG: Extracted 299 HTML titles from data/10k_raw/AWK/10-K/0001564590-15-000905/primary-document.html
2026-02-23 14:56:06,985 [src.preprocess] DEBUG: Filtered 38 / 299 HTML titles against item_1a text
2026-02-23 14:56:08,636 [src.preprocess] DEBUG: Extracted 314 HTML titles from data/10k_raw/AWK/10-K/0001564590-16-013247/primary-document.html
2026-02-23 14:56:08,654 [src.preprocess] DEBUG: Filtered 19 / 314 HTML titles against item_1a text
2026-02-23 14:56:10,289 [src.preprocess] DEBUG: Extracted 323 HTML titles from data/10k_raw/AWK/10-K/0001564590-17-001899/primary-document.html
2026-02-23 14:56:10,309 [src.preprocess] DEBUG: Filtered 18 / 323 HTML titles against item_1a text
2026-02-23 14:56:10,474 [src.preprocess] DEBUG: Extracted 29 HTML titles from data/10k_raw/AXON/10-K/0001069183-15-000028/primary-document.html
2026-02-23 14:56:10,560 [src.preprocess] DEBUG: Extracted 34 HTML titles from data/10k_raw/AXON/10-K/0001069183-16-000148/primary-document.html
2026-02-23 14:56:10,649 [src.preprocess] DEBUG: Extracted 35 HTML titles from data/10k_raw/AXON/10-K/0001069183-17-000042/primary-document.html
2026-02-23 14:56:10,740 [src.preprocess] DEBUG: Extracted 37 HTML titles from data/10k_raw/AXON/10-K/0001069183-18-000020/primary-document.html
2026-02-23 14:56:10,833 [src.preprocess] DEBUG: Extracted 34 HTML titles from data/10k_raw/AXON/10-K/0001069183-19-000023/primary-document.html
2026-02-23 14:56:10,996 [src.preprocess] DEBUG: Extracted 31 HTML titles from data/10k_raw/AXON/10-K/0001069183-20-000016/primary-document.html
2026-02-23 14:56:11,125 [src.preprocess] DEBUG: Extracted 32 HTML titles from data/10k_raw/AXON/10-K/0001069183-24-000006/primary-document.html
2026-02-23 14:56:11,241 [src.preprocess] DEBUG: Extracted 29 HTML titles from data/10k_raw/AXON/10-K/0001558370-21-001873/primary-document.html
2026-02-23 14:56:11,241 [src.preprocess] DEBUG: Filtered 1 / 29 HTML titles against item_1a text
2026-02-23 14:56:11,356 [src.preprocess] DEBUG: Extracted 29 HTML titles from data/10k_raw/AXON/10-K/0001558370-22-002006/primary-document.html
2026-02-23 14:56:11,356 [src.preprocess] DEBUG: Filtered 1 / 29 HTML titles against item_1a text
2026-02-23 14:56:11,484 [src.preprocess] DEBUG: Extracted 33 HTML titles from data/10k_raw/AXON/10-K/0001558370-23-002413/primary-document.html
2026-02-23 14:56:13,960 [src.preprocess] DEBUG: Extracted 472 HTML titles from data/10k_raw/AXP/10-K/0000004962-18-000032/primary-document.html
2026-02-23 14:56:13,993 [src.preprocess] DEBUG: Filtered 54 / 472 HTML titles against item_1a text
2026-02-23 14:56:16,861 [src.preprocess] DEBUG: Extracted 466 HTML titles from data/10k_raw/AXP/10-K/0000004962-19-000018/primary-document.html
2026-02-23 14:56:16,890 [src.preprocess] DEBUG: Filtered 30 / 466 HTML titles against item_1a text
2026-02-23 14:56:18,908 [src.preprocess] DEBUG: Extracted 446 HTML titles from data/10k_raw/AXP/10-K/0000004962-20-000030/primary-document.html
2026-02-23 14:56:18,932 [src.preprocess] DEBUG: Filtered 38 / 446 HTML titles against item_1a text
2026-02-23 14:56:20,153 [src.preprocess] DEBUG: Extracted 409 HTML titles from data/10k_raw/AXP/10-K/0000004962-21-000013/primary-document.html
2026-02-23 14:56:20,173 [src.preprocess] DEBUG: Filtered 35 / 409 HTML titles against item_1a text
2026-02-23 14:56:21,353 [src.preprocess] DEBUG: Extracted 405 HTML titles from data/10k_raw/AXP/10-K/0000004962-22-000008/primary-document.html
2026-02-23 14:56:21,372 [src.preprocess] DEBUG: Filtered 37 / 405 HTML titles against item_1a text
2026-02-23 14:56:22,567 [src.preprocess] DEBUG: Extracted 412 HTML titles from data/10k_raw/AXP/10-K/0000004962-23-000006/primary-document.html
2026-02-23 14:56:22,588 [src.preprocess] DEBUG: Filtered 36 / 412 HTML titles against item_1a text
2026-02-23 14:56:23,760 [src.preprocess] DEBUG: Extracted 425 HTML titles from data/10k_raw/AXP/10-K/0000004962-24-000013/primary-document.html
2026-02-23 14:56:23,782 [src.preprocess] DEBUG: Filtered 24 / 425 HTML titles against item_1a text
2026-02-23 14:56:23,876 [src.preprocess] DEBUG: Extracted 0 HTML titles from data/10k_raw/AXP/10-K/0001193125-15-059931/primary-document.html
2026-02-23 14:56:24,002 [src.preprocess] DEBUG: Extracted 0 HTML titles from data/10k_raw/AXP/10-K/0001193125-16-469798/primary-document.html
2026-02-23 14:56:24,099 [src.preprocess] DEBUG: Extracted 0 HTML titles from data/10k_raw/AXP/10-K/0001193125-17-047588/primary-document.html
2026-02-23 14:56:24,163 [src.preprocess] DEBUG: Extracted 0 HTML titles from data/10k_raw/AZO/10-K/0001193125-15-353476/primary-document.html
2026-02-23 14:56:24,227 [src.preprocess] DEBUG: Extracted 0 HTML titles from data/10k_raw/AZO/10-K/0001193125-16-745160/primary-document.html
2026-02-23 14:56:24,347 [src.preprocess] DEBUG: Extracted 0 HTML titles from data/10k_raw/AZO/10-K/0001193125-17-319357/primary-document.html
2026-02-23 14:56:24,413 [src.preprocess] DEBUG: Extracted 0 HTML titles from data/10k_raw/AZO/10-K/0001193125-18-306452/primary-document.html
2026-02-23 14:56:24,481 [src.preprocess] DEBUG: Extracted 0 HTML titles from data/10k_raw/AZO/10-K/0001193125-19-276201/primary-document.html
2026-02-23 14:56:24,573 [src.preprocess] DEBUG: Extracted 1 HTML titles from data/10k_raw/AZO/10-K/0001558370-20-011748/primary-document.html
2026-02-23 14:56:24,662 [src.preprocess] DEBUG: Extracted 9 HTML titles from data/10k_raw/AZO/10-K/0001558370-21-013446/primary-document.html
2026-02-23 14:56:24,751 [src.preprocess] DEBUG: Extracted 9 HTML titles from data/10k_raw/AZO/10-K/0001558370-22-015239/primary-document.html
2026-02-23 14:56:24,841 [src.preprocess] DEBUG: Extracted 9 HTML titles from data/10k_raw/AZO/10-K/0001558370-23-016668/primary-document.html
2026-02-23 14:56:24,933 [src.preprocess] DEBUG: Extracted 9 HTML titles from data/10k_raw/AZO/10-K/0001558370-24-013758/primary-document.html
2026-02-23 14:56:26,605 [src.preprocess] DEBUG: Extracted 288 HTML titles from data/10k_raw/BA/10-K/0000012927-15-000011/primary-document.html
2026-02-23 14:56:26,615 [src.preprocess] DEBUG: Filtered 21 / 288 HTML titles against item_1a text
2026-02-23 14:56:28,293 [src.preprocess] DEBUG: Extracted 286 HTML titles from data/10k_raw/BA/10-K/0000012927-16-000099/primary-document.html
2026-02-23 14:56:28,304 [src.preprocess] DEBUG: Filtered 21 / 286 HTML titles against item_1a text
2026-02-23 14:56:29,993 [src.preprocess] DEBUG: Extracted 286 HTML titles from data/10k_raw/BA/10-K/0000012927-17-000006/primary-document.html
2026-02-23 14:56:30,003 [src.preprocess] DEBUG: Filtered 21 / 286 HTML titles against item_1a text
2026-02-23 14:56:31,613 [src.preprocess] DEBUG: Extracted 285 HTML titles from data/10k_raw/BA/10-K/0000012927-18-000007/primary-document.html
2026-02-23 14:56:31,623 [src.preprocess] DEBUG: Filtered 22 / 285 HTML titles against item_1a text
2026-02-23 14:56:33,022 [src.preprocess] DEBUG: Extracted 305 HTML titles from data/10k_raw/BA/10-K/0000012927-19-000010/primary-document.html
2026-02-23 14:56:33,034 [src.preprocess] DEBUG: Filtered 44 / 305 HTML titles against item_1a text
2026-02-23 14:56:34,338 [src.preprocess] DEBUG: Extracted 300 HTML titles from data/10k_raw/BA/10-K/0000012927-20-000014/primary-document.html
2026-02-23 14:56:34,350 [src.preprocess] DEBUG: Filtered 45 / 300 HTML titles against item_1a text
2026-02-23 14:56:35,165 [src.preprocess] DEBUG: Extracted 319 HTML titles from data/10k_raw/BA/10-K/0000012927-21-000011/primary-document.html
2026-02-23 14:56:35,180 [src.preprocess] DEBUG: Filtered 45 / 319 HTML titles against item_1a text
2026-02-23 14:56:35,953 [src.preprocess] DEBUG: Extracted 304 HTML titles from data/10k_raw/BA/10-K/0000012927-22-000010/primary-document.html
2026-02-23 14:56:35,967 [src.preprocess] DEBUG: Filtered 46 / 304 HTML titles against item_1a text
2026-02-23 14:56:36,738 [src.preprocess] DEBUG: Extracted 296 HTML titles from data/10k_raw/BA/10-K/0000012927-23-000007/primary-document.html
2026-02-23 14:56:36,750 [src.preprocess] DEBUG: Filtered 48 / 296 HTML titles against item_1a text
2026-02-23 14:56:37,428 [src.preprocess] DEBUG: Extracted 299 HTML titles from data/10k_raw/BA/10-K/0000012927-24-000010/primary-document.html
2026-02-23 14:56:37,441 [src.preprocess] DEBUG: Filtered 49 / 299 HTML titles against item_1a text
2026-02-23 14:56:37,959 [src.preprocess] DEBUG: Extracted 34 HTML titles from data/10k_raw/BAC/10-K/0000070858-15-000008/primary-document.html
2026-02-23 14:56:38,451 [src.preprocess] DEBUG: Extracted 40 HTML titles from data/10k_raw/BAC/10-K/0000070858-16-000137/primary-document.html
2026-02-23 14:56:38,908 [src.preprocess] DEBUG: Extracted 32 HTML titles from data/10k_raw/BAC/10-K/0000070858-17-000013/primary-document.html
2026-02-23 14:56:39,326 [src.preprocess] DEBUG: Extracted 32 HTML titles from data/10k_raw/BAC/10-K/0000070858-18-000009/primary-document.html
2026-02-23 14:56:39,858 [src.preprocess] DEBUG: Extracted 34 HTML titles from data/10k_raw/BAC/10-K/0000070858-19-000012/primary-document.html
2026-02-23 14:56:40,393 [src.preprocess] DEBUG: Extracted 31 HTML titles from data/10k_raw/BAC/10-K/0000070858-20-000011/primary-document.html
2026-02-23 14:56:40,868 [src.preprocess] DEBUG: Extracted 52 HTML titles from data/10k_raw/BAC/10-K/0000070858-21-000023/primary-document.html
2026-02-23 14:56:41,297 [src.preprocess] DEBUG: Extracted 44 HTML titles from data/10k_raw/BAC/10-K/0000070858-22-000062/primary-document.html
2026-02-23 14:56:41,722 [src.preprocess] DEBUG: Extracted 41 HTML titles from data/10k_raw/BAC/10-K/0000070858-23-000092/primary-document.html
2026-02-23 14:56:42,063 [src.preprocess] DEBUG: Extracted 40 HTML titles from data/10k_raw/BAC/10-K/0000070858-24-000122/primary-document.html
2026-02-23 14:56:42,204 [src.preprocess] DEBUG: Extracted 5 HTML titles from data/10k_raw/BALL/10-K/0000009389-23-000011/primary-document.html
2026-02-23 14:56:42,336 [src.preprocess] DEBUG: Extracted 27 HTML titles from data/10k_raw/BALL/10-K/0001104659-15-012578/primary-document.html
2026-02-23 14:56:42,336 [src.preprocess] DEBUG: Filtered 3 / 27 HTML titles against item_1a text
2026-02-23 14:56:42,458 [src.preprocess] DEBUG: Extracted 28 HTML titles from data/10k_raw/BALL/10-K/0001104659-16-097390/primary-document.html
2026-02-23 14:56:42,458 [src.preprocess] DEBUG: Filtered 3 / 28 HTML titles against item_1a text
2026-02-23 14:56:42,693 [src.preprocess] DEBUG: Extracted 28 HTML titles from data/10k_raw/BALL/10-K/0001558370-17-001300/primary-document.html
2026-02-23 14:56:42,693 [src.preprocess] DEBUG: Filtered 3 / 28 HTML titles against item_1a text
2026-02-23 14:56:42,899 [src.preprocess] DEBUG: Extracted 28 HTML titles from data/10k_raw/BALL/10-K/0001558370-18-001345/primary-document.html
2026-02-23 14:56:42,899 [src.preprocess] DEBUG: Filtered 3 / 28 HTML titles against item_1a text
2026-02-23 14:56:43,114 [src.preprocess] DEBUG: Extracted 28 HTML titles from data/10k_raw/BALL/10-K/0001558370-19-000909/primary-document.html
2026-02-23 14:56:43,114 [src.preprocess] DEBUG: Filtered 3 / 28 HTML titles against item_1a text
2026-02-23 14:56:43,281 [src.preprocess] DEBUG: Extracted 27 HTML titles from data/10k_raw/BALL/10-K/0001558370-20-001005/primary-document.html
2026-02-23 14:56:43,281 [src.preprocess] DEBUG: Filtered 2 / 27 HTML titles against item_1a text
2026-02-23 14:56:43,423 [src.preprocess] DEBUG: Extracted 5 HTML titles from data/10k_raw/BALL/10-K/0001558370-21-001121/primary-document.html
2026-02-23 14:56:43,560 [src.preprocess] DEBUG: Extracted 5 HTML titles from data/10k_raw/BALL/10-K/0001558370-22-001251/primary-document.html
2026-02-23 14:56:43,695 [src.preprocess] DEBUG: Extracted 5 HTML titles from data/10k_raw/BALL/10-K/0001558370-24-001349/primary-document.html
2026-02-23 14:56:43,751 [src.preprocess] DEBUG: Extracted 0 HTML titles from data/10k_raw/BAX/10-K/0001193125-15-065871/primary-document.html
2026-02-23 14:56:43,810 [src.preprocess] DEBUG: Extracted 0 HTML titles from data/10k_raw/BAX/10-K/0001193125-16-479471/primary-document.html
2026-02-23 14:56:43,974 [src.preprocess] DEBUG: Extracted 0 HTML titles from data/10k_raw/BAX/10-K/0001564590-17-002240/primary-document.html
2026-02-23 14:56:44,136 [src.preprocess] DEBUG: Extracted 0 HTML titles from data/10k_raw/BAX/10-K/0001564590-18-002954/primary-document.html
2026-02-23 14:56:44,297 [src.preprocess] DEBUG: Extracted 0 HTML titles from data/10k_raw/BAX/10-K/0001564590-19-003727/primary-document.html
2026-02-23 14:56:44,585 [src.preprocess] DEBUG: Extracted 0 HTML titles from data/10k_raw/BAX/10-K/0001628280-20-003693/primary-document.html
2026-02-23 14:56:44,687 [src.preprocess] DEBUG: Extracted 0 HTML titles from data/10k_raw/BAX/10-K/0001628280-21-001867/primary-document.html
2026-02-23 14:56:44,789 [src.preprocess] DEBUG: Extracted 0 HTML titles from data/10k_raw/BAX/10-K/0001628280-22-003432/primary-document.html
2026-02-23 14:56:44,894 [src.preprocess] DEBUG: Extracted 0 HTML titles from data/10k_raw/BAX/10-K/0001628280-23-002864/primary-document.html
2026-02-23 14:56:44,985 [src.preprocess] DEBUG: Extracted 0 HTML titles from data/10k_raw/BAX/10-K/0001628280-24-003932/primary-document.html
2026-02-23 14:56:46,688 [src.preprocess] DEBUG: Extracted 321 HTML titles from data/10k_raw/BBY/10-K/0000764478-15-000014/primary-document.html
2026-02-23 14:56:46,701 [src.preprocess] DEBUG: Filtered 46 / 321 HTML titles against item_1a text
2026-02-23 14:56:48,372 [src.preprocess] DEBUG: Extracted 322 HTML titles from data/10k_raw/BBY/10-K/0000764478-16-000064/primary-document.html
2026-02-23 14:56:48,385 [src.preprocess] DEBUG: Filtered 53 / 322 HTML titles against item_1a text
2026-02-23 14:56:49,914 [src.preprocess] DEBUG: Extracted 310 HTML titles from data/10k_raw/BBY/10-K/0000764478-17-000008/primary-document.html
2026-02-23 14:56:49,926 [src.preprocess] DEBUG: Filtered 56 / 310 HTML titles against item_1a text
2026-02-23 14:56:51,512 [src.preprocess] DEBUG: Extracted 317 HTML titles from data/10k_raw/BBY/10-K/0000764478-18-000013/primary-document.html
2026-02-23 14:56:51,525 [src.preprocess] DEBUG: Filtered 55 / 317 HTML titles against item_1a text
2026-02-23 14:56:52,995 [src.preprocess] DEBUG: Extracted 329 HTML titles from data/10k_raw/BBY/10-K/0000764478-19-000009/primary-document.html
2026-02-23 14:56:53,008 [src.preprocess] DEBUG: Filtered 56 / 329 HTML titles against item_1a text
2026-02-23 14:56:53,274 [src.preprocess] DEBUG: Extracted 26 HTML titles from data/10k_raw/BBY/10-K/0000764478-20-000017/primary-document.html
2026-02-23 14:56:53,274 [src.preprocess] DEBUG: Filtered 1 / 26 HTML titles against item_1a text
2026-02-23 14:56:53,485 [src.preprocess] DEBUG: Extracted 32 HTML titles from data/10k_raw/BBY/10-K/0000764478-21-000024/primary-document.html
2026-02-23 14:56:53,485 [src.preprocess] DEBUG: Filtered 1 / 32 HTML titles against item_1a text
2026-02-23 14:56:53,687 [src.preprocess] DEBUG: Extracted 30 HTML titles from data/10k_raw/BBY/10-K/0000764478-22-000008/primary-document.html
2026-02-23 14:56:53,687 [src.preprocess] DEBUG: Filtered 1 / 30 HTML titles against item_1a text
2026-02-23 14:56:53,886 [src.preprocess] DEBUG: Extracted 31 HTML titles from data/10k_raw/BBY/10-K/0000764478-23-000006/primary-document.html
2026-02-23 14:56:53,886 [src.preprocess] DEBUG: Filtered 2 / 31 HTML titles against item_1a text
2026-02-23 14:56:54,129 [src.preprocess] DEBUG: Extracted 30 HTML titles from data/10k_raw/BBY/10-K/0000764478-24-000010/primary-document.html
2026-02-23 14:56:54,129 [src.preprocess] DEBUG: Filtered 2 / 30 HTML titles against item_1a text
2026-02-23 14:56:55,228 [src.preprocess] DEBUG: Extracted 272 HTML titles from data/10k_raw/BDX/10-K/0000010795-17-000021/primary-document.html
2026-02-23 14:56:55,238 [src.preprocess] DEBUG: Filtered 34 / 272 HTML titles against item_1a text
2026-02-23 14:56:56,336 [src.preprocess] DEBUG: Extracted 279 HTML titles from data/10k_raw/BDX/10-K/0000010795-18-000036/primary-document.html
2026-02-23 14:56:56,347 [src.preprocess] DEBUG: Filtered 31 / 279 HTML titles against item_1a text
2026-02-23 14:56:57,340 [src.preprocess] DEBUG: Extracted 278 HTML titles from data/10k_raw/BDX/10-K/0000010795-19-000044/primary-document.html
2026-02-23 14:56:57,351 [src.preprocess] DEBUG: Filtered 52 / 278 HTML titles against item_1a text
2026-02-23 14:56:58,035 [src.preprocess] DEBUG: Extracted 276 HTML titles from data/10k_raw/BDX/10-K/0000010795-20-000055/primary-document.html
2026-02-23 14:56:58,046 [src.preprocess] DEBUG: Filtered 57 / 276 HTML titles against item_1a text
2026-02-23 14:56:58,698 [src.preprocess] DEBUG: Extracted 286 HTML titles from data/10k_raw/BDX/10-K/0000010795-21-000091/primary-document.html
2026-02-23 14:56:58,711 [src.preprocess] DEBUG: Filtered 52 / 286 HTML titles against item_1a text
2026-02-23 14:56:59,317 [src.preprocess] DEBUG: Extracted 281 HTML titles from data/10k_raw/BDX/10-K/0000010795-23-000098/primary-document.html
2026-02-23 14:56:59,330 [src.preprocess] DEBUG: Filtered 53 / 281 HTML titles against item_1a text
2026-02-23 14:56:59,949 [src.preprocess] DEBUG: Extracted 280 HTML titles from data/10k_raw/BDX/10-K/0000010795-24-000084/primary-document.html
2026-02-23 14:56:59,964 [src.preprocess] DEBUG: Filtered 53 / 280 HTML titles against item_1a text
2026-02-23 14:57:01,035 [src.preprocess] DEBUG: Extracted 298 HTML titles from data/10k_raw/BDX/10-K/0001628280-15-008984/primary-document.html
2026-02-23 14:57:01,046 [src.preprocess] DEBUG: Filtered 41 / 298 HTML titles against item_1a text
2026-02-23 14:57:02,153 [src.preprocess] DEBUG: Extracted 283 HTML titles from data/10k_raw/BDX/10-K/0001628280-16-021658/primary-document.html
2026-02-23 14:57:02,163 [src.preprocess] DEBUG: Filtered 42 / 283 HTML titles against item_1a text
2026-02-23 14:57:02,837 [src.preprocess] DEBUG: Extracted 284 HTML titles from data/10k_raw/BDX/10-K/0001628280-22-030686/primary-document.html
2026-02-23 14:57:02,850 [src.preprocess] DEBUG: Filtered 53 / 284 HTML titles against item_1a text
2026-02-23 14:57:02,872 [src.preprocess] INFO: Processed 500 / 4420 files (88110 paragraphs so far)
2026-02-23 14:57:03,044 [src.preprocess] DEBUG: Extracted 43 HTML titles from data/10k_raw/BEN/10-K/0000038777-15-000278/primary-document.html
2026-02-23 14:57:03,045 [src.preprocess] DEBUG: Filtered 10 / 43 HTML titles against item_1a text
2026-02-23 14:57:03,218 [src.preprocess] DEBUG: Extracted 42 HTML titles from data/10k_raw/BEN/10-K/0000038777-16-000609/primary-document.html
2026-02-23 14:57:03,219 [src.preprocess] DEBUG: Filtered 9 / 42 HTML titles against item_1a text
2026-02-23 14:57:03,425 [src.preprocess] DEBUG: Extracted 41 HTML titles from data/10k_raw/BEN/10-K/0000038777-17-000268/primary-document.html
2026-02-23 14:57:03,425 [src.preprocess] DEBUG: Filtered 9 / 41 HTML titles against item_1a text
2026-02-23 14:57:03,585 [src.preprocess] DEBUG: Extracted 40 HTML titles from data/10k_raw/BEN/10-K/0000038777-18-000233/primary-document.html
2026-02-23 14:57:03,586 [src.preprocess] DEBUG: Filtered 9 / 40 HTML titles against item_1a text
2026-02-23 14:57:03,785 [src.preprocess] DEBUG: Extracted 75 HTML titles from data/10k_raw/BEN/10-K/0000038777-19-000186/primary-document.html
2026-02-23 14:57:03,786 [src.preprocess] DEBUG: Filtered 9 / 75 HTML titles against item_1a text
2026-02-23 14:57:03,979 [src.preprocess] DEBUG: Extracted 90 HTML titles from data/10k_raw/BEN/10-K/0000038777-20-000203/primary-document.html
2026-02-23 14:57:03,980 [src.preprocess] DEBUG: Filtered 6 / 90 HTML titles against item_1a text
2026-02-23 14:57:04,135 [src.preprocess] DEBUG: Extracted 70 HTML titles from data/10k_raw/BEN/10-K/0000038777-21-000205/primary-document.html
2026-02-23 14:57:04,136 [src.preprocess] DEBUG: Filtered 7 / 70 HTML titles against item_1a text
2026-02-23 14:57:04,303 [src.preprocess] DEBUG: Extracted 69 HTML titles from data/10k_raw/BEN/10-K/0000038777-22-000198/primary-document.html
2026-02-23 14:57:04,304 [src.preprocess] DEBUG: Filtered 7 / 69 HTML titles against item_1a text
2026-02-23 14:57:04,426 [src.preprocess] DEBUG: Extracted 64 HTML titles from data/10k_raw/BEN/10-K/0000038777-23-000169/primary-document.html
2026-02-23 14:57:04,426 [src.preprocess] DEBUG: Filtered 1 / 64 HTML titles against item_1a text
2026-02-23 14:57:05,008 [src.preprocess] DEBUG: Extracted 250 HTML titles from data/10k_raw/BEN/10-K/0000038777-24-000206/primary-document.html
2026-02-23 14:57:05,015 [src.preprocess] DEBUG: Filtered 56 / 250 HTML titles against item_1a text
2026-02-23 14:57:05,092 [src.preprocess] DEBUG: Extracted 0 HTML titles from data/10k_raw/BF-B/10-K/0000014693-15-000014/primary-document.html
2026-02-23 14:57:05,153 [src.preprocess] DEBUG: Extracted 0 HTML titles from data/10k_raw/BF-B/10-K/0000014693-16-000160/primary-document.html
2026-02-23 14:57:05,220 [src.preprocess] DEBUG: Extracted 0 HTML titles from data/10k_raw/BF-B/10-K/0000014693-17-000119/primary-document.html
2026-02-23 14:57:05,289 [src.preprocess] DEBUG: Extracted 0 HTML titles from data/10k_raw/BF-B/10-K/0000014693-18-000084/primary-document.html
2026-02-23 14:57:05,360 [src.preprocess] DEBUG: Extracted 0 HTML titles from data/10k_raw/BF-B/10-K/0000014693-19-000099/primary-document.html
2026-02-23 14:57:05,438 [src.preprocess] DEBUG: Extracted 0 HTML titles from data/10k_raw/BF-B/10-K/0000014693-20-000066/primary-document.html
2026-02-23 14:57:05,516 [src.preprocess] DEBUG: Extracted 0 HTML titles from data/10k_raw/BF-B/10-K/0000014693-21-000091/primary-document.html
2026-02-23 14:57:05,590 [src.preprocess] DEBUG: Extracted 0 HTML titles from data/10k_raw/BF-B/10-K/0000014693-22-000069/primary-document.html
2026-02-23 14:57:05,667 [src.preprocess] DEBUG: Extracted 0 HTML titles from data/10k_raw/BF-B/10-K/0000014693-23-000074/primary-document.html
2026-02-23 14:57:05,731 [src.preprocess] DEBUG: Extracted 0 HTML titles from data/10k_raw/BF-B/10-K/0000014693-24-000086/primary-document.html
2026-02-23 14:57:05,845 [src.preprocess] DEBUG: Extracted 0 HTML titles from data/10k_raw/BIIB/10-K/0000875045-15-000005/primary-document.html
2026-02-23 14:57:05,972 [src.preprocess] DEBUG: Extracted 0 HTML titles from data/10k_raw/BIIB/10-K/0000875045-16-000042/primary-document.html
2026-02-23 14:57:06,101 [src.preprocess] DEBUG: Extracted 0 HTML titles from data/10k_raw/BIIB/10-K/0000875045-17-000009/primary-document.html
2026-02-23 14:57:07,571 [src.preprocess] DEBUG: Extracted 387 HTML titles from data/10k_raw/BIIB/10-K/0000875045-18-000005/primary-document.html
2026-02-23 14:57:07,596 [src.preprocess] DEBUG: Filtered 57 / 387 HTML titles against item_1a text
2026-02-23 14:57:09,261 [src.preprocess] DEBUG: Extracted 436 HTML titles from data/10k_raw/BIIB/10-K/0000875045-19-000006/primary-document.html
2026-02-23 14:57:09,292 [src.preprocess] DEBUG: Filtered 60 / 436 HTML titles against item_1a text
2026-02-23 14:57:10,728 [src.preprocess] DEBUG: Extracted 435 HTML titles from data/10k_raw/BIIB/10-K/0000875045-20-000005/primary-document.html
2026-02-23 14:57:10,757 [src.preprocess] DEBUG: Filtered 62 / 435 HTML titles against item_1a text
2026-02-23 14:57:11,729 [src.preprocess] DEBUG: Extracted 451 HTML titles from data/10k_raw/BIIB/10-K/0000875045-21-000010/primary-document.html
2026-02-23 14:57:11,758 [src.preprocess] DEBUG: Filtered 80 / 451 HTML titles against item_1a text
2026-02-23 14:57:12,665 [src.preprocess] DEBUG: Extracted 433 HTML titles from data/10k_raw/BIIB/10-K/0000875045-22-000007/primary-document.html
2026-02-23 14:57:12,691 [src.preprocess] DEBUG: Filtered 77 / 433 HTML titles against item_1a text
2026-02-23 14:57:13,653 [src.preprocess] DEBUG: Extracted 407 HTML titles from data/10k_raw/BIIB/10-K/0000875045-23-000009/primary-document.html
2026-02-23 14:57:13,678 [src.preprocess] DEBUG: Filtered 54 / 407 HTML titles against item_1a text
2026-02-23 14:57:14,642 [src.preprocess] DEBUG: Extracted 385 HTML titles from data/10k_raw/BIIB/10-K/0000875045-24-000009/primary-document.html
2026-02-23 14:57:14,677 [src.preprocess] DEBUG: Filtered 47 / 385 HTML titles against item_1a text
2026-02-23 14:57:14,730 [src.preprocess] DEBUG: Extracted 0 HTML titles from data/10k_raw/BK/10-K/0001390777-16-000204/primary-document.html
2026-02-23 14:57:14,740 [src.preprocess] DEBUG: Extracted 0 HTML titles from data/10k_raw/BK/10-K/0001390777-17-000065/primary-document.html
2026-02-23 14:57:14,750 [src.preprocess] DEBUG: Extracted 0 HTML titles from data/10k_raw/BK/10-K/0001390777-18-000069/primary-document.html
2026-02-23 14:57:14,761 [src.preprocess] DEBUG: Extracted 0 HTML titles from data/10k_raw/BK/10-K/0001390777-19-000050/primary-document.html
2026-02-23 14:57:14,809 [src.preprocess] DEBUG: Extracted 0 HTML titles from data/10k_raw/BK/10-K/0001390777-20-000044/primary-document.html
2026-02-23 14:57:14,851 [src.preprocess] DEBUG: Extracted 0 HTML titles from data/10k_raw/BK/10-K/0001390777-21-000037/primary-document.html
2026-02-23 14:57:14,892 [src.preprocess] DEBUG: Extracted 0 HTML titles from data/10k_raw/BK/10-K/0001390777-22-000043/primary-document.html
2026-02-23 14:57:14,933 [src.preprocess] DEBUG: Extracted 0 HTML titles from data/10k_raw/BK/10-K/0001390777-23-000033/primary-document.html
2026-02-23 14:57:14,966 [src.preprocess] DEBUG: Extracted 0 HTML titles from data/10k_raw/BK/10-K/0001390777-24-000051/primary-document.html
2026-02-23 14:57:14,977 [src.preprocess] DEBUG: Extracted 0 HTML titles from data/10k_raw/BK/10-K/0001628280-15-001194/primary-document.html
2026-02-23 14:57:15,079 [src.preprocess] DEBUG: Extracted 21 HTML titles from data/10k_raw/BKNG/10-K/0001075531-15-000007/primary-document.html
2026-02-23 14:57:15,079 [src.preprocess] DEBUG: Filtered 2 / 21 HTML titles against item_1a text
2026-02-23 14:57:15,191 [src.preprocess] DEBUG: Extracted 21 HTML titles from data/10k_raw/BKNG/10-K/0001075531-16-000084/primary-document.html
2026-02-23 14:57:15,191 [src.preprocess] DEBUG: Filtered 2 / 21 HTML titles against item_1a text
2026-02-23 14:57:15,298 [src.preprocess] DEBUG: Extracted 20 HTML titles from data/10k_raw/BKNG/10-K/0001075531-17-000009/primary-document.html
2026-02-23 14:57:15,298 [src.preprocess] DEBUG: Filtered 2 / 20 HTML titles against item_1a text
2026-02-23 14:57:15,408 [src.preprocess] DEBUG: Extracted 19 HTML titles from data/10k_raw/BKNG/10-K/0001075531-18-000015/primary-document.html
2026-02-23 14:57:15,408 [src.preprocess] DEBUG: Filtered 2 / 19 HTML titles against item_1a text
2026-02-23 14:57:15,580 [src.preprocess] DEBUG: Extracted 18 HTML titles from data/10k_raw/BKNG/10-K/0001075531-19-000009/primary-document.html
2026-02-23 14:57:15,580 [src.preprocess] DEBUG: Filtered 2 / 18 HTML titles against item_1a text
2026-02-23 14:57:15,708 [src.preprocess] DEBUG: Extracted 18 HTML titles from data/10k_raw/BKNG/10-K/0001075531-20-000011/primary-document.html
2026-02-23 14:57:15,708 [src.preprocess] DEBUG: Filtered 2 / 18 HTML titles against item_1a text
2026-02-23 14:57:15,834 [src.preprocess] DEBUG: Extracted 29 HTML titles from data/10k_raw/BKNG/10-K/0001075531-21-000019/primary-document.html
2026-02-23 14:57:15,835 [src.preprocess] DEBUG: Filtered 2 / 29 HTML titles against item_1a text
2026-02-23 14:57:15,964 [src.preprocess] DEBUG: Extracted 31 HTML titles from data/10k_raw/BKNG/10-K/0001075531-22-000008/primary-document.html
2026-02-23 14:57:15,964 [src.preprocess] DEBUG: Filtered 2 / 31 HTML titles against item_1a text
2026-02-23 14:57:16,088 [src.preprocess] DEBUG: Extracted 31 HTML titles from data/10k_raw/BKNG/10-K/0001075531-23-000016/primary-document.html
2026-02-23 14:57:16,089 [src.preprocess] DEBUG: Filtered 4 / 31 HTML titles against item_1a text
2026-02-23 14:57:16,192 [src.preprocess] DEBUG: Extracted 32 HTML titles from data/10k_raw/BKNG/10-K/0001075531-24-000014/primary-document.html
2026-02-23 14:57:16,193 [src.preprocess] DEBUG: Filtered 4 / 32 HTML titles against item_1a text
2026-02-23 14:57:16,290 [src.preprocess] DEBUG: Extracted 0 HTML titles from data/10k_raw/BLDR/10-K/0000950170-23-004939/primary-document.html
2026-02-23 14:57:16,354 [src.preprocess] DEBUG: Extracted 0 HTML titles from data/10k_raw/BLDR/10-K/0000950170-24-018584/primary-document.html
2026-02-23 14:57:16,407 [src.preprocess] DEBUG: Extracted 0 HTML titles from data/10k_raw/BLDR/10-K/0001564590-15-001235/primary-document.html
2026-02-23 14:57:16,477 [src.preprocess] DEBUG: Extracted 0 HTML titles from data/10k_raw/BLDR/10-K/0001564590-16-014562/primary-document.html
2026-02-23 14:57:16,550 [src.preprocess] DEBUG: Extracted 0 HTML titles from data/10k_raw/BLDR/10-K/0001564590-17-003114/primary-document.html
2026-02-23 14:57:16,616 [src.preprocess] DEBUG: Extracted 0 HTML titles from data/10k_raw/BLDR/10-K/0001564590-18-004035/primary-document.html
2026-02-23 14:57:16,679 [src.preprocess] DEBUG: Extracted 0 HTML titles from data/10k_raw/BLDR/10-K/0001564590-19-005770/primary-document.html
2026-02-23 14:57:16,751 [src.preprocess] DEBUG: Extracted 0 HTML titles from data/10k_raw/BLDR/10-K/0001564590-20-005717/primary-document.html
2026-02-23 14:57:16,826 [src.preprocess] DEBUG: Extracted 0 HTML titles from data/10k_raw/BLDR/10-K/0001564590-21-009308/primary-document.html
2026-02-23 14:57:16,906 [src.preprocess] DEBUG: Extracted 0 HTML titles from data/10k_raw/BLDR/10-K/0001564590-22-007980/primary-document.html
2026-02-23 14:57:18,337 [src.preprocess] DEBUG: Extracted 210 HTML titles from data/10k_raw/BMY/10-K/0000014272-15-000055/primary-document.html
2026-02-23 14:57:18,341 [src.preprocess] DEBUG: Filtered 14 / 210 HTML titles against item_1a text
2026-02-23 14:57:19,736 [src.preprocess] DEBUG: Extracted 200 HTML titles from data/10k_raw/BMY/10-K/0000014272-16-000288/primary-document.html
2026-02-23 14:57:19,740 [src.preprocess] DEBUG: Filtered 13 / 200 HTML titles against item_1a text
2026-02-23 14:57:19,864 [src.preprocess] DEBUG: Extracted 0 HTML titles from data/10k_raw/BMY/10-K/0000014272-17-000047/primary-document.html
2026-02-23 14:57:19,971 [src.preprocess] DEBUG: Extracted 0 HTML titles from data/10k_raw/BMY/10-K/0000014272-18-000055/primary-document.html
2026-02-23 14:57:20,080 [src.preprocess] DEBUG: Extracted 0 HTML titles from data/10k_raw/BMY/10-K/0000014272-19-000047/primary-document.html
2026-02-23 14:57:20,227 [src.preprocess] DEBUG: Extracted 0 HTML titles from data/10k_raw/BMY/10-K/0000014272-20-000082/primary-document.html
2026-02-23 14:57:20,366 [src.preprocess] DEBUG: Extracted 0 HTML titles from data/10k_raw/BMY/10-K/0000014272-21-000066/primary-document.html
2026-02-23 14:57:20,487 [src.preprocess] DEBUG: Extracted 0 HTML titles from data/10k_raw/BMY/10-K/0000014272-22-000051/primary-document.html
2026-02-23 14:57:20,602 [src.preprocess] DEBUG: Extracted 0 HTML titles from data/10k_raw/BMY/10-K/0000014272-23-000046/primary-document.html
2026-02-23 14:57:20,698 [src.preprocess] DEBUG: Extracted 0 HTML titles from data/10k_raw/BMY/10-K/0000014272-24-000044/primary-document.html
2026-02-23 14:57:20,800 [src.preprocess] DEBUG: Extracted 42 HTML titles from data/10k_raw/BR/10-K/0001383312-15-000051/primary-document.html
2026-02-23 14:57:20,920 [src.preprocess] DEBUG: Extracted 38 HTML titles from data/10k_raw/BR/10-K/0001383312-16-000108/primary-document.html
2026-02-23 14:57:21,096 [src.preprocess] DEBUG: Extracted 41 HTML titles from data/10k_raw/BR/10-K/0001383312-17-000053/primary-document.html
2026-02-23 14:57:21,230 [src.preprocess] DEBUG: Extracted 47 HTML titles from data/10k_raw/BR/10-K/0001383312-18-000041/primary-document.html
2026-02-23 14:57:21,395 [src.preprocess] DEBUG: Extracted 38 HTML titles from data/10k_raw/BR/10-K/0001383312-19-000042/primary-document.html
2026-02-23 14:57:21,527 [src.preprocess] DEBUG: Extracted 16 HTML titles from data/10k_raw/BR/10-K/0001383312-20-000055/primary-document.html
2026-02-23 14:57:21,631 [src.preprocess] DEBUG: Extracted 16 HTML titles from data/10k_raw/BR/10-K/0001383312-21-000047/primary-document.html
2026-02-23 14:57:21,724 [src.preprocess] DEBUG: Extracted 14 HTML titles from data/10k_raw/BR/10-K/0001383312-22-000037/primary-document.html
2026-02-23 14:57:21,800 [src.preprocess] DEBUG: Extracted 12 HTML titles from data/10k_raw/BR/10-K/0001383312-23-000037/primary-document.html
2026-02-23 14:57:21,871 [src.preprocess] DEBUG: Extracted 12 HTML titles from data/10k_raw/BR/10-K/0001383312-24-000039/primary-document.html
2026-02-23 14:57:22,182 [src.preprocess] DEBUG: Extracted 14 HTML titles from data/10k_raw/BRK-B/10-K/0000950170-23-004451/primary-document.html
2026-02-23 14:57:22,400 [src.preprocess] DEBUG: Extracted 15 HTML titles from data/10k_raw/BRK-B/10-K/0000950170-24-019719/primary-document.html
2026-02-23 14:57:22,458 [src.preprocess] DEBUG: Extracted 0 HTML titles from data/10k_raw/BRK-B/10-K/0001193125-15-070966/primary-document.html
2026-02-23 14:57:22,519 [src.preprocess] DEBUG: Extracted 0 HTML titles from data/10k_raw/BRK-B/10-K/0001193125-16-483023/primary-document.html
2026-02-23 14:57:22,588 [src.preprocess] DEBUG: Extracted 0 HTML titles from data/10k_raw/BRK-B/10-K/0001193125-17-056969/primary-document.html
2026-02-23 14:57:22,641 [src.preprocess] DEBUG: Extracted 0 HTML titles from data/10k_raw/BRK-B/10-K/0001193125-18-057033/primary-document.html
2026-02-23 14:57:22,696 [src.preprocess] DEBUG: Extracted 0 HTML titles from data/10k_raw/BRK-B/10-K/0001193125-19-048926/primary-document.html
2026-02-23 14:57:22,981 [src.preprocess] DEBUG: Extracted 12 HTML titles from data/10k_raw/BRK-B/10-K/0001564590-20-005874/primary-document.html
2026-02-23 14:57:23,290 [src.preprocess] DEBUG: Extracted 15 HTML titles from data/10k_raw/BRK-B/10-K/0001564590-21-009611/primary-document.html
2026-02-23 14:57:23,290 [src.preprocess] DEBUG: Filtered 3 / 15 HTML titles against item_1a text
2026-02-23 14:57:23,582 [src.preprocess] DEBUG: Extracted 15 HTML titles from data/10k_raw/BRK-B/10-K/0001564590-22-007322/primary-document.html
2026-02-23 14:57:23,582 [src.preprocess] DEBUG: Filtered 3 / 15 HTML titles against item_1a text
2026-02-23 14:57:24,740 [src.preprocess] DEBUG: Extracted 229 HTML titles from data/10k_raw/BRO/10-K/0000079282-16-000034/primary-document.html
2026-02-23 14:57:24,748 [src.preprocess] DEBUG: Filtered 42 / 229 HTML titles against item_1a text
2026-02-23 14:57:25,970 [src.preprocess] DEBUG: Extracted 242 HTML titles from data/10k_raw/BRO/10-K/0000079282-17-000006/primary-document.html
2026-02-23 14:57:25,980 [src.preprocess] DEBUG: Filtered 49 / 242 HTML titles against item_1a text
2026-02-23 14:57:27,039 [src.preprocess] DEBUG: Extracted 246 HTML titles from data/10k_raw/BRO/10-K/0000079282-18-000006/primary-document.html
2026-02-23 14:57:27,049 [src.preprocess] DEBUG: Filtered 64 / 246 HTML titles against item_1a text
2026-02-23 14:57:28,223 [src.preprocess] DEBUG: Extracted 247 HTML titles from data/10k_raw/BRO/10-K/0000079282-19-000006/primary-document.html
2026-02-23 14:57:28,234 [src.preprocess] DEBUG: Filtered 52 / 247 HTML titles against item_1a text
2026-02-23 14:57:28,467 [src.preprocess] DEBUG: Extracted 22 HTML titles from data/10k_raw/BRO/10-K/0000950170-22-001654/primary-document.html
2026-02-23 14:57:28,708 [src.preprocess] DEBUG: Extracted 23 HTML titles from data/10k_raw/BRO/10-K/0000950170-23-004717/primary-document.html
2026-02-23 14:57:28,840 [src.preprocess] DEBUG: Extracted 24 HTML titles from data/10k_raw/BRO/10-K/0000950170-24-018890/primary-document.html
2026-02-23 14:57:28,916 [src.preprocess] DEBUG: Extracted 0 HTML titles from data/10k_raw/BRO/10-K/0001193125-15-070864/primary-document.html
2026-02-23 14:57:30,333 [src.preprocess] DEBUG: Extracted 261 HTML titles from data/10k_raw/BRO/10-K/0001564590-20-006075/primary-document.html
2026-02-23 14:57:30,345 [src.preprocess] DEBUG: Filtered 64 / 261 HTML titles against item_1a text
2026-02-23 14:57:31,888 [src.preprocess] DEBUG: Extracted 274 HTML titles from data/10k_raw/BRO/10-K/0001564590-21-007624/primary-document.html
2026-02-23 14:57:31,900 [src.preprocess] DEBUG: Filtered 46 / 274 HTML titles against item_1a text
2026-02-23 14:57:32,143 [src.preprocess] DEBUG: Extracted 16 HTML titles from data/10k_raw/BSX/10-K/0000885725-15-000006/primary-document.html
2026-02-23 14:57:32,250 [src.preprocess] DEBUG: Extracted 15 HTML titles from data/10k_raw/BSX/10-K/0000885725-16-000028/primary-document.html
2026-02-23 14:57:32,359 [src.preprocess] DEBUG: Extracted 16 HTML titles from data/10k_raw/BSX/10-K/0000885725-17-000006/primary-document.html
2026-02-23 14:57:32,468 [src.preprocess] DEBUG: Extracted 16 HTML titles from data/10k_raw/BSX/10-K/0000885725-18-000010/primary-document.html
2026-02-23 14:57:32,577 [src.preprocess] DEBUG: Extracted 17 HTML titles from data/10k_raw/BSX/10-K/0000885725-19-000011/primary-document.html
2026-02-23 14:57:32,722 [src.preprocess] DEBUG: Extracted 18 HTML titles from data/10k_raw/BSX/10-K/0000885725-20-000012/primary-document.html
2026-02-23 14:57:32,857 [src.preprocess] DEBUG: Extracted 20 HTML titles from data/10k_raw/BSX/10-K/0000885725-21-000008/primary-document.html
2026-02-23 14:57:32,992 [src.preprocess] DEBUG: Extracted 21 HTML titles from data/10k_raw/BSX/10-K/0000885725-22-000006/primary-document.html
2026-02-23 14:57:33,127 [src.preprocess] DEBUG: Extracted 23 HTML titles from data/10k_raw/BSX/10-K/0000885725-23-000008/primary-document.html
2026-02-23 14:57:33,229 [src.preprocess] DEBUG: Extracted 21 HTML titles from data/10k_raw/BSX/10-K/0000885725-24-000017/primary-document.html
2026-02-23 14:57:33,405 [src.preprocess] DEBUG: Extracted 0 HTML titles from data/10k_raw/BX/10-K/0001193125-15-069653/primary-document.html
2026-02-23 14:57:33,592 [src.preprocess] DEBUG: Extracted 0 HTML titles from data/10k_raw/BX/10-K/0001193125-16-481948/primary-document.html
2026-02-23 14:57:33,814 [src.preprocess] DEBUG: Extracted 0 HTML titles from data/10k_raw/BX/10-K/0001193125-17-056300/primary-document.html
2026-02-23 14:57:34,010 [src.preprocess] DEBUG: Extracted 0 HTML titles from data/10k_raw/BX/10-K/0001193125-18-067079/primary-document.html
2026-02-23 14:57:34,208 [src.preprocess] DEBUG: Extracted 0 HTML titles from data/10k_raw/BX/10-K/0001193125-19-061011/primary-document.html
2026-02-23 14:57:37,420 [src.preprocess] DEBUG: Extracted 528 HTML titles from data/10k_raw/BX/10-K/0001193125-20-056733/primary-document.html
2026-02-23 14:57:37,488 [src.preprocess] DEBUG: Filtered 132 / 528 HTML titles against item_1a text
2026-02-23 14:57:38,542 [src.preprocess] DEBUG: Extracted 0 HTML titles from data/10k_raw/BX/10-K/0001193125-21-060361/primary-document.html
2026-02-23 14:57:41,828 [src.preprocess] DEBUG: Extracted 537 HTML titles from data/10k_raw/BX/10-K/0001193125-22-054433/primary-document.html
2026-02-23 14:57:41,905 [src.preprocess] DEBUG: Filtered 113 / 537 HTML titles against item_1a text
2026-02-23 14:57:43,426 [src.preprocess] DEBUG: Extracted 0 HTML titles from data/10k_raw/BX/10-K/0001193125-23-048733/primary-document.html
2026-02-23 14:57:43,677 [src.preprocess] DEBUG: Extracted 0 HTML titles from data/10k_raw/BX/10-K/0001193125-24-044485/primary-document.html
2026-02-23 14:57:43,969 [src.preprocess] DEBUG: Extracted 0 HTML titles from data/10k_raw/BXP/10-K/0001193125-15-073115/primary-document.html
2026-02-23 14:57:44,227 [src.preprocess] DEBUG: Extracted 42 HTML titles from data/10k_raw/BXP/10-K/0001656423-16-000013/primary-document.html
2026-02-23 14:57:44,501 [src.preprocess] DEBUG: Extracted 50 HTML titles from data/10k_raw/BXP/10-K/0001656423-17-000003/primary-document.html
2026-02-23 14:57:44,501 [src.preprocess] DEBUG: Filtered 2 / 50 HTML titles against item_1a text
2026-02-23 14:57:44,775 [src.preprocess] DEBUG: Extracted 50 HTML titles from data/10k_raw/BXP/10-K/0001656423-18-000004/primary-document.html
2026-02-23 14:57:44,775 [src.preprocess] DEBUG: Filtered 2 / 50 HTML titles against item_1a text
2026-02-23 14:57:45,059 [src.preprocess] DEBUG: Extracted 52 HTML titles from data/10k_raw/BXP/10-K/0001656423-19-000006/primary-document.html
2026-02-23 14:57:45,059 [src.preprocess] DEBUG: Filtered 2 / 52 HTML titles against item_1a text
2026-02-23 14:57:45,388 [src.preprocess] DEBUG: Extracted 53 HTML titles from data/10k_raw/BXP/10-K/0001656423-20-000007/primary-document.html
2026-02-23 14:57:45,389 [src.preprocess] DEBUG: Filtered 2 / 53 HTML titles against item_1a text
2026-02-23 14:57:45,671 [src.preprocess] DEBUG: Extracted 82 HTML titles from data/10k_raw/BXP/10-K/0001656423-21-000006/primary-document.html
2026-02-23 14:57:45,672 [src.preprocess] DEBUG: Filtered 1 / 82 HTML titles against item_1a text
2026-02-23 14:57:45,968 [src.preprocess] DEBUG: Extracted 94 HTML titles from data/10k_raw/BXP/10-K/0001656423-22-000013/primary-document.html
2026-02-23 14:57:45,970 [src.preprocess] DEBUG: Filtered 1 / 94 HTML titles against item_1a text
2026-02-23 14:57:46,280 [src.preprocess] DEBUG: Extracted 94 HTML titles from data/10k_raw/BXP/10-K/0001656423-23-000013/primary-document.html
2026-02-23 14:57:46,282 [src.preprocess] DEBUG: Filtered 1 / 94 HTML titles against item_1a text
2026-02-23 14:57:46,530 [src.preprocess] DEBUG: Extracted 88 HTML titles from data/10k_raw/BXP/10-K/0001656423-24-000007/primary-document.html
2026-02-23 14:58:04,734 [src.preprocess] DEBUG: Extracted 1312 HTML titles from data/10k_raw/C/10-K/0000831001-15-000043/primary-document.html
2026-02-23 14:58:04,888 [src.preprocess] DEBUG: Filtered 110 / 1312 HTML titles against item_1a text
2026-02-23 14:58:25,297 [src.preprocess] DEBUG: Extracted 1324 HTML titles from data/10k_raw/C/10-K/0000831001-16-000235/primary-document.html
2026-02-23 14:58:25,448 [src.preprocess] DEBUG: Filtered 111 / 1324 HTML titles against item_1a text
2026-02-23 14:58:44,837 [src.preprocess] DEBUG: Extracted 1339 HTML titles from data/10k_raw/C/10-K/0000831001-17-000038/primary-document.html
2026-02-23 14:58:44,985 [src.preprocess] DEBUG: Filtered 108 / 1339 HTML titles against item_1a text
2026-02-23 14:59:03,197 [src.preprocess] DEBUG: Extracted 1328 HTML titles from data/10k_raw/C/10-K/0000831001-18-000040/primary-document.html
2026-02-23 14:59:03,339 [src.preprocess] DEBUG: Filtered 109 / 1328 HTML titles against item_1a text
2026-02-23 14:59:20,404 [src.preprocess] DEBUG: Extracted 1326 HTML titles from data/10k_raw/C/10-K/0000831001-19-000027/primary-document.html
2026-02-23 14:59:20,544 [src.preprocess] DEBUG: Filtered 108 / 1326 HTML titles against item_1a text
2026-02-23 14:59:26,043 [src.preprocess] DEBUG: Extracted 1327 HTML titles from data/10k_raw/C/10-K/0000831001-20-000031/primary-document.html
2026-02-23 14:59:26,176 [src.preprocess] DEBUG: Filtered 119 / 1327 HTML titles against item_1a text
2026-02-23 14:59:30,423 [src.preprocess] DEBUG: Extracted 1410 HTML titles from data/10k_raw/C/10-K/0000831001-21-000042/primary-document.html
2026-02-23 14:59:30,595 [src.preprocess] DEBUG: Filtered 180 / 1410 HTML titles against item_1a text
2026-02-23 14:59:34,936 [src.preprocess] DEBUG: Extracted 1482 HTML titles from data/10k_raw/C/10-K/0000831001-22-000036/primary-document.html
2026-02-23 14:59:35,125 [src.preprocess] DEBUG: Filtered 172 / 1482 HTML titles against item_1a text
2026-02-23 14:59:39,599 [src.preprocess] DEBUG: Extracted 1501 HTML titles from data/10k_raw/C/10-K/0000831001-23-000037/primary-document.html
2026-02-23 14:59:39,794 [src.preprocess] DEBUG: Filtered 166 / 1501 HTML titles against item_1a text
2026-02-23 14:59:43,867 [src.preprocess] DEBUG: Extracted 1486 HTML titles from data/10k_raw/C/10-K/0000831001-24-000033/primary-document.html
2026-02-23 14:59:44,068 [src.preprocess] DEBUG: Filtered 162 / 1486 HTML titles against item_1a text
2026-02-23 14:59:44,344 [src.preprocess] DEBUG: Extracted 0 HTML titles from data/10k_raw/CAG/10-K/0000023217-18-000005/primary-document.html
2026-02-23 14:59:44,423 [src.preprocess] DEBUG: Extracted 0 HTML titles from data/10k_raw/CAG/10-K/0000023217-19-000006/primary-document.html
2026-02-23 14:59:44,514 [src.preprocess] DEBUG: Extracted 0 HTML titles from data/10k_raw/CAG/10-K/0001437749-22-017530/primary-document.html
2026-02-23 14:59:44,596 [src.preprocess] DEBUG: Extracted 0 HTML titles from data/10k_raw/CAG/10-K/0001437749-23-019879/primary-document.html
2026-02-23 14:59:44,713 [src.preprocess] DEBUG: Extracted 44 HTML titles from data/10k_raw/CAG/10-K/0001558370-24-009764/primary-document.html
2026-02-23 14:59:44,713 [src.preprocess] DEBUG: Filtered 2 / 44 HTML titles against item_1a text
2026-02-23 14:59:44,908 [src.preprocess] DEBUG: Extracted 0 HTML titles from data/10k_raw/CAG/10-K/0001564590-20-033366/primary-document.html
2026-02-23 14:59:45,078 [src.preprocess] DEBUG: Extracted 0 HTML titles from data/10k_raw/CAG/10-K/0001564590-21-037738/primary-document.html
2026-02-23 14:59:45,154 [src.preprocess] DEBUG: Extracted 0 HTML titles from data/10k_raw/CAG/10-K/0001628280-15-005333/primary-document.html
2026-02-23 14:59:45,230 [src.preprocess] DEBUG: Extracted 0 HTML titles from data/10k_raw/CAG/10-K/0001628280-16-017613/primary-document.html
2026-02-23 14:59:45,309 [src.preprocess] DEBUG: Extracted 0 HTML titles from data/10k_raw/CAG/10-K/0001628280-17-007184/primary-document.html
2026-02-23 14:59:46,524 [src.preprocess] DEBUG: Extracted 351 HTML titles from data/10k_raw/CAH/10-K/0000721371-15-000107/primary-document.html
2026-02-23 14:59:46,534 [src.preprocess] DEBUG: Filtered 11 / 351 HTML titles against item_1a text
2026-02-23 14:59:47,726 [src.preprocess] DEBUG: Extracted 339 HTML titles from data/10k_raw/CAH/10-K/0000721371-16-000277/primary-document.html
2026-02-23 14:59:47,735 [src.preprocess] DEBUG: Filtered 12 / 339 HTML titles against item_1a text
2026-02-23 14:59:48,905 [src.preprocess] DEBUG: Extracted 356 HTML titles from data/10k_raw/CAH/10-K/0000721371-17-000083/primary-document.html
2026-02-23 14:59:48,916 [src.preprocess] DEBUG: Filtered 12 / 356 HTML titles against item_1a text
2026-02-23 14:59:50,038 [src.preprocess] DEBUG: Extracted 377 HTML titles from data/10k_raw/CAH/10-K/0000721371-18-000077/primary-document.html
2026-02-23 14:59:50,050 [src.preprocess] DEBUG: Filtered 12 / 377 HTML titles against item_1a text
2026-02-23 14:59:51,140 [src.preprocess] DEBUG: Extracted 370 HTML titles from data/10k_raw/CAH/10-K/0000721371-19-000090/primary-document.html
2026-02-23 14:59:51,152 [src.preprocess] DEBUG: Filtered 12 / 370 HTML titles against item_1a text
2026-02-23 14:59:52,116 [src.preprocess] DEBUG: Extracted 361 HTML titles from data/10k_raw/CAH/10-K/0000721371-20-000089/primary-document.html
2026-02-23 14:59:52,130 [src.preprocess] DEBUG: Filtered 15 / 361 HTML titles against item_1a text
2026-02-23 14:59:52,811 [src.preprocess] DEBUG: Extracted 364 HTML titles from data/10k_raw/CAH/10-K/0000721371-21-000080/primary-document.html
2026-02-23 14:59:52,825 [src.preprocess] DEBUG: Filtered 20 / 364 HTML titles against item_1a text
2026-02-23 14:59:53,488 [src.preprocess] DEBUG: Extracted 365 HTML titles from data/10k_raw/CAH/10-K/0000721371-22-000058/primary-document.html
2026-02-23 14:59:53,502 [src.preprocess] DEBUG: Filtered 19 / 365 HTML titles against item_1a text
2026-02-23 14:59:54,121 [src.preprocess] DEBUG: Extracted 355 HTML titles from data/10k_raw/CAH/10-K/0000721371-23-000060/primary-document.html
2026-02-23 14:59:54,133 [src.preprocess] DEBUG: Filtered 18 / 355 HTML titles against item_1a text
2026-02-23 14:59:54,775 [src.preprocess] DEBUG: Extracted 247 HTML titles from data/10k_raw/CAH/10-K/0000721371-24-000056/primary-document.html
2026-02-23 14:59:54,781 [src.preprocess] DEBUG: Filtered 21 / 247 HTML titles against item_1a text
2026-02-23 14:59:54,834 [src.preprocess] DEBUG: Extracted 40 HTML titles from data/10k_raw/CAT/10-K/0000018230-15-000061/primary-document.html
2026-02-23 14:59:55,061 [src.preprocess] DEBUG: Extracted 41 HTML titles from data/10k_raw/CAT/10-K/0000018230-16-000410/primary-document.html
2026-02-23 14:59:55,061 [src.preprocess] DEBUG: Filtered 1 / 41 HTML titles against item_1a text
2026-02-23 14:59:55,287 [src.preprocess] DEBUG: Extracted 30 HTML titles from data/10k_raw/CAT/10-K/0000018230-17-000041/primary-document.html
2026-02-23 14:59:55,503 [src.preprocess] DEBUG: Extracted 30 HTML titles from data/10k_raw/CAT/10-K/0000018230-18-000042/primary-document.html
2026-02-23 14:59:55,730 [src.preprocess] DEBUG: Extracted 29 HTML titles from data/10k_raw/CAT/10-K/0000018230-19-000034/primary-document.html
2026-02-23 14:59:56,029 [src.preprocess] DEBUG: Extracted 29 HTML titles from data/10k_raw/CAT/10-K/0000018230-20-000056/primary-document.html
2026-02-23 14:59:56,252 [src.preprocess] DEBUG: Extracted 31 HTML titles from data/10k_raw/CAT/10-K/0000018230-21-000063/primary-document.html
2026-02-23 14:59:56,453 [src.preprocess] DEBUG: Extracted 31 HTML titles from data/10k_raw/CAT/10-K/0000018230-22-000050/primary-document.html
2026-02-23 14:59:56,683 [src.preprocess] DEBUG: Extracted 31 HTML titles from data/10k_raw/CAT/10-K/0000018230-23-000011/primary-document.html
2026-02-23 14:59:56,841 [src.preprocess] DEBUG: Extracted 30 HTML titles from data/10k_raw/CAT/10-K/0000018230-24-000009/primary-document.html
2026-02-23 15:00:01,030 [src.preprocess] DEBUG: Extracted 368 HTML titles from data/10k_raw/CB/10-K/0000896159-15-000006/primary-document.html
2026-02-23 15:00:01,051 [src.preprocess] DEBUG: Filtered 22 / 368 HTML titles against item_1a text
2026-02-23 15:00:01,387 [src.preprocess] DEBUG: Extracted 60 HTML titles from data/10k_raw/CB/10-K/0000896159-16-000027/primary-document.html
2026-02-23 15:00:01,387 [src.preprocess] DEBUG: Filtered 1 / 60 HTML titles against item_1a text
2026-02-23 15:00:01,698 [src.preprocess] DEBUG: Extracted 58 HTML titles from data/10k_raw/CB/10-K/0000896159-17-000004/primary-document.html
2026-02-23 15:00:01,699 [src.preprocess] DEBUG: Filtered 1 / 58 HTML titles against item_1a text
2026-02-23 15:00:02,021 [src.preprocess] DEBUG: Extracted 58 HTML titles from data/10k_raw/CB/10-K/0000896159-18-000002/primary-document.html
2026-02-23 15:00:02,022 [src.preprocess] DEBUG: Filtered 1 / 58 HTML titles against item_1a text
2026-02-23 15:00:02,474 [src.preprocess] DEBUG: Extracted 56 HTML titles from data/10k_raw/CB/10-K/0000896159-19-000005/primary-document.html
2026-02-23 15:00:02,475 [src.preprocess] DEBUG: Filtered 1 / 56 HTML titles against item_1a text
2026-02-23 15:00:02,896 [src.preprocess] DEBUG: Extracted 56 HTML titles from data/10k_raw/CB/10-K/0000896159-20-000003/primary-document.html
2026-02-23 15:00:02,897 [src.preprocess] DEBUG: Filtered 1 / 56 HTML titles against item_1a text
2026-02-23 15:00:03,231 [src.preprocess] DEBUG: Extracted 55 HTML titles from data/10k_raw/CB/10-K/0000896159-21-000003/primary-document.html
2026-02-23 15:00:03,232 [src.preprocess] DEBUG: Filtered 1 / 55 HTML titles against item_1a text
2026-02-23 15:00:03,540 [src.preprocess] DEBUG: Extracted 55 HTML titles from data/10k_raw/CB/10-K/0000896159-22-000005/primary-document.html
2026-02-23 15:00:03,541 [src.preprocess] DEBUG: Filtered 1 / 55 HTML titles against item_1a text
2026-02-23 15:00:03,839 [src.preprocess] DEBUG: Extracted 55 HTML titles from data/10k_raw/CB/10-K/0000896159-23-000007/primary-document.html
2026-02-23 15:00:03,840 [src.preprocess] DEBUG: Filtered 1 / 55 HTML titles against item_1a text
2026-02-23 15:00:04,144 [src.preprocess] DEBUG: Extracted 58 HTML titles from data/10k_raw/CB/10-K/0000896159-24-000003/primary-document.html
2026-02-23 15:00:04,145 [src.preprocess] DEBUG: Filtered 1 / 58 HTML titles against item_1a text
2026-02-23 15:00:04,842 [src.preprocess] DEBUG: Extracted 301 HTML titles from data/10k_raw/CBOE/10-K/0001374310-15-000005/primary-document.html
2026-02-23 15:00:04,852 [src.preprocess] DEBUG: Filtered 17 / 301 HTML titles against item_1a text
2026-02-23 15:00:05,626 [src.preprocess] DEBUG: Extracted 305 HTML titles from data/10k_raw/CBOE/10-K/0001374310-16-000038/primary-document.html
2026-02-23 15:00:05,636 [src.preprocess] DEBUG: Filtered 18 / 305 HTML titles against item_1a text
2026-02-23 15:00:06,490 [src.preprocess] DEBUG: Extracted 333 HTML titles from data/10k_raw/CBOE/10-K/0001374310-17-000006/primary-document.html
2026-02-23 15:00:06,503 [src.preprocess] DEBUG: Filtered 14 / 333 HTML titles against item_1a text
2026-02-23 15:00:06,804 [src.preprocess] DEBUG: Extracted 77 HTML titles from data/10k_raw/CBOE/10-K/0001558370-18-000953/primary-document.html
2026-02-23 15:00:06,805 [src.preprocess] DEBUG: Filtered 1 / 77 HTML titles against item_1a text
2026-02-23 15:00:07,130 [src.preprocess] DEBUG: Extracted 72 HTML titles from data/10k_raw/CBOE/10-K/0001558370-19-000884/primary-document.html
2026-02-23 15:00:07,131 [src.preprocess] DEBUG: Filtered 1 / 72 HTML titles against item_1a text
2026-02-23 15:00:07,286 [src.preprocess] DEBUG: Extracted 28 HTML titles from data/10k_raw/CBOE/10-K/0001558370-20-001127/primary-document.html
2026-02-23 15:00:07,487 [src.preprocess] DEBUG: Extracted 30 HTML titles from data/10k_raw/CBOE/10-K/0001558370-21-001286/primary-document.html
2026-02-23 15:00:07,678 [src.preprocess] DEBUG: Extracted 32 HTML titles from data/10k_raw/CBOE/10-K/0001558370-22-001386/primary-document.html
2026-02-23 15:00:07,913 [src.preprocess] DEBUG: Extracted 29 HTML titles from data/10k_raw/CBOE/10-K/0001558370-23-001489/primary-document.html
2026-02-23 15:00:08,126 [src.preprocess] DEBUG: Extracted 29 HTML titles from data/10k_raw/CBOE/10-K/0001558370-24-001277/primary-document.html
2026-02-23 15:00:08,255 [src.preprocess] DEBUG: Extracted 24 HTML titles from data/10k_raw/CBRE/10-K/0001138118-21-000012/primary-document.html
2026-02-23 15:00:08,369 [src.preprocess] DEBUG: Extracted 28 HTML titles from data/10k_raw/CBRE/10-K/0001138118-22-000010/primary-document.html
2026-02-23 15:00:08,481 [src.preprocess] DEBUG: Extracted 26 HTML titles from data/10k_raw/CBRE/10-K/0001138118-23-000009/primary-document.html
2026-02-23 15:00:08,571 [src.preprocess] DEBUG: Extracted 25 HTML titles from data/10k_raw/CBRE/10-K/0001138118-24-000006/primary-document.html
2026-02-23 15:00:08,697 [src.preprocess] DEBUG: Extracted 0 HTML titles from data/10k_raw/CBRE/10-K/0001193125-15-073030/primary-document.html
2026-02-23 15:00:08,802 [src.preprocess] DEBUG: Extracted 0 HTML titles from data/10k_raw/CBRE/10-K/0001193125-16-484680/primary-document.html
2026-02-23 15:00:08,905 [src.preprocess] DEBUG: Extracted 0 HTML titles from data/10k_raw/CBRE/10-K/0001193125-17-064772/primary-document.html
2026-02-23 15:00:09,204 [src.preprocess] DEBUG: Extracted 15 HTML titles from data/10k_raw/CBRE/10-K/0001564590-18-003991/primary-document.html
2026-02-23 15:00:09,493 [src.preprocess] DEBUG: Extracted 18 HTML titles from data/10k_raw/CBRE/10-K/0001564590-19-005666/primary-document.html
2026-02-23 15:00:09,789 [src.preprocess] DEBUG: Extracted 25 HTML titles from data/10k_raw/CBRE/10-K/0001564590-20-008056/primary-document.html
2026-02-23 15:00:09,789 [src.preprocess] DEBUG: Filtered 2 / 25 HTML titles against item_1a text
2026-02-23 15:00:09,892 [src.preprocess] DEBUG: Extracted 15 HTML titles from data/10k_raw/CCI/10-K/0001051470-15-000034/primary-document.html
2026-02-23 15:00:09,987 [src.preprocess] DEBUG: Extracted 16 HTML titles from data/10k_raw/CCI/10-K/0001051470-16-000158/primary-document.html
2026-02-23 15:00:10,088 [src.preprocess] DEBUG: Extracted 16 HTML titles from data/10k_raw/CCI/10-K/0001051470-17-000059/primary-document.html
2026-02-23 15:00:10,203 [src.preprocess] DEBUG: Extracted 17 HTML titles from data/10k_raw/CCI/10-K/0001051470-18-000082/primary-document.html
2026-02-23 15:00:10,332 [src.preprocess] DEBUG: Extracted 18 HTML titles from data/10k_raw/CCI/10-K/0001051470-19-000046/primary-document.html
2026-02-23 15:00:10,520 [src.preprocess] DEBUG: Extracted 22 HTML titles from data/10k_raw/CCI/10-K/0001051470-20-000077/primary-document.html
2026-02-23 15:00:10,621 [src.preprocess] DEBUG: Extracted 23 HTML titles from data/10k_raw/CCI/10-K/0001051470-21-000031/primary-document.html
2026-02-23 15:00:10,723 [src.preprocess] DEBUG: Extracted 25 HTML titles from data/10k_raw/CCI/10-K/0001051470-22-000019/primary-document.html
2026-02-23 15:00:10,822 [src.preprocess] DEBUG: Extracted 26 HTML titles from data/10k_raw/CCI/10-K/0001051470-23-000041/primary-document.html
2026-02-23 15:00:10,908 [src.preprocess] DEBUG: Extracted 29 HTML titles from data/10k_raw/CCI/10-K/0001051470-24-000062/primary-document.html
2026-02-23 15:00:10,963 [src.preprocess] DEBUG: Extracted 2 HTML titles from data/10k_raw/CCL/10-K/0000815097-15-000007/primary-document.html
2026-02-23 15:00:11,012 [src.preprocess] DEBUG: Extracted 2 HTML titles from data/10k_raw/CCL/10-K/0000815097-16-000030/primary-document.html
2026-02-23 15:00:11,063 [src.preprocess] DEBUG: Extracted 2 HTML titles from data/10k_raw/CCL/10-K/0000815097-17-000001/primary-document.html
2026-02-23 15:00:11,101 [src.preprocess] DEBUG: Extracted 2 HTML titles from data/10k_raw/CCL/10-K/0000815097-18-000005/primary-document.html
2026-02-23 15:00:11,151 [src.preprocess] DEBUG: Extracted 2 HTML titles from data/10k_raw/CCL/10-K/0000815097-19-000004/primary-document.html
2026-02-23 15:00:11,192 [src.preprocess] DEBUG: Extracted 3 HTML titles from data/10k_raw/CCL/10-K/0000815097-20-000003/primary-document.html
2026-02-23 15:00:11,297 [src.preprocess] DEBUG: Extracted 4 HTML titles from data/10k_raw/CCL/10-K/0000815097-21-000027/primary-document.html
2026-02-23 15:00:11,336 [src.preprocess] DEBUG: Extracted 4 HTML titles from data/10k_raw/CCL/10-K/0000815097-22-000009/primary-document.html
2026-02-23 15:00:11,378 [src.preprocess] DEBUG: Extracted 4 HTML titles from data/10k_raw/CCL/10-K/0000815097-23-000012/primary-document.html
2026-02-23 15:00:11,449 [src.preprocess] DEBUG: Extracted 3 HTML titles from data/10k_raw/CCL/10-K/0000815097-24-000011/primary-document.html
2026-02-23 15:00:11,551 [src.preprocess] DEBUG: Extracted 30 HTML titles from data/10k_raw/CDNS/10-K/0000813672-15-000008/primary-document.html
2026-02-23 15:00:11,654 [src.preprocess] DEBUG: Extracted 29 HTML titles from data/10k_raw/CDNS/10-K/0000813672-16-000040/primary-document.html
2026-02-23 15:00:11,755 [src.preprocess] DEBUG: Extracted 31 HTML titles from data/10k_raw/CDNS/10-K/0000813672-17-000006/primary-document.html
2026-02-23 15:00:11,858 [src.preprocess] DEBUG: Extracted 31 HTML titles from data/10k_raw/CDNS/10-K/0000813672-18-000008/primary-document.html
2026-02-23 15:00:11,973 [src.preprocess] DEBUG: Extracted 27 HTML titles from data/10k_raw/CDNS/10-K/0000813672-19-000008/primary-document.html
2026-02-23 15:00:12,077 [src.preprocess] DEBUG: Extracted 26 HTML titles from data/10k_raw/CDNS/10-K/0000813672-20-000007/primary-document.html
2026-02-23 15:00:12,166 [src.preprocess] DEBUG: Extracted 41 HTML titles from data/10k_raw/CDNS/10-K/0000813672-21-000009/primary-document.html
2026-02-23 15:00:12,255 [src.preprocess] DEBUG: Extracted 39 HTML titles from data/10k_raw/CDNS/10-K/0000813672-22-000012/primary-document.html
2026-02-23 15:00:12,348 [src.preprocess] DEBUG: Extracted 37 HTML titles from data/10k_raw/CDNS/10-K/0000813672-23-000011/primary-document.html
2026-02-23 15:00:12,431 [src.preprocess] DEBUG: Extracted 37 HTML titles from data/10k_raw/CDNS/10-K/0000813672-24-000034/primary-document.html
2026-02-23 15:00:14,105 [src.preprocess] DEBUG: Extracted 143 HTML titles from data/10k_raw/CDW/10-K/0001402057-15-000003/primary-document.html
2026-02-23 15:00:14,110 [src.preprocess] DEBUG: Filtered 24 / 143 HTML titles against item_1a text
2026-02-23 15:00:15,908 [src.preprocess] DEBUG: Extracted 146 HTML titles from data/10k_raw/CDW/10-K/0001402057-16-000057/primary-document.html
2026-02-23 15:00:15,913 [src.preprocess] DEBUG: Filtered 22 / 146 HTML titles against item_1a text
2026-02-23 15:00:18,353 [src.preprocess] DEBUG: Extracted 357 HTML titles from data/10k_raw/CDW/10-K/0001402057-17-000007/primary-document.html
2026-02-23 15:00:18,376 [src.preprocess] DEBUG: Filtered 26 / 357 HTML titles against item_1a text
2026-02-23 15:00:20,530 [src.preprocess] DEBUG: Extracted 157 HTML titles from data/10k_raw/CDW/10-K/0001402057-18-000038/primary-document.html
2026-02-23 15:00:20,535 [src.preprocess] DEBUG: Filtered 20 / 157 HTML titles against item_1a text
2026-02-23 15:00:22,075 [src.preprocess] DEBUG: Extracted 147 HTML titles from data/10k_raw/CDW/10-K/0001402057-19-000046/primary-document.html
2026-02-23 15:00:22,080 [src.preprocess] DEBUG: Filtered 21 / 147 HTML titles against item_1a text
2026-02-23 15:00:23,424 [src.preprocess] DEBUG: Extracted 145 HTML titles from data/10k_raw/CDW/10-K/0001402057-20-000042/primary-document.html
2026-02-23 15:00:23,428 [src.preprocess] DEBUG: Filtered 16 / 145 HTML titles against item_1a text
2026-02-23 15:00:24,077 [src.preprocess] DEBUG: Extracted 147 HTML titles from data/10k_raw/CDW/10-K/0001402057-21-000022/primary-document.html
2026-02-23 15:00:24,081 [src.preprocess] DEBUG: Filtered 17 / 147 HTML titles against item_1a text
2026-02-23 15:00:24,633 [src.preprocess] DEBUG: Extracted 141 HTML titles from data/10k_raw/CDW/10-K/0001402057-22-000020/primary-document.html
2026-02-23 15:00:24,637 [src.preprocess] DEBUG: Filtered 23 / 141 HTML titles against item_1a text
2026-02-23 15:00:25,175 [src.preprocess] DEBUG: Extracted 142 HTML titles from data/10k_raw/CDW/10-K/0001402057-23-000052/primary-document.html
2026-02-23 15:00:25,179 [src.preprocess] DEBUG: Filtered 26 / 142 HTML titles against item_1a text
2026-02-23 15:00:25,679 [src.preprocess] DEBUG: Extracted 198 HTML titles from data/10k_raw/CDW/10-K/0001402057-24-000015/primary-document.html
2026-02-23 15:00:25,685 [src.preprocess] DEBUG: Filtered 36 / 198 HTML titles against item_1a text
2026-02-23 15:00:25,867 [src.preprocess] DEBUG: Extracted 22 HTML titles from data/10k_raw/CF/10-K/0001324404-16-000019/primary-document.html
2026-02-23 15:00:26,045 [src.preprocess] DEBUG: Extracted 22 HTML titles from data/10k_raw/CF/10-K/0001324404-17-000007/primary-document.html
2026-02-23 15:00:26,218 [src.preprocess] DEBUG: Extracted 21 HTML titles from data/10k_raw/CF/10-K/0001324404-18-000006/primary-document.html
2026-02-23 15:00:26,388 [src.preprocess] DEBUG: Extracted 21 HTML titles from data/10k_raw/CF/10-K/0001324404-19-000006/primary-document.html
2026-02-23 15:00:26,614 [src.preprocess] DEBUG: Extracted 19 HTML titles from data/10k_raw/CF/10-K/0001324404-20-000006/primary-document.html
2026-02-23 15:00:26,751 [src.preprocess] DEBUG: Extracted 24 HTML titles from data/10k_raw/CF/10-K/0001324404-21-000008/primary-document.html
2026-02-23 15:00:26,891 [src.preprocess] DEBUG: Extracted 23 HTML titles from data/10k_raw/CF/10-K/0001324404-22-000008/primary-document.html
2026-02-23 15:00:27,031 [src.preprocess] DEBUG: Extracted 21 HTML titles from data/10k_raw/CF/10-K/0001324404-23-000006/primary-document.html
2026-02-23 15:00:27,151 [src.preprocess] DEBUG: Extracted 20 HTML titles from data/10k_raw/CF/10-K/0001324404-24-000008/primary-document.html
2026-02-23 15:00:27,311 [src.preprocess] DEBUG: Extracted 20 HTML titles from data/10k_raw/CF/10-K/0001628280-15-001077/primary-document.html
2026-02-23 15:00:27,629 [src.preprocess] DEBUG: Extracted 113 HTML titles from data/10k_raw/CFG/10-K/0000759944-15-000016/primary-document.html
2026-02-23 15:00:27,950 [src.preprocess] DEBUG: Extracted 95 HTML titles from data/10k_raw/CFG/10-K/0000759944-16-000099/primary-document.html
2026-02-23 15:00:28,233 [src.preprocess] DEBUG: Extracted 98 HTML titles from data/10k_raw/CFG/10-K/0000759944-17-000012/primary-document.html
2026-02-23 15:00:28,512 [src.preprocess] DEBUG: Extracted 67 HTML titles from data/10k_raw/CFG/10-K/0000759944-18-000016/primary-document.html
2026-02-23 15:00:28,803 [src.preprocess] DEBUG: Extracted 69 HTML titles from data/10k_raw/CFG/10-K/0000759944-19-000024/primary-document.html
2026-02-23 15:00:29,088 [src.preprocess] DEBUG: Extracted 64 HTML titles from data/10k_raw/CFG/10-K/0000759944-20-000030/primary-document.html
2026-02-23 15:00:29,316 [src.preprocess] DEBUG: Extracted 67 HTML titles from data/10k_raw/CFG/10-K/0000759944-21-000034/primary-document.html
2026-02-23 15:00:29,539 [src.preprocess] DEBUG: Extracted 73 HTML titles from data/10k_raw/CFG/10-K/0000759944-22-000025/primary-document.html
2026-02-23 15:00:29,763 [src.preprocess] DEBUG: Extracted 67 HTML titles from data/10k_raw/CFG/10-K/0000759944-23-000029/primary-document.html
2026-02-23 15:00:29,974 [src.preprocess] DEBUG: Extracted 68 HTML titles from data/10k_raw/CFG/10-K/0000759944-24-000039/primary-document.html
2026-02-23 15:00:30,966 [src.preprocess] DEBUG: Extracted 283 HTML titles from data/10k_raw/CHD/10-K/0000950170-23-003066/primary-document.html
2026-02-23 15:00:30,978 [src.preprocess] DEBUG: Filtered 4 / 283 HTML titles against item_1a text
2026-02-23 15:00:31,944 [src.preprocess] DEBUG: Extracted 289 HTML titles from data/10k_raw/CHD/10-K/0000950170-24-015810/primary-document.html
2026-02-23 15:00:31,957 [src.preprocess] DEBUG: Filtered 6 / 289 HTML titles against item_1a text
2026-02-23 15:00:32,981 [src.preprocess] DEBUG: Extracted 235 HTML titles from data/10k_raw/CHD/10-K/0001564590-15-000786/primary-document.html
2026-02-23 15:00:32,988 [src.preprocess] DEBUG: Filtered 18 / 235 HTML titles against item_1a text
2026-02-23 15:00:33,961 [src.preprocess] DEBUG: Extracted 239 HTML titles from data/10k_raw/CHD/10-K/0001564590-16-012917/primary-document.html
2026-02-23 15:00:33,967 [src.preprocess] DEBUG: Filtered 23 / 239 HTML titles against item_1a text
2026-02-23 15:00:34,770 [src.preprocess] DEBUG: Extracted 220 HTML titles from data/10k_raw/CHD/10-K/0001564590-17-002326/primary-document.html
2026-02-23 15:00:34,775 [src.preprocess] DEBUG: Filtered 23 / 220 HTML titles against item_1a text
2026-02-23 15:00:35,590 [src.preprocess] DEBUG: Extracted 226 HTML titles from data/10k_raw/CHD/10-K/0001564590-18-002984/primary-document.html
2026-02-23 15:00:35,595 [src.preprocess] DEBUG: Filtered 25 / 226 HTML titles against item_1a text
2026-02-23 15:00:36,534 [src.preprocess] DEBUG: Extracted 297 HTML titles from data/10k_raw/CHD/10-K/0001564590-19-003587/primary-document.html
2026-02-23 15:00:36,545 [src.preprocess] DEBUG: Filtered 26 / 297 HTML titles against item_1a text
2026-02-23 15:00:37,595 [src.preprocess] DEBUG: Extracted 300 HTML titles from data/10k_raw/CHD/10-K/0001564590-20-004956/primary-document.html
2026-02-23 15:00:37,608 [src.preprocess] DEBUG: Filtered 24 / 300 HTML titles against item_1a text
2026-02-23 15:00:38,618 [src.preprocess] DEBUG: Extracted 303 HTML titles from data/10k_raw/CHD/10-K/0001564590-21-006669/primary-document.html
2026-02-23 15:00:38,630 [src.preprocess] DEBUG: Filtered 23 / 303 HTML titles against item_1a text
2026-02-23 15:00:39,550 [src.preprocess] DEBUG: Extracted 292 HTML titles from data/10k_raw/CHD/10-K/0001564590-22-005528/primary-document.html
2026-02-23 15:00:39,562 [src.preprocess] DEBUG: Filtered 18 / 292 HTML titles against item_1a text
2026-02-23 15:00:39,656 [src.preprocess] DEBUG: Extracted 0 HTML titles from data/10k_raw/CHRW/10-K/0001043277-16-000020/primary-document.html
2026-02-23 15:00:39,706 [src.preprocess] DEBUG: Extracted 0 HTML titles from data/10k_raw/CHRW/10-K/0001043277-17-000004/primary-document.html
2026-02-23 15:00:39,756 [src.preprocess] DEBUG: Extracted 0 HTML titles from data/10k_raw/CHRW/10-K/0001043277-18-000007/primary-document.html
2026-02-23 15:00:39,809 [src.preprocess] DEBUG: Extracted 0 HTML titles from data/10k_raw/CHRW/10-K/0001043277-19-000006/primary-document.html
2026-02-23 15:00:39,895 [src.preprocess] DEBUG: Extracted 21 HTML titles from data/10k_raw/CHRW/10-K/0001043277-20-000016/primary-document.html
2026-02-23 15:00:39,958 [src.preprocess] DEBUG: Extracted 26 HTML titles from data/10k_raw/CHRW/10-K/0001043277-21-000009/primary-document.html
2026-02-23 15:00:40,023 [src.preprocess] DEBUG: Extracted 25 HTML titles from data/10k_raw/CHRW/10-K/0001043277-22-000006/primary-document.html
2026-02-23 15:00:40,100 [src.preprocess] DEBUG: Extracted 39 HTML titles from data/10k_raw/CHRW/10-K/0001043277-23-000005/primary-document.html
2026-02-23 15:00:40,171 [src.preprocess] DEBUG: Extracted 40 HTML titles from data/10k_raw/CHRW/10-K/0001043277-24-000011/primary-document.html
2026-02-23 15:00:40,220 [src.preprocess] DEBUG: Extracted 0 HTML titles from data/10k_raw/CHRW/10-K/0001628280-15-001350/primary-document.html
2026-02-23 15:00:40,454 [src.preprocess] DEBUG: Extracted 93 HTML titles from data/10k_raw/CHTR/10-K/0001091667-15-000049/primary-document.html
2026-02-23 15:00:40,669 [src.preprocess] DEBUG: Extracted 97 HTML titles from data/10k_raw/CHTR/10-K/0001091667-16-000396/primary-document.html
2026-02-23 15:00:40,865 [src.preprocess] DEBUG: Extracted 83 HTML titles from data/10k_raw/CHTR/10-K/0001091667-17-000030/primary-document.html
2026-02-23 15:00:41,064 [src.preprocess] DEBUG: Extracted 70 HTML titles from data/10k_raw/CHTR/10-K/0001091667-18-000025/primary-document.html
2026-02-23 15:00:41,235 [src.preprocess] DEBUG: Extracted 68 HTML titles from data/10k_raw/CHTR/10-K/0001091667-19-000029/primary-document.html
2026-02-23 15:00:41,424 [src.preprocess] DEBUG: Extracted 65 HTML titles from data/10k_raw/CHTR/10-K/0001091667-20-000024/primary-document.html
2026-02-23 15:00:41,576 [src.preprocess] DEBUG: Extracted 67 HTML titles from data/10k_raw/CHTR/10-K/0001091667-21-000022/primary-document.html
2026-02-23 15:00:41,703 [src.preprocess] DEBUG: Extracted 63 HTML titles from data/10k_raw/CHTR/10-K/0001091667-22-000024/primary-document.html
2026-02-23 15:00:41,814 [src.preprocess] DEBUG: Extracted 67 HTML titles from data/10k_raw/CHTR/10-K/0001091667-23-000024/primary-document.html
2026-02-23 15:00:41,915 [src.preprocess] DEBUG: Extracted 65 HTML titles from data/10k_raw/CHTR/10-K/0001091667-24-000028/primary-document.html
2026-02-23 15:00:42,117 [src.preprocess] DEBUG: Extracted 0 HTML titles from data/10k_raw/CINF/10-K/0000020286-15-000011/primary-document.html
2026-02-23 15:00:42,308 [src.preprocess] DEBUG: Extracted 0 HTML titles from data/10k_raw/CINF/10-K/0000020286-16-000055/primary-document.html
2026-02-23 15:00:42,514 [src.preprocess] DEBUG: Extracted 0 HTML titles from data/10k_raw/CINF/10-K/0000020286-17-000013/primary-document.html
2026-02-23 15:00:42,711 [src.preprocess] DEBUG: Extracted 0 HTML titles from data/10k_raw/CINF/10-K/0000020286-18-000012/primary-document.html
2026-02-23 15:00:42,905 [src.preprocess] DEBUG: Extracted 0 HTML titles from data/10k_raw/CINF/10-K/0000020286-19-000012/primary-document.html
2026-02-23 15:00:43,154 [src.preprocess] DEBUG: Extracted 0 HTML titles from data/10k_raw/CINF/10-K/0000020286-20-000011/primary-document.html
2026-02-23 15:00:43,355 [src.preprocess] DEBUG: Extracted 0 HTML titles from data/10k_raw/CINF/10-K/0000020286-21-000013/primary-document.html
2026-02-23 15:00:43,552 [src.preprocess] DEBUG: Extracted 0 HTML titles from data/10k_raw/CINF/10-K/0000020286-22-000012/primary-document.html
2026-02-23 15:00:43,750 [src.preprocess] DEBUG: Extracted 0 HTML titles from data/10k_raw/CINF/10-K/0000020286-23-000008/primary-document.html
2026-02-23 15:00:43,934 [src.preprocess] DEBUG: Extracted 0 HTML titles from data/10k_raw/CINF/10-K/0000020286-24-000014/primary-document.html
2026-02-23 15:00:44,038 [src.preprocess] DEBUG: Extracted 16 HTML titles from data/10k_raw/CL/10-K/0000021665-17-000002/primary-document.html
2026-02-23 15:00:44,038 [src.preprocess] DEBUG: Filtered 1 / 16 HTML titles against item_1a text
2026-02-23 15:00:44,147 [src.preprocess] DEBUG: Extracted 15 HTML titles from data/10k_raw/CL/10-K/0000021665-18-000003/primary-document.html
2026-02-23 15:00:44,148 [src.preprocess] DEBUG: Filtered 1 / 15 HTML titles against item_1a text
2026-02-23 15:00:44,263 [src.preprocess] DEBUG: Extracted 19 HTML titles from data/10k_raw/CL/10-K/0000021665-19-000003/primary-document.html
2026-02-23 15:00:44,263 [src.preprocess] DEBUG: Filtered 1 / 19 HTML titles against item_1a text
2026-02-23 15:00:44,427 [src.preprocess] DEBUG: Extracted 18 HTML titles from data/10k_raw/CL/10-K/0000021665-20-000004/primary-document.html
2026-02-23 15:00:44,427 [src.preprocess] DEBUG: Filtered 1 / 18 HTML titles against item_1a text
2026-02-23 15:00:44,551 [src.preprocess] DEBUG: Extracted 27 HTML titles from data/10k_raw/CL/10-K/0000021665-21-000007/primary-document.html
2026-02-23 15:00:44,551 [src.preprocess] DEBUG: Filtered 1 / 27 HTML titles against item_1a text
2026-02-23 15:00:44,665 [src.preprocess] DEBUG: Extracted 29 HTML titles from data/10k_raw/CL/10-K/0000021665-22-000003/primary-document.html
2026-02-23 15:00:44,666 [src.preprocess] DEBUG: Filtered 1 / 29 HTML titles against item_1a text
2026-02-23 15:00:44,786 [src.preprocess] DEBUG: Extracted 29 HTML titles from data/10k_raw/CL/10-K/0000021665-23-000007/primary-document.html
2026-02-23 15:00:44,787 [src.preprocess] DEBUG: Filtered 1 / 29 HTML titles against item_1a text
2026-02-23 15:00:44,888 [src.preprocess] DEBUG: Extracted 29 HTML titles from data/10k_raw/CL/10-K/0000021665-24-000003/primary-document.html
2026-02-23 15:00:44,889 [src.preprocess] DEBUG: Filtered 1 / 29 HTML titles against item_1a text
2026-02-23 15:00:44,993 [src.preprocess] DEBUG: Extracted 16 HTML titles from data/10k_raw/CL/10-K/0001628280-15-000846/primary-document.html
2026-02-23 15:00:44,993 [src.preprocess] DEBUG: Filtered 1 / 16 HTML titles against item_1a text
2026-02-23 15:00:45,096 [src.preprocess] DEBUG: Extracted 16 HTML titles from data/10k_raw/CL/10-K/0001628280-16-011343/primary-document.html
2026-02-23 15:00:45,096 [src.preprocess] DEBUG: Filtered 1 / 16 HTML titles against item_1a text
2026-02-23 15:00:45,251 [src.preprocess] DEBUG: Extracted 78 HTML titles from data/10k_raw/CLX/10-K/0000021076-18-000011/primary-document.html
2026-02-23 15:00:45,395 [src.preprocess] DEBUG: Extracted 75 HTML titles from data/10k_raw/CLX/10-K/0000021076-19-000012/primary-document.html
2026-02-23 15:00:45,535 [src.preprocess] DEBUG: Extracted 67 HTML titles from data/10k_raw/CLX/10-K/0000021076-20-000016/primary-document.html
2026-02-23 15:00:45,536 [src.preprocess] DEBUG: Filtered 4 / 67 HTML titles against item_1a text
2026-02-23 15:00:45,646 [src.preprocess] DEBUG: Extracted 72 HTML titles from data/10k_raw/CLX/10-K/0000021076-21-000016/primary-document.html
2026-02-23 15:00:45,647 [src.preprocess] DEBUG: Filtered 4 / 72 HTML titles against item_1a text
2026-02-23 15:00:45,770 [src.preprocess] DEBUG: Extracted 79 HTML titles from data/10k_raw/CLX/10-K/0000021076-22-000026/primary-document.html
2026-02-23 15:00:45,771 [src.preprocess] DEBUG: Filtered 3 / 79 HTML titles against item_1a text
2026-02-23 15:00:45,873 [src.preprocess] DEBUG: Extracted 82 HTML titles from data/10k_raw/CLX/10-K/0000021076-23-000037/primary-document.html
2026-02-23 15:00:45,874 [src.preprocess] DEBUG: Filtered 3 / 82 HTML titles against item_1a text
2026-02-23 15:00:45,948 [src.preprocess] DEBUG: Extracted 40 HTML titles from data/10k_raw/CLX/10-K/0000021076-24-000030/primary-document.html
2026-02-23 15:00:45,948 [src.preprocess] DEBUG: Filtered 3 / 40 HTML titles against item_1a text
2026-02-23 15:00:46,102 [src.preprocess] DEBUG: Extracted 0 HTML titles from data/10k_raw/CLX/10-K/0001206774-15-002800/primary-document.html
2026-02-23 15:00:46,128 [src.preprocess] DEBUG: Extracted 0 HTML titles from data/10k_raw/CLX/10-K/0001206774-16-006893/primary-document.html
2026-02-23 15:00:46,321 [src.preprocess] DEBUG: Extracted 80 HTML titles from data/10k_raw/CLX/10-K/0001628280-17-008700/primary-document.html
2026-02-23 15:00:48,500 [src.preprocess] DEBUG: Extracted 199 HTML titles from data/10k_raw/CMCSA/10-K/0001166691-18-000004/primary-document.html
2026-02-23 15:00:48,505 [src.preprocess] DEBUG: Filtered 8 / 199 HTML titles against item_1a text
2026-02-23 15:00:51,031 [src.preprocess] DEBUG: Extracted 229 HTML titles from data/10k_raw/CMCSA/10-K/0001166691-19-000005/primary-document.html
2026-02-23 15:00:51,038 [src.preprocess] DEBUG: Filtered 5 / 229 HTML titles against item_1a text
2026-02-23 15:00:52,702 [src.preprocess] DEBUG: Extracted 229 HTML titles from data/10k_raw/CMCSA/10-K/0001166691-20-000008/primary-document.html
2026-02-23 15:00:52,708 [src.preprocess] DEBUG: Filtered 4 / 229 HTML titles against item_1a text
2026-02-23 15:00:53,418 [src.preprocess] DEBUG: Extracted 223 HTML titles from data/10k_raw/CMCSA/10-K/0001166691-21-000008/primary-document.html
2026-02-23 15:00:53,427 [src.preprocess] DEBUG: Filtered 2 / 223 HTML titles against item_1a text
2026-02-23 15:00:54,001 [src.preprocess] DEBUG: Extracted 165 HTML titles from data/10k_raw/CMCSA/10-K/0001166691-22-000009/primary-document.html
2026-02-23 15:00:54,004 [src.preprocess] DEBUG: Filtered 3 / 165 HTML titles against item_1a text
2026-02-23 15:00:54,590 [src.preprocess] DEBUG: Extracted 161 HTML titles from data/10k_raw/CMCSA/10-K/0001166691-23-000010/primary-document.html
2026-02-23 15:00:54,593 [src.preprocess] DEBUG: Filtered 1 / 161 HTML titles against item_1a text
2026-02-23 15:00:55,198 [src.preprocess] DEBUG: Extracted 170 HTML titles from data/10k_raw/CMCSA/10-K/0001166691-24-000011/primary-document.html
2026-02-23 15:00:55,201 [src.preprocess] DEBUG: Filtered 2 / 170 HTML titles against item_1a text
2026-02-23 15:00:55,311 [src.preprocess] DEBUG: Extracted 0 HTML titles from data/10k_raw/CMCSA/10-K/0001193125-15-068526/primary-document.html
2026-02-23 15:00:55,401 [src.preprocess] DEBUG: Extracted 0 HTML titles from data/10k_raw/CMCSA/10-K/0001193125-16-452423/primary-document.html
2026-02-23 15:00:55,491 [src.preprocess] DEBUG: Extracted 0 HTML titles from data/10k_raw/CMCSA/10-K/0001193125-17-030512/primary-document.html
2026-02-23 15:00:56,570 [src.preprocess] DEBUG: Extracted 365 HTML titles from data/10k_raw/CME/10-K/0001156375-15-000014/primary-document.html
2026-02-23 15:00:56,586 [src.preprocess] DEBUG: Filtered 26 / 365 HTML titles against item_1a text
2026-02-23 15:00:57,681 [src.preprocess] DEBUG: Extracted 365 HTML titles from data/10k_raw/CME/10-K/0001156375-16-000116/primary-document.html
2026-02-23 15:00:57,696 [src.preprocess] DEBUG: Filtered 26 / 365 HTML titles against item_1a text
2026-02-23 15:00:58,786 [src.preprocess] DEBUG: Extracted 353 HTML titles from data/10k_raw/CME/10-K/0001156375-17-000016/primary-document.html
2026-02-23 15:00:58,800 [src.preprocess] DEBUG: Filtered 27 / 353 HTML titles against item_1a text
2026-02-23 15:00:59,809 [src.preprocess] DEBUG: Extracted 343 HTML titles from data/10k_raw/CME/10-K/0001156375-18-000026/primary-document.html
2026-02-23 15:00:59,823 [src.preprocess] DEBUG: Filtered 28 / 343 HTML titles against item_1a text
2026-02-23 15:01:00,895 [src.preprocess] DEBUG: Extracted 313 HTML titles from data/10k_raw/CME/10-K/0001156375-19-000010/primary-document.html
2026-02-23 15:01:00,905 [src.preprocess] DEBUG: Filtered 26 / 313 HTML titles against item_1a text
2026-02-23 15:01:01,777 [src.preprocess] DEBUG: Extracted 309 HTML titles from data/10k_raw/CME/10-K/0001156375-20-000013/primary-document.html
2026-02-23 15:01:01,788 [src.preprocess] DEBUG: Filtered 43 / 309 HTML titles against item_1a text
2026-02-23 15:01:02,378 [src.preprocess] DEBUG: Extracted 323 HTML titles from data/10k_raw/CME/10-K/0001156375-21-000020/primary-document.html
2026-02-23 15:01:02,390 [src.preprocess] DEBUG: Filtered 76 / 323 HTML titles against item_1a text
2026-02-23 15:01:02,931 [src.preprocess] DEBUG: Extracted 318 HTML titles from data/10k_raw/CME/10-K/0001156375-22-000076/primary-document.html
2026-02-23 15:01:02,943 [src.preprocess] DEBUG: Filtered 68 / 318 HTML titles against item_1a text
2026-02-23 15:01:03,482 [src.preprocess] DEBUG: Extracted 335 HTML titles from data/10k_raw/CME/10-K/0001156375-23-000020/primary-document.html
2026-02-23 15:01:03,497 [src.preprocess] DEBUG: Filtered 71 / 335 HTML titles against item_1a text
2026-02-23 15:01:03,989 [src.preprocess] DEBUG: Extracted 332 HTML titles from data/10k_raw/CME/10-K/0001156375-24-000010/primary-document.html
2026-02-23 15:01:04,004 [src.preprocess] DEBUG: Filtered 72 / 332 HTML titles against item_1a text
2026-02-23 15:01:04,127 [src.preprocess] DEBUG: Extracted 44 HTML titles from data/10k_raw/CMG/10-K/0001058090-16-000058/primary-document.html
2026-02-23 15:01:04,224 [src.preprocess] DEBUG: Extracted 42 HTML titles from data/10k_raw/CMG/10-K/0001058090-17-000009/primary-document.html
2026-02-23 15:01:04,322 [src.preprocess] DEBUG: Extracted 40 HTML titles from data/10k_raw/CMG/10-K/0001058090-18-000018/primary-document.html
2026-02-23 15:01:04,461 [src.preprocess] DEBUG: Extracted 48 HTML titles from data/10k_raw/CMG/10-K/0001058090-19-000007/primary-document.html
2026-02-23 15:01:04,462 [src.preprocess] DEBUG: Filtered 2 / 48 HTML titles against item_1a text
2026-02-23 15:01:05,141 [src.preprocess] DEBUG: Extracted 227 HTML titles from data/10k_raw/CMG/10-K/0001058090-20-000010/primary-document.html
2026-02-23 15:01:05,147 [src.preprocess] DEBUG: Filtered 26 / 227 HTML titles against item_1a text
2026-02-23 15:01:05,818 [src.preprocess] DEBUG: Extracted 230 HTML titles from data/10k_raw/CMG/10-K/0001058090-21-000010/primary-document.html
2026-02-23 15:01:05,824 [src.preprocess] DEBUG: Filtered 28 / 230 HTML titles against item_1a text
2026-02-23 15:01:06,422 [src.preprocess] DEBUG: Extracted 209 HTML titles from data/10k_raw/CMG/10-K/0001058090-22-000011/primary-document.html
2026-02-23 15:01:06,427 [src.preprocess] DEBUG: Filtered 23 / 209 HTML titles against item_1a text
2026-02-23 15:01:07,064 [src.preprocess] DEBUG: Extracted 225 HTML titles from data/10k_raw/CMG/10-K/0001058090-23-000010/primary-document.html
2026-02-23 15:01:07,070 [src.preprocess] DEBUG: Filtered 23 / 225 HTML titles against item_1a text
2026-02-23 15:01:07,139 [src.preprocess] DEBUG: Extracted 0 HTML titles from data/10k_raw/CMG/10-K/0001193125-15-033771/primary-document.html
2026-02-23 15:01:07,771 [src.preprocess] DEBUG: Extracted 235 HTML titles from data/10k_raw/CMG/10-K/0001562762-24-000023/primary-document.html
2026-02-23 15:01:07,777 [src.preprocess] DEBUG: Filtered 24 / 235 HTML titles against item_1a text
2026-02-23 15:01:07,926 [src.preprocess] DEBUG: Extracted 25 HTML titles from data/10k_raw/CMI/10-K/0000026172-15-000007/primary-document.html
2026-02-23 15:01:08,055 [src.preprocess] DEBUG: Extracted 25 HTML titles from data/10k_raw/CMI/10-K/0000026172-16-000033/primary-document.html
2026-02-23 15:01:08,185 [src.preprocess] DEBUG: Extracted 26 HTML titles from data/10k_raw/CMI/10-K/0000026172-17-000007/primary-document.html
2026-02-23 15:01:08,348 [src.preprocess] DEBUG: Extracted 27 HTML titles from data/10k_raw/CMI/10-K/0000026172-18-000011/primary-document.html
2026-02-23 15:01:08,516 [src.preprocess] DEBUG: Extracted 26 HTML titles from data/10k_raw/CMI/10-K/0000026172-19-000009/primary-document.html
2026-02-23 15:01:08,679 [src.preprocess] DEBUG: Extracted 26 HTML titles from data/10k_raw/CMI/10-K/0000026172-20-000009/primary-document.html
2026-02-23 15:01:08,831 [src.preprocess] DEBUG: Extracted 26 HTML titles from data/10k_raw/CMI/10-K/0000026172-21-000012/primary-document.html
2026-02-23 15:01:08,974 [src.preprocess] DEBUG: Extracted 21 HTML titles from data/10k_raw/CMI/10-K/0000026172-22-000008/primary-document.html
2026-02-23 15:01:09,129 [src.preprocess] DEBUG: Extracted 22 HTML titles from data/10k_raw/CMI/10-K/0000026172-23-000005/primary-document.html
2026-02-23 15:01:09,259 [src.preprocess] DEBUG: Extracted 23 HTML titles from data/10k_raw/CMI/10-K/0000026172-24-000012/primary-document.html
2026-02-23 15:01:12,819 [src.preprocess] DEBUG: Extracted 320 HTML titles from data/10k_raw/CMS/10-K/0000811156-19-000003/primary-document.html
2026-02-23 15:01:12,833 [src.preprocess] DEBUG: Filtered 39 / 320 HTML titles against item_1a text
2026-02-23 15:01:15,194 [src.preprocess] DEBUG: Extracted 329 HTML titles from data/10k_raw/CMS/10-K/0000811156-20-000004/primary-document.html
2026-02-23 15:01:15,209 [src.preprocess] DEBUG: Filtered 44 / 329 HTML titles against item_1a text
2026-02-23 15:01:16,689 [src.preprocess] DEBUG: Extracted 336 HTML titles from data/10k_raw/CMS/10-K/0000811156-21-000016/primary-document.html
2026-02-23 15:01:16,706 [src.preprocess] DEBUG: Filtered 89 / 336 HTML titles against item_1a text
2026-02-23 15:01:18,145 [src.preprocess] DEBUG: Extracted 325 HTML titles from data/10k_raw/CMS/10-K/0000811156-22-000048/primary-document.html
2026-02-23 15:01:18,163 [src.preprocess] DEBUG: Filtered 93 / 325 HTML titles against item_1a text
2026-02-23 15:01:19,568 [src.preprocess] DEBUG: Extracted 323 HTML titles from data/10k_raw/CMS/10-K/0000811156-23-000014/primary-document.html
2026-02-23 15:01:19,585 [src.preprocess] DEBUG: Filtered 93 / 323 HTML titles against item_1a text
2026-02-23 15:01:20,922 [src.preprocess] DEBUG: Extracted 341 HTML titles from data/10k_raw/CMS/10-K/0000811156-24-000044/primary-document.html
2026-02-23 15:01:20,940 [src.preprocess] DEBUG: Filtered 97 / 341 HTML titles against item_1a text
2026-02-23 15:01:21,346 [src.preprocess] DEBUG: Extracted 51 HTML titles from data/10k_raw/CMS/10-K/0001104659-15-006843/primary-document.html
2026-02-23 15:01:21,346 [src.preprocess] DEBUG: Filtered 27 / 51 HTML titles against item_1a text
2026-02-23 15:01:21,660 [src.preprocess] DEBUG: Extracted 44 HTML titles from data/10k_raw/CMS/10-K/0001104659-16-095725/primary-document.html
2026-02-23 15:01:21,660 [src.preprocess] DEBUG: Filtered 24 / 44 HTML titles against item_1a text
2026-02-23 15:01:22,011 [src.preprocess] DEBUG: Extracted 53 HTML titles from data/10k_raw/CMS/10-K/0001104659-17-006823/primary-document.html
2026-02-23 15:01:22,012 [src.preprocess] DEBUG: Filtered 31 / 53 HTML titles against item_1a text
2026-02-23 15:01:22,353 [src.preprocess] DEBUG: Extracted 55 HTML titles from data/10k_raw/CMS/10-K/0001104659-18-009493/primary-document.html
2026-02-23 15:01:22,354 [src.preprocess] DEBUG: Filtered 24 / 55 HTML titles against item_1a text
2026-02-23 15:01:22,559 [src.preprocess] DEBUG: Extracted 40 HTML titles from data/10k_raw/CNC/10-K/0001071739-15-000034/primary-document.html
2026-02-23 15:01:22,746 [src.preprocess] DEBUG: Extracted 48 HTML titles from data/10k_raw/CNC/10-K/0001071739-16-000192/primary-document.html
2026-02-23 15:01:23,019 [src.preprocess] DEBUG: Extracted 48 HTML titles from data/10k_raw/CNC/10-K/0001071739-17-000018/primary-document.html
2026-02-23 15:01:23,254 [src.preprocess] DEBUG: Extracted 44 HTML titles from data/10k_raw/CNC/10-K/0001071739-18-000030/primary-document.html
2026-02-23 15:01:23,424 [src.preprocess] DEBUG: Extracted 42 HTML titles from data/10k_raw/CNC/10-K/0001071739-19-000032/primary-document.html
2026-02-23 15:01:23,638 [src.preprocess] DEBUG: Extracted 51 HTML titles from data/10k_raw/CNC/10-K/0001071739-20-000060/primary-document.html
2026-02-23 15:01:23,790 [src.preprocess] DEBUG: Extracted 57 HTML titles from data/10k_raw/CNC/10-K/0001071739-21-000039/primary-document.html
2026-02-23 15:01:23,971 [src.preprocess] DEBUG: Extracted 56 HTML titles from data/10k_raw/CNC/10-K/0001071739-22-000071/primary-document.html
2026-02-23 15:01:24,117 [src.preprocess] DEBUG: Extracted 54 HTML titles from data/10k_raw/CNC/10-K/0001071739-23-000047/primary-document.html
2026-02-23 15:01:24,259 [src.preprocess] DEBUG: Extracted 50 HTML titles from data/10k_raw/CNC/10-K/0001071739-24-000037/primary-document.html
2026-02-23 15:01:24,412 [src.preprocess] DEBUG: Extracted 45 HTML titles from data/10k_raw/CNP/10-K/0001130310-15-000008/primary-document.html
2026-02-23 15:01:24,412 [src.preprocess] DEBUG: Filtered 1 / 45 HTML titles against item_1a text
2026-02-23 15:01:24,592 [src.preprocess] DEBUG: Extracted 50 HTML titles from data/10k_raw/CNP/10-K/0001130310-16-000031/primary-document.html
2026-02-23 15:01:24,592 [src.preprocess] DEBUG: Filtered 1 / 50 HTML titles against item_1a text
2026-02-23 15:01:24,747 [src.preprocess] DEBUG: Extracted 46 HTML titles from data/10k_raw/CNP/10-K/0001130310-17-000006/primary-document.html
2026-02-23 15:01:24,747 [src.preprocess] DEBUG: Filtered 1 / 46 HTML titles against item_1a text
2026-02-23 15:01:24,902 [src.preprocess] DEBUG: Extracted 45 HTML titles from data/10k_raw/CNP/10-K/0001130310-18-000003/primary-document.html
2026-02-23 15:01:24,902 [src.preprocess] DEBUG: Filtered 1 / 45 HTML titles against item_1a text
2026-02-23 15:01:25,146 [src.preprocess] DEBUG: Extracted 44 HTML titles from data/10k_raw/CNP/10-K/0001130310-19-000016/primary-document.html
2026-02-23 15:01:25,146 [src.preprocess] DEBUG: Filtered 1 / 44 HTML titles against item_1a text
2026-02-23 15:01:25,533 [src.preprocess] DEBUG: Extracted 42 HTML titles from data/10k_raw/CNP/10-K/0001130310-20-000016/primary-document.html
2026-02-23 15:01:25,533 [src.preprocess] DEBUG: Filtered 1 / 42 HTML titles against item_1a text
2026-02-23 15:01:25,843 [src.preprocess] DEBUG: Extracted 107 HTML titles from data/10k_raw/CNP/10-K/0001130310-21-000009/primary-document.html
2026-02-23 15:01:25,844 [src.preprocess] DEBUG: Filtered 4 / 107 HTML titles against item_1a text
2026-02-23 15:01:26,166 [src.preprocess] DEBUG: Extracted 91 HTML titles from data/10k_raw/CNP/10-K/0001130310-22-000023/primary-document.html
2026-02-23 15:01:26,167 [src.preprocess] DEBUG: Filtered 4 / 91 HTML titles against item_1a text
2026-02-23 15:01:26,468 [src.preprocess] DEBUG: Extracted 85 HTML titles from data/10k_raw/CNP/10-K/0001130310-23-000013/primary-document.html
2026-02-23 15:01:26,469 [src.preprocess] DEBUG: Filtered 6 / 85 HTML titles against item_1a text
2026-02-23 15:01:26,716 [src.preprocess] DEBUG: Extracted 86 HTML titles from data/10k_raw/CNP/10-K/0001130310-24-000010/primary-document.html
2026-02-23 15:01:26,717 [src.preprocess] DEBUG: Filtered 4 / 86 HTML titles against item_1a text
2026-02-23 15:01:27,004 [src.preprocess] DEBUG: Extracted 0 HTML titles from data/10k_raw/COF/10-K/0000927628-15-000026/primary-document.html
2026-02-23 15:01:27,275 [src.preprocess] DEBUG: Extracted 0 HTML titles from data/10k_raw/COF/10-K/0000927628-16-000140/primary-document.html
2026-02-23 15:01:27,572 [src.preprocess] DEBUG: Extracted 30 HTML titles from data/10k_raw/COF/10-K/0000927628-17-000115/primary-document.html
2026-02-23 15:01:27,901 [src.preprocess] DEBUG: Extracted 51 HTML titles from data/10k_raw/COF/10-K/0000927628-18-000107/primary-document.html
2026-02-23 15:01:28,274 [src.preprocess] DEBUG: Extracted 51 HTML titles from data/10k_raw/COF/10-K/0000927628-19-000093/primary-document.html
2026-02-23 15:01:28,626 [src.preprocess] DEBUG: Extracted 54 HTML titles from data/10k_raw/COF/10-K/0000927628-20-000102/primary-document.html
2026-02-23 15:01:28,931 [src.preprocess] DEBUG: Extracted 69 HTML titles from data/10k_raw/COF/10-K/0000927628-21-000094/primary-document.html
2026-02-23 15:01:29,223 [src.preprocess] DEBUG: Extracted 72 HTML titles from data/10k_raw/COF/10-K/0000927628-22-000106/primary-document.html
2026-02-23 15:01:29,535 [src.preprocess] DEBUG: Extracted 68 HTML titles from data/10k_raw/COF/10-K/0000927628-23-000117/primary-document.html
2026-02-23 15:01:29,785 [src.preprocess] DEBUG: Extracted 62 HTML titles from data/10k_raw/COF/10-K/0000927628-24-000094/primary-document.html
2026-02-23 15:01:29,883 [src.preprocess] DEBUG: Extracted 25 HTML titles from data/10k_raw/COO/10-K/0000711404-15-000021/primary-document.html
2026-02-23 15:01:29,979 [src.preprocess] DEBUG: Extracted 28 HTML titles from data/10k_raw/COO/10-K/0000711404-16-000042/primary-document.html
2026-02-23 15:01:30,078 [src.preprocess] DEBUG: Extracted 27 HTML titles from data/10k_raw/COO/10-K/0000711404-17-000044/primary-document.html
2026-02-23 15:01:30,199 [src.preprocess] DEBUG: Extracted 26 HTML titles from data/10k_raw/COO/10-K/0000711404-18-000047/primary-document.html
2026-02-23 15:01:30,311 [src.preprocess] DEBUG: Extracted 26 HTML titles from data/10k_raw/COO/10-K/0000711404-19-000051/primary-document.html
2026-02-23 15:01:30,432 [src.preprocess] DEBUG: Extracted 28 HTML titles from data/10k_raw/COO/10-K/0000711404-20-000042/primary-document.html
2026-02-23 15:01:30,538 [src.preprocess] DEBUG: Extracted 27 HTML titles from data/10k_raw/COO/10-K/0000711404-21-000038/primary-document.html
2026-02-23 15:01:30,637 [src.preprocess] DEBUG: Extracted 28 HTML titles from data/10k_raw/COO/10-K/0000711404-22-000053/primary-document.html
2026-02-23 15:01:30,720 [src.preprocess] DEBUG: Extracted 30 HTML titles from data/10k_raw/COO/10-K/0000711404-23-000072/primary-document.html
2026-02-23 15:01:30,801 [src.preprocess] DEBUG: Extracted 31 HTML titles from data/10k_raw/COO/10-K/0000711404-24-000074/primary-document.html
2026-02-23 15:01:31,004 [src.preprocess] DEBUG: Extracted 20 HTML titles from data/10k_raw/COP/10-K/0001163165-23-000006/primary-document.html
2026-02-23 15:01:31,154 [src.preprocess] DEBUG: Extracted 18 HTML titles from data/10k_raw/COP/10-K/0001163165-24-000010/primary-document.html
2026-02-23 15:01:31,241 [src.preprocess] DEBUG: Extracted 0 HTML titles from data/10k_raw/COP/10-K/0001193125-15-059281/primary-document.html
2026-02-23 15:01:31,330 [src.preprocess] DEBUG: Extracted 0 HTML titles from data/10k_raw/COP/10-K/0001193125-16-472901/primary-document.html
2026-02-23 15:01:31,424 [src.preprocess] DEBUG: Extracted 0 HTML titles from data/10k_raw/COP/10-K/0001193125-17-050077/primary-document.html
2026-02-23 15:01:31,519 [src.preprocess] DEBUG: Extracted 0 HTML titles from data/10k_raw/COP/10-K/0001193125-18-049729/primary-document.html
2026-02-23 15:01:31,616 [src.preprocess] DEBUG: Extracted 0 HTML titles from data/10k_raw/COP/10-K/0001193125-19-043841/primary-document.html
2026-02-23 15:01:31,794 [src.preprocess] DEBUG: Extracted 26 HTML titles from data/10k_raw/COP/10-K/0001193125-20-039954/primary-document.html
2026-02-23 15:01:31,794 [src.preprocess] DEBUG: Filtered 22 / 26 HTML titles against item_1a text
2026-02-23 15:01:31,979 [src.preprocess] DEBUG: Extracted 36 HTML titles from data/10k_raw/COP/10-K/0001562762-21-000027/primary-document.html
2026-02-23 15:01:31,979 [src.preprocess] DEBUG: Filtered 27 / 36 HTML titles against item_1a text
2026-02-23 15:01:32,161 [src.preprocess] DEBUG: Extracted 31 HTML titles from data/10k_raw/COP/10-K/0001562762-22-000031/primary-document.html
2026-02-23 15:01:32,162 [src.preprocess] DEBUG: Filtered 21 / 31 HTML titles against item_1a text
2026-02-23 15:01:32,210 [src.preprocess] DEBUG: Extracted 0 HTML titles from data/10k_raw/COR/10-K/0001047469-15-008939/primary-document.html
2026-02-23 15:01:32,292 [src.preprocess] DEBUG: Extracted 31 HTML titles from data/10k_raw/COR/10-K/0001140859-16-000022/primary-document.html
2026-02-23 15:01:32,363 [src.preprocess] DEBUG: Extracted 33 HTML titles from data/10k_raw/COR/10-K/0001140859-17-000047/primary-document.html
2026-02-23 15:01:32,458 [src.preprocess] DEBUG: Extracted 28 HTML titles from data/10k_raw/COR/10-K/0001140859-18-000053/primary-document.html
2026-02-23 15:01:32,548 [src.preprocess] DEBUG: Extracted 27 HTML titles from data/10k_raw/COR/10-K/0001140859-19-000040/primary-document.html
2026-02-23 15:01:32,634 [src.preprocess] DEBUG: Extracted 34 HTML titles from data/10k_raw/COR/10-K/0001140859-20-000050/primary-document.html
2026-02-23 15:01:32,723 [src.preprocess] DEBUG: Extracted 41 HTML titles from data/10k_raw/COR/10-K/0001140859-21-000058/primary-document.html
2026-02-23 15:01:32,814 [src.preprocess] DEBUG: Extracted 42 HTML titles from data/10k_raw/COR/10-K/0001140859-22-000098/primary-document.html
2026-02-23 15:01:32,889 [src.preprocess] DEBUG: Extracted 50 HTML titles from data/10k_raw/COR/10-K/0001140859-23-000197/primary-document.html
2026-02-23 15:01:32,961 [src.preprocess] DEBUG: Extracted 55 HTML titles from data/10k_raw/COR/10-K/0001140859-24-000177/primary-document.html
2026-02-23 15:01:33,018 [src.preprocess] DEBUG: Extracted 0 HTML titles from data/10k_raw/COST/10-K/0000909832-15-000014/primary-document.html
2026-02-23 15:01:33,066 [src.preprocess] DEBUG: Extracted 0 HTML titles from data/10k_raw/COST/10-K/0000909832-16-000032/primary-document.html
2026-02-23 15:01:33,115 [src.preprocess] DEBUG: Extracted 0 HTML titles from data/10k_raw/COST/10-K/0000909832-17-000014/primary-document.html
2026-02-23 15:01:33,161 [src.preprocess] DEBUG: Extracted 0 HTML titles from data/10k_raw/COST/10-K/0000909832-18-000013/primary-document.html
2026-02-23 15:01:33,207 [src.preprocess] DEBUG: Extracted 0 HTML titles from data/10k_raw/COST/10-K/0000909832-19-000019/primary-document.html
2026-02-23 15:01:33,275 [src.preprocess] DEBUG: Extracted 0 HTML titles from data/10k_raw/COST/10-K/0000909832-20-000017/primary-document.html
2026-02-23 15:01:33,322 [src.preprocess] DEBUG: Extracted 0 HTML titles from data/10k_raw/COST/10-K/0000909832-21-000014/primary-document.html
2026-02-23 15:01:33,369 [src.preprocess] DEBUG: Extracted 0 HTML titles from data/10k_raw/COST/10-K/0000909832-22-000021/primary-document.html
2026-02-23 15:01:33,407 [src.preprocess] DEBUG: Extracted 0 HTML titles from data/10k_raw/COST/10-K/0000909832-23-000042/primary-document.html
2026-02-23 15:01:33,444 [src.preprocess] DEBUG: Extracted 0 HTML titles from data/10k_raw/COST/10-K/0000909832-24-000049/primary-document.html
2026-02-23 15:01:34,682 [src.preprocess] DEBUG: Extracted 322 HTML titles from data/10k_raw/CPAY/10-K/0001175454-17-000005/primary-document.html
2026-02-23 15:01:34,697 [src.preprocess] DEBUG: Filtered 38 / 322 HTML titles against item_1a text
2026-02-23 15:01:36,001 [src.preprocess] DEBUG: Extracted 305 HTML titles from data/10k_raw/CPAY/10-K/0001175454-18-000007/primary-document.html
2026-02-23 15:01:36,017 [src.preprocess] DEBUG: Filtered 38 / 305 HTML titles against item_1a text
2026-02-23 15:01:37,663 [src.preprocess] DEBUG: Extracted 308 HTML titles from data/10k_raw/CPAY/10-K/0001175454-19-000004/primary-document.html
2026-02-23 15:01:37,680 [src.preprocess] DEBUG: Filtered 34 / 308 HTML titles against item_1a text
2026-02-23 15:01:38,684 [src.preprocess] DEBUG: Extracted 315 HTML titles from data/10k_raw/CPAY/10-K/0001175454-20-000008/primary-document.html
2026-02-23 15:01:38,702 [src.preprocess] DEBUG: Filtered 52 / 315 HTML titles against item_1a text
2026-02-23 15:01:39,363 [src.preprocess] DEBUG: Extracted 295 HTML titles from data/10k_raw/CPAY/10-K/0001175454-21-000022/primary-document.html
2026-02-23 15:01:39,378 [src.preprocess] DEBUG: Filtered 68 / 295 HTML titles against item_1a text
2026-02-23 15:01:39,477 [src.preprocess] DEBUG: Extracted 0 HTML titles from data/10k_raw/CPAY/10-K/0001193125-15-073581/primary-document.html
2026-02-23 15:01:39,562 [src.preprocess] DEBUG: Extracted 0 HTML titles from data/10k_raw/CPAY/10-K/0001193125-16-485752/primary-document.html
2026-02-23 15:01:40,144 [src.preprocess] DEBUG: Extracted 287 HTML titles from data/10k_raw/CPAY/10-K/0001628280-22-004531/primary-document.html
2026-02-23 15:01:40,157 [src.preprocess] DEBUG: Filtered 65 / 287 HTML titles against item_1a text
2026-02-23 15:01:40,784 [src.preprocess] DEBUG: Extracted 275 HTML titles from data/10k_raw/CPAY/10-K/0001628280-23-005444/primary-document.html
2026-02-23 15:01:40,797 [src.preprocess] DEBUG: Filtered 65 / 275 HTML titles against item_1a text
2026-02-23 15:01:41,481 [src.preprocess] DEBUG: Extracted 302 HTML titles from data/10k_raw/CPAY/10-K/0001628280-24-008060/primary-document.html
2026-02-23 15:01:41,497 [src.preprocess] DEBUG: Filtered 67 / 302 HTML titles against item_1a text
2026-02-23 15:01:41,616 [src.preprocess] DEBUG: Extracted 24 HTML titles from data/10k_raw/CPB/10-K/0000016732-15-000034/primary-document.html
2026-02-23 15:01:41,739 [src.preprocess] DEBUG: Extracted 28 HTML titles from data/10k_raw/CPB/10-K/0000016732-16-000146/primary-document.html
2026-02-23 15:01:41,827 [src.preprocess] DEBUG: Extracted 28 HTML titles from data/10k_raw/CPB/10-K/0000016732-17-000058/primary-document.html
2026-02-23 15:01:41,927 [src.preprocess] DEBUG: Extracted 30 HTML titles from data/10k_raw/CPB/10-K/0000016732-18-000062/primary-document.html
2026-02-23 15:01:42,033 [src.preprocess] DEBUG: Extracted 26 HTML titles from data/10k_raw/CPB/10-K/0000016732-19-000070/primary-document.html
2026-02-23 15:01:42,184 [src.preprocess] DEBUG: Extracted 25 HTML titles from data/10k_raw/CPB/10-K/0000016732-20-000111/primary-document.html
2026-02-23 15:01:42,294 [src.preprocess] DEBUG: Extracted 28 HTML titles from data/10k_raw/CPB/10-K/0000016732-21-000103/primary-document.html
2026-02-23 15:01:42,399 [src.preprocess] DEBUG: Extracted 29 HTML titles from data/10k_raw/CPB/10-K/0000016732-22-000093/primary-document.html
2026-02-23 15:01:42,480 [src.preprocess] DEBUG: Extracted 31 HTML titles from data/10k_raw/CPB/10-K/0000016732-23-000109/primary-document.html
2026-02-23 15:01:42,568 [src.preprocess] DEBUG: Extracted 26 HTML titles from data/10k_raw/CPB/10-K/0000016732-24-000130/primary-document.html
2026-02-23 15:01:42,675 [src.preprocess] DEBUG: Extracted 58 HTML titles from data/10k_raw/CPRT/10-K/0000900075-16-000081/primary-document.html
2026-02-23 15:01:42,787 [src.preprocess] DEBUG: Extracted 58 HTML titles from data/10k_raw/CPRT/10-K/0000900075-17-000044/primary-document.html
2026-02-23 15:01:42,921 [src.preprocess] DEBUG: Extracted 59 HTML titles from data/10k_raw/CPRT/10-K/0000900075-18-000048/primary-document.html
2026-02-23 15:01:43,050 [src.preprocess] DEBUG: Extracted 62 HTML titles from data/10k_raw/CPRT/10-K/0000900075-19-000022/primary-document.html
2026-02-23 15:01:43,180 [src.preprocess] DEBUG: Extracted 65 HTML titles from data/10k_raw/CPRT/10-K/0000900075-20-000021/primary-document.html
2026-02-23 15:01:43,286 [src.preprocess] DEBUG: Extracted 69 HTML titles from data/10k_raw/CPRT/10-K/0000900075-21-000022/primary-document.html
2026-02-23 15:01:43,412 [src.preprocess] DEBUG: Extracted 70 HTML titles from data/10k_raw/CPRT/10-K/0000900075-22-000050/primary-document.html
2026-02-23 15:01:43,500 [src.preprocess] DEBUG: Extracted 69 HTML titles from data/10k_raw/CPRT/10-K/0000900075-23-000034/primary-document.html
2026-02-23 15:01:43,587 [src.preprocess] DEBUG: Extracted 70 HTML titles from data/10k_raw/CPRT/10-K/0000900075-24-000024/primary-document.html
2026-02-23 15:01:43,691 [src.preprocess] DEBUG: Extracted 55 HTML titles from data/10k_raw/CPRT/10-K/0001628280-15-007286/primary-document.html
2026-02-23 15:01:43,808 [src.preprocess] DEBUG: Extracted 0 HTML titles from data/10k_raw/CPT/10-K/0000906345-15-000007/primary-document.html
2026-02-23 15:01:43,918 [src.preprocess] DEBUG: Extracted 0 HTML titles from data/10k_raw/CPT/10-K/0000906345-16-000044/primary-document.html
2026-02-23 15:01:44,024 [src.preprocess] DEBUG: Extracted 0 HTML titles from data/10k_raw/CPT/10-K/0000906345-17-000009/primary-document.html
2026-02-23 15:01:44,132 [src.preprocess] DEBUG: Extracted 0 HTML titles from data/10k_raw/CPT/10-K/0000906345-18-000007/primary-document.html
2026-02-23 15:01:44,240 [src.preprocess] DEBUG: Extracted 0 HTML titles from data/10k_raw/CPT/10-K/0000906345-19-000006/primary-document.html
2026-02-23 15:01:44,374 [src.preprocess] DEBUG: Extracted 0 HTML titles from data/10k_raw/CPT/10-K/0000906345-20-000008/primary-document.html
2026-02-23 15:01:44,481 [src.preprocess] DEBUG: Extracted 0 HTML titles from data/10k_raw/CPT/10-K/0000906345-21-000010/primary-document.html
2026-02-23 15:01:44,589 [src.preprocess] DEBUG: Extracted 0 HTML titles from data/10k_raw/CPT/10-K/0000906345-22-000009/primary-document.html
2026-02-23 15:01:44,707 [src.preprocess] DEBUG: Extracted 0 HTML titles from data/10k_raw/CPT/10-K/0000906345-23-000008/primary-document.html
2026-02-23 15:01:44,797 [src.preprocess] DEBUG: Extracted 0 HTML titles from data/10k_raw/CPT/10-K/0000906345-24-000007/primary-document.html
2026-02-23 15:01:45,764 [src.preprocess] DEBUG: Extracted 209 HTML titles from data/10k_raw/CRL/10-K/0001100682-16-000006/primary-document.html
2026-02-23 15:01:45,769 [src.preprocess] DEBUG: Filtered 28 / 209 HTML titles against item_1a text
2026-02-23 15:01:46,887 [src.preprocess] DEBUG: Extracted 212 HTML titles from data/10k_raw/CRL/10-K/0001100682-17-000003/primary-document.html
2026-02-23 15:01:46,893 [src.preprocess] DEBUG: Filtered 32 / 212 HTML titles against item_1a text
2026-02-23 15:01:47,976 [src.preprocess] DEBUG: Extracted 216 HTML titles from data/10k_raw/CRL/10-K/0001100682-18-000005/primary-document.html
2026-02-23 15:01:47,983 [src.preprocess] DEBUG: Filtered 35 / 216 HTML titles against item_1a text
2026-02-23 15:01:49,151 [src.preprocess] DEBUG: Extracted 231 HTML titles from data/10k_raw/CRL/10-K/0001100682-19-000004/primary-document.html
2026-02-23 15:01:49,158 [src.preprocess] DEBUG: Filtered 33 / 231 HTML titles against item_1a text
2026-02-23 15:01:50,264 [src.preprocess] DEBUG: Extracted 246 HTML titles from data/10k_raw/CRL/10-K/0001100682-20-000005/primary-document.html
2026-02-23 15:01:50,273 [src.preprocess] DEBUG: Filtered 48 / 246 HTML titles against item_1a text
2026-02-23 15:01:50,952 [src.preprocess] DEBUG: Extracted 237 HTML titles from data/10k_raw/CRL/10-K/0001100682-21-000005/primary-document.html
2026-02-23 15:01:50,961 [src.preprocess] DEBUG: Filtered 52 / 237 HTML titles against item_1a text
2026-02-23 15:01:51,587 [src.preprocess] DEBUG: Extracted 239 HTML titles from data/10k_raw/CRL/10-K/0001100682-22-000007/primary-document.html
2026-02-23 15:01:51,595 [src.preprocess] DEBUG: Filtered 46 / 239 HTML titles against item_1a text
2026-02-23 15:01:51,721 [src.preprocess] DEBUG: Extracted 53 HTML titles from data/10k_raw/CRL/10-K/0001100682-23-000006/primary-document.html
2026-02-23 15:01:51,721 [src.preprocess] DEBUG: Filtered 2 / 53 HTML titles against item_1a text
2026-02-23 15:01:51,819 [src.preprocess] DEBUG: Extracted 52 HTML titles from data/10k_raw/CRL/10-K/0001100682-24-000007/primary-document.html
2026-02-23 15:01:51,819 [src.preprocess] DEBUG: Filtered 2 / 52 HTML titles against item_1a text
2026-02-23 15:01:51,991 [src.preprocess] DEBUG: Extracted 44 HTML titles from data/10k_raw/CRL/10-K/0001628280-15-000785/primary-document.html
2026-02-23 15:01:51,991 [src.preprocess] DEBUG: Filtered 3 / 44 HTML titles against item_1a text
2026-02-23 15:01:53,260 [src.preprocess] DEBUG: Extracted 273 HTML titles from data/10k_raw/CRM/10-K/0001108524-15-000008/primary-document.html
2026-02-23 15:01:53,273 [src.preprocess] DEBUG: Filtered 37 / 273 HTML titles against item_1a text
2026-02-23 15:01:54,637 [src.preprocess] DEBUG: Extracted 285 HTML titles from data/10k_raw/CRM/10-K/0001108524-16-000053/primary-document.html
2026-02-23 15:01:54,651 [src.preprocess] DEBUG: Filtered 40 / 285 HTML titles against item_1a text
2026-02-23 15:01:56,004 [src.preprocess] DEBUG: Extracted 290 HTML titles from data/10k_raw/CRM/10-K/0001108524-17-000006/primary-document.html
2026-02-23 15:01:56,022 [src.preprocess] DEBUG: Filtered 38 / 290 HTML titles against item_1a text
2026-02-23 15:01:56,122 [src.preprocess] DEBUG: Extracted 1 HTML titles from data/10k_raw/CRM/10-K/0001108524-18-000011/primary-document.html
2026-02-23 15:01:56,195 [src.preprocess] DEBUG: Extracted 1 HTML titles from data/10k_raw/CRM/10-K/0001108524-19-000009/primary-document.html
2026-02-23 15:01:56,303 [src.preprocess] DEBUG: Extracted 1 HTML titles from data/10k_raw/CRM/10-K/0001108524-20-000014/primary-document.html
2026-02-23 15:01:56,378 [src.preprocess] DEBUG: Extracted 1 HTML titles from data/10k_raw/CRM/10-K/0001108524-22-000008/primary-document.html
2026-02-23 15:01:56,452 [src.preprocess] DEBUG: Extracted 1 HTML titles from data/10k_raw/CRM/10-K/0001108524-22-000013/primary-document.html
2026-02-23 15:01:56,539 [src.preprocess] DEBUG: Extracted 1 HTML titles from data/10k_raw/CRM/10-K/0001108524-23-000011/primary-document.html
2026-02-23 15:01:56,599 [src.preprocess] DEBUG: Extracted 1 HTML titles from data/10k_raw/CRM/10-K/0001108524-24-000005/primary-document.html
2026-02-23 15:01:56,599 [src.preprocess] INFO: Processed 1000 / 4420 files (178464 paragraphs so far)
2026-02-23 15:01:58,503 [src.preprocess] DEBUG: Extracted 363 HTML titles from data/10k_raw/CSCO/10-K/0000858877-15-000070/primary-document.html
2026-02-23 15:01:58,525 [src.preprocess] DEBUG: Filtered 29 / 363 HTML titles against item_1a text
2026-02-23 15:02:00,553 [src.preprocess] DEBUG: Extracted 365 HTML titles from data/10k_raw/CSCO/10-K/0000858877-16-000117/primary-document.html
2026-02-23 15:02:00,574 [src.preprocess] DEBUG: Filtered 30 / 365 HTML titles against item_1a text
2026-02-23 15:02:02,617 [src.preprocess] DEBUG: Extracted 368 HTML titles from data/10k_raw/CSCO/10-K/0000858877-17-000016/primary-document.html
2026-02-23 15:02:02,639 [src.preprocess] DEBUG: Filtered 29 / 368 HTML titles against item_1a text
2026-02-23 15:02:04,500 [src.preprocess] DEBUG: Extracted 361 HTML titles from data/10k_raw/CSCO/10-K/0000858877-18-000011/primary-document.html
2026-02-23 15:02:04,520 [src.preprocess] DEBUG: Filtered 28 / 361 HTML titles against item_1a text
2026-02-23 15:02:06,243 [src.preprocess] DEBUG: Extracted 354 HTML titles from data/10k_raw/CSCO/10-K/0000858877-19-000012/primary-document.html
2026-02-23 15:02:06,260 [src.preprocess] DEBUG: Filtered 27 / 354 HTML titles against item_1a text
2026-02-23 15:02:07,584 [src.preprocess] DEBUG: Extracted 334 HTML titles from data/10k_raw/CSCO/10-K/0000858877-20-000010/primary-document.html
2026-02-23 15:02:07,600 [src.preprocess] DEBUG: Filtered 27 / 334 HTML titles against item_1a text
2026-02-23 15:02:08,439 [src.preprocess] DEBUG: Extracted 337 HTML titles from data/10k_raw/CSCO/10-K/0000858877-21-000013/primary-document.html
2026-02-23 15:02:08,456 [src.preprocess] DEBUG: Filtered 25 / 337 HTML titles against item_1a text
2026-02-23 15:02:09,279 [src.preprocess] DEBUG: Extracted 340 HTML titles from data/10k_raw/CSCO/10-K/0000858877-22-000013/primary-document.html
2026-02-23 15:02:09,297 [src.preprocess] DEBUG: Filtered 26 / 340 HTML titles against item_1a text
2026-02-23 15:02:10,057 [src.preprocess] DEBUG: Extracted 333 HTML titles from data/10k_raw/CSCO/10-K/0000858877-23-000023/primary-document.html
2026-02-23 15:02:10,074 [src.preprocess] DEBUG: Filtered 27 / 333 HTML titles against item_1a text
2026-02-23 15:02:10,854 [src.preprocess] DEBUG: Extracted 332 HTML titles from data/10k_raw/CSCO/10-K/0000858877-24-000017/primary-document.html
2026-02-23 15:02:10,871 [src.preprocess] DEBUG: Filtered 26 / 332 HTML titles against item_1a text
2026-02-23 15:02:11,016 [src.preprocess] DEBUG: Extracted 18 HTML titles from data/10k_raw/CSGP/10-K/0001057352-15-000012/primary-document.html
2026-02-23 15:02:11,166 [src.preprocess] DEBUG: Extracted 11 HTML titles from data/10k_raw/CSGP/10-K/0001057352-16-000103/primary-document.html
2026-02-23 15:02:11,273 [src.preprocess] DEBUG: Extracted 11 HTML titles from data/10k_raw/CSGP/10-K/0001057352-17-000008/primary-document.html
2026-02-23 15:02:11,386 [src.preprocess] DEBUG: Extracted 11 HTML titles from data/10k_raw/CSGP/10-K/0001057352-18-000011/primary-document.html
2026-02-23 15:02:11,497 [src.preprocess] DEBUG: Extracted 11 HTML titles from data/10k_raw/CSGP/10-K/0001057352-19-000017/primary-document.html
2026-02-23 15:02:11,622 [src.preprocess] DEBUG: Extracted 11 HTML titles from data/10k_raw/CSGP/10-K/0001057352-20-000036/primary-document.html
2026-02-23 15:02:11,758 [src.preprocess] DEBUG: Extracted 15 HTML titles from data/10k_raw/CSGP/10-K/0001057352-21-000032/primary-document.html
2026-02-23 15:02:11,863 [src.preprocess] DEBUG: Extracted 15 HTML titles from data/10k_raw/CSGP/10-K/0001057352-22-000027/primary-document.html
2026-02-23 15:02:11,966 [src.preprocess] DEBUG: Extracted 15 HTML titles from data/10k_raw/CSGP/10-K/0001057352-23-000030/primary-document.html
2026-02-23 15:02:12,047 [src.preprocess] DEBUG: Extracted 17 HTML titles from data/10k_raw/CSGP/10-K/0001057352-24-000013/primary-document.html
2026-02-23 15:02:12,143 [src.preprocess] DEBUG: Extracted 21 HTML titles from data/10k_raw/CSX/10-K/0000277948-15-000010/primary-document.html
2026-02-23 15:02:12,230 [src.preprocess] DEBUG: Extracted 21 HTML titles from data/10k_raw/CSX/10-K/0000277948-16-000046/primary-document.html
2026-02-23 15:02:12,320 [src.preprocess] DEBUG: Extracted 22 HTML titles from data/10k_raw/CSX/10-K/0000277948-17-000009/primary-document.html
2026-02-23 15:02:12,411 [src.preprocess] DEBUG: Extracted 22 HTML titles from data/10k_raw/CSX/10-K/0000277948-18-000009/primary-document.html
2026-02-23 15:02:12,502 [src.preprocess] DEBUG: Extracted 21 HTML titles from data/10k_raw/CSX/10-K/0000277948-19-000011/primary-document.html
2026-02-23 15:02:12,609 [src.preprocess] DEBUG: Extracted 21 HTML titles from data/10k_raw/CSX/10-K/0000277948-20-000008/primary-document.html
2026-02-23 15:02:12,688 [src.preprocess] DEBUG: Extracted 27 HTML titles from data/10k_raw/CSX/10-K/0000277948-21-000014/primary-document.html
2026-02-23 15:02:12,775 [src.preprocess] DEBUG: Extracted 28 HTML titles from data/10k_raw/CSX/10-K/0000277948-22-000009/primary-document.html
2026-02-23 15:02:12,858 [src.preprocess] DEBUG: Extracted 28 HTML titles from data/10k_raw/CSX/10-K/0000277948-23-000006/primary-document.html
2026-02-23 15:02:12,928 [src.preprocess] DEBUG: Extracted 28 HTML titles from data/10k_raw/CSX/10-K/0000277948-24-000010/primary-document.html
2026-02-23 15:02:12,928 [src.preprocess] DEBUG: Filtered 1 / 28 HTML titles against item_1a text
2026-02-23 15:02:14,517 [src.preprocess] DEBUG: Extracted 143 HTML titles from data/10k_raw/CTAS/10-K/0000723254-15-000017/primary-document.html
2026-02-23 15:02:14,522 [src.preprocess] DEBUG: Filtered 45 / 143 HTML titles against item_1a text
2026-02-23 15:02:16,130 [src.preprocess] DEBUG: Extracted 147 HTML titles from data/10k_raw/CTAS/10-K/0000723254-16-000050/primary-document.html
2026-02-23 15:02:16,135 [src.preprocess] DEBUG: Filtered 43 / 147 HTML titles against item_1a text
2026-02-23 15:02:17,950 [src.preprocess] DEBUG: Extracted 159 HTML titles from data/10k_raw/CTAS/10-K/0000723254-17-000020/primary-document.html
2026-02-23 15:02:17,956 [src.preprocess] DEBUG: Filtered 44 / 159 HTML titles against item_1a text
2026-02-23 15:02:19,682 [src.preprocess] DEBUG: Extracted 158 HTML titles from data/10k_raw/CTAS/10-K/0000723254-18-000015/primary-document.html
2026-02-23 15:02:19,687 [src.preprocess] DEBUG: Filtered 43 / 158 HTML titles against item_1a text
2026-02-23 15:02:21,602 [src.preprocess] DEBUG: Extracted 157 HTML titles from data/10k_raw/CTAS/10-K/0000723254-19-000021/primary-document.html
2026-02-23 15:02:21,607 [src.preprocess] DEBUG: Filtered 44 / 157 HTML titles against item_1a text
2026-02-23 15:02:22,283 [src.preprocess] DEBUG: Extracted 147 HTML titles from data/10k_raw/CTAS/10-K/0000723254-20-000025/primary-document.html
2026-02-23 15:02:22,287 [src.preprocess] DEBUG: Filtered 42 / 147 HTML titles against item_1a text
2026-02-23 15:02:22,781 [src.preprocess] DEBUG: Extracted 147 HTML titles from data/10k_raw/CTAS/10-K/0000723254-21-000021/primary-document.html
2026-02-23 15:02:22,785 [src.preprocess] DEBUG: Filtered 39 / 147 HTML titles against item_1a text
2026-02-23 15:02:23,292 [src.preprocess] DEBUG: Extracted 149 HTML titles from data/10k_raw/CTAS/10-K/0000723254-22-000019/primary-document.html
2026-02-23 15:02:23,297 [src.preprocess] DEBUG: Filtered 40 / 149 HTML titles against item_1a text
2026-02-23 15:02:23,781 [src.preprocess] DEBUG: Extracted 147 HTML titles from data/10k_raw/CTAS/10-K/0000723254-23-000025/primary-document.html
2026-02-23 15:02:23,785 [src.preprocess] DEBUG: Filtered 38 / 147 HTML titles against item_1a text
2026-02-23 15:02:24,274 [src.preprocess] DEBUG: Extracted 150 HTML titles from data/10k_raw/CTAS/10-K/0000723254-24-000036/primary-document.html
2026-02-23 15:02:24,279 [src.preprocess] DEBUG: Filtered 39 / 150 HTML titles against item_1a text
2026-02-23 15:02:24,381 [src.preprocess] DEBUG: Extracted 22 HTML titles from data/10k_raw/CTRA/10-K/0000858470-16-000036/primary-document.html
2026-02-23 15:02:24,479 [src.preprocess] DEBUG: Extracted 23 HTML titles from data/10k_raw/CTRA/10-K/0000858470-17-000007/primary-document.html
2026-02-23 15:02:24,591 [src.preprocess] DEBUG: Extracted 25 HTML titles from data/10k_raw/CTRA/10-K/0000858470-18-000006/primary-document.html
2026-02-23 15:02:24,699 [src.preprocess] DEBUG: Extracted 25 HTML titles from data/10k_raw/CTRA/10-K/0000858470-19-000008/primary-document.html
2026-02-23 15:02:24,822 [src.preprocess] DEBUG: Extracted 26 HTML titles from data/10k_raw/CTRA/10-K/0000858470-20-000012/primary-document.html
2026-02-23 15:02:24,963 [src.preprocess] DEBUG: Extracted 95 HTML titles from data/10k_raw/CTRA/10-K/0000858470-21-000013/primary-document.html
2026-02-23 15:02:24,964 [src.preprocess] DEBUG: Filtered 3 / 95 HTML titles against item_1a text
2026-02-23 15:02:25,211 [src.preprocess] DEBUG: Extracted 107 HTML titles from data/10k_raw/CTRA/10-K/0000858470-22-000009/primary-document.html
2026-02-23 15:02:25,213 [src.preprocess] DEBUG: Filtered 6 / 107 HTML titles against item_1a text
2026-02-23 15:02:25,392 [src.preprocess] DEBUG: Extracted 98 HTML titles from data/10k_raw/CTRA/10-K/0000858470-23-000011/primary-document.html
2026-02-23 15:02:25,393 [src.preprocess] DEBUG: Filtered 2 / 98 HTML titles against item_1a text
2026-02-23 15:02:25,552 [src.preprocess] DEBUG: Extracted 90 HTML titles from data/10k_raw/CTRA/10-K/0000858470-24-000019/primary-document.html
2026-02-23 15:02:25,553 [src.preprocess] DEBUG: Filtered 2 / 90 HTML titles against item_1a text
2026-02-23 15:02:25,649 [src.preprocess] DEBUG: Extracted 20 HTML titles from data/10k_raw/CTRA/10-K/0001628280-15-001120/primary-document.html
2026-02-23 15:02:26,357 [src.preprocess] DEBUG: Extracted 140 HTML titles from data/10k_raw/CTSH/10-K/0001058290-15-000006/primary-document.html
2026-02-23 15:02:26,359 [src.preprocess] DEBUG: Filtered 20 / 140 HTML titles against item_1a text
2026-02-23 15:02:27,109 [src.preprocess] DEBUG: Extracted 142 HTML titles from data/10k_raw/CTSH/10-K/0001058290-16-000049/primary-document.html
2026-02-23 15:02:27,112 [src.preprocess] DEBUG: Filtered 20 / 142 HTML titles against item_1a text
2026-02-23 15:02:28,134 [src.preprocess] DEBUG: Extracted 166 HTML titles from data/10k_raw/CTSH/10-K/0001058290-17-000008/primary-document.html
2026-02-23 15:02:28,141 [src.preprocess] DEBUG: Filtered 34 / 166 HTML titles against item_1a text
2026-02-23 15:02:29,254 [src.preprocess] DEBUG: Extracted 169 HTML titles from data/10k_raw/CTSH/10-K/0001058290-18-000009/primary-document.html
2026-02-23 15:02:29,260 [src.preprocess] DEBUG: Filtered 35 / 169 HTML titles against item_1a text
2026-02-23 15:02:30,262 [src.preprocess] DEBUG: Extracted 184 HTML titles from data/10k_raw/CTSH/10-K/0001058290-19-000009/primary-document.html
2026-02-23 15:02:30,266 [src.preprocess] DEBUG: Filtered 32 / 184 HTML titles against item_1a text
2026-02-23 15:02:31,147 [src.preprocess] DEBUG: Extracted 184 HTML titles from data/10k_raw/CTSH/10-K/0001058290-20-000008/primary-document.html
2026-02-23 15:02:31,152 [src.preprocess] DEBUG: Filtered 31 / 184 HTML titles against item_1a text
2026-02-23 15:02:31,818 [src.preprocess] DEBUG: Extracted 236 HTML titles from data/10k_raw/CTSH/10-K/0001058290-21-000031/primary-document.html
2026-02-23 15:02:31,827 [src.preprocess] DEBUG: Filtered 54 / 236 HTML titles against item_1a text
2026-02-23 15:02:32,511 [src.preprocess] DEBUG: Extracted 222 HTML titles from data/10k_raw/CTSH/10-K/0001058290-22-000023/primary-document.html
2026-02-23 15:02:32,519 [src.preprocess] DEBUG: Filtered 53 / 222 HTML titles against item_1a text
2026-02-23 15:02:33,175 [src.preprocess] DEBUG: Extracted 247 HTML titles from data/10k_raw/CTSH/10-K/0001058290-23-000027/primary-document.html
2026-02-23 15:02:33,184 [src.preprocess] DEBUG: Filtered 55 / 247 HTML titles against item_1a text
2026-02-23 15:02:33,811 [src.preprocess] DEBUG: Extracted 253 HTML titles from data/10k_raw/CTSH/10-K/0001058290-24-000017/primary-document.html
2026-02-23 15:02:33,821 [src.preprocess] DEBUG: Filtered 52 / 253 HTML titles against item_1a text
2026-02-23 15:02:34,125 [src.preprocess] DEBUG: Extracted 132 HTML titles from data/10k_raw/CVS/10-K/0000064803-15-000008/primary-document.html
2026-02-23 15:02:34,127 [src.preprocess] DEBUG: Filtered 45 / 132 HTML titles against item_1a text
2026-02-23 15:02:34,456 [src.preprocess] DEBUG: Extracted 141 HTML titles from data/10k_raw/CVS/10-K/0000064803-16-000074/primary-document.html
2026-02-23 15:02:34,459 [src.preprocess] DEBUG: Filtered 46 / 141 HTML titles against item_1a text
2026-02-23 15:02:34,788 [src.preprocess] DEBUG: Extracted 141 HTML titles from data/10k_raw/CVS/10-K/0000064803-17-000006/primary-document.html
2026-02-23 15:02:34,791 [src.preprocess] DEBUG: Filtered 46 / 141 HTML titles against item_1a text
2026-02-23 15:02:34,862 [src.preprocess] DEBUG: Extracted 39 HTML titles from data/10k_raw/CVS/10-K/0000064803-19-000013/primary-document.html
2026-02-23 15:02:34,862 [src.preprocess] DEBUG: Filtered 1 / 39 HTML titles against item_1a text
2026-02-23 15:02:35,136 [src.preprocess] DEBUG: Extracted 105 HTML titles from data/10k_raw/CVS/10-K/0000064803-20-000007/primary-document.html
2026-02-23 15:02:35,139 [src.preprocess] DEBUG: Filtered 3 / 105 HTML titles against item_1a text
2026-02-23 15:02:35,361 [src.preprocess] DEBUG: Extracted 112 HTML titles from data/10k_raw/CVS/10-K/0000064803-21-000011/primary-document.html
2026-02-23 15:02:35,364 [src.preprocess] DEBUG: Filtered 3 / 112 HTML titles against item_1a text
2026-02-23 15:02:35,614 [src.preprocess] DEBUG: Extracted 120 HTML titles from data/10k_raw/CVS/10-K/0000064803-22-000008/primary-document.html
2026-02-23 15:02:35,617 [src.preprocess] DEBUG: Filtered 3 / 120 HTML titles against item_1a text
2026-02-23 15:02:35,843 [src.preprocess] DEBUG: Extracted 120 HTML titles from data/10k_raw/CVS/10-K/0000064803-23-000009/primary-document.html
2026-02-23 15:02:35,846 [src.preprocess] DEBUG: Filtered 3 / 120 HTML titles against item_1a text
2026-02-23 15:02:36,088 [src.preprocess] DEBUG: Extracted 120 HTML titles from data/10k_raw/CVS/10-K/0000064803-24-000007/primary-document.html
2026-02-23 15:02:36,091 [src.preprocess] DEBUG: Filtered 3 / 120 HTML titles against item_1a text
2026-02-23 15:02:36,188 [src.preprocess] DEBUG: Extracted 71 HTML titles from data/10k_raw/CVS/10-K/0001558370-18-000707/primary-document.html
2026-02-23 15:02:36,189 [src.preprocess] DEBUG: Filtered 2 / 71 HTML titles against item_1a text
2026-02-23 15:02:36,336 [src.preprocess] DEBUG: Extracted 10 HTML titles from data/10k_raw/CVX/10-K/0000093410-15-000010/primary-document.html
2026-02-23 15:02:36,478 [src.preprocess] DEBUG: Extracted 10 HTML titles from data/10k_raw/CVX/10-K/0000093410-16-000049/primary-document.html
2026-02-23 15:02:36,478 [src.preprocess] DEBUG: Filtered 1 / 10 HTML titles against item_1a text
2026-02-23 15:02:36,625 [src.preprocess] DEBUG: Extracted 11 HTML titles from data/10k_raw/CVX/10-K/0000093410-17-000013/primary-document.html
2026-02-23 15:02:36,774 [src.preprocess] DEBUG: Extracted 11 HTML titles from data/10k_raw/CVX/10-K/0000093410-18-000010/primary-document.html
2026-02-23 15:02:36,920 [src.preprocess] DEBUG: Extracted 11 HTML titles from data/10k_raw/CVX/10-K/0000093410-19-000008/primary-document.html
2026-02-23 15:02:37,117 [src.preprocess] DEBUG: Extracted 12 HTML titles from data/10k_raw/CVX/10-K/0000093410-20-000010/primary-document.html
2026-02-23 15:02:37,292 [src.preprocess] DEBUG: Extracted 15 HTML titles from data/10k_raw/CVX/10-K/0000093410-21-000009/primary-document.html
2026-02-23 15:02:37,464 [src.preprocess] DEBUG: Extracted 17 HTML titles from data/10k_raw/CVX/10-K/0000093410-22-000019/primary-document.html
2026-02-23 15:02:37,644 [src.preprocess] DEBUG: Extracted 16 HTML titles from data/10k_raw/CVX/10-K/0000093410-23-000009/primary-document.html
2026-02-23 15:02:37,795 [src.preprocess] DEBUG: Extracted 16 HTML titles from data/10k_raw/CVX/10-K/0000093410-24-000013/primary-document.html
2026-02-23 15:02:38,418 [src.preprocess] DEBUG: Extracted 76 HTML titles from data/10k_raw/D/10-K/0000950170-23-003287/primary-document.html
2026-02-23 15:02:38,420 [src.preprocess] DEBUG: Filtered 13 / 76 HTML titles against item_1a text
2026-02-23 15:02:38,791 [src.preprocess] DEBUG: Extracted 29 HTML titles from data/10k_raw/D/10-K/0000950170-24-019110/primary-document.html
2026-02-23 15:02:38,946 [src.preprocess] DEBUG: Extracted 0 HTML titles from data/10k_raw/D/10-K/0001193125-15-067777/primary-document.html
2026-02-23 15:02:39,095 [src.preprocess] DEBUG: Extracted 0 HTML titles from data/10k_raw/D/10-K/0001193125-16-480850/primary-document.html
2026-02-23 15:02:39,217 [src.preprocess] DEBUG: Extracted 0 HTML titles from data/10k_raw/D/10-K/0001193125-17-060413/primary-document.html
2026-02-23 15:02:39,344 [src.preprocess] DEBUG: Extracted 0 HTML titles from data/10k_raw/D/10-K/0001193125-18-059578/primary-document.html
2026-02-23 15:02:39,479 [src.preprocess] DEBUG: Extracted 0 HTML titles from data/10k_raw/D/10-K/0001193125-19-057924/primary-document.html
2026-02-23 15:02:43,976 [src.preprocess] DEBUG: Extracted 386 HTML titles from data/10k_raw/D/10-K/0001193125-20-054469/primary-document.html
2026-02-23 15:02:44,016 [src.preprocess] DEBUG: Filtered 55 / 386 HTML titles against item_1a text
2026-02-23 15:02:48,301 [src.preprocess] DEBUG: Extracted 442 HTML titles from data/10k_raw/D/10-K/0001564590-21-008442/primary-document.html
2026-02-23 15:02:48,345 [src.preprocess] DEBUG: Filtered 69 / 442 HTML titles against item_1a text
2026-02-23 15:02:52,395 [src.preprocess] DEBUG: Extracted 458 HTML titles from data/10k_raw/D/10-K/0001564590-22-006589/primary-document.html
2026-02-23 15:02:52,446 [src.preprocess] DEBUG: Filtered 69 / 458 HTML titles against item_1a text
2026-02-23 15:02:52,799 [src.preprocess] DEBUG: Extracted 56 HTML titles from data/10k_raw/DAL/10-K/0000027904-15-000003/primary-document.html
2026-02-23 15:02:52,901 [src.preprocess] DEBUG: Extracted 59 HTML titles from data/10k_raw/DAL/10-K/0000027904-16-000018/primary-document.html
2026-02-23 15:02:53,018 [src.preprocess] DEBUG: Extracted 58 HTML titles from data/10k_raw/DAL/10-K/0000027904-17-000004/primary-document.html
2026-02-23 15:02:53,135 [src.preprocess] DEBUG: Extracted 61 HTML titles from data/10k_raw/DAL/10-K/0000027904-18-000006/primary-document.html
2026-02-23 15:02:53,257 [src.preprocess] DEBUG: Extracted 62 HTML titles from data/10k_raw/DAL/10-K/0000027904-19-000003/primary-document.html
2026-02-23 15:02:53,386 [src.preprocess] DEBUG: Extracted 63 HTML titles from data/10k_raw/DAL/10-K/0000027904-20-000004/primary-document.html
2026-02-23 15:02:53,508 [src.preprocess] DEBUG: Extracted 50 HTML titles from data/10k_raw/DAL/10-K/0000027904-21-000003/primary-document.html
2026-02-23 15:02:53,811 [src.preprocess] DEBUG: Extracted 63 HTML titles from data/10k_raw/DAL/10-K/0000027904-22-000003/primary-document.html
2026-02-23 15:02:53,933 [src.preprocess] DEBUG: Extracted 66 HTML titles from data/10k_raw/DAL/10-K/0000027904-23-000003/primary-document.html
2026-02-23 15:02:53,934 [src.preprocess] DEBUG: Filtered 2 / 66 HTML titles against item_1a text
2026-02-23 15:02:54,032 [src.preprocess] DEBUG: Extracted 70 HTML titles from data/10k_raw/DAL/10-K/0000027904-24-000003/primary-document.html
2026-02-23 15:02:54,033 [src.preprocess] DEBUG: Filtered 2 / 70 HTML titles against item_1a text
2026-02-23 15:02:54,146 [src.preprocess] DEBUG: Extracted 0 HTML titles from data/10k_raw/DE/10-K/0001047469-15-009300/primary-document.html
2026-02-23 15:02:54,280 [src.preprocess] DEBUG: Extracted 17 HTML titles from data/10k_raw/DE/10-K/0001047469-16-017244/primary-document.html
2026-02-23 15:02:54,281 [src.preprocess] DEBUG: Filtered 2 / 17 HTML titles against item_1a text
2026-02-23 15:02:54,402 [src.preprocess] DEBUG: Extracted 0 HTML titles from data/10k_raw/DE/10-K/0001047469-17-007719/primary-document.html
2026-02-23 15:02:54,521 [src.preprocess] DEBUG: Extracted 0 HTML titles from data/10k_raw/DE/10-K/0001047469-18-007694/primary-document.html
2026-02-23 15:02:54,765 [src.preprocess] DEBUG: Extracted 14 HTML titles from data/10k_raw/DE/10-K/0001558370-19-011614/primary-document.html
2026-02-23 15:02:55,052 [src.preprocess] DEBUG: Extracted 16 HTML titles from data/10k_raw/DE/10-K/0001558370-20-014436/primary-document.html
2026-02-23 15:02:55,356 [src.preprocess] DEBUG: Extracted 17 HTML titles from data/10k_raw/DE/10-K/0001558370-21-016864/primary-document.html
2026-02-23 15:02:55,655 [src.preprocess] DEBUG: Extracted 33 HTML titles from data/10k_raw/DE/10-K/0001558370-22-018703/primary-document.html
2026-02-23 15:02:55,961 [src.preprocess] DEBUG: Extracted 30 HTML titles from data/10k_raw/DE/10-K/0001558370-23-019812/primary-document.html
2026-02-23 15:02:56,269 [src.preprocess] DEBUG: Extracted 27 HTML titles from data/10k_raw/DE/10-K/0001558370-24-016169/primary-document.html
2026-02-23 15:02:57,451 [src.preprocess] DEBUG: Extracted 246 HTML titles from data/10k_raw/DECK/10-K/0000910521-15-000018/primary-document.html
2026-02-23 15:02:57,460 [src.preprocess] DEBUG: Filtered 10 / 246 HTML titles against item_1a text
2026-02-23 15:02:58,739 [src.preprocess] DEBUG: Extracted 282 HTML titles from data/10k_raw/DECK/10-K/0000910521-16-000058/primary-document.html
2026-02-23 15:02:58,753 [src.preprocess] DEBUG: Filtered 41 / 282 HTML titles against item_1a text
2026-02-23 15:02:59,835 [src.preprocess] DEBUG: Extracted 256 HTML titles from data/10k_raw/DECK/10-K/0000910521-17-000008/primary-document.html
2026-02-23 15:02:59,847 [src.preprocess] DEBUG: Filtered 41 / 256 HTML titles against item_1a text
2026-02-23 15:03:00,975 [src.preprocess] DEBUG: Extracted 301 HTML titles from data/10k_raw/DECK/10-K/0000910521-18-000015/primary-document.html
2026-02-23 15:03:00,990 [src.preprocess] DEBUG: Filtered 43 / 301 HTML titles against item_1a text
2026-02-23 15:03:02,148 [src.preprocess] DEBUG: Extracted 299 HTML titles from data/10k_raw/DECK/10-K/0000910521-19-000011/primary-document.html
2026-02-23 15:03:02,162 [src.preprocess] DEBUG: Filtered 35 / 299 HTML titles against item_1a text
2026-02-23 15:03:03,027 [src.preprocess] DEBUG: Extracted 284 HTML titles from data/10k_raw/DECK/10-K/0000910521-20-000016/primary-document.html
2026-02-23 15:03:03,042 [src.preprocess] DEBUG: Filtered 35 / 284 HTML titles against item_1a text
2026-02-23 15:03:03,591 [src.preprocess] DEBUG: Extracted 275 HTML titles from data/10k_raw/DECK/10-K/0000910521-21-000017/primary-document.html
2026-02-23 15:03:03,604 [src.preprocess] DEBUG: Filtered 43 / 275 HTML titles against item_1a text
2026-02-23 15:03:04,142 [src.preprocess] DEBUG: Extracted 272 HTML titles from data/10k_raw/DECK/10-K/0000910521-22-000017/primary-document.html
2026-02-23 15:03:04,155 [src.preprocess] DEBUG: Filtered 43 / 272 HTML titles against item_1a text
2026-02-23 15:03:04,694 [src.preprocess] DEBUG: Extracted 272 HTML titles from data/10k_raw/DECK/10-K/0000910521-23-000016/primary-document.html
2026-02-23 15:03:04,707 [src.preprocess] DEBUG: Filtered 44 / 272 HTML titles against item_1a text
2026-02-23 15:03:05,234 [src.preprocess] DEBUG: Extracted 285 HTML titles from data/10k_raw/DECK/10-K/0000910521-24-000017/primary-document.html
2026-02-23 15:03:05,246 [src.preprocess] DEBUG: Filtered 29 / 285 HTML titles against item_1a text
2026-02-23 15:03:05,966 [src.preprocess] DEBUG: Extracted 0 HTML titles from data/10k_raw/DG/10-K/0001047469-15-002540/primary-document.html
2026-02-23 15:03:06,625 [src.preprocess] DEBUG: Extracted 0 HTML titles from data/10k_raw/DG/10-K/0001047469-16-011420/primary-document.html
2026-02-23 15:03:06,724 [src.preprocess] DEBUG: Extracted 13 HTML titles from data/10k_raw/DG/10-K/0001558370-17-002116/primary-document.html
2026-02-23 15:03:06,849 [src.preprocess] DEBUG: Extracted 14 HTML titles from data/10k_raw/DG/10-K/0001558370-18-002366/primary-document.html
2026-02-23 15:03:06,935 [src.preprocess] DEBUG: Extracted 13 HTML titles from data/10k_raw/DG/10-K/0001558370-19-002383/primary-document.html
2026-02-23 15:03:07,005 [src.preprocess] DEBUG: Extracted 13 HTML titles from data/10k_raw/DG/10-K/0001558370-20-002915/primary-document.html
2026-02-23 15:03:07,080 [src.preprocess] DEBUG: Extracted 13 HTML titles from data/10k_raw/DG/10-K/0001558370-21-003245/primary-document.html
2026-02-23 15:03:07,147 [src.preprocess] DEBUG: Extracted 14 HTML titles from data/10k_raw/DG/10-K/0001558370-22-003921/primary-document.html
2026-02-23 15:03:07,218 [src.preprocess] DEBUG: Extracted 13 HTML titles from data/10k_raw/DG/10-K/0001558370-23-004574/primary-document.html
2026-02-23 15:03:07,290 [src.preprocess] DEBUG: Extracted 13 HTML titles from data/10k_raw/DG/10-K/0001558370-24-003813/primary-document.html
2026-02-23 15:03:07,390 [src.preprocess] DEBUG: Extracted 19 HTML titles from data/10k_raw/DGX/10-K/0001022079-15-000034/primary-document.html
2026-02-23 15:03:07,491 [src.preprocess] DEBUG: Extracted 20 HTML titles from data/10k_raw/DGX/10-K/0001022079-16-000195/primary-document.html
2026-02-23 15:03:07,593 [src.preprocess] DEBUG: Extracted 19 HTML titles from data/10k_raw/DGX/10-K/0001022079-17-000032/primary-document.html
2026-02-23 15:03:07,690 [src.preprocess] DEBUG: Extracted 18 HTML titles from data/10k_raw/DGX/10-K/0001022079-18-000038/primary-document.html
2026-02-23 15:03:07,783 [src.preprocess] DEBUG: Extracted 18 HTML titles from data/10k_raw/DGX/10-K/0001022079-19-000030/primary-document.html
2026-02-23 15:03:07,903 [src.preprocess] DEBUG: Extracted 17 HTML titles from data/10k_raw/DGX/10-K/0001022079-20-000017/primary-document.html
2026-02-23 15:03:08,026 [src.preprocess] DEBUG: Extracted 23 HTML titles from data/10k_raw/DGX/10-K/0001022079-21-000029/primary-document.html
2026-02-23 15:03:08,119 [src.preprocess] DEBUG: Extracted 22 HTML titles from data/10k_raw/DGX/10-K/0001022079-22-000027/primary-document.html
2026-02-23 15:03:08,212 [src.preprocess] DEBUG: Extracted 24 HTML titles from data/10k_raw/DGX/10-K/0001022079-23-000018/primary-document.html
2026-02-23 15:03:08,295 [src.preprocess] DEBUG: Extracted 23 HTML titles from data/10k_raw/DGX/10-K/0001022079-24-000041/primary-document.html
2026-02-23 15:03:08,408 [src.preprocess] DEBUG: Extracted 15 HTML titles from data/10k_raw/DHI/10-K/0000882184-15-000085/primary-document.html
2026-02-23 15:03:08,514 [src.preprocess] DEBUG: Extracted 16 HTML titles from data/10k_raw/DHI/10-K/0000882184-16-000203/primary-document.html
2026-02-23 15:03:08,618 [src.preprocess] DEBUG: Extracted 16 HTML titles from data/10k_raw/DHI/10-K/0000882184-17-000103/primary-document.html
2026-02-23 15:03:08,732 [src.preprocess] DEBUG: Extracted 16 HTML titles from data/10k_raw/DHI/10-K/0000882184-18-000120/primary-document.html
2026-02-23 15:03:08,870 [src.preprocess] DEBUG: Extracted 20 HTML titles from data/10k_raw/DHI/10-K/0000882184-19-000147/primary-document.html
2026-02-23 15:03:08,977 [src.preprocess] DEBUG: Extracted 23 HTML titles from data/10k_raw/DHI/10-K/0000882184-20-000143/primary-document.html
2026-02-23 15:03:09,083 [src.preprocess] DEBUG: Extracted 26 HTML titles from data/10k_raw/DHI/10-K/0000882184-21-000190/primary-document.html
2026-02-23 15:03:09,083 [src.preprocess] DEBUG: Filtered 1 / 26 HTML titles against item_1a text
2026-02-23 15:03:09,187 [src.preprocess] DEBUG: Extracted 26 HTML titles from data/10k_raw/DHI/10-K/0000882184-22-000184/primary-document.html
2026-02-23 15:03:09,187 [src.preprocess] DEBUG: Filtered 1 / 26 HTML titles against item_1a text
2026-02-23 15:03:09,273 [src.preprocess] DEBUG: Extracted 25 HTML titles from data/10k_raw/DHI/10-K/0000882184-23-000115/primary-document.html
2026-02-23 15:03:09,273 [src.preprocess] DEBUG: Filtered 1 / 25 HTML titles against item_1a text
2026-02-23 15:03:09,376 [src.preprocess] DEBUG: Extracted 25 HTML titles from data/10k_raw/DHI/10-K/0000882184-24-000057/primary-document.html
2026-02-23 15:03:09,376 [src.preprocess] DEBUG: Filtered 1 / 25 HTML titles against item_1a text
2026-02-23 15:03:10,485 [src.preprocess] DEBUG: Extracted 255 HTML titles from data/10k_raw/DHR/10-K/0000313616-15-000038/primary-document.html
2026-02-23 15:03:10,499 [src.preprocess] DEBUG: Filtered 79 / 255 HTML titles against item_1a text
2026-02-23 15:03:11,735 [src.preprocess] DEBUG: Extracted 280 HTML titles from data/10k_raw/DHR/10-K/0000313616-16-000145/primary-document.html
2026-02-23 15:03:11,751 [src.preprocess] DEBUG: Filtered 74 / 280 HTML titles against item_1a text
2026-02-23 15:03:13,043 [src.preprocess] DEBUG: Extracted 282 HTML titles from data/10k_raw/DHR/10-K/0000313616-17-000066/primary-document.html
2026-02-23 15:03:13,059 [src.preprocess] DEBUG: Filtered 70 / 282 HTML titles against item_1a text
2026-02-23 15:03:14,404 [src.preprocess] DEBUG: Extracted 285 HTML titles from data/10k_raw/DHR/10-K/0000313616-18-000038/primary-document.html
2026-02-23 15:03:14,420 [src.preprocess] DEBUG: Filtered 70 / 285 HTML titles against item_1a text
2026-02-23 15:03:15,755 [src.preprocess] DEBUG: Extracted 282 HTML titles from data/10k_raw/DHR/10-K/0000313616-19-000035/primary-document.html
2026-02-23 15:03:15,771 [src.preprocess] DEBUG: Filtered 51 / 282 HTML titles against item_1a text
2026-02-23 15:03:16,959 [src.preprocess] DEBUG: Extracted 268 HTML titles from data/10k_raw/DHR/10-K/0000313616-20-000041/primary-document.html
2026-02-23 15:03:16,977 [src.preprocess] DEBUG: Filtered 46 / 268 HTML titles against item_1a text
2026-02-23 15:03:17,720 [src.preprocess] DEBUG: Extracted 274 HTML titles from data/10k_raw/DHR/10-K/0000313616-21-000045/primary-document.html
2026-02-23 15:03:17,737 [src.preprocess] DEBUG: Filtered 59 / 274 HTML titles against item_1a text
2026-02-23 15:03:18,442 [src.preprocess] DEBUG: Extracted 288 HTML titles from data/10k_raw/DHR/10-K/0000313616-22-000061/primary-document.html
2026-02-23 15:03:18,460 [src.preprocess] DEBUG: Filtered 56 / 288 HTML titles against item_1a text
2026-02-23 15:03:19,150 [src.preprocess] DEBUG: Extracted 277 HTML titles from data/10k_raw/DHR/10-K/0000313616-23-000087/primary-document.html
2026-02-23 15:03:19,166 [src.preprocess] DEBUG: Filtered 56 / 277 HTML titles against item_1a text
2026-02-23 15:03:19,831 [src.preprocess] DEBUG: Extracted 276 HTML titles from data/10k_raw/DHR/10-K/0000313616-24-000052/primary-document.html
2026-02-23 15:03:19,847 [src.preprocess] DEBUG: Filtered 60 / 276 HTML titles against item_1a text
2026-02-23 15:03:27,161 [src.preprocess] DEBUG: Extracted 544 HTML titles from data/10k_raw/DLR/10-K/0001297996-15-000010/primary-document.html
2026-02-23 15:03:27,203 [src.preprocess] DEBUG: Filtered 126 / 544 HTML titles against item_1a text
2026-02-23 15:03:34,464 [src.preprocess] DEBUG: Extracted 548 HTML titles from data/10k_raw/DLR/10-K/0001297996-16-000124/primary-document.html
2026-02-23 15:03:34,507 [src.preprocess] DEBUG: Filtered 112 / 548 HTML titles against item_1a text
2026-02-23 15:03:41,995 [src.preprocess] DEBUG: Extracted 550 HTML titles from data/10k_raw/DLR/10-K/0001297996-17-000020/primary-document.html
2026-02-23 15:03:42,037 [src.preprocess] DEBUG: Filtered 99 / 550 HTML titles against item_1a text
2026-02-23 15:03:49,552 [src.preprocess] DEBUG: Extracted 565 HTML titles from data/10k_raw/DLR/10-K/0001297996-18-000026/primary-document.html
2026-02-23 15:03:49,594 [src.preprocess] DEBUG: Filtered 84 / 565 HTML titles against item_1a text
2026-02-23 15:03:57,243 [src.preprocess] DEBUG: Extracted 502 HTML titles from data/10k_raw/DLR/10-K/0001297996-19-000032/primary-document.html
2026-02-23 15:03:57,282 [src.preprocess] DEBUG: Filtered 89 / 502 HTML titles against item_1a text
2026-02-23 15:03:57,719 [src.preprocess] DEBUG: Extracted 58 HTML titles from data/10k_raw/DLR/10-K/0001558370-20-001906/primary-document.html
2026-02-23 15:03:57,719 [src.preprocess] DEBUG: Filtered 13 / 58 HTML titles against item_1a text
2026-02-23 15:03:58,052 [src.preprocess] DEBUG: Extracted 18 HTML titles from data/10k_raw/DLR/10-K/0001558370-21-002191/primary-document.html
2026-02-23 15:03:58,052 [src.preprocess] DEBUG: Filtered 5 / 18 HTML titles against item_1a text
2026-02-23 15:03:58,477 [src.preprocess] DEBUG: Extracted 33 HTML titles from data/10k_raw/DLR/10-K/0001558370-22-002195/primary-document.html
2026-02-23 15:03:58,477 [src.preprocess] DEBUG: Filtered 4 / 33 HTML titles against item_1a text
2026-02-23 15:03:58,746 [src.preprocess] DEBUG: Extracted 31 HTML titles from data/10k_raw/DLR/10-K/0001558370-23-002087/primary-document.html
2026-02-23 15:03:58,746 [src.preprocess] DEBUG: Filtered 4 / 31 HTML titles against item_1a text
2026-02-23 15:03:59,013 [src.preprocess] DEBUG: Extracted 30 HTML titles from data/10k_raw/DLR/10-K/0001558370-24-001575/primary-document.html
2026-02-23 15:03:59,013 [src.preprocess] DEBUG: Filtered 3 / 30 HTML titles against item_1a text
2026-02-23 15:03:59,094 [src.preprocess] DEBUG: Extracted 36 HTML titles from data/10k_raw/DLTR/10-K/0000935703-15-000034/primary-document.html
2026-02-23 15:03:59,094 [src.preprocess] DEBUG: Filtered 2 / 36 HTML titles against item_1a text
2026-02-23 15:03:59,177 [src.preprocess] DEBUG: Extracted 29 HTML titles from data/10k_raw/DLTR/10-K/0000935703-16-000127/primary-document.html
2026-02-23 15:03:59,178 [src.preprocess] DEBUG: Filtered 2 / 29 HTML titles against item_1a text
2026-02-23 15:03:59,296 [src.preprocess] DEBUG: Extracted 26 HTML titles from data/10k_raw/DLTR/10-K/0000935703-17-000011/primary-document.html
2026-02-23 15:03:59,296 [src.preprocess] DEBUG: Filtered 2 / 26 HTML titles against item_1a text
2026-02-23 15:03:59,393 [src.preprocess] DEBUG: Extracted 27 HTML titles from data/10k_raw/DLTR/10-K/0000935703-18-000013/primary-document.html
2026-02-23 15:03:59,393 [src.preprocess] DEBUG: Filtered 2 / 27 HTML titles against item_1a text
2026-02-23 15:03:59,468 [src.preprocess] DEBUG: Extracted 22 HTML titles from data/10k_raw/DLTR/10-K/0000935703-19-000024/primary-document.html
2026-02-23 15:03:59,554 [src.preprocess] DEBUG: Extracted 25 HTML titles from data/10k_raw/DLTR/10-K/0000935703-20-000006/primary-document.html
2026-02-23 15:03:59,631 [src.preprocess] DEBUG: Extracted 38 HTML titles from data/10k_raw/DLTR/10-K/0000935703-21-000014/primary-document.html
2026-02-23 15:03:59,703 [src.preprocess] DEBUG: Extracted 39 HTML titles from data/10k_raw/DLTR/10-K/0000935703-22-000020/primary-document.html
2026-02-23 15:03:59,773 [src.preprocess] DEBUG: Extracted 38 HTML titles from data/10k_raw/DLTR/10-K/0000935703-23-000016/primary-document.html
2026-02-23 15:03:59,839 [src.preprocess] DEBUG: Extracted 43 HTML titles from data/10k_raw/DLTR/10-K/0000935703-24-000011/primary-document.html
2026-02-23 15:04:00,342 [src.preprocess] DEBUG: Extracted 46 HTML titles from data/10k_raw/DOC/10-K/0001558370-15-000067/primary-document.html
2026-02-23 15:04:00,342 [src.preprocess] DEBUG: Filtered 5 / 46 HTML titles against item_1a text
2026-02-23 15:04:00,894 [src.preprocess] DEBUG: Extracted 46 HTML titles from data/10k_raw/DOC/10-K/0001558370-16-003110/primary-document.html
2026-02-23 15:04:00,894 [src.preprocess] DEBUG: Filtered 27 / 46 HTML titles against item_1a text
2026-02-23 15:04:01,438 [src.preprocess] DEBUG: Extracted 42 HTML titles from data/10k_raw/DOC/10-K/0001558370-17-000535/primary-document.html
2026-02-23 15:04:01,438 [src.preprocess] DEBUG: Filtered 5 / 42 HTML titles against item_1a text
2026-02-23 15:04:01,730 [src.preprocess] DEBUG: Extracted 41 HTML titles from data/10k_raw/DOC/10-K/0001628280-18-001552/primary-document.html
2026-02-23 15:04:01,995 [src.preprocess] DEBUG: Extracted 44 HTML titles from data/10k_raw/DOC/10-K/0001628280-19-001407/primary-document.html
2026-02-23 15:04:02,353 [src.preprocess] DEBUG: Extracted 43 HTML titles from data/10k_raw/DOC/10-K/0001628280-20-001456/primary-document.html
2026-02-23 15:04:02,719 [src.preprocess] DEBUG: Extracted 56 HTML titles from data/10k_raw/DOC/10-K/0001628280-21-001804/primary-document.html
2026-02-23 15:04:02,720 [src.preprocess] DEBUG: Filtered 4 / 56 HTML titles against item_1a text
2026-02-23 15:04:03,020 [src.preprocess] DEBUG: Extracted 52 HTML titles from data/10k_raw/DOC/10-K/0001628280-22-002117/primary-document.html
2026-02-23 15:04:03,021 [src.preprocess] DEBUG: Filtered 4 / 52 HTML titles against item_1a text
2026-02-23 15:04:03,304 [src.preprocess] DEBUG: Extracted 59 HTML titles from data/10k_raw/DOC/10-K/0001628280-23-002794/primary-document.html
2026-02-23 15:04:03,305 [src.preprocess] DEBUG: Filtered 4 / 59 HTML titles against item_1a text
2026-02-23 15:04:03,536 [src.preprocess] DEBUG: Extracted 77 HTML titles from data/10k_raw/DOC/10-K/0001628280-24-004094/primary-document.html
2026-02-23 15:04:03,537 [src.preprocess] DEBUG: Filtered 4 / 77 HTML titles against item_1a text
2026-02-23 15:04:03,655 [src.preprocess] DEBUG: Extracted 18 HTML titles from data/10k_raw/DOV/10-K/0000029905-15-000007/primary-document.html
2026-02-23 15:04:03,655 [src.preprocess] DEBUG: Filtered 4 / 18 HTML titles against item_1a text
2026-02-23 15:04:03,762 [src.preprocess] DEBUG: Extracted 18 HTML titles from data/10k_raw/DOV/10-K/0000029905-16-000064/primary-document.html
2026-02-23 15:04:03,763 [src.preprocess] DEBUG: Filtered 4 / 18 HTML titles against item_1a text
2026-02-23 15:04:03,869 [src.preprocess] DEBUG: Extracted 18 HTML titles from data/10k_raw/DOV/10-K/0000029905-17-000011/primary-document.html
2026-02-23 15:04:03,869 [src.preprocess] DEBUG: Filtered 4 / 18 HTML titles against item_1a text
2026-02-23 15:04:03,996 [src.preprocess] DEBUG: Extracted 19 HTML titles from data/10k_raw/DOV/10-K/0000029905-18-000013/primary-document.html
2026-02-23 15:04:03,997 [src.preprocess] DEBUG: Filtered 4 / 19 HTML titles against item_1a text
2026-02-23 15:04:04,130 [src.preprocess] DEBUG: Extracted 24 HTML titles from data/10k_raw/DOV/10-K/0000029905-19-000019/primary-document.html
2026-02-23 15:04:04,130 [src.preprocess] DEBUG: Filtered 5 / 24 HTML titles against item_1a text
2026-02-23 15:04:04,290 [src.preprocess] DEBUG: Extracted 17 HTML titles from data/10k_raw/DOV/10-K/0000029905-20-000011/primary-document.html
2026-02-23 15:04:04,290 [src.preprocess] DEBUG: Filtered 4 / 17 HTML titles against item_1a text
2026-02-23 15:04:04,410 [src.preprocess] DEBUG: Extracted 20 HTML titles from data/10k_raw/DOV/10-K/0000029905-21-000010/primary-document.html
2026-02-23 15:04:04,410 [src.preprocess] DEBUG: Filtered 3 / 20 HTML titles against item_1a text
2026-02-23 15:04:04,527 [src.preprocess] DEBUG: Extracted 20 HTML titles from data/10k_raw/DOV/10-K/0000029905-22-000009/primary-document.html
2026-02-23 15:04:04,528 [src.preprocess] DEBUG: Filtered 3 / 20 HTML titles against item_1a text
2026-02-23 15:04:04,644 [src.preprocess] DEBUG: Extracted 21 HTML titles from data/10k_raw/DOV/10-K/0000029905-23-000008/primary-document.html
2026-02-23 15:04:04,644 [src.preprocess] DEBUG: Filtered 3 / 21 HTML titles against item_1a text
2026-02-23 15:04:04,736 [src.preprocess] DEBUG: Extracted 21 HTML titles from data/10k_raw/DOV/10-K/0000029905-24-000008/primary-document.html
2026-02-23 15:04:04,736 [src.preprocess] DEBUG: Filtered 3 / 21 HTML titles against item_1a text
2026-02-23 15:04:04,875 [src.preprocess] DEBUG: Extracted 23 HTML titles from data/10k_raw/DPZ/10-K/0000950170-22-002426/primary-document.html
2026-02-23 15:04:05,032 [src.preprocess] DEBUG: Extracted 22 HTML titles from data/10k_raw/DPZ/10-K/0000950170-23-003938/primary-document.html
2026-02-23 15:04:05,148 [src.preprocess] DEBUG: Extracted 22 HTML titles from data/10k_raw/DPZ/10-K/0000950170-24-019725/primary-document.html
2026-02-23 15:04:05,208 [src.preprocess] DEBUG: Extracted 0 HTML titles from data/10k_raw/DPZ/10-K/0001193125-15-059100/primary-document.html
2026-02-23 15:04:05,252 [src.preprocess] DEBUG: Extracted 0 HTML titles from data/10k_raw/DPZ/10-K/0001193125-16-476935/primary-document.html
2026-02-23 15:04:05,299 [src.preprocess] DEBUG: Extracted 0 HTML titles from data/10k_raw/DPZ/10-K/0001193125-17-060262/primary-document.html
2026-02-23 15:04:05,363 [src.preprocess] DEBUG: Extracted 0 HTML titles from data/10k_raw/DPZ/10-K/0001193125-18-049576/primary-document.html
2026-02-23 15:04:05,418 [src.preprocess] DEBUG: Extracted 0 HTML titles from data/10k_raw/DPZ/10-K/0001193125-19-046191/primary-document.html
2026-02-23 15:04:05,514 [src.preprocess] DEBUG: Extracted 0 HTML titles from data/10k_raw/DPZ/10-K/0001193125-20-042675/primary-document.html
2026-02-23 15:04:05,575 [src.preprocess] DEBUG: Extracted 0 HTML titles from data/10k_raw/DPZ/10-K/0001193125-21-055734/primary-document.html
2026-02-23 15:04:05,601 [src.preprocess] DEBUG: Extracted 15 HTML titles from data/10k_raw/DRI/10-K/0000940944-15-000039/primary-document.html
2026-02-23 15:04:05,627 [src.preprocess] DEBUG: Extracted 15 HTML titles from data/10k_raw/DRI/10-K/0000940944-16-000116/primary-document.html
2026-02-23 15:04:05,711 [src.preprocess] DEBUG: Extracted 16 HTML titles from data/10k_raw/DRI/10-K/0000940944-17-000027/primary-document.html
2026-02-23 15:04:05,796 [src.preprocess] DEBUG: Extracted 16 HTML titles from data/10k_raw/DRI/10-K/0000940944-18-000050/primary-document.html
2026-02-23 15:04:05,895 [src.preprocess] DEBUG: Extracted 18 HTML titles from data/10k_raw/DRI/10-K/0000940944-19-000025/primary-document.html
2026-02-23 15:04:06,002 [src.preprocess] DEBUG: Extracted 20 HTML titles from data/10k_raw/DRI/10-K/0000940944-20-000046/primary-document.html
2026-02-23 15:04:06,093 [src.preprocess] DEBUG: Extracted 28 HTML titles from data/10k_raw/DRI/10-K/0000940944-21-000041/primary-document.html
2026-02-23 15:04:06,093 [src.preprocess] DEBUG: Filtered 1 / 28 HTML titles against item_1a text
2026-02-23 15:04:06,180 [src.preprocess] DEBUG: Extracted 27 HTML titles from data/10k_raw/DRI/10-K/0000940944-22-000042/primary-document.html
2026-02-23 15:04:06,252 [src.preprocess] DEBUG: Extracted 28 HTML titles from data/10k_raw/DRI/10-K/0000940944-23-000037/primary-document.html
2026-02-23 15:04:06,327 [src.preprocess] DEBUG: Extracted 28 HTML titles from data/10k_raw/DRI/10-K/0000940944-24-000035/primary-document.html
2026-02-23 15:04:06,442 [src.preprocess] DEBUG: Extracted 1 HTML titles from data/10k_raw/DTE/10-K/0000936340-15-000014/primary-document.html
2026-02-23 15:04:06,595 [src.preprocess] DEBUG: Extracted 1 HTML titles from data/10k_raw/DTE/10-K/0000936340-16-000243/primary-document.html
2026-02-23 15:04:06,788 [src.preprocess] DEBUG: Extracted 25 HTML titles from data/10k_raw/DTE/10-K/0000936340-17-000064/primary-document.html
2026-02-23 15:04:06,998 [src.preprocess] DEBUG: Extracted 28 HTML titles from data/10k_raw/DTE/10-K/0000936340-18-000082/primary-document.html
2026-02-23 15:04:07,190 [src.preprocess] DEBUG: Extracted 27 HTML titles from data/10k_raw/DTE/10-K/0000936340-19-000086/primary-document.html
2026-02-23 15:04:07,442 [src.preprocess] DEBUG: Extracted 27 HTML titles from data/10k_raw/DTE/10-K/0000936340-20-000127/primary-document.html
2026-02-23 15:04:07,666 [src.preprocess] DEBUG: Extracted 37 HTML titles from data/10k_raw/DTE/10-K/0000936340-21-000112/primary-document.html
2026-02-23 15:04:07,666 [src.preprocess] DEBUG: Filtered 2 / 37 HTML titles against item_1a text
2026-02-23 15:04:07,890 [src.preprocess] DEBUG: Extracted 33 HTML titles from data/10k_raw/DTE/10-K/0000936340-22-000077/primary-document.html
2026-02-23 15:04:07,890 [src.preprocess] DEBUG: Filtered 2 / 33 HTML titles against item_1a text
2026-02-23 15:04:08,105 [src.preprocess] DEBUG: Extracted 32 HTML titles from data/10k_raw/DTE/10-K/0000936340-23-000073/primary-document.html
2026-02-23 15:04:08,105 [src.preprocess] DEBUG: Filtered 3 / 32 HTML titles against item_1a text
2026-02-23 15:04:08,278 [src.preprocess] DEBUG: Extracted 32 HTML titles from data/10k_raw/DTE/10-K/0000936340-24-000076/primary-document.html
2026-02-23 15:04:08,278 [src.preprocess] DEBUG: Filtered 3 / 32 HTML titles against item_1a text
2026-02-23 15:04:08,674 [src.preprocess] DEBUG: Extracted 18 HTML titles from data/10k_raw/DUK/10-K/0001326160-15-000008/primary-document.html
2026-02-23 15:04:09,080 [src.preprocess] DEBUG: Extracted 19 HTML titles from data/10k_raw/DUK/10-K/0001326160-16-000221/primary-document.html
2026-02-23 15:04:09,476 [src.preprocess] DEBUG: Extracted 19 HTML titles from data/10k_raw/DUK/10-K/0001326160-17-000016/primary-document.html
2026-02-23 15:04:09,943 [src.preprocess] DEBUG: Extracted 20 HTML titles from data/10k_raw/DUK/10-K/0001326160-18-000034/primary-document.html
2026-02-23 15:04:10,390 [src.preprocess] DEBUG: Extracted 21 HTML titles from data/10k_raw/DUK/10-K/0001326160-19-000057/primary-document.html
2026-02-23 15:04:10,952 [src.preprocess] DEBUG: Extracted 21 HTML titles from data/10k_raw/DUK/10-K/0001326160-20-000034/primary-document.html
2026-02-23 15:04:11,446 [src.preprocess] DEBUG: Extracted 25 HTML titles from data/10k_raw/DUK/10-K/0001326160-21-000063/primary-document.html
2026-02-23 15:04:11,910 [src.preprocess] DEBUG: Extracted 25 HTML titles from data/10k_raw/DUK/10-K/0001326160-22-000072/primary-document.html
2026-02-23 15:04:12,383 [src.preprocess] DEBUG: Extracted 24 HTML titles from data/10k_raw/DUK/10-K/0001326160-23-000073/primary-document.html
2026-02-23 15:04:12,774 [src.preprocess] DEBUG: Extracted 24 HTML titles from data/10k_raw/DUK/10-K/0001326160-24-000037/primary-document.html
2026-02-23 15:04:14,383 [src.preprocess] DEBUG: Extracted 212 HTML titles from data/10k_raw/DVA/10-K/0000927066-18-000030/primary-document.html
2026-02-23 15:04:14,391 [src.preprocess] DEBUG: Filtered 47 / 212 HTML titles against item_1a text
2026-02-23 15:04:16,002 [src.preprocess] DEBUG: Extracted 296 HTML titles from data/10k_raw/DVA/10-K/0000927066-19-000025/primary-document.html
2026-02-23 15:04:16,028 [src.preprocess] DEBUG: Filtered 80 / 296 HTML titles against item_1a text
2026-02-23 15:04:17,556 [src.preprocess] DEBUG: Extracted 254 HTML titles from data/10k_raw/DVA/10-K/0000927066-20-000014/primary-document.html
2026-02-23 15:04:17,576 [src.preprocess] DEBUG: Filtered 77 / 254 HTML titles against item_1a text
2026-02-23 15:04:18,388 [src.preprocess] DEBUG: Extracted 231 HTML titles from data/10k_raw/DVA/10-K/0000927066-21-000008/primary-document.html
2026-02-23 15:04:18,408 [src.preprocess] DEBUG: Filtered 69 / 231 HTML titles against item_1a text
2026-02-23 15:04:19,106 [src.preprocess] DEBUG: Extracted 220 HTML titles from data/10k_raw/DVA/10-K/0000927066-22-000012/primary-document.html
2026-02-23 15:04:19,126 [src.preprocess] DEBUG: Filtered 68 / 220 HTML titles against item_1a text
2026-02-23 15:04:19,821 [src.preprocess] DEBUG: Extracted 219 HTML titles from data/10k_raw/DVA/10-K/0000927066-23-000011/primary-document.html
2026-02-23 15:04:19,839 [src.preprocess] DEBUG: Filtered 68 / 219 HTML titles against item_1a text
2026-02-23 15:04:20,470 [src.preprocess] DEBUG: Extracted 198 HTML titles from data/10k_raw/DVA/10-K/0000927066-24-000013/primary-document.html
2026-02-23 15:04:20,486 [src.preprocess] DEBUG: Filtered 61 / 198 HTML titles against item_1a text
2026-02-23 15:04:22,612 [src.preprocess] DEBUG: Extracted 291 HTML titles from data/10k_raw/DVA/10-K/0001564590-15-001035/primary-document.html
2026-02-23 15:04:22,633 [src.preprocess] DEBUG: Filtered 17 / 291 HTML titles against item_1a text
2026-02-23 15:04:24,778 [src.preprocess] DEBUG: Extracted 305 HTML titles from data/10k_raw/DVA/10-K/0001564590-16-013587/primary-document.html
2026-02-23 15:04:24,800 [src.preprocess] DEBUG: Filtered 27 / 305 HTML titles against item_1a text
2026-02-23 15:04:26,626 [src.preprocess] DEBUG: Extracted 224 HTML titles from data/10k_raw/DVA/10-K/0001564590-17-002409/primary-document.html
2026-02-23 15:04:26,636 [src.preprocess] DEBUG: Filtered 13 / 224 HTML titles against item_1a text
2026-02-23 15:04:27,107 [src.preprocess] DEBUG: Extracted 54 HTML titles from data/10k_raw/DVN/10-K/0000950170-23-002852/primary-document.html
2026-02-23 15:04:27,317 [src.preprocess] DEBUG: Extracted 54 HTML titles from data/10k_raw/DVN/10-K/0000950170-24-021781/primary-document.html
2026-02-23 15:04:27,563 [src.preprocess] DEBUG: Extracted 0 HTML titles from data/10k_raw/DVN/10-K/0001193125-15-056497/primary-document.html
2026-02-23 15:04:27,805 [src.preprocess] DEBUG: Extracted 0 HTML titles from data/10k_raw/DVN/10-K/0001193125-16-466687/primary-document.html
2026-02-23 15:04:30,068 [src.preprocess] DEBUG: Extracted 313 HTML titles from data/10k_raw/DVN/10-K/0001564590-17-001607/primary-document.html
2026-02-23 15:04:30,082 [src.preprocess] DEBUG: Filtered 41 / 313 HTML titles against item_1a text
2026-02-23 15:04:32,567 [src.preprocess] DEBUG: Extracted 332 HTML titles from data/10k_raw/DVN/10-K/0001564590-18-002582/primary-document.html
2026-02-23 15:04:32,587 [src.preprocess] DEBUG: Filtered 43 / 332 HTML titles against item_1a text
2026-02-23 15:04:34,844 [src.preprocess] DEBUG: Extracted 297 HTML titles from data/10k_raw/DVN/10-K/0001564590-19-003382/primary-document.html
2026-02-23 15:04:34,857 [src.preprocess] DEBUG: Filtered 44 / 297 HTML titles against item_1a text
2026-02-23 15:04:36,802 [src.preprocess] DEBUG: Extracted 273 HTML titles from data/10k_raw/DVN/10-K/0001564590-20-005182/primary-document.html
2026-02-23 15:04:36,813 [src.preprocess] DEBUG: Filtered 43 / 273 HTML titles against item_1a text
2026-02-23 15:04:38,451 [src.preprocess] DEBUG: Extracted 263 HTML titles from data/10k_raw/DVN/10-K/0001564590-21-006239/primary-document.html
2026-02-23 15:04:38,462 [src.preprocess] DEBUG: Filtered 44 / 263 HTML titles against item_1a text
2026-02-23 15:04:40,074 [src.preprocess] DEBUG: Extracted 282 HTML titles from data/10k_raw/DVN/10-K/0001564590-22-005321/primary-document.html
2026-02-23 15:04:40,085 [src.preprocess] DEBUG: Filtered 45 / 282 HTML titles against item_1a text
2026-02-23 15:04:40,237 [src.preprocess] DEBUG: Extracted 33 HTML titles from data/10k_raw/DXCM/10-K/0001093557-15-000040/primary-document.html
2026-02-23 15:04:40,329 [src.preprocess] DEBUG: Extracted 38 HTML titles from data/10k_raw/DXCM/10-K/0001093557-16-000432/primary-document.html
2026-02-23 15:04:40,329 [src.preprocess] DEBUG: Filtered 1 / 38 HTML titles against item_1a text
2026-02-23 15:04:40,516 [src.preprocess] DEBUG: Extracted 37 HTML titles from data/10k_raw/DXCM/10-K/0001093557-17-000048/primary-document.html
2026-02-23 15:04:40,516 [src.preprocess] DEBUG: Filtered 1 / 37 HTML titles against item_1a text
2026-02-23 15:04:40,623 [src.preprocess] DEBUG: Extracted 44 HTML titles from data/10k_raw/DXCM/10-K/0001093557-18-000018/primary-document.html
2026-02-23 15:04:40,751 [src.preprocess] DEBUG: Extracted 45 HTML titles from data/10k_raw/DXCM/10-K/0001093557-19-000041/primary-document.html
2026-02-23 15:04:40,921 [src.preprocess] DEBUG: Extracted 55 HTML titles from data/10k_raw/DXCM/10-K/0001093557-20-000029/primary-document.html
2026-02-23 15:04:40,922 [src.preprocess] DEBUG: Filtered 1 / 55 HTML titles against item_1a text
2026-02-23 15:04:41,044 [src.preprocess] DEBUG: Extracted 60 HTML titles from data/10k_raw/DXCM/10-K/0001093557-21-000024/primary-document.html
2026-02-23 15:04:41,170 [src.preprocess] DEBUG: Extracted 60 HTML titles from data/10k_raw/DXCM/10-K/0001093557-22-000014/primary-document.html
2026-02-23 15:04:41,306 [src.preprocess] DEBUG: Extracted 62 HTML titles from data/10k_raw/DXCM/10-K/0001093557-23-000024/primary-document.html
2026-02-23 15:04:41,442 [src.preprocess] DEBUG: Extracted 63 HTML titles from data/10k_raw/DXCM/10-K/0001093557-24-000021/primary-document.html
2026-02-23 15:04:41,537 [src.preprocess] DEBUG: Extracted 34 HTML titles from data/10k_raw/EA/10-K/0000712515-15-000033/primary-document.html
2026-02-23 15:04:41,615 [src.preprocess] DEBUG: Extracted 26 HTML titles from data/10k_raw/EA/10-K/0000712515-16-000111/primary-document.html
2026-02-23 15:04:41,694 [src.preprocess] DEBUG: Extracted 34 HTML titles from data/10k_raw/EA/10-K/0000712515-17-000035/primary-document.html
2026-02-23 15:04:41,779 [src.preprocess] DEBUG: Extracted 44 HTML titles from data/10k_raw/EA/10-K/0000712515-18-000024/primary-document.html
2026-02-23 15:04:41,859 [src.preprocess] DEBUG: Extracted 35 HTML titles from data/10k_raw/EA/10-K/0000712515-19-000019/primary-document.html
2026-02-23 15:04:41,979 [src.preprocess] DEBUG: Extracted 33 HTML titles from data/10k_raw/EA/10-K/0000712515-20-000019/primary-document.html
2026-02-23 15:04:42,075 [src.preprocess] DEBUG: Extracted 51 HTML titles from data/10k_raw/EA/10-K/0000712515-21-000064/primary-document.html
2026-02-23 15:04:42,076 [src.preprocess] DEBUG: Filtered 1 / 51 HTML titles against item_1a text
2026-02-23 15:04:42,174 [src.preprocess] DEBUG: Extracted 46 HTML titles from data/10k_raw/EA/10-K/0000712515-22-000011/primary-document.html
2026-02-23 15:04:42,174 [src.preprocess] DEBUG: Filtered 1 / 46 HTML titles against item_1a text
2026-02-23 15:04:42,267 [src.preprocess] DEBUG: Extracted 45 HTML titles from data/10k_raw/EA/10-K/0000712515-23-000028/primary-document.html
2026-02-23 15:04:42,267 [src.preprocess] DEBUG: Filtered 1 / 45 HTML titles against item_1a text
2026-02-23 15:04:42,347 [src.preprocess] DEBUG: Extracted 44 HTML titles from data/10k_raw/EA/10-K/0000712515-24-000023/primary-document.html
2026-02-23 15:04:42,347 [src.preprocess] DEBUG: Filtered 1 / 44 HTML titles against item_1a text
2026-02-23 15:04:42,507 [src.preprocess] DEBUG: Extracted 25 HTML titles from data/10k_raw/EBAY/10-K/0001065088-15-000054/primary-document.html
2026-02-23 15:04:42,634 [src.preprocess] DEBUG: Extracted 16 HTML titles from data/10k_raw/EBAY/10-K/0001065088-16-000265/primary-document.html
2026-02-23 15:04:42,760 [src.preprocess] DEBUG: Extracted 11 HTML titles from data/10k_raw/EBAY/10-K/0001065088-17-000007/primary-document.html
2026-02-23 15:04:42,904 [src.preprocess] DEBUG: Extracted 12 HTML titles from data/10k_raw/EBAY/10-K/0001065088-18-000009/primary-document.html
2026-02-23 15:04:43,077 [src.preprocess] DEBUG: Extracted 12 HTML titles from data/10k_raw/EBAY/10-K/0001065088-19-000006/primary-document.html
2026-02-23 15:04:43,225 [src.preprocess] DEBUG: Extracted 13 HTML titles from data/10k_raw/EBAY/10-K/0001065088-20-000006/primary-document.html
2026-02-23 15:04:43,353 [src.preprocess] DEBUG: Extracted 20 HTML titles from data/10k_raw/EBAY/10-K/0001065088-21-000006/primary-document.html
2026-02-23 15:04:43,485 [src.preprocess] DEBUG: Extracted 19 HTML titles from data/10k_raw/EBAY/10-K/0001065088-22-000006/primary-document.html
2026-02-23 15:04:43,616 [src.preprocess] DEBUG: Extracted 18 HTML titles from data/10k_raw/EBAY/10-K/0001065088-23-000006/primary-document.html
2026-02-23 15:04:43,730 [src.preprocess] DEBUG: Extracted 18 HTML titles from data/10k_raw/EBAY/10-K/0001065088-24-000036/primary-document.html
2026-02-23 15:04:43,865 [src.preprocess] DEBUG: Extracted 58 HTML titles from data/10k_raw/ECL/10-K/0001104659-15-014788/primary-document.html
2026-02-23 15:04:43,866 [src.preprocess] DEBUG: Filtered 10 / 58 HTML titles against item_1a text
2026-02-23 15:04:44,103 [src.preprocess] DEBUG: Extracted 17 HTML titles from data/10k_raw/ECL/10-K/0001558370-16-003581/primary-document.html
2026-02-23 15:04:44,344 [src.preprocess] DEBUG: Extracted 18 HTML titles from data/10k_raw/ECL/10-K/0001558370-17-000944/primary-document.html
2026-02-23 15:04:44,600 [src.preprocess] DEBUG: Extracted 17 HTML titles from data/10k_raw/ECL/10-K/0001558370-18-000999/primary-document.html
2026-02-23 15:04:44,866 [src.preprocess] DEBUG: Extracted 17 HTML titles from data/10k_raw/ECL/10-K/0001558370-19-001379/primary-document.html
2026-02-23 15:04:45,083 [src.preprocess] DEBUG: Extracted 17 HTML titles from data/10k_raw/ECL/10-K/0001558370-20-001788/primary-document.html
2026-02-23 15:04:45,329 [src.preprocess] DEBUG: Extracted 17 HTML titles from data/10k_raw/ECL/10-K/0001558370-21-001916/primary-document.html
2026-02-23 15:04:45,569 [src.preprocess] DEBUG: Extracted 16 HTML titles from data/10k_raw/ECL/10-K/0001558370-22-002059/primary-document.html
2026-02-23 15:04:45,849 [src.preprocess] DEBUG: Extracted 16 HTML titles from data/10k_raw/ECL/10-K/0001558370-23-001969/primary-document.html
2026-02-23 15:04:46,085 [src.preprocess] DEBUG: Extracted 18 HTML titles from data/10k_raw/ECL/10-K/0001558370-24-001581/primary-document.html
2026-02-23 15:04:48,054 [src.preprocess] DEBUG: Extracted 479 HTML titles from data/10k_raw/ED/10-K/0001047862-16-000225/primary-document.html
2026-02-23 15:04:48,080 [src.preprocess] DEBUG: Filtered 69 / 479 HTML titles against item_1a text
2026-02-23 15:04:50,201 [src.preprocess] DEBUG: Extracted 469 HTML titles from data/10k_raw/ED/10-K/0001047862-17-000029/primary-document.html
2026-02-23 15:04:50,233 [src.preprocess] DEBUG: Filtered 63 / 469 HTML titles against item_1a text
2026-02-23 15:04:52,692 [src.preprocess] DEBUG: Extracted 469 HTML titles from data/10k_raw/ED/10-K/0001047862-18-000037/primary-document.html
2026-02-23 15:04:52,722 [src.preprocess] DEBUG: Filtered 64 / 469 HTML titles against item_1a text
2026-02-23 15:04:55,453 [src.preprocess] DEBUG: Extracted 466 HTML titles from data/10k_raw/ED/10-K/0001047862-19-000035/primary-document.html
2026-02-23 15:04:55,484 [src.preprocess] DEBUG: Filtered 56 / 466 HTML titles against item_1a text
2026-02-23 15:04:57,691 [src.preprocess] DEBUG: Extracted 464 HTML titles from data/10k_raw/ED/10-K/0001047862-20-000041/primary-document.html
2026-02-23 15:04:57,722 [src.preprocess] DEBUG: Filtered 78 / 464 HTML titles against item_1a text
2026-02-23 15:04:59,354 [src.preprocess] DEBUG: Extracted 483 HTML titles from data/10k_raw/ED/10-K/0001047862-21-000049/primary-document.html
2026-02-23 15:04:59,390 [src.preprocess] DEBUG: Filtered 83 / 483 HTML titles against item_1a text
2026-02-23 15:05:00,982 [src.preprocess] DEBUG: Extracted 491 HTML titles from data/10k_raw/ED/10-K/0001047862-22-000039/primary-document.html
2026-02-23 15:05:01,021 [src.preprocess] DEBUG: Filtered 83 / 491 HTML titles against item_1a text
2026-02-23 15:05:02,713 [src.preprocess] DEBUG: Extracted 507 HTML titles from data/10k_raw/ED/10-K/0001047862-23-000038/primary-document.html
2026-02-23 15:05:02,754 [src.preprocess] DEBUG: Filtered 87 / 507 HTML titles against item_1a text
2026-02-23 15:05:04,225 [src.preprocess] DEBUG: Extracted 467 HTML titles from data/10k_raw/ED/10-K/0001047862-24-000012/primary-document.html
2026-02-23 15:05:04,258 [src.preprocess] DEBUG: Filtered 78 / 467 HTML titles against item_1a text
2026-02-23 15:05:04,779 [src.preprocess] DEBUG: Extracted 0 HTML titles from data/10k_raw/ED/10-K/0001193125-15-054350/primary-document.html
2026-02-23 15:05:04,910 [src.preprocess] DEBUG: Extracted 51 HTML titles from data/10k_raw/EFX/10-K/0000033185-16-000037/primary-document.html
2026-02-23 15:05:05,009 [src.preprocess] DEBUG: Extracted 19 HTML titles from data/10k_raw/EFX/10-K/0000033185-17-000008/primary-document.html
2026-02-23 15:05:05,152 [src.preprocess] DEBUG: Extracted 61 HTML titles from data/10k_raw/EFX/10-K/0000033185-18-000011/primary-document.html
2026-02-23 15:05:05,337 [src.preprocess] DEBUG: Extracted 65 HTML titles from data/10k_raw/EFX/10-K/0000033185-19-000007/primary-document.html
2026-02-23 15:05:05,496 [src.preprocess] DEBUG: Extracted 22 HTML titles from data/10k_raw/EFX/10-K/0000033185-20-000011/primary-document.html
2026-02-23 15:05:05,632 [src.preprocess] DEBUG: Extracted 26 HTML titles from data/10k_raw/EFX/10-K/0000033185-21-000025/primary-document.html
2026-02-23 15:05:05,748 [src.preprocess] DEBUG: Extracted 24 HTML titles from data/10k_raw/EFX/10-K/0000033185-22-000014/primary-document.html
2026-02-23 15:05:05,861 [src.preprocess] DEBUG: Extracted 26 HTML titles from data/10k_raw/EFX/10-K/0000033185-23-000012/primary-document.html
2026-02-23 15:05:05,956 [src.preprocess] DEBUG: Extracted 27 HTML titles from data/10k_raw/EFX/10-K/0000033185-24-000017/primary-document.html
2026-02-23 15:05:06,053 [src.preprocess] DEBUG: Extracted 19 HTML titles from data/10k_raw/EFX/10-K/0001628280-15-001024/primary-document.html
2026-02-23 15:05:06,282 [src.preprocess] DEBUG: Extracted 4 HTML titles from data/10k_raw/EG/10-K/0001095073-15-000007/primary-document.html
2026-02-23 15:05:06,472 [src.preprocess] DEBUG: Extracted 4 HTML titles from data/10k_raw/EG/10-K/0001095073-16-000071/primary-document.html
2026-02-23 15:05:06,675 [src.preprocess] DEBUG: Extracted 4 HTML titles from data/10k_raw/EG/10-K/0001095073-17-000011/primary-document.html
2026-02-23 15:05:06,899 [src.preprocess] DEBUG: Extracted 4 HTML titles from data/10k_raw/EG/10-K/0001095073-18-000008/primary-document.html
2026-02-23 15:05:07,183 [src.preprocess] DEBUG: Extracted 4 HTML titles from data/10k_raw/EG/10-K/0001095073-19-000011/primary-document.html
2026-02-23 15:05:07,557 [src.preprocess] DEBUG: Extracted 4 HTML titles from data/10k_raw/EG/10-K/0001095073-20-000006/primary-document.html
2026-02-23 15:05:07,847 [src.preprocess] DEBUG: Extracted 4 HTML titles from data/10k_raw/EG/10-K/0001095073-21-000006/primary-document.html
2026-02-23 15:05:08,134 [src.preprocess] DEBUG: Extracted 4 HTML titles from data/10k_raw/EG/10-K/0001095073-22-000005/primary-document.html
2026-02-23 15:05:08,480 [src.preprocess] DEBUG: Extracted 4 HTML titles from data/10k_raw/EG/10-K/0001095073-23-000007/primary-document.html
2026-02-23 15:05:08,480 [src.preprocess] DEBUG: Filtered 4 / 4 HTML titles against item_1a text
2026-02-23 15:05:08,652 [src.preprocess] DEBUG: Extracted 17 HTML titles from data/10k_raw/EG/10-K/0001095073-24-000009/primary-document.html
2026-02-23 15:05:08,653 [src.preprocess] DEBUG: Filtered 2 / 17 HTML titles against item_1a text
2026-02-23 15:05:08,795 [src.preprocess] DEBUG: Extracted 59 HTML titles from data/10k_raw/EIX/10-K/0000827052-15-000035/primary-document.html
2026-02-23 15:05:08,795 [src.preprocess] DEBUG: Filtered 9 / 59 HTML titles against item_1a text
2026-02-23 15:05:08,931 [src.preprocess] DEBUG: Extracted 60 HTML titles from data/10k_raw/EIX/10-K/0000827052-16-000222/primary-document.html
2026-02-23 15:05:08,931 [src.preprocess] DEBUG: Filtered 9 / 60 HTML titles against item_1a text
2026-02-23 15:05:09,099 [src.preprocess] DEBUG: Extracted 58 HTML titles from data/10k_raw/EIX/10-K/0000827052-17-000033/primary-document.html
2026-02-23 15:05:09,099 [src.preprocess] DEBUG: Filtered 9 / 58 HTML titles against item_1a text
2026-02-23 15:05:09,237 [src.preprocess] DEBUG: Extracted 58 HTML titles from data/10k_raw/EIX/10-K/0000827052-18-000046/primary-document.html
2026-02-23 15:05:09,237 [src.preprocess] DEBUG: Filtered 9 / 58 HTML titles against item_1a text
2026-02-23 15:05:09,381 [src.preprocess] DEBUG: Extracted 59 HTML titles from data/10k_raw/EIX/10-K/0000827052-19-000034/primary-document.html
2026-02-23 15:05:09,381 [src.preprocess] DEBUG: Filtered 10 / 59 HTML titles against item_1a text
2026-02-23 15:05:09,582 [src.preprocess] DEBUG: Extracted 59 HTML titles from data/10k_raw/EIX/10-K/0000827052-20-000026/primary-document.html
2026-02-23 15:05:09,582 [src.preprocess] DEBUG: Filtered 7 / 59 HTML titles against item_1a text
2026-02-23 15:05:09,763 [src.preprocess] DEBUG: Extracted 61 HTML titles from data/10k_raw/EIX/10-K/0000827052-21-000019/primary-document.html
2026-02-23 15:05:09,763 [src.preprocess] DEBUG: Filtered 7 / 61 HTML titles against item_1a text
2026-02-23 15:05:09,982 [src.preprocess] DEBUG: Extracted 0 HTML titles from data/10k_raw/EIX/10-K/0000827052-22-000006/primary-document.html
2026-02-23 15:05:10,192 [src.preprocess] DEBUG: Extracted 0 HTML titles from data/10k_raw/EIX/10-K/0000827052-23-000010/primary-document.html
2026-02-23 15:05:10,400 [src.preprocess] DEBUG: Extracted 0 HTML titles from data/10k_raw/EIX/10-K/0000827052-24-000013/primary-document.html
2026-02-23 15:05:10,606 [src.preprocess] DEBUG: Extracted 35 HTML titles from data/10k_raw/EL/10-K/0001001250-20-000065/primary-document.html
2026-02-23 15:05:10,607 [src.preprocess] DEBUG: Filtered 3 / 35 HTML titles against item_1a text
2026-02-23 15:05:10,791 [src.preprocess] DEBUG: Extracted 46 HTML titles from data/10k_raw/EL/10-K/0001001250-21-000127/primary-document.html
2026-02-23 15:05:10,791 [src.preprocess] DEBUG: Filtered 3 / 46 HTML titles against item_1a text
2026-02-23 15:05:10,981 [src.preprocess] DEBUG: Extracted 46 HTML titles from data/10k_raw/EL/10-K/0001001250-22-000122/primary-document.html
2026-02-23 15:05:10,982 [src.preprocess] DEBUG: Filtered 3 / 46 HTML titles against item_1a text
2026-02-23 15:05:11,127 [src.preprocess] DEBUG: Extracted 42 HTML titles from data/10k_raw/EL/10-K/0001001250-23-000112/primary-document.html
2026-02-23 15:05:11,128 [src.preprocess] DEBUG: Filtered 3 / 42 HTML titles against item_1a text
2026-02-23 15:05:11,274 [src.preprocess] DEBUG: Extracted 42 HTML titles from data/10k_raw/EL/10-K/0001001250-24-000116/primary-document.html
2026-02-23 15:05:11,275 [src.preprocess] DEBUG: Filtered 3 / 42 HTML titles against item_1a text
2026-02-23 15:05:11,413 [src.preprocess] DEBUG: Extracted 50 HTML titles from data/10k_raw/EL/10-K/0001104659-15-061122/primary-document.html
2026-02-23 15:05:11,413 [src.preprocess] DEBUG: Filtered 2 / 50 HTML titles against item_1a text
2026-02-23 15:05:11,579 [src.preprocess] DEBUG: Extracted 43 HTML titles from data/10k_raw/EL/10-K/0001104659-16-141179/primary-document.html
2026-02-23 15:05:11,580 [src.preprocess] DEBUG: Filtered 2 / 43 HTML titles against item_1a text
2026-02-23 15:05:11,732 [src.preprocess] DEBUG: Extracted 43 HTML titles from data/10k_raw/EL/10-K/0001104659-17-053604/primary-document.html
2026-02-23 15:05:11,732 [src.preprocess] DEBUG: Filtered 2 / 43 HTML titles against item_1a text
2026-02-23 15:05:11,922 [src.preprocess] DEBUG: Extracted 32 HTML titles from data/10k_raw/EL/10-K/0001104659-18-053494/primary-document.html
2026-02-23 15:05:11,922 [src.preprocess] DEBUG: Filtered 3 / 32 HTML titles against item_1a text
2026-02-23 15:05:12,101 [src.preprocess] DEBUG: Extracted 35 HTML titles from data/10k_raw/EL/10-K/0001104659-19-047085/primary-document.html
2026-02-23 15:05:12,101 [src.preprocess] DEBUG: Filtered 4 / 35 HTML titles against item_1a text
2026-02-23 15:05:12,295 [src.preprocess] DEBUG: Extracted 38 HTML titles from data/10k_raw/ELV/10-K/0001156039-15-000003/primary-document.html
2026-02-23 15:05:12,295 [src.preprocess] DEBUG: Filtered 2 / 38 HTML titles against item_1a text
2026-02-23 15:05:12,446 [src.preprocess] DEBUG: Extracted 36 HTML titles from data/10k_raw/ELV/10-K/0001156039-16-000018/primary-document.html
2026-02-23 15:05:12,447 [src.preprocess] DEBUG: Filtered 1 / 36 HTML titles against item_1a text
2026-02-23 15:05:12,633 [src.preprocess] DEBUG: Extracted 37 HTML titles from data/10k_raw/ELV/10-K/0001156039-17-000002/primary-document.html
2026-02-23 15:05:12,633 [src.preprocess] DEBUG: Filtered 1 / 37 HTML titles against item_1a text
2026-02-23 15:05:12,786 [src.preprocess] DEBUG: Extracted 37 HTML titles from data/10k_raw/ELV/10-K/0001156039-18-000003/primary-document.html
2026-02-23 15:05:12,786 [src.preprocess] DEBUG: Filtered 2 / 37 HTML titles against item_1a text
2026-02-23 15:05:12,977 [src.preprocess] DEBUG: Extracted 33 HTML titles from data/10k_raw/ELV/10-K/0001156039-19-000004/primary-document.html
2026-02-23 15:05:12,977 [src.preprocess] DEBUG: Filtered 2 / 33 HTML titles against item_1a text
2026-02-23 15:05:13,225 [src.preprocess] DEBUG: Extracted 32 HTML titles from data/10k_raw/ELV/10-K/0001156039-20-000003/primary-document.html
2026-02-23 15:05:13,225 [src.preprocess] DEBUG: Filtered 2 / 32 HTML titles against item_1a text
2026-02-23 15:05:14,173 [src.preprocess] DEBUG: Extracted 307 HTML titles from data/10k_raw/ELV/10-K/0001156039-21-000012/primary-document.html
2026-02-23 15:05:14,189 [src.preprocess] DEBUG: Filtered 82 / 307 HTML titles against item_1a text
2026-02-23 15:05:14,375 [src.preprocess] DEBUG: Extracted 48 HTML titles from data/10k_raw/ELV/10-K/0001156039-22-000009/primary-document.html
2026-02-23 15:05:14,376 [src.preprocess] DEBUG: Filtered 1 / 48 HTML titles against item_1a text
2026-02-23 15:05:15,287 [src.preprocess] DEBUG: Extracted 299 HTML titles from data/10k_raw/ELV/10-K/0001156039-23-000007/primary-document.html
2026-02-23 15:05:15,302 [src.preprocess] DEBUG: Filtered 74 / 299 HTML titles against item_1a text
2026-02-23 15:05:16,174 [src.preprocess] DEBUG: Extracted 331 HTML titles from data/10k_raw/ELV/10-K/0001156039-24-000015/primary-document.html
2026-02-23 15:05:16,190 [src.preprocess] DEBUG: Filtered 83 / 331 HTML titles against item_1a text
2026-02-23 15:05:16,289 [src.preprocess] DEBUG: Extracted 0 HTML titles from data/10k_raw/EME/10-K/0000105634-15-000041/primary-document.html
2026-02-23 15:05:16,362 [src.preprocess] DEBUG: Extracted 0 HTML titles from data/10k_raw/EME/10-K/0000105634-16-000297/primary-document.html
2026-02-23 15:05:16,435 [src.preprocess] DEBUG: Extracted 0 HTML titles from data/10k_raw/EME/10-K/0000105634-17-000043/primary-document.html
2026-02-23 15:05:16,508 [src.preprocess] DEBUG: Extracted 0 HTML titles from data/10k_raw/EME/10-K/0000105634-18-000045/primary-document.html
2026-02-23 15:05:16,588 [src.preprocess] DEBUG: Extracted 0 HTML titles from data/10k_raw/EME/10-K/0000105634-19-000044/primary-document.html
2026-02-23 15:05:16,700 [src.preprocess] DEBUG: Extracted 0 HTML titles from data/10k_raw/EME/10-K/0000105634-20-000043/primary-document.html
2026-02-23 15:05:16,802 [src.preprocess] DEBUG: Extracted 0 HTML titles from data/10k_raw/EME/10-K/0000105634-21-000044/primary-document.html
2026-02-23 15:05:16,900 [src.preprocess] DEBUG: Extracted 0 HTML titles from data/10k_raw/EME/10-K/0000105634-22-000006/primary-document.html
2026-02-23 15:05:16,994 [src.preprocess] DEBUG: Extracted 0 HTML titles from data/10k_raw/EME/10-K/0000105634-23-000005/primary-document.html
2026-02-23 15:05:17,066 [src.preprocess] DEBUG: Extracted 0 HTML titles from data/10k_raw/EME/10-K/0000105634-24-000006/primary-document.html
2026-02-23 15:05:17,198 [src.preprocess] DEBUG: Extracted 0 HTML titles from data/10k_raw/EMN/10-K/0000915389-15-000021/primary-document.html
2026-02-23 15:05:17,320 [src.preprocess] DEBUG: Extracted 0 HTML titles from data/10k_raw/EMN/10-K/0000915389-16-000095/primary-document.html
2026-02-23 15:05:17,436 [src.preprocess] DEBUG: Extracted 0 HTML titles from data/10k_raw/EMN/10-K/0000915389-17-000014/primary-document.html
2026-02-23 15:05:17,549 [src.preprocess] DEBUG: Extracted 0 HTML titles from data/10k_raw/EMN/10-K/0000915389-18-000016/primary-document.html
2026-02-23 15:05:17,667 [src.preprocess] DEBUG: Extracted 0 HTML titles from data/10k_raw/EMN/10-K/0000915389-19-000009/primary-document.html
2026-02-23 15:05:17,817 [src.preprocess] DEBUG: Extracted 0 HTML titles from data/10k_raw/EMN/10-K/0000915389-20-000016/primary-document.html
2026-02-23 15:05:17,960 [src.preprocess] DEBUG: Extracted 0 HTML titles from data/10k_raw/EMN/10-K/0000915389-21-000016/primary-document.html
2026-02-23 15:05:18,104 [src.preprocess] DEBUG: Extracted 0 HTML titles from data/10k_raw/EMN/10-K/0000915389-22-000010/primary-document.html
2026-02-23 15:05:18,238 [src.preprocess] DEBUG: Extracted 0 HTML titles from data/10k_raw/EMN/10-K/0000915389-23-000015/primary-document.html
2026-02-23 15:05:18,435 [src.preprocess] DEBUG: Extracted 55 HTML titles from data/10k_raw/EMN/10-K/0000915389-24-000016/primary-document.html
2026-02-23 15:05:18,436 [src.preprocess] DEBUG: Filtered 4 / 55 HTML titles against item_1a text
2026-02-23 15:05:18,467 [src.preprocess] DEBUG: Extracted 14 HTML titles from data/10k_raw/EMR/10-K/0000032604-15-000051/primary-document.html
2026-02-23 15:05:18,542 [src.preprocess] DEBUG: Extracted 14 HTML titles from data/10k_raw/EMR/10-K/0000032604-16-000105/primary-document.html
2026-02-23 15:05:18,615 [src.preprocess] DEBUG: Extracted 13 HTML titles from data/10k_raw/EMR/10-K/0000032604-17-000046/primary-document.html
2026-02-23 15:05:18,685 [src.preprocess] DEBUG: Extracted 12 HTML titles from data/10k_raw/EMR/10-K/0000032604-18-000044/primary-document.html
2026-02-23 15:05:18,782 [src.preprocess] DEBUG: Extracted 12 HTML titles from data/10k_raw/EMR/10-K/0000032604-19-000048/primary-document.html
2026-02-23 15:05:18,870 [src.preprocess] DEBUG: Extracted 14 HTML titles from data/10k_raw/EMR/10-K/0000032604-20-000041/primary-document.html
2026-02-23 15:05:18,955 [src.preprocess] DEBUG: Extracted 18 HTML titles from data/10k_raw/EMR/10-K/0000032604-21-000038/primary-document.html
2026-02-23 15:05:19,053 [src.preprocess] DEBUG: Extracted 18 HTML titles from data/10k_raw/EMR/10-K/0000032604-22-000041/primary-document.html
2026-02-23 15:05:19,138 [src.preprocess] DEBUG: Extracted 18 HTML titles from data/10k_raw/EMR/10-K/0000032604-23-000044/primary-document.html
2026-02-23 15:05:19,227 [src.preprocess] DEBUG: Extracted 18 HTML titles from data/10k_raw/EMR/10-K/0000032604-24-000041/primary-document.html
2026-02-23 15:05:19,419 [src.preprocess] DEBUG: Extracted 11 HTML titles from data/10k_raw/EOG/10-K/0000821189-15-000010/primary-document.html
2026-02-23 15:05:19,579 [src.preprocess] DEBUG: Extracted 11 HTML titles from data/10k_raw/EOG/10-K/0000821189-16-000054/primary-document.html
2026-02-23 15:05:19,746 [src.preprocess] DEBUG: Extracted 10 HTML titles from data/10k_raw/EOG/10-K/0000821189-17-000017/primary-document.html
2026-02-23 15:05:19,956 [src.preprocess] DEBUG: Extracted 17 HTML titles from data/10k_raw/EOG/10-K/0000821189-18-000012/primary-document.html
2026-02-23 15:05:19,956 [src.preprocess] DEBUG: Filtered 1 / 17 HTML titles against item_1a text
2026-02-23 15:05:20,134 [src.preprocess] DEBUG: Extracted 17 HTML titles from data/10k_raw/EOG/10-K/0000821189-19-000009/primary-document.html
2026-02-23 15:05:20,135 [src.preprocess] DEBUG: Filtered 1 / 17 HTML titles against item_1a text
2026-02-23 15:05:20,380 [src.preprocess] DEBUG: Extracted 17 HTML titles from data/10k_raw/EOG/10-K/0000821189-20-000010/primary-document.html
2026-02-23 15:05:20,380 [src.preprocess] DEBUG: Filtered 1 / 17 HTML titles against item_1a text
2026-02-23 15:05:20,572 [src.preprocess] DEBUG: Extracted 23 HTML titles from data/10k_raw/EOG/10-K/0000821189-21-000017/primary-document.html
2026-02-23 15:05:20,572 [src.preprocess] DEBUG: Filtered 1 / 23 HTML titles against item_1a text
2026-02-23 15:05:20,751 [src.preprocess] DEBUG: Extracted 23 HTML titles from data/10k_raw/EOG/10-K/0000821189-22-000017/primary-document.html
2026-02-23 15:05:20,909 [src.preprocess] DEBUG: Extracted 23 HTML titles from data/10k_raw/EOG/10-K/0000821189-23-000015/primary-document.html
2026-02-23 15:05:21,070 [src.preprocess] DEBUG: Extracted 23 HTML titles from data/10k_raw/EOG/10-K/0000821189-24-000011/primary-document.html
2026-02-23 15:05:21,214 [src.preprocess] DEBUG: Extracted 76 HTML titles from data/10k_raw/EPAM/10-K/0001352010-15-000006/primary-document.html
2026-02-23 15:05:21,214 [src.preprocess] DEBUG: Filtered 1 / 76 HTML titles against item_1a text
2026-02-23 15:05:21,347 [src.preprocess] DEBUG: Extracted 65 HTML titles from data/10k_raw/EPAM/10-K/0001352010-16-000030/primary-document.html
2026-02-23 15:05:21,508 [src.preprocess] DEBUG: Extracted 63 HTML titles from data/10k_raw/EPAM/10-K/0001352010-17-000006/primary-document.html
2026-02-23 15:05:21,612 [src.preprocess] DEBUG: Extracted 60 HTML titles from data/10k_raw/EPAM/10-K/0001352010-18-000011/primary-document.html
2026-02-23 15:05:21,711 [src.preprocess] DEBUG: Extracted 56 HTML titles from data/10k_raw/EPAM/10-K/0001352010-19-000008/primary-document.html
2026-02-23 15:05:21,835 [src.preprocess] DEBUG: Extracted 47 HTML titles from data/10k_raw/EPAM/10-K/0001352010-20-000012/primary-document.html
2026-02-23 15:05:21,948 [src.preprocess] DEBUG: Extracted 54 HTML titles from data/10k_raw/EPAM/10-K/0001352010-21-000010/primary-document.html
2026-02-23 15:05:22,063 [src.preprocess] DEBUG: Extracted 56 HTML titles from data/10k_raw/EPAM/10-K/0001352010-22-000020/primary-document.html
2026-02-23 15:05:22,182 [src.preprocess] DEBUG: Extracted 57 HTML titles from data/10k_raw/EPAM/10-K/0001352010-23-000013/primary-document.html
2026-02-23 15:05:22,182 [src.preprocess] DEBUG: Filtered 1 / 57 HTML titles against item_1a text
2026-02-23 15:05:22,299 [src.preprocess] DEBUG: Extracted 53 HTML titles from data/10k_raw/EPAM/10-K/0001352010-24-000008/primary-document.html
2026-02-23 15:05:22,300 [src.preprocess] DEBUG: Filtered 1 / 53 HTML titles against item_1a text
2026-02-23 15:05:22,411 [src.preprocess] DEBUG: Extracted 0 HTML titles from data/10k_raw/EQIX/10-K/0001193125-15-073042/primary-document.html
2026-02-23 15:05:22,559 [src.preprocess] DEBUG: Extracted 52 HTML titles from data/10k_raw/EQIX/10-K/0001628280-16-011802/primary-document.html
2026-02-23 15:05:22,728 [src.preprocess] DEBUG: Extracted 56 HTML titles from data/10k_raw/EQIX/10-K/0001628280-17-001774/primary-document.html
2026-02-23 15:05:22,906 [src.preprocess] DEBUG: Extracted 51 HTML titles from data/10k_raw/EQIX/10-K/0001628280-18-002212/primary-document.html
2026-02-23 15:05:23,111 [src.preprocess] DEBUG: Extracted 49 HTML titles from data/10k_raw/EQIX/10-K/0001628280-19-001771/primary-document.html
2026-02-23 15:05:23,112 [src.preprocess] DEBUG: Filtered 1 / 49 HTML titles against item_1a text
2026-02-23 15:05:23,346 [src.preprocess] DEBUG: Extracted 52 HTML titles from data/10k_raw/EQIX/10-K/0001628280-20-001947/primary-document.html
2026-02-23 15:05:23,346 [src.preprocess] DEBUG: Filtered 1 / 52 HTML titles against item_1a text
2026-02-23 15:05:23,562 [src.preprocess] DEBUG: Extracted 56 HTML titles from data/10k_raw/EQIX/10-K/0001628280-21-002563/primary-document.html
2026-02-23 15:05:23,563 [src.preprocess] DEBUG: Filtered 1 / 56 HTML titles against item_1a text
2026-02-23 15:05:23,769 [src.preprocess] DEBUG: Extracted 56 HTML titles from data/10k_raw/EQIX/10-K/0001628280-22-003171/primary-document.html
2026-02-23 15:05:23,977 [src.preprocess] DEBUG: Extracted 48 HTML titles from data/10k_raw/EQIX/10-K/0001628280-23-004039/primary-document.html
2026-02-23 15:05:24,164 [src.preprocess] DEBUG: Extracted 51 HTML titles from data/10k_raw/EQIX/10-K/0001628280-24-005350/primary-document.html
2026-02-23 15:05:24,448 [src.preprocess] DEBUG: Extracted 12 HTML titles from data/10k_raw/EQR/10-K/0000906107-15-000007/primary-document.html
2026-02-23 15:05:24,740 [src.preprocess] DEBUG: Extracted 14 HTML titles from data/10k_raw/EQR/10-K/0000906107-16-000029/primary-document.html
2026-02-23 15:05:25,005 [src.preprocess] DEBUG: Extracted 13 HTML titles from data/10k_raw/EQR/10-K/0000906107-17-000007/primary-document.html
2026-02-23 15:05:25,506 [src.preprocess] DEBUG: Extracted 7 HTML titles from data/10k_raw/EQR/10-K/0000950170-23-003060/primary-document.html
2026-02-23 15:05:25,865 [src.preprocess] DEBUG: Extracted 7 HTML titles from data/10k_raw/EQR/10-K/0000950170-24-015907/primary-document.html
2026-02-23 15:05:26,319 [src.preprocess] DEBUG: Extracted 11 HTML titles from data/10k_raw/EQR/10-K/0001564590-18-002873/primary-document.html
2026-02-23 15:05:26,319 [src.preprocess] DEBUG: Filtered 2 / 11 HTML titles against item_1a text
2026-02-23 15:05:26,756 [src.preprocess] DEBUG: Extracted 9 HTML titles from data/10k_raw/EQR/10-K/0001564590-19-003683/primary-document.html
2026-02-23 15:05:27,248 [src.preprocess] DEBUG: Extracted 6 HTML titles from data/10k_raw/EQR/10-K/0001564590-20-005562/primary-document.html
2026-02-23 15:05:27,727 [src.preprocess] DEBUG: Extracted 7 HTML titles from data/10k_raw/EQR/10-K/0001564590-21-006679/primary-document.html
2026-02-23 15:05:28,198 [src.preprocess] DEBUG: Extracted 7 HTML titles from data/10k_raw/EQR/10-K/0001564590-22-005566/primary-document.html
2026-02-23 15:05:28,339 [src.preprocess] DEBUG: Extracted 28 HTML titles from data/10k_raw/EQT/10-K/0000033213-15-000004/primary-document.html
2026-02-23 15:05:28,339 [src.preprocess] DEBUG: Filtered 4 / 28 HTML titles against item_1a text
2026-02-23 15:05:28,483 [src.preprocess] DEBUG: Extracted 25 HTML titles from data/10k_raw/EQT/10-K/0000033213-16-000018/primary-document.html
2026-02-23 15:05:28,483 [src.preprocess] DEBUG: Filtered 3 / 25 HTML titles against item_1a text
2026-02-23 15:05:28,660 [src.preprocess] DEBUG: Extracted 29 HTML titles from data/10k_raw/EQT/10-K/0000033213-17-000003/primary-document.html
2026-02-23 15:05:28,660 [src.preprocess] DEBUG: Filtered 3 / 29 HTML titles against item_1a text
2026-02-23 15:05:28,821 [src.preprocess] DEBUG: Extracted 31 HTML titles from data/10k_raw/EQT/10-K/0000033213-18-000003/primary-document.html
2026-02-23 15:05:28,821 [src.preprocess] DEBUG: Filtered 3 / 31 HTML titles against item_1a text
2026-02-23 15:05:28,965 [src.preprocess] DEBUG: Extracted 36 HTML titles from data/10k_raw/EQT/10-K/0000033213-19-000006/primary-document.html
2026-02-23 15:05:28,966 [src.preprocess] DEBUG: Filtered 1 / 36 HTML titles against item_1a text
2026-02-23 15:05:29,195 [src.preprocess] DEBUG: Extracted 57 HTML titles from data/10k_raw/EQT/10-K/0000033213-20-000008/primary-document.html
2026-02-23 15:05:29,196 [src.preprocess] DEBUG: Filtered 1 / 57 HTML titles against item_1a text
2026-02-23 15:05:29,361 [src.preprocess] DEBUG: Extracted 70 HTML titles from data/10k_raw/EQT/10-K/0000033213-21-000006/primary-document.html
2026-02-23 15:05:29,362 [src.preprocess] DEBUG: Filtered 1 / 70 HTML titles against item_1a text
2026-02-23 15:05:29,524 [src.preprocess] DEBUG: Extracted 61 HTML titles from data/10k_raw/EQT/10-K/0000033213-22-000007/primary-document.html
2026-02-23 15:05:29,525 [src.preprocess] DEBUG: Filtered 3 / 61 HTML titles against item_1a text
2026-02-23 15:05:29,731 [src.preprocess] DEBUG: Extracted 63 HTML titles from data/10k_raw/EQT/10-K/0000033213-23-000008/primary-document.html
2026-02-23 15:05:29,732 [src.preprocess] DEBUG: Filtered 3 / 63 HTML titles against item_1a text
2026-02-23 15:05:29,879 [src.preprocess] DEBUG: Extracted 60 HTML titles from data/10k_raw/EQT/10-K/0000033213-24-000008/primary-document.html
2026-02-23 15:05:29,880 [src.preprocess] DEBUG: Filtered 2 / 60 HTML titles against item_1a text
2026-02-23 15:05:30,045 [src.preprocess] DEBUG: Extracted 0 HTML titles from data/10k_raw/ERIE/10-K/0000922621-15-000008/primary-document.html
2026-02-23 15:05:30,125 [src.preprocess] DEBUG: Extracted 4 HTML titles from data/10k_raw/ERIE/10-K/0000922621-16-000067/primary-document.html
2026-02-23 15:05:30,125 [src.preprocess] DEBUG: Filtered 1 / 4 HTML titles against item_1a text
2026-02-23 15:05:30,208 [src.preprocess] DEBUG: Extracted 4 HTML titles from data/10k_raw/ERIE/10-K/0000922621-17-000008/primary-document.html
2026-02-23 15:05:30,209 [src.preprocess] DEBUG: Filtered 1 / 4 HTML titles against item_1a text
2026-02-23 15:05:30,297 [src.preprocess] DEBUG: Extracted 4 HTML titles from data/10k_raw/ERIE/10-K/0000922621-18-000016/primary-document.html
2026-02-23 15:05:30,297 [src.preprocess] DEBUG: Filtered 1 / 4 HTML titles against item_1a text
2026-02-23 15:05:30,390 [src.preprocess] DEBUG: Extracted 4 HTML titles from data/10k_raw/ERIE/10-K/0000922621-19-000008/primary-document.html
2026-02-23 15:05:30,390 [src.preprocess] DEBUG: Filtered 1 / 4 HTML titles against item_1a text
2026-02-23 15:05:30,503 [src.preprocess] DEBUG: Extracted 4 HTML titles from data/10k_raw/ERIE/10-K/0000922621-20-000009/primary-document.html
2026-02-23 15:05:30,503 [src.preprocess] DEBUG: Filtered 1 / 4 HTML titles against item_1a text
2026-02-23 15:05:30,631 [src.preprocess] DEBUG: Extracted 8 HTML titles from data/10k_raw/ERIE/10-K/0000922621-21-000010/primary-document.html
2026-02-23 15:05:30,631 [src.preprocess] DEBUG: Filtered 1 / 8 HTML titles against item_1a text
2026-02-23 15:05:30,728 [src.preprocess] DEBUG: Extracted 8 HTML titles from data/10k_raw/ERIE/10-K/0000922621-22-000013/primary-document.html
2026-02-23 15:05:30,728 [src.preprocess] DEBUG: Filtered 1 / 8 HTML titles against item_1a text
2026-02-23 15:05:30,826 [src.preprocess] DEBUG: Extracted 8 HTML titles from data/10k_raw/ERIE/10-K/0000922621-23-000007/primary-document.html
2026-02-23 15:05:30,826 [src.preprocess] DEBUG: Filtered 1 / 8 HTML titles against item_1a text
2026-02-23 15:05:30,905 [src.preprocess] DEBUG: Extracted 8 HTML titles from data/10k_raw/ERIE/10-K/0000922621-24-000006/primary-document.html
2026-02-23 15:05:30,905 [src.preprocess] DEBUG: Filtered 1 / 8 HTML titles against item_1a text
2026-02-23 15:05:31,110 [src.preprocess] DEBUG: Extracted 0 HTML titles from data/10k_raw/ES/10-K/0000072741-15-000013/primary-document.html
2026-02-23 15:05:31,313 [src.preprocess] DEBUG: Extracted 0 HTML titles from data/10k_raw/ES/10-K/0000072741-16-000063/primary-document.html
2026-02-23 15:05:31,546 [src.preprocess] DEBUG: Extracted 14 HTML titles from data/10k_raw/ES/10-K/0000072741-17-000007/primary-document.html
2026-02-23 15:05:31,754 [src.preprocess] DEBUG: Extracted 13 HTML titles from data/10k_raw/ES/10-K/0000072741-18-000028/primary-document.html
2026-02-23 15:05:31,962 [src.preprocess] DEBUG: Extracted 13 HTML titles from data/10k_raw/ES/10-K/0000072741-19-000017/primary-document.html
2026-02-23 15:05:32,243 [src.preprocess] DEBUG: Extracted 9 HTML titles from data/10k_raw/ES/10-K/0000072741-20-000008/primary-document.html
2026-02-23 15:05:32,504 [src.preprocess] DEBUG: Extracted 15 HTML titles from data/10k_raw/ES/10-K/0000072741-21-000005/primary-document.html
2026-02-23 15:05:32,768 [src.preprocess] DEBUG: Extracted 15 HTML titles from data/10k_raw/ES/10-K/0000072741-22-000015/primary-document.html
2026-02-23 15:05:33,059 [src.preprocess] DEBUG: Extracted 14 HTML titles from data/10k_raw/ES/10-K/0000072741-23-000004/primary-document.html
2026-02-23 15:05:33,258 [src.preprocess] DEBUG: Extracted 15 HTML titles from data/10k_raw/ES/10-K/0000072741-24-000005/primary-document.html
2026-02-23 15:05:33,423 [src.preprocess] DEBUG: Extracted 44 HTML titles from data/10k_raw/ESS/10-K/0000920522-15-000006/primary-document.html
2026-02-23 15:05:33,637 [src.preprocess] DEBUG: Extracted 72 HTML titles from data/10k_raw/ESS/10-K/0000920522-16-000097/primary-document.html
2026-02-23 15:05:33,841 [src.preprocess] DEBUG: Extracted 71 HTML titles from data/10k_raw/ESS/10-K/0000920522-17-000014/primary-document.html
2026-02-23 15:05:34,080 [src.preprocess] DEBUG: Extracted 83 HTML titles from data/10k_raw/ESS/10-K/0000920522-18-000011/primary-document.html
2026-02-23 15:05:34,301 [src.preprocess] DEBUG: Extracted 83 HTML titles from data/10k_raw/ESS/10-K/0000920522-19-000009/primary-document.html
2026-02-23 15:05:34,626 [src.preprocess] DEBUG: Extracted 84 HTML titles from data/10k_raw/ESS/10-K/0000920522-20-000026/primary-document.html
2026-02-23 15:05:34,879 [src.preprocess] DEBUG: Extracted 87 HTML titles from data/10k_raw/ESS/10-K/0000920522-21-000015/primary-document.html
2026-02-23 15:05:35,139 [src.preprocess] DEBUG: Extracted 87 HTML titles from data/10k_raw/ESS/10-K/0000920522-22-000019/primary-document.html
2026-02-23 15:05:35,367 [src.preprocess] DEBUG: Extracted 81 HTML titles from data/10k_raw/ESS/10-K/0000920522-23-000005/primary-document.html
2026-02-23 15:05:35,577 [src.preprocess] DEBUG: Extracted 84 HTML titles from data/10k_raw/ESS/10-K/0000920522-24-000033/primary-document.html
2026-02-23 15:05:35,696 [src.preprocess] DEBUG: Extracted 21 HTML titles from data/10k_raw/ETN/10-K/0001551182-15-000007/primary-document.html
2026-02-23 15:05:35,802 [src.preprocess] DEBUG: Extracted 20 HTML titles from data/10k_raw/ETN/10-K/0001551182-16-000041/primary-document.html
2026-02-23 15:05:35,908 [src.preprocess] DEBUG: Extracted 20 HTML titles from data/10k_raw/ETN/10-K/0001551182-17-000014/primary-document.html
2026-02-23 15:05:36,022 [src.preprocess] DEBUG: Extracted 19 HTML titles from data/10k_raw/ETN/10-K/0001551182-18-000074/primary-document.html
2026-02-23 15:05:36,130 [src.preprocess] DEBUG: Extracted 19 HTML titles from data/10k_raw/ETN/10-K/0001551182-19-000045/primary-document.html
2026-02-23 15:05:36,284 [src.preprocess] DEBUG: Extracted 18 HTML titles from data/10k_raw/ETN/10-K/0001551182-20-000050/primary-document.html
2026-02-23 15:05:36,402 [src.preprocess] DEBUG: Extracted 19 HTML titles from data/10k_raw/ETN/10-K/0001551182-21-000022/primary-document.html
2026-02-23 15:05:36,523 [src.preprocess] DEBUG: Extracted 20 HTML titles from data/10k_raw/ETN/10-K/0001551182-22-000004/primary-document.html
2026-02-23 15:05:36,640 [src.preprocess] DEBUG: Extracted 22 HTML titles from data/10k_raw/ETN/10-K/0001551182-23-000004/primary-document.html
2026-02-23 15:05:36,730 [src.preprocess] DEBUG: Extracted 22 HTML titles from data/10k_raw/ETN/10-K/0001551182-24-000006/primary-document.html
2026-02-23 15:05:37,218 [src.preprocess] DEBUG: Extracted 0 HTML titles from data/10k_raw/ETR/10-K/0000065984-15-000102/primary-document.html
2026-02-23 15:05:37,667 [src.preprocess] DEBUG: Extracted 0 HTML titles from data/10k_raw/ETR/10-K/0000065984-16-000436/primary-document.html
2026-02-23 15:05:38,115 [src.preprocess] DEBUG: Extracted 0 HTML titles from data/10k_raw/ETR/10-K/0000065984-17-000067/primary-document.html
2026-02-23 15:05:38,553 [src.preprocess] DEBUG: Extracted 0 HTML titles from data/10k_raw/ETR/10-K/0000065984-18-000072/primary-document.html
2026-02-23 15:05:38,988 [src.preprocess] DEBUG: Extracted 0 HTML titles from data/10k_raw/ETR/10-K/0000065984-19-000082/primary-document.html
2026-02-23 15:05:39,561 [src.preprocess] DEBUG: Extracted 0 HTML titles from data/10k_raw/ETR/10-K/0000065984-20-000069/primary-document.html
2026-02-23 15:05:40,051 [src.preprocess] DEBUG: Extracted 0 HTML titles from data/10k_raw/ETR/10-K/0000065984-21-000096/primary-document.html
2026-02-23 15:05:42,513 [src.preprocess] DEBUG: Extracted 576 HTML titles from data/10k_raw/ETR/10-K/0000065984-22-000017/primary-document.html
2026-02-23 15:05:42,561 [src.preprocess] DEBUG: Filtered 34 / 576 HTML titles against item_1a text
2026-02-23 15:05:45,208 [src.preprocess] DEBUG: Extracted 573 HTML titles from data/10k_raw/ETR/10-K/0000065984-23-000014/primary-document.html
2026-02-23 15:05:45,260 [src.preprocess] DEBUG: Filtered 36 / 573 HTML titles against item_1a text
2026-02-23 15:05:47,677 [src.preprocess] DEBUG: Extracted 563 HTML titles from data/10k_raw/ETR/10-K/0000065984-24-000012/primary-document.html
2026-02-23 15:05:47,728 [src.preprocess] DEBUG: Filtered 32 / 563 HTML titles against item_1a text
2026-02-23 15:05:48,002 [src.preprocess] DEBUG: Extracted 0 HTML titles from data/10k_raw/EW/10-K/0001047469-15-000998/primary-document.html
2026-02-23 15:05:49,271 [src.preprocess] DEBUG: Extracted 309 HTML titles from data/10k_raw/EW/10-K/0001099800-16-000044/primary-document.html
2026-02-23 15:05:49,284 [src.preprocess] DEBUG: Filtered 78 / 309 HTML titles against item_1a text
2026-02-23 15:05:50,580 [src.preprocess] DEBUG: Extracted 307 HTML titles from data/10k_raw/EW/10-K/0001099800-17-000008/primary-document.html
2026-02-23 15:05:50,593 [src.preprocess] DEBUG: Filtered 85 / 307 HTML titles against item_1a text
2026-02-23 15:05:52,038 [src.preprocess] DEBUG: Extracted 320 HTML titles from data/10k_raw/EW/10-K/0001099800-18-000007/primary-document.html
2026-02-23 15:05:52,053 [src.preprocess] DEBUG: Filtered 86 / 320 HTML titles against item_1a text
2026-02-23 15:05:53,513 [src.preprocess] DEBUG: Extracted 344 HTML titles from data/10k_raw/EW/10-K/0001099800-19-000004/primary-document.html
2026-02-23 15:05:53,529 [src.preprocess] DEBUG: Filtered 86 / 344 HTML titles against item_1a text
2026-02-23 15:05:54,615 [src.preprocess] DEBUG: Extracted 326 HTML titles from data/10k_raw/EW/10-K/0001099800-20-000005/primary-document.html
2026-02-23 15:05:54,629 [src.preprocess] DEBUG: Filtered 72 / 326 HTML titles against item_1a text
2026-02-23 15:05:55,366 [src.preprocess] DEBUG: Extracted 339 HTML titles from data/10k_raw/EW/10-K/0001099800-21-000007/primary-document.html
2026-02-23 15:05:55,380 [src.preprocess] DEBUG: Filtered 107 / 339 HTML titles against item_1a text
2026-02-23 15:05:56,043 [src.preprocess] DEBUG: Extracted 333 HTML titles from data/10k_raw/EW/10-K/0001099800-22-000005/primary-document.html
2026-02-23 15:05:56,056 [src.preprocess] DEBUG: Filtered 105 / 333 HTML titles against item_1a text
2026-02-23 15:05:56,750 [src.preprocess] DEBUG: Extracted 334 HTML titles from data/10k_raw/EW/10-K/0001099800-23-000005/primary-document.html
2026-02-23 15:05:56,764 [src.preprocess] DEBUG: Filtered 105 / 334 HTML titles against item_1a text
2026-02-23 15:05:57,413 [src.preprocess] DEBUG: Extracted 342 HTML titles from data/10k_raw/EW/10-K/0001099800-24-000004/primary-document.html
2026-02-23 15:05:57,428 [src.preprocess] DEBUG: Filtered 110 / 342 HTML titles against item_1a text
2026-02-23 15:05:57,480 [src.preprocess] INFO: Processed 1500 / 4420 files (261589 paragraphs so far)
2026-02-23 15:06:05,357 [src.preprocess] DEBUG: Extracted 1054 HTML titles from data/10k_raw/EXC/10-K/0001109357-20-000053/primary-document.html
2026-02-23 15:06:05,478 [src.preprocess] DEBUG: Filtered 69 / 1054 HTML titles against item_1a text
2026-02-23 15:06:11,066 [src.preprocess] DEBUG: Extracted 997 HTML titles from data/10k_raw/EXC/10-K/0001109357-21-000022/primary-document.html
2026-02-23 15:06:11,182 [src.preprocess] DEBUG: Filtered 114 / 997 HTML titles against item_1a text
2026-02-23 15:06:15,941 [src.preprocess] DEBUG: Extracted 957 HTML titles from data/10k_raw/EXC/10-K/0001109357-22-000039/primary-document.html
2026-02-23 15:06:16,042 [src.preprocess] DEBUG: Filtered 106 / 957 HTML titles against item_1a text
2026-02-23 15:06:20,035 [src.preprocess] DEBUG: Extracted 801 HTML titles from data/10k_raw/EXC/10-K/0001109357-23-000018/primary-document.html
2026-02-23 15:06:20,104 [src.preprocess] DEBUG: Filtered 86 / 801 HTML titles against item_1a text
2026-02-23 15:06:23,773 [src.preprocess] DEBUG: Extracted 815 HTML titles from data/10k_raw/EXC/10-K/0001109357-24-000053/primary-document.html
2026-02-23 15:06:23,842 [src.preprocess] DEBUG: Filtered 88 / 815 HTML titles against item_1a text
2026-02-23 15:06:24,598 [src.preprocess] DEBUG: Extracted 0 HTML titles from data/10k_raw/EXC/10-K/0001193125-15-049964/primary-document.html
2026-02-23 15:06:25,102 [src.preprocess] DEBUG: Extracted 0 HTML titles from data/10k_raw/EXC/10-K/0001193125-16-457652/primary-document.html
2026-02-23 15:06:25,585 [src.preprocess] DEBUG: Extracted 0 HTML titles from data/10k_raw/EXC/10-K/0001193125-17-039639/primary-document.html
2026-02-23 15:07:13,189 [src.preprocess] DEBUG: Extracted 1235 HTML titles from data/10k_raw/EXC/10-K/0001628280-18-001324/primary-document.html
2026-02-23 15:07:13,400 [src.preprocess] DEBUG: Filtered 81 / 1235 HTML titles against item_1a text
2026-02-23 15:07:59,358 [src.preprocess] DEBUG: Extracted 1135 HTML titles from data/10k_raw/EXC/10-K/0001628280-19-001107/primary-document.html
2026-02-23 15:07:59,524 [src.preprocess] DEBUG: Filtered 81 / 1135 HTML titles against item_1a text
2026-02-23 15:08:00,301 [src.preprocess] DEBUG: Extracted 0 HTML titles from data/10k_raw/EXE/10-K/0000895126-15-000076/primary-document.html
2026-02-23 15:08:00,452 [src.preprocess] DEBUG: Extracted 0 HTML titles from data/10k_raw/EXE/10-K/0000895126-16-000395/primary-document.html
2026-02-23 15:08:00,579 [src.preprocess] DEBUG: Extracted 0 HTML titles from data/10k_raw/EXE/10-K/0000895126-17-000068/primary-document.html
2026-02-23 15:08:00,842 [src.preprocess] DEBUG: Extracted 81 HTML titles from data/10k_raw/EXE/10-K/0000895126-18-000060/primary-document.html
2026-02-23 15:08:01,113 [src.preprocess] DEBUG: Extracted 82 HTML titles from data/10k_raw/EXE/10-K/0000895126-19-000070/primary-document.html
2026-02-23 15:08:01,420 [src.preprocess] DEBUG: Extracted 68 HTML titles from data/10k_raw/EXE/10-K/0000895126-20-000061/primary-document.html
2026-02-23 15:08:01,602 [src.preprocess] DEBUG: Extracted 72 HTML titles from data/10k_raw/EXE/10-K/0000895126-21-000078/primary-document.html
2026-02-23 15:08:01,794 [src.preprocess] DEBUG: Extracted 79 HTML titles from data/10k_raw/EXE/10-K/0000895126-22-000029/primary-document.html
2026-02-23 15:08:01,981 [src.preprocess] DEBUG: Extracted 66 HTML titles from data/10k_raw/EXE/10-K/0000895126-23-000022/primary-document.html
2026-02-23 15:08:02,694 [src.preprocess] DEBUG: Extracted 81 HTML titles from data/10k_raw/EXE/10-K/0000895126-24-000013/primary-document.html
2026-02-23 15:08:03,348 [src.preprocess] DEBUG: Extracted 11 HTML titles from data/10k_raw/EXPD/10-K/0000746515-15-000004/primary-document.html
2026-02-23 15:08:04,030 [src.preprocess] DEBUG: Extracted 14 HTML titles from data/10k_raw/EXPD/10-K/0000746515-16-000053/primary-document.html
2026-02-23 15:08:04,707 [src.preprocess] DEBUG: Extracted 14 HTML titles from data/10k_raw/EXPD/10-K/0000746515-17-000007/primary-document.html
2026-02-23 15:08:04,763 [src.preprocess] DEBUG: Extracted 0 HTML titles from data/10k_raw/EXPD/10-K/0000746515-18-000004/primary-document.html
2026-02-23 15:08:04,807 [src.preprocess] DEBUG: Extracted 0 HTML titles from data/10k_raw/EXPD/10-K/0000746515-19-000004/primary-document.html
2026-02-23 15:08:04,918 [src.preprocess] DEBUG: Extracted 27 HTML titles from data/10k_raw/EXPD/10-K/0000950170-23-005412/primary-document.html
2026-02-23 15:08:05,009 [src.preprocess] DEBUG: Extracted 25 HTML titles from data/10k_raw/EXPD/10-K/0000950170-24-019394/primary-document.html
2026-02-23 15:08:05,098 [src.preprocess] DEBUG: Extracted 0 HTML titles from data/10k_raw/EXPD/10-K/0001564590-20-005719/primary-document.html
2026-02-23 15:08:05,181 [src.preprocess] DEBUG: Extracted 0 HTML titles from data/10k_raw/EXPD/10-K/0001564590-21-006925/primary-document.html
2026-02-23 15:08:05,262 [src.preprocess] DEBUG: Extracted 0 HTML titles from data/10k_raw/EXPD/10-K/0001564590-22-010381/primary-document.html
2026-02-23 15:08:05,353 [src.preprocess] DEBUG: Extracted 0 HTML titles from data/10k_raw/EXPE/10-K/0001193125-15-035706/primary-document.html
2026-02-23 15:08:05,461 [src.preprocess] DEBUG: Extracted 0 HTML titles from data/10k_raw/EXPE/10-K/0001193125-16-457822/primary-document.html
2026-02-23 15:08:07,175 [src.preprocess] DEBUG: Extracted 322 HTML titles from data/10k_raw/EXPE/10-K/0001324424-17-000006/primary-document.html
2026-02-23 15:08:07,197 [src.preprocess] DEBUG: Filtered 66 / 322 HTML titles against item_1a text
2026-02-23 15:08:08,976 [src.preprocess] DEBUG: Extracted 325 HTML titles from data/10k_raw/EXPE/10-K/0001324424-18-000006/primary-document.html
2026-02-23 15:08:08,999 [src.preprocess] DEBUG: Filtered 66 / 325 HTML titles against item_1a text
2026-02-23 15:08:10,376 [src.preprocess] DEBUG: Extracted 251 HTML titles from data/10k_raw/EXPE/10-K/0001324424-19-000006/primary-document.html
2026-02-23 15:08:10,385 [src.preprocess] DEBUG: Filtered 52 / 251 HTML titles against item_1a text
2026-02-23 15:08:11,601 [src.preprocess] DEBUG: Extracted 260 HTML titles from data/10k_raw/EXPE/10-K/0001324424-20-000009/primary-document.html
2026-02-23 15:08:11,611 [src.preprocess] DEBUG: Filtered 52 / 260 HTML titles against item_1a text
2026-02-23 15:08:12,286 [src.preprocess] DEBUG: Extracted 336 HTML titles from data/10k_raw/EXPE/10-K/0001324424-21-000015/primary-document.html
2026-02-23 15:08:12,304 [src.preprocess] DEBUG: Filtered 59 / 336 HTML titles against item_1a text
2026-02-23 15:08:12,943 [src.preprocess] DEBUG: Extracted 323 HTML titles from data/10k_raw/EXPE/10-K/0001324424-22-000009/primary-document.html
2026-02-23 15:08:12,962 [src.preprocess] DEBUG: Filtered 62 / 323 HTML titles against item_1a text
2026-02-23 15:08:13,560 [src.preprocess] DEBUG: Extracted 320 HTML titles from data/10k_raw/EXPE/10-K/0001324424-23-000007/primary-document.html
2026-02-23 15:08:13,577 [src.preprocess] DEBUG: Filtered 69 / 320 HTML titles against item_1a text
2026-02-23 15:08:14,114 [src.preprocess] DEBUG: Extracted 316 HTML titles from data/10k_raw/EXPE/10-K/0001324424-24-000007/primary-document.html
2026-02-23 15:08:14,130 [src.preprocess] DEBUG: Filtered 65 / 316 HTML titles against item_1a text
2026-02-23 15:08:14,247 [src.preprocess] DEBUG: Extracted 0 HTML titles from data/10k_raw/EXR/10-K/0001193125-15-073584/primary-document.html
2026-02-23 15:08:14,360 [src.preprocess] DEBUG: Extracted 0 HTML titles from data/10k_raw/EXR/10-K/0001193125-16-485633/primary-document.html
2026-02-23 15:08:19,903 [src.preprocess] DEBUG: Extracted 367 HTML titles from data/10k_raw/EXR/10-K/0001628280-17-001815/primary-document.html
2026-02-23 15:08:19,919 [src.preprocess] DEBUG: Filtered 77 / 367 HTML titles against item_1a text
2026-02-23 15:08:21,471 [src.preprocess] DEBUG: Extracted 307 HTML titles from data/10k_raw/EXR/10-K/0001628280-18-002649/primary-document.html
2026-02-23 15:08:21,480 [src.preprocess] DEBUG: Filtered 51 / 307 HTML titles against item_1a text
2026-02-23 15:08:22,875 [src.preprocess] DEBUG: Extracted 298 HTML titles from data/10k_raw/EXR/10-K/0001628280-19-001968/primary-document.html
2026-02-23 15:08:22,885 [src.preprocess] DEBUG: Filtered 46 / 298 HTML titles against item_1a text
2026-02-23 15:08:23,911 [src.preprocess] DEBUG: Extracted 298 HTML titles from data/10k_raw/EXR/10-K/0001628280-20-002202/primary-document.html
2026-02-23 15:08:23,920 [src.preprocess] DEBUG: Filtered 46 / 298 HTML titles against item_1a text
2026-02-23 15:08:24,625 [src.preprocess] DEBUG: Extracted 287 HTML titles from data/10k_raw/EXR/10-K/0001628280-21-003458/primary-document.html
2026-02-23 15:08:24,634 [src.preprocess] DEBUG: Filtered 50 / 287 HTML titles against item_1a text
2026-02-23 15:08:25,329 [src.preprocess] DEBUG: Extracted 287 HTML titles from data/10k_raw/EXR/10-K/0001628280-22-004274/primary-document.html
2026-02-23 15:08:25,338 [src.preprocess] DEBUG: Filtered 51 / 287 HTML titles against item_1a text
2026-02-23 15:08:26,017 [src.preprocess] DEBUG: Extracted 285 HTML titles from data/10k_raw/EXR/10-K/0001628280-23-005628/primary-document.html
2026-02-23 15:08:26,026 [src.preprocess] DEBUG: Filtered 48 / 285 HTML titles against item_1a text
2026-02-23 15:08:26,697 [src.preprocess] DEBUG: Extracted 293 HTML titles from data/10k_raw/EXR/10-K/0001628280-24-008044/primary-document.html
2026-02-23 15:08:26,707 [src.preprocess] DEBUG: Filtered 49 / 293 HTML titles against item_1a text
2026-02-23 15:08:26,885 [src.preprocess] DEBUG: Extracted 24 HTML titles from data/10k_raw/F/10-K/0000037996-15-000013/primary-document.html
2026-02-23 15:08:26,885 [src.preprocess] DEBUG: Filtered 1 / 24 HTML titles against item_1a text
2026-02-23 15:08:27,042 [src.preprocess] DEBUG: Extracted 24 HTML titles from data/10k_raw/F/10-K/0000037996-16-000092/primary-document.html
2026-02-23 15:08:27,042 [src.preprocess] DEBUG: Filtered 1 / 24 HTML titles against item_1a text
2026-02-23 15:08:27,172 [src.preprocess] DEBUG: Extracted 21 HTML titles from data/10k_raw/F/10-K/0000037996-17-000013/primary-document.html
2026-02-23 15:08:27,305 [src.preprocess] DEBUG: Extracted 20 HTML titles from data/10k_raw/F/10-K/0000037996-18-000015/primary-document.html
2026-02-23 15:08:27,437 [src.preprocess] DEBUG: Extracted 20 HTML titles from data/10k_raw/F/10-K/0000037996-19-000012/primary-document.html
2026-02-23 15:08:27,658 [src.preprocess] DEBUG: Extracted 25 HTML titles from data/10k_raw/F/10-K/0000037996-20-000010/primary-document.html
2026-02-23 15:08:27,851 [src.preprocess] DEBUG: Extracted 36 HTML titles from data/10k_raw/F/10-K/0000037996-21-000012/primary-document.html
2026-02-23 15:08:28,045 [src.preprocess] DEBUG: Extracted 32 HTML titles from data/10k_raw/F/10-K/0000037996-22-000013/primary-document.html
2026-02-23 15:08:28,317 [src.preprocess] DEBUG: Extracted 50 HTML titles from data/10k_raw/F/10-K/0000037996-23-000012/primary-document.html
2026-02-23 15:08:28,499 [src.preprocess] DEBUG: Extracted 47 HTML titles from data/10k_raw/F/10-K/0000037996-24-000009/primary-document.html
2026-02-23 15:08:28,706 [src.preprocess] DEBUG: Extracted 108 HTML titles from data/10k_raw/FANG/10-K/0001539838-15-000005/primary-document.html
2026-02-23 15:08:28,708 [src.preprocess] DEBUG: Filtered 3 / 108 HTML titles against item_1a text
2026-02-23 15:08:28,986 [src.preprocess] DEBUG: Extracted 112 HTML titles from data/10k_raw/FANG/10-K/0001539838-16-000129/primary-document.html
2026-02-23 15:08:28,988 [src.preprocess] DEBUG: Filtered 2 / 112 HTML titles against item_1a text
2026-02-23 15:08:29,283 [src.preprocess] DEBUG: Extracted 116 HTML titles from data/10k_raw/FANG/10-K/0001539838-17-000009/primary-document.html
2026-02-23 15:08:29,285 [src.preprocess] DEBUG: Filtered 2 / 116 HTML titles against item_1a text
2026-02-23 15:08:29,580 [src.preprocess] DEBUG: Extracted 111 HTML titles from data/10k_raw/FANG/10-K/0001539838-18-000014/primary-document.html
2026-02-23 15:08:29,582 [src.preprocess] DEBUG: Filtered 2 / 111 HTML titles against item_1a text
2026-02-23 15:08:29,899 [src.preprocess] DEBUG: Extracted 125 HTML titles from data/10k_raw/FANG/10-K/0001539838-19-000008/primary-document.html
2026-02-23 15:08:29,901 [src.preprocess] DEBUG: Filtered 2 / 125 HTML titles against item_1a text
2026-02-23 15:08:30,292 [src.preprocess] DEBUG: Extracted 138 HTML titles from data/10k_raw/FANG/10-K/0001539838-20-000021/primary-document.html
2026-02-23 15:08:30,295 [src.preprocess] DEBUG: Filtered 2 / 138 HTML titles against item_1a text
2026-02-23 15:08:30,517 [src.preprocess] DEBUG: Extracted 114 HTML titles from data/10k_raw/FANG/10-K/0001539838-21-000015/primary-document.html
2026-02-23 15:08:30,518 [src.preprocess] DEBUG: Filtered 1 / 114 HTML titles against item_1a text
2026-02-23 15:08:30,769 [src.preprocess] DEBUG: Extracted 121 HTML titles from data/10k_raw/FANG/10-K/0001539838-22-000008/primary-document.html
2026-02-23 15:08:30,771 [src.preprocess] DEBUG: Filtered 2 / 121 HTML titles against item_1a text
2026-02-23 15:08:31,014 [src.preprocess] DEBUG: Extracted 96 HTML titles from data/10k_raw/FANG/10-K/0001539838-23-000022/primary-document.html
2026-02-23 15:08:31,015 [src.preprocess] DEBUG: Filtered 1 / 96 HTML titles against item_1a text
2026-02-23 15:08:31,207 [src.preprocess] DEBUG: Extracted 115 HTML titles from data/10k_raw/FANG/10-K/0001539838-24-000019/primary-document.html
2026-02-23 15:08:31,209 [src.preprocess] DEBUG: Filtered 1 / 115 HTML titles against item_1a text
2026-02-23 15:08:31,284 [src.preprocess] DEBUG: Extracted 21 HTML titles from data/10k_raw/FAST/10-K/0000815556-15-000014/primary-document.html
2026-02-23 15:08:31,423 [src.preprocess] DEBUG: Extracted 38 HTML titles from data/10k_raw/FAST/10-K/0000815556-16-000087/primary-document.html
2026-02-23 15:08:31,487 [src.preprocess] DEBUG: Extracted 22 HTML titles from data/10k_raw/FAST/10-K/0000815556-17-000009/primary-document.html
2026-02-23 15:08:31,543 [src.preprocess] DEBUG: Extracted 22 HTML titles from data/10k_raw/FAST/10-K/0000815556-18-000010/primary-document.html
2026-02-23 15:08:31,599 [src.preprocess] DEBUG: Extracted 21 HTML titles from data/10k_raw/FAST/10-K/0000815556-19-000015/primary-document.html
2026-02-23 15:08:31,667 [src.preprocess] DEBUG: Extracted 20 HTML titles from data/10k_raw/FAST/10-K/0000815556-20-000011/primary-document.html
2026-02-23 15:08:31,736 [src.preprocess] DEBUG: Extracted 24 HTML titles from data/10k_raw/FAST/10-K/0000815556-21-000008/primary-document.html
2026-02-23 15:08:31,806 [src.preprocess] DEBUG: Extracted 25 HTML titles from data/10k_raw/FAST/10-K/0000815556-22-000009/primary-document.html
2026-02-23 15:08:31,880 [src.preprocess] DEBUG: Extracted 27 HTML titles from data/10k_raw/FAST/10-K/0000815556-23-000009/primary-document.html
2026-02-23 15:08:31,945 [src.preprocess] DEBUG: Extracted 28 HTML titles from data/10k_raw/FAST/10-K/0000815556-24-000009/primary-document.html
2026-02-23 15:08:33,132 [src.preprocess] DEBUG: Extracted 101 HTML titles from data/10k_raw/FCX/10-K/0000831259-15-000016/primary-document.html
2026-02-23 15:08:33,135 [src.preprocess] DEBUG: Filtered 3 / 101 HTML titles against item_1a text
2026-02-23 15:08:34,384 [src.preprocess] DEBUG: Extracted 112 HTML titles from data/10k_raw/FCX/10-K/0000831259-16-000062/primary-document.html
2026-02-23 15:08:34,387 [src.preprocess] DEBUG: Filtered 3 / 112 HTML titles against item_1a text
2026-02-23 15:08:35,307 [src.preprocess] DEBUG: Extracted 95 HTML titles from data/10k_raw/FCX/10-K/0000831259-17-000012/primary-document.html
2026-02-23 15:08:35,309 [src.preprocess] DEBUG: Filtered 3 / 95 HTML titles against item_1a text
2026-02-23 15:08:36,118 [src.preprocess] DEBUG: Extracted 93 HTML titles from data/10k_raw/FCX/10-K/0000831259-18-000008/primary-document.html
2026-02-23 15:08:36,119 [src.preprocess] DEBUG: Filtered 3 / 93 HTML titles against item_1a text
2026-02-23 15:08:36,931 [src.preprocess] DEBUG: Extracted 95 HTML titles from data/10k_raw/FCX/10-K/0000831259-19-000009/primary-document.html
2026-02-23 15:08:36,933 [src.preprocess] DEBUG: Filtered 3 / 95 HTML titles against item_1a text
2026-02-23 15:08:37,645 [src.preprocess] DEBUG: Extracted 90 HTML titles from data/10k_raw/FCX/10-K/0000831259-20-000004/primary-document.html
2026-02-23 15:08:37,647 [src.preprocess] DEBUG: Filtered 3 / 90 HTML titles against item_1a text
2026-02-23 15:08:38,162 [src.preprocess] DEBUG: Extracted 108 HTML titles from data/10k_raw/FCX/10-K/0000831259-21-000009/primary-document.html
2026-02-23 15:08:38,164 [src.preprocess] DEBUG: Filtered 5 / 108 HTML titles against item_1a text
2026-02-23 15:08:38,754 [src.preprocess] DEBUG: Extracted 112 HTML titles from data/10k_raw/FCX/10-K/0000831259-22-000009/primary-document.html
2026-02-23 15:08:38,757 [src.preprocess] DEBUG: Filtered 2 / 112 HTML titles against item_1a text
2026-02-23 15:08:39,356 [src.preprocess] DEBUG: Extracted 116 HTML titles from data/10k_raw/FCX/10-K/0000831259-23-000013/primary-document.html
2026-02-23 15:08:39,358 [src.preprocess] DEBUG: Filtered 2 / 116 HTML titles against item_1a text
2026-02-23 15:08:39,952 [src.preprocess] DEBUG: Extracted 114 HTML titles from data/10k_raw/FCX/10-K/0000831259-24-000011/primary-document.html
2026-02-23 15:08:39,955 [src.preprocess] DEBUG: Filtered 2 / 114 HTML titles against item_1a text
2026-02-23 15:08:40,083 [src.preprocess] DEBUG: Extracted 59 HTML titles from data/10k_raw/FDS/10-K/0001013237-20-000153/primary-document.html
2026-02-23 15:08:40,084 [src.preprocess] DEBUG: Filtered 2 / 59 HTML titles against item_1a text
2026-02-23 15:08:40,173 [src.preprocess] DEBUG: Extracted 67 HTML titles from data/10k_raw/FDS/10-K/0001013237-21-000142/primary-document.html
2026-02-23 15:08:40,174 [src.preprocess] DEBUG: Filtered 2 / 67 HTML titles against item_1a text
2026-02-23 15:08:40,271 [src.preprocess] DEBUG: Extracted 76 HTML titles from data/10k_raw/FDS/10-K/0001013237-22-000159/primary-document.html
2026-02-23 15:08:40,272 [src.preprocess] DEBUG: Filtered 2 / 76 HTML titles against item_1a text
2026-02-23 15:08:40,366 [src.preprocess] DEBUG: Extracted 77 HTML titles from data/10k_raw/FDS/10-K/0001013237-23-000128/primary-document.html
2026-02-23 15:08:40,366 [src.preprocess] DEBUG: Filtered 1 / 77 HTML titles against item_1a text
2026-02-23 15:08:40,449 [src.preprocess] DEBUG: Extracted 70 HTML titles from data/10k_raw/FDS/10-K/0001013237-24-000141/primary-document.html
2026-02-23 15:08:40,450 [src.preprocess] DEBUG: Filtered 2 / 70 HTML titles against item_1a text
2026-02-23 15:08:40,531 [src.preprocess] DEBUG: Extracted 0 HTML titles from data/10k_raw/FDS/10-K/0001437749-15-019227/primary-document.html
2026-02-23 15:08:40,606 [src.preprocess] DEBUG: Extracted 0 HTML titles from data/10k_raw/FDS/10-K/0001437749-16-040606/primary-document.html
2026-02-23 15:08:41,061 [src.preprocess] DEBUG: Extracted 0 HTML titles from data/10k_raw/FDS/10-K/0001437749-17-017840/primary-document.html
2026-02-23 15:08:41,136 [src.preprocess] DEBUG: Extracted 0 HTML titles from data/10k_raw/FDS/10-K/0001437749-18-019028/primary-document.html
2026-02-23 15:08:41,214 [src.preprocess] DEBUG: Extracted 0 HTML titles from data/10k_raw/FDS/10-K/0001437749-19-020894/primary-document.html
2026-02-23 15:08:43,396 [src.preprocess] DEBUG: Extracted 319 HTML titles from data/10k_raw/FDX/10-K/0000950123-17-006152/primary-document.html
2026-02-23 15:08:43,412 [src.preprocess] DEBUG: Filtered 63 / 319 HTML titles against item_1a text
2026-02-23 15:08:43,788 [src.preprocess] DEBUG: Extracted 57 HTML titles from data/10k_raw/FDX/10-K/0000950170-22-012762/primary-document.html
2026-02-23 15:08:43,789 [src.preprocess] DEBUG: Filtered 2 / 57 HTML titles against item_1a text
2026-02-23 15:08:44,068 [src.preprocess] DEBUG: Extracted 57 HTML titles from data/10k_raw/FDX/10-K/0000950170-23-033201/primary-document.html
2026-02-23 15:08:44,069 [src.preprocess] DEBUG: Filtered 2 / 57 HTML titles against item_1a text
2026-02-23 15:08:44,403 [src.preprocess] DEBUG: Extracted 62 HTML titles from data/10k_raw/FDX/10-K/0000950170-24-083577/primary-document.html
2026-02-23 15:08:44,404 [src.preprocess] DEBUG: Filtered 2 / 62 HTML titles against item_1a text
2026-02-23 15:08:44,499 [src.preprocess] DEBUG: Extracted 0 HTML titles from data/10k_raw/FDX/10-K/0001193125-15-252494/primary-document.html
2026-02-23 15:08:44,592 [src.preprocess] DEBUG: Extracted 0 HTML titles from data/10k_raw/FDX/10-K/0001193125-16-650267/primary-document.html
2026-02-23 15:08:46,700 [src.preprocess] DEBUG: Extracted 323 HTML titles from data/10k_raw/FDX/10-K/0001564590-18-016877/primary-document.html
2026-02-23 15:08:46,718 [src.preprocess] DEBUG: Filtered 61 / 323 HTML titles against item_1a text
2026-02-23 15:08:49,108 [src.preprocess] DEBUG: Extracted 322 HTML titles from data/10k_raw/FDX/10-K/0001564590-19-025065/primary-document.html
2026-02-23 15:08:49,126 [src.preprocess] DEBUG: Filtered 59 / 322 HTML titles against item_1a text
2026-02-23 15:08:51,074 [src.preprocess] DEBUG: Extracted 305 HTML titles from data/10k_raw/FDX/10-K/0001564590-20-032775/primary-document.html
2026-02-23 15:08:51,093 [src.preprocess] DEBUG: Filtered 43 / 305 HTML titles against item_1a text
2026-02-23 15:08:52,806 [src.preprocess] DEBUG: Extracted 284 HTML titles from data/10k_raw/FDX/10-K/0001564590-21-037031/primary-document.html
2026-02-23 15:08:52,822 [src.preprocess] DEBUG: Filtered 40 / 284 HTML titles against item_1a text
2026-02-23 15:08:53,407 [src.preprocess] DEBUG: Extracted 47 HTML titles from data/10k_raw/FE/10-K/0001031296-15-000011/primary-document.html
2026-02-23 15:08:53,408 [src.preprocess] DEBUG: Filtered 1 / 47 HTML titles against item_1a text
2026-02-23 15:08:53,939 [src.preprocess] DEBUG: Extracted 53 HTML titles from data/10k_raw/FE/10-K/0001031296-16-000071/primary-document.html
2026-02-23 15:08:53,940 [src.preprocess] DEBUG: Filtered 1 / 53 HTML titles against item_1a text
2026-02-23 15:08:54,450 [src.preprocess] DEBUG: Extracted 55 HTML titles from data/10k_raw/FE/10-K/0001031296-17-000015/primary-document.html
2026-02-23 15:08:54,451 [src.preprocess] DEBUG: Filtered 1 / 55 HTML titles against item_1a text
2026-02-23 15:08:54,949 [src.preprocess] DEBUG: Extracted 54 HTML titles from data/10k_raw/FE/10-K/0001031296-18-000015/primary-document.html
2026-02-23 15:08:54,950 [src.preprocess] DEBUG: Filtered 1 / 54 HTML titles against item_1a text
2026-02-23 15:08:55,120 [src.preprocess] DEBUG: Extracted 5 HTML titles from data/10k_raw/FE/10-K/0001031296-19-000010/primary-document.html
2026-02-23 15:08:55,306 [src.preprocess] DEBUG: Extracted 5 HTML titles from data/10k_raw/FE/10-K/0001031296-20-000008/primary-document.html
2026-02-23 15:08:55,454 [src.preprocess] DEBUG: Extracted 6 HTML titles from data/10k_raw/FE/10-K/0001031296-21-000020/primary-document.html
2026-02-23 15:08:55,605 [src.preprocess] DEBUG: Extracted 8 HTML titles from data/10k_raw/FE/10-K/0001031296-22-000013/primary-document.html
2026-02-23 15:08:55,755 [src.preprocess] DEBUG: Extracted 7 HTML titles from data/10k_raw/FE/10-K/0001031296-23-000014/primary-document.html
2026-02-23 15:08:55,883 [src.preprocess] DEBUG: Extracted 6 HTML titles from data/10k_raw/FE/10-K/0001031296-24-000008/primary-document.html
2026-02-23 15:08:55,961 [src.preprocess] DEBUG: Extracted 34 HTML titles from data/10k_raw/FFIV/10-K/0001048695-15-000020/primary-document.html
2026-02-23 15:08:56,040 [src.preprocess] DEBUG: Extracted 34 HTML titles from data/10k_raw/FFIV/10-K/0001048695-16-000049/primary-document.html
2026-02-23 15:08:56,146 [src.preprocess] DEBUG: Extracted 35 HTML titles from data/10k_raw/FFIV/10-K/0001048695-17-000028/primary-document.html
2026-02-23 15:08:56,228 [src.preprocess] DEBUG: Extracted 36 HTML titles from data/10k_raw/FFIV/10-K/0001048695-18-000031/primary-document.html
2026-02-23 15:08:56,326 [src.preprocess] DEBUG: Extracted 36 HTML titles from data/10k_raw/FFIV/10-K/0001048695-19-000034/primary-document.html
2026-02-23 15:08:56,413 [src.preprocess] DEBUG: Extracted 37 HTML titles from data/10k_raw/FFIV/10-K/0001048695-20-000041/primary-document.html
2026-02-23 15:08:56,413 [src.preprocess] DEBUG: Filtered 1 / 37 HTML titles against item_1a text
2026-02-23 15:08:56,495 [src.preprocess] DEBUG: Extracted 38 HTML titles from data/10k_raw/FFIV/10-K/0001048695-21-000044/primary-document.html
2026-02-23 15:08:56,495 [src.preprocess] DEBUG: Filtered 1 / 38 HTML titles against item_1a text
2026-02-23 15:08:56,571 [src.preprocess] DEBUG: Extracted 37 HTML titles from data/10k_raw/FFIV/10-K/0001048695-22-000033/primary-document.html
2026-02-23 15:08:56,572 [src.preprocess] DEBUG: Filtered 1 / 37 HTML titles against item_1a text
2026-02-23 15:08:56,639 [src.preprocess] DEBUG: Extracted 45 HTML titles from data/10k_raw/FFIV/10-K/0001048695-23-000039/primary-document.html
2026-02-23 15:08:56,705 [src.preprocess] DEBUG: Extracted 46 HTML titles from data/10k_raw/FFIV/10-K/0001048695-24-000185/primary-document.html
2026-02-23 15:08:56,705 [src.preprocess] DEBUG: Filtered 1 / 46 HTML titles against item_1a text
2026-02-23 15:08:56,770 [src.preprocess] DEBUG: Extracted 0 HTML titles from data/10k_raw/FI/10-K/0000798354-17-000006/primary-document.html
2026-02-23 15:08:56,830 [src.preprocess] DEBUG: Extracted 0 HTML titles from data/10k_raw/FI/10-K/0000798354-18-000005/primary-document.html
2026-02-23 15:08:56,906 [src.preprocess] DEBUG: Extracted 0 HTML titles from data/10k_raw/FI/10-K/0000798354-19-000005/primary-document.html
2026-02-23 15:08:57,036 [src.preprocess] DEBUG: Extracted 0 HTML titles from data/10k_raw/FI/10-K/0000798354-20-000006/primary-document.html
2026-02-23 15:08:57,702 [src.preprocess] DEBUG: Extracted 298 HTML titles from data/10k_raw/FI/10-K/0000798354-21-000004/primary-document.html
2026-02-23 15:08:57,718 [src.preprocess] DEBUG: Filtered 69 / 298 HTML titles against item_1a text
2026-02-23 15:08:58,399 [src.preprocess] DEBUG: Extracted 273 HTML titles from data/10k_raw/FI/10-K/0000798354-22-000004/primary-document.html
2026-02-23 15:08:58,413 [src.preprocess] DEBUG: Filtered 64 / 273 HTML titles against item_1a text
2026-02-23 15:08:59,029 [src.preprocess] DEBUG: Extracted 184 HTML titles from data/10k_raw/FI/10-K/0000798354-23-000004/primary-document.html
2026-02-23 15:08:59,035 [src.preprocess] DEBUG: Filtered 48 / 184 HTML titles against item_1a text
2026-02-23 15:08:59,583 [src.preprocess] DEBUG: Extracted 185 HTML titles from data/10k_raw/FI/10-K/0000798354-24-000037/primary-document.html
2026-02-23 15:08:59,589 [src.preprocess] DEBUG: Filtered 48 / 185 HTML titles against item_1a text
2026-02-23 15:08:59,645 [src.preprocess] DEBUG: Extracted 0 HTML titles from data/10k_raw/FI/10-K/0001193125-15-056319/primary-document.html
2026-02-23 15:08:59,703 [src.preprocess] DEBUG: Extracted 0 HTML titles from data/10k_raw/FI/10-K/0001628280-16-011435/primary-document.html
2026-02-23 15:08:59,767 [src.preprocess] DEBUG: Extracted 0 HTML titles from data/10k_raw/FICO/10-K/0000814547-15-000019/primary-document.html
2026-02-23 15:08:59,832 [src.preprocess] DEBUG: Extracted 0 HTML titles from data/10k_raw/FICO/10-K/0000814547-16-000035/primary-document.html
2026-02-23 15:08:59,894 [src.preprocess] DEBUG: Extracted 0 HTML titles from data/10k_raw/FICO/10-K/0000814547-17-000014/primary-document.html
2026-02-23 15:08:59,956 [src.preprocess] DEBUG: Extracted 0 HTML titles from data/10k_raw/FICO/10-K/0000814547-18-000010/primary-document.html
2026-02-23 15:09:00,044 [src.preprocess] DEBUG: Extracted 0 HTML titles from data/10k_raw/FICO/10-K/0000814547-19-000016/primary-document.html
2026-02-23 15:09:00,131 [src.preprocess] DEBUG: Extracted 0 HTML titles from data/10k_raw/FICO/10-K/0000814547-20-000012/primary-document.html
2026-02-23 15:09:00,206 [src.preprocess] DEBUG: Extracted 0 HTML titles from data/10k_raw/FICO/10-K/0000814547-21-000019/primary-document.html
2026-02-23 15:09:00,279 [src.preprocess] DEBUG: Extracted 0 HTML titles from data/10k_raw/FICO/10-K/0000814547-22-000016/primary-document.html
2026-02-23 15:09:00,340 [src.preprocess] DEBUG: Extracted 0 HTML titles from data/10k_raw/FICO/10-K/0000814547-23-000022/primary-document.html
2026-02-23 15:09:00,399 [src.preprocess] DEBUG: Extracted 0 HTML titles from data/10k_raw/FICO/10-K/0001628280-24-045719/primary-document.html
2026-02-23 15:09:01,503 [src.preprocess] DEBUG: Extracted 204 HTML titles from data/10k_raw/FIS/10-K/0001136893-15-000006/primary-document.html
2026-02-23 15:09:01,510 [src.preprocess] DEBUG: Filtered 13 / 204 HTML titles against item_1a text
2026-02-23 15:09:02,730 [src.preprocess] DEBUG: Extracted 206 HTML titles from data/10k_raw/FIS/10-K/0001136893-16-000061/primary-document.html
2026-02-23 15:09:02,739 [src.preprocess] DEBUG: Filtered 12 / 206 HTML titles against item_1a text
2026-02-23 15:09:03,991 [src.preprocess] DEBUG: Extracted 210 HTML titles from data/10k_raw/FIS/10-K/0001136893-17-000008/primary-document.html
2026-02-23 15:09:03,999 [src.preprocess] DEBUG: Filtered 5 / 210 HTML titles against item_1a text
2026-02-23 15:09:05,207 [src.preprocess] DEBUG: Extracted 197 HTML titles from data/10k_raw/FIS/10-K/0001136893-18-000011/primary-document.html
2026-02-23 15:09:05,215 [src.preprocess] DEBUG: Filtered 5 / 197 HTML titles against item_1a text
2026-02-23 15:09:06,156 [src.preprocess] DEBUG: Extracted 139 HTML titles from data/10k_raw/FIS/10-K/0001136893-19-000008/primary-document.html
2026-02-23 15:09:06,159 [src.preprocess] DEBUG: Filtered 4 / 139 HTML titles against item_1a text
2026-02-23 15:09:07,048 [src.preprocess] DEBUG: Extracted 155 HTML titles from data/10k_raw/FIS/10-K/0001136893-20-000032/primary-document.html
2026-02-23 15:09:07,052 [src.preprocess] DEBUG: Filtered 4 / 155 HTML titles against item_1a text
2026-02-23 15:09:07,645 [src.preprocess] DEBUG: Extracted 153 HTML titles from data/10k_raw/FIS/10-K/0001136893-21-000025/primary-document.html
2026-02-23 15:09:07,650 [src.preprocess] DEBUG: Filtered 9 / 153 HTML titles against item_1a text
2026-02-23 15:09:08,196 [src.preprocess] DEBUG: Extracted 140 HTML titles from data/10k_raw/FIS/10-K/0001136893-22-000038/primary-document.html
2026-02-23 15:09:08,199 [src.preprocess] DEBUG: Filtered 5 / 140 HTML titles against item_1a text
2026-02-23 15:09:08,789 [src.preprocess] DEBUG: Extracted 190 HTML titles from data/10k_raw/FIS/10-K/0001136893-23-000028/primary-document.html
2026-02-23 15:09:08,798 [src.preprocess] DEBUG: Filtered 5 / 190 HTML titles against item_1a text
2026-02-23 15:09:09,393 [src.preprocess] DEBUG: Extracted 171 HTML titles from data/10k_raw/FIS/10-K/0001136893-24-000015/primary-document.html
2026-02-23 15:09:09,397 [src.preprocess] DEBUG: Filtered 5 / 171 HTML titles against item_1a text
2026-02-23 15:09:11,626 [src.preprocess] DEBUG: Extracted 520 HTML titles from data/10k_raw/FITB/10-K/0000035527-21-000100/primary-document.html
2026-02-23 15:09:11,680 [src.preprocess] DEBUG: Filtered 122 / 520 HTML titles against item_1a text
2026-02-23 15:09:13,964 [src.preprocess] DEBUG: Extracted 484 HTML titles from data/10k_raw/FITB/10-K/0000035527-22-000119/primary-document.html
2026-02-23 15:09:14,011 [src.preprocess] DEBUG: Filtered 116 / 484 HTML titles against item_1a text
2026-02-23 15:09:16,148 [src.preprocess] DEBUG: Extracted 469 HTML titles from data/10k_raw/FITB/10-K/0000035527-23-000122/primary-document.html
2026-02-23 15:09:16,192 [src.preprocess] DEBUG: Filtered 111 / 469 HTML titles against item_1a text
2026-02-23 15:09:18,272 [src.preprocess] DEBUG: Extracted 472 HTML titles from data/10k_raw/FITB/10-K/0000035527-24-000088/primary-document.html
2026-02-23 15:09:18,316 [src.preprocess] DEBUG: Filtered 108 / 472 HTML titles against item_1a text
2026-02-23 15:09:18,487 [src.preprocess] DEBUG: Extracted 0 HTML titles from data/10k_raw/FITB/10-K/0001193125-15-062849/primary-document.html
2026-02-23 15:09:18,597 [src.preprocess] DEBUG: Extracted 0 HTML titles from data/10k_raw/FITB/10-K/0001193125-16-478543/primary-document.html
2026-02-23 15:09:21,848 [src.preprocess] DEBUG: Extracted 0 HTML titles from data/10k_raw/FITB/10-K/0001193125-17-056318/primary-document.html
2026-02-23 15:09:25,254 [src.preprocess] DEBUG: Extracted 0 HTML titles from data/10k_raw/FITB/10-K/0001193125-18-062301/primary-document.html
2026-02-23 15:09:25,451 [src.preprocess] DEBUG: Extracted 0 HTML titles from data/10k_raw/FITB/10-K/0001193125-19-059441/primary-document.html
2026-02-23 15:09:30,087 [src.preprocess] DEBUG: Extracted 719 HTML titles from data/10k_raw/FITB/10-K/0001193125-20-057751/primary-document.html
2026-02-23 15:09:30,182 [src.preprocess] DEBUG: Filtered 271 / 719 HTML titles against item_1a text
2026-02-23 15:09:32,311 [src.preprocess] DEBUG: Extracted 193 HTML titles from data/10k_raw/FRT/10-K/0000034903-15-000014/primary-document.html
2026-02-23 15:09:32,316 [src.preprocess] DEBUG: Filtered 34 / 193 HTML titles against item_1a text
2026-02-23 15:09:33,623 [src.preprocess] DEBUG: Extracted 189 HTML titles from data/10k_raw/FRT/10-K/0000034903-16-000045/primary-document.html
2026-02-23 15:09:33,628 [src.preprocess] DEBUG: Filtered 34 / 189 HTML titles against item_1a text
2026-02-23 15:09:34,937 [src.preprocess] DEBUG: Extracted 192 HTML titles from data/10k_raw/FRT/10-K/0000034903-17-000008/primary-document.html
2026-02-23 15:09:34,942 [src.preprocess] DEBUG: Filtered 35 / 192 HTML titles against item_1a text
2026-02-23 15:09:36,354 [src.preprocess] DEBUG: Extracted 192 HTML titles from data/10k_raw/FRT/10-K/0000034903-18-000009/primary-document.html
2026-02-23 15:09:36,359 [src.preprocess] DEBUG: Filtered 31 / 192 HTML titles against item_1a text
2026-02-23 15:09:37,741 [src.preprocess] DEBUG: Extracted 192 HTML titles from data/10k_raw/FRT/10-K/0000034903-19-000013/primary-document.html
2026-02-23 15:09:37,747 [src.preprocess] DEBUG: Filtered 31 / 192 HTML titles against item_1a text
2026-02-23 15:09:39,171 [src.preprocess] DEBUG: Extracted 286 HTML titles from data/10k_raw/FRT/10-K/0000034903-20-000008/primary-document.html
2026-02-23 15:09:39,182 [src.preprocess] DEBUG: Filtered 58 / 286 HTML titles against item_1a text
2026-02-23 15:09:40,076 [src.preprocess] DEBUG: Extracted 288 HTML titles from data/10k_raw/FRT/10-K/0000034903-21-000020/primary-document.html
2026-02-23 15:09:40,088 [src.preprocess] DEBUG: Filtered 80 / 288 HTML titles against item_1a text
2026-02-23 15:09:40,958 [src.preprocess] DEBUG: Extracted 290 HTML titles from data/10k_raw/FRT/10-K/0000034903-22-000023/primary-document.html
2026-02-23 15:09:40,971 [src.preprocess] DEBUG: Filtered 80 / 290 HTML titles against item_1a text
2026-02-23 15:09:41,963 [src.preprocess] DEBUG: Extracted 301 HTML titles from data/10k_raw/FRT/10-K/0000034903-23-000020/primary-document.html
2026-02-23 15:09:41,976 [src.preprocess] DEBUG: Filtered 81 / 301 HTML titles against item_1a text
2026-02-23 15:09:42,892 [src.preprocess] DEBUG: Extracted 298 HTML titles from data/10k_raw/FRT/10-K/0000034903-24-000032/primary-document.html
2026-02-23 15:09:42,906 [src.preprocess] DEBUG: Filtered 82 / 298 HTML titles against item_1a text
2026-02-23 15:09:43,039 [src.preprocess] DEBUG: Extracted 0 HTML titles from data/10k_raw/FSLR/10-K/0001274494-15-000006/primary-document.html
2026-02-23 15:09:43,142 [src.preprocess] DEBUG: Extracted 0 HTML titles from data/10k_raw/FSLR/10-K/0001274494-16-000067/primary-document.html
2026-02-23 15:09:43,239 [src.preprocess] DEBUG: Extracted 0 HTML titles from data/10k_raw/FSLR/10-K/0001274494-17-000006/primary-document.html
2026-02-23 15:09:43,339 [src.preprocess] DEBUG: Extracted 0 HTML titles from data/10k_raw/FSLR/10-K/0001274494-18-000011/primary-document.html
2026-02-23 15:09:43,433 [src.preprocess] DEBUG: Extracted 0 HTML titles from data/10k_raw/FSLR/10-K/0001274494-19-000004/primary-document.html
2026-02-23 15:09:43,547 [src.preprocess] DEBUG: Extracted 0 HTML titles from data/10k_raw/FSLR/10-K/0001274494-20-000011/primary-document.html
2026-02-23 15:09:43,636 [src.preprocess] DEBUG: Extracted 0 HTML titles from data/10k_raw/FSLR/10-K/0001274494-22-000009/primary-document.html
2026-02-23 15:09:43,723 [src.preprocess] DEBUG: Extracted 0 HTML titles from data/10k_raw/FSLR/10-K/0001274494-23-000002/primary-document.html
2026-02-23 15:09:43,792 [src.preprocess] DEBUG: Extracted 0 HTML titles from data/10k_raw/FSLR/10-K/0001274494-24-000004/primary-document.html
2026-02-23 15:09:43,892 [src.preprocess] DEBUG: Extracted 0 HTML titles from data/10k_raw/FSLR/10-K/0001628280-21-003343/primary-document.html
2026-02-23 15:09:43,964 [src.preprocess] DEBUG: Extracted 0 HTML titles from data/10k_raw/FTNT/10-K/0001262039-15-000009/primary-document.html
2026-02-23 15:09:44,038 [src.preprocess] DEBUG: Extracted 0 HTML titles from data/10k_raw/FTNT/10-K/0001262039-16-000053/primary-document.html
2026-02-23 15:09:44,111 [src.preprocess] DEBUG: Extracted 0 HTML titles from data/10k_raw/FTNT/10-K/0001262039-17-000008/primary-document.html
2026-02-23 15:09:44,184 [src.preprocess] DEBUG: Extracted 0 HTML titles from data/10k_raw/FTNT/10-K/0001262039-18-000009/primary-document.html
2026-02-23 15:09:44,260 [src.preprocess] DEBUG: Extracted 0 HTML titles from data/10k_raw/FTNT/10-K/0001262039-19-000006/primary-document.html
2026-02-23 15:09:44,395 [src.preprocess] DEBUG: Extracted 0 HTML titles from data/10k_raw/FTNT/10-K/0001262039-20-000011/primary-document.html
2026-02-23 15:09:44,477 [src.preprocess] DEBUG: Extracted 0 HTML titles from data/10k_raw/FTNT/10-K/0001262039-21-000008/primary-document.html
2026-02-23 15:09:44,554 [src.preprocess] DEBUG: Extracted 0 HTML titles from data/10k_raw/FTNT/10-K/0001262039-22-000008/primary-document.html
2026-02-23 15:09:44,633 [src.preprocess] DEBUG: Extracted 0 HTML titles from data/10k_raw/FTNT/10-K/0001262039-23-000010/primary-document.html
2026-02-23 15:09:44,698 [src.preprocess] DEBUG: Extracted 0 HTML titles from data/10k_raw/FTNT/10-K/0001262039-24-000014/primary-document.html
2026-02-23 15:09:44,775 [src.preprocess] DEBUG: Extracted 0 HTML titles from data/10k_raw/GD/10-K/0000040533-15-000009/primary-document.html
2026-02-23 15:09:44,850 [src.preprocess] DEBUG: Extracted 0 HTML titles from data/10k_raw/GD/10-K/0000040533-16-000056/primary-document.html
2026-02-23 15:09:44,928 [src.preprocess] DEBUG: Extracted 0 HTML titles from data/10k_raw/GD/10-K/0000040533-17-000006/primary-document.html
2026-02-23 15:09:45,026 [src.preprocess] DEBUG: Extracted 0 HTML titles from data/10k_raw/GD/10-K/0000040533-18-000008/primary-document.html
2026-02-23 15:09:45,114 [src.preprocess] DEBUG: Extracted 0 HTML titles from data/10k_raw/GD/10-K/0000040533-19-000010/primary-document.html
2026-02-23 15:09:45,238 [src.preprocess] DEBUG: Extracted 0 HTML titles from data/10k_raw/GD/10-K/0000040533-20-000015/primary-document.html
2026-02-23 15:09:45,339 [src.preprocess] DEBUG: Extracted 0 HTML titles from data/10k_raw/GD/10-K/0000040533-21-000010/primary-document.html
2026-02-23 15:09:45,427 [src.preprocess] DEBUG: Extracted 0 HTML titles from data/10k_raw/GD/10-K/0000040533-22-000007/primary-document.html
2026-02-23 15:09:45,511 [src.preprocess] DEBUG: Extracted 0 HTML titles from data/10k_raw/GD/10-K/0000040533-23-000014/primary-document.html
2026-02-23 15:09:45,576 [src.preprocess] DEBUG: Extracted 0 HTML titles from data/10k_raw/GD/10-K/0000040533-24-000007/primary-document.html
2026-02-23 15:09:45,725 [src.preprocess] DEBUG: Extracted 0 HTML titles from data/10k_raw/GE/10-K/0000040545-15-000030/primary-document.html
2026-02-23 15:09:45,855 [src.preprocess] DEBUG: Extracted 0 HTML titles from data/10k_raw/GE/10-K/0000040545-16-000145/primary-document.html
2026-02-23 15:09:46,007 [src.preprocess] DEBUG: Extracted 0 HTML titles from data/10k_raw/GE/10-K/0000040545-17-000010/primary-document.html
2026-02-23 15:09:46,192 [src.preprocess] DEBUG: Extracted 0 HTML titles from data/10k_raw/GE/10-K/0000040545-18-000014/primary-document.html
2026-02-23 15:09:46,367 [src.preprocess] DEBUG: Extracted 0 HTML titles from data/10k_raw/GE/10-K/0000040545-19-000014/primary-document.html
2026-02-23 15:09:46,597 [src.preprocess] DEBUG: Extracted 0 HTML titles from data/10k_raw/GE/10-K/0000040545-20-000009/primary-document.html
2026-02-23 15:09:46,779 [src.preprocess] DEBUG: Extracted 0 HTML titles from data/10k_raw/GE/10-K/0000040545-21-000011/primary-document.html
2026-02-23 15:09:46,922 [src.preprocess] DEBUG: Extracted 0 HTML titles from data/10k_raw/GE/10-K/0000040545-22-000008/primary-document.html
2026-02-23 15:09:47,065 [src.preprocess] DEBUG: Extracted 0 HTML titles from data/10k_raw/GE/10-K/0000040545-23-000023/primary-document.html
2026-02-23 15:09:47,169 [src.preprocess] DEBUG: Extracted 0 HTML titles from data/10k_raw/GE/10-K/0000040545-24-000027/primary-document.html
2026-02-23 15:09:48,016 [src.preprocess] DEBUG: Extracted 267 HTML titles from data/10k_raw/GEN/10-K/0000849399-15-000007/primary-document.html
2026-02-23 15:09:48,025 [src.preprocess] DEBUG: Filtered 29 / 267 HTML titles against item_1a text
2026-02-23 15:09:48,977 [src.preprocess] DEBUG: Extracted 266 HTML titles from data/10k_raw/GEN/10-K/0000849399-16-000022/primary-document.html
2026-02-23 15:09:48,986 [src.preprocess] DEBUG: Filtered 25 / 266 HTML titles against item_1a text
2026-02-23 15:09:49,891 [src.preprocess] DEBUG: Extracted 265 HTML titles from data/10k_raw/GEN/10-K/0000849399-17-000009/primary-document.html
2026-02-23 15:09:49,900 [src.preprocess] DEBUG: Filtered 14 / 265 HTML titles against item_1a text
2026-02-23 15:09:51,013 [src.preprocess] DEBUG: Extracted 337 HTML titles from data/10k_raw/GEN/10-K/0000849399-19-000005/primary-document.html
2026-02-23 15:09:51,023 [src.preprocess] DEBUG: Filtered 10 / 337 HTML titles against item_1a text
2026-02-23 15:09:51,996 [src.preprocess] DEBUG: Extracted 294 HTML titles from data/10k_raw/GEN/10-K/0000849399-20-000004/primary-document.html
2026-02-23 15:09:52,006 [src.preprocess] DEBUG: Filtered 15 / 294 HTML titles against item_1a text
2026-02-23 15:09:52,574 [src.preprocess] DEBUG: Extracted 282 HTML titles from data/10k_raw/GEN/10-K/0000849399-21-000010/primary-document.html
2026-02-23 15:09:52,582 [src.preprocess] DEBUG: Filtered 9 / 282 HTML titles against item_1a text
2026-02-23 15:09:53,094 [src.preprocess] DEBUG: Extracted 274 HTML titles from data/10k_raw/GEN/10-K/0000849399-22-000013/primary-document.html
2026-02-23 15:09:53,103 [src.preprocess] DEBUG: Filtered 14 / 274 HTML titles against item_1a text
2026-02-23 15:09:53,634 [src.preprocess] DEBUG: Extracted 278 HTML titles from data/10k_raw/GEN/10-K/0000849399-23-000014/primary-document.html
2026-02-23 15:09:53,644 [src.preprocess] DEBUG: Filtered 14 / 278 HTML titles against item_1a text
2026-02-23 15:09:54,099 [src.preprocess] DEBUG: Extracted 269 HTML titles from data/10k_raw/GEN/10-K/0000849399-24-000036/primary-document.html
2026-02-23 15:09:54,107 [src.preprocess] DEBUG: Filtered 10 / 269 HTML titles against item_1a text
2026-02-23 15:09:54,224 [src.preprocess] DEBUG: Extracted 0 HTML titles from data/10k_raw/GEN/10-K/0001193125-18-309091/primary-document.html
2026-02-23 15:09:55,358 [src.preprocess] DEBUG: Extracted 193 HTML titles from data/10k_raw/GILD/10-K/0000882095-15-000008/primary-document.html
2026-02-23 15:09:55,364 [src.preprocess] DEBUG: Filtered 19 / 193 HTML titles against item_1a text
2026-02-23 15:09:56,748 [src.preprocess] DEBUG: Extracted 258 HTML titles from data/10k_raw/GILD/10-K/0000882095-16-000039/primary-document.html
2026-02-23 15:09:56,764 [src.preprocess] DEBUG: Filtered 23 / 258 HTML titles against item_1a text
2026-02-23 15:09:58,187 [src.preprocess] DEBUG: Extracted 268 HTML titles from data/10k_raw/GILD/10-K/0000882095-17-000006/primary-document.html
2026-02-23 15:09:58,204 [src.preprocess] DEBUG: Filtered 21 / 268 HTML titles against item_1a text
2026-02-23 15:09:59,610 [src.preprocess] DEBUG: Extracted 268 HTML titles from data/10k_raw/GILD/10-K/0000882095-18-000008/primary-document.html
2026-02-23 15:09:59,626 [src.preprocess] DEBUG: Filtered 21 / 268 HTML titles against item_1a text
2026-02-23 15:10:01,077 [src.preprocess] DEBUG: Extracted 260 HTML titles from data/10k_raw/GILD/10-K/0000882095-19-000006/primary-document.html
2026-02-23 15:10:01,089 [src.preprocess] DEBUG: Filtered 19 / 260 HTML titles against item_1a text
2026-02-23 15:10:02,247 [src.preprocess] DEBUG: Extracted 261 HTML titles from data/10k_raw/GILD/10-K/0000882095-20-000006/primary-document.html
2026-02-23 15:10:02,258 [src.preprocess] DEBUG: Filtered 12 / 261 HTML titles against item_1a text
2026-02-23 15:10:03,106 [src.preprocess] DEBUG: Extracted 286 HTML titles from data/10k_raw/GILD/10-K/0000882095-21-000008/primary-document.html
2026-02-23 15:10:03,118 [src.preprocess] DEBUG: Filtered 35 / 286 HTML titles against item_1a text
2026-02-23 15:10:03,882 [src.preprocess] DEBUG: Extracted 274 HTML titles from data/10k_raw/GILD/10-K/0000882095-22-000007/primary-document.html
2026-02-23 15:10:03,893 [src.preprocess] DEBUG: Filtered 32 / 274 HTML titles against item_1a text
2026-02-23 15:10:04,606 [src.preprocess] DEBUG: Extracted 284 HTML titles from data/10k_raw/GILD/10-K/0000882095-23-000007/primary-document.html
2026-02-23 15:10:04,616 [src.preprocess] DEBUG: Filtered 33 / 284 HTML titles against item_1a text
2026-02-23 15:10:04,742 [src.preprocess] DEBUG: Extracted 0 HTML titles from data/10k_raw/GILD/10-K/0000882095-24-000007/primary-document.html
2026-02-23 15:10:04,812 [src.preprocess] DEBUG: Extracted 0 HTML titles from data/10k_raw/GIS/10-K/0001193125-15-245476/primary-document.html
2026-02-23 15:10:04,868 [src.preprocess] DEBUG: Extracted 0 HTML titles from data/10k_raw/GIS/10-K/0001193125-16-638404/primary-document.html
2026-02-23 15:10:04,927 [src.preprocess] DEBUG: Extracted 0 HTML titles from data/10k_raw/GIS/10-K/0001193125-17-217396/primary-document.html
2026-02-23 15:10:04,991 [src.preprocess] DEBUG: Extracted 0 HTML titles from data/10k_raw/GIS/10-K/0001193125-18-209377/primary-document.html
2026-02-23 15:10:05,048 [src.preprocess] DEBUG: Extracted 0 HTML titles from data/10k_raw/GIS/10-K/0001193125-19-184675/primary-document.html
2026-02-23 15:10:05,203 [src.preprocess] DEBUG: Extracted 31 HTML titles from data/10k_raw/GIS/10-K/0001193125-20-186469/primary-document.html
2026-02-23 15:10:05,354 [src.preprocess] DEBUG: Extracted 35 HTML titles from data/10k_raw/GIS/10-K/0001193125-21-204830/primary-document.html
2026-02-23 15:10:05,552 [src.preprocess] DEBUG: Extracted 47 HTML titles from data/10k_raw/GIS/10-K/0001193125-22-185257/primary-document.html
2026-02-23 15:10:05,552 [src.preprocess] DEBUG: Filtered 28 / 47 HTML titles against item_1a text
2026-02-23 15:10:05,784 [src.preprocess] DEBUG: Extracted 41 HTML titles from data/10k_raw/GIS/10-K/0001193125-23-177500/primary-document.html
2026-02-23 15:10:05,784 [src.preprocess] DEBUG: Filtered 25 / 41 HTML titles against item_1a text
2026-02-23 15:10:05,963 [src.preprocess] DEBUG: Extracted 41 HTML titles from data/10k_raw/GIS/10-K/0001193125-24-168943/primary-document.html
2026-02-23 15:10:05,963 [src.preprocess] DEBUG: Filtered 25 / 41 HTML titles against item_1a text
2026-02-23 15:10:06,111 [src.preprocess] DEBUG: Extracted 0 HTML titles from data/10k_raw/GL/10-K/0000320335-16-000059/primary-document.html
2026-02-23 15:10:06,263 [src.preprocess] DEBUG: Extracted 0 HTML titles from data/10k_raw/GL/10-K/0000320335-17-000010/primary-document.html
2026-02-23 15:10:06,406 [src.preprocess] DEBUG: Extracted 0 HTML titles from data/10k_raw/GL/10-K/0000320335-18-000006/primary-document.html
2026-02-23 15:10:06,555 [src.preprocess] DEBUG: Extracted 30 HTML titles from data/10k_raw/GL/10-K/0000320335-19-000006/primary-document.html
2026-02-23 15:10:06,785 [src.preprocess] DEBUG: Extracted 30 HTML titles from data/10k_raw/GL/10-K/0000320335-20-000008/primary-document.html
2026-02-23 15:10:06,958 [src.preprocess] DEBUG: Extracted 22 HTML titles from data/10k_raw/GL/10-K/0000320335-21-000010/primary-document.html
2026-02-23 15:10:07,129 [src.preprocess] DEBUG: Extracted 26 HTML titles from data/10k_raw/GL/10-K/0000320335-22-000006/primary-document.html
2026-02-23 15:10:07,326 [src.preprocess] DEBUG: Extracted 26 HTML titles from data/10k_raw/GL/10-K/0000320335-23-000008/primary-document.html
2026-02-23 15:10:07,516 [src.preprocess] DEBUG: Extracted 24 HTML titles from data/10k_raw/GL/10-K/0000320335-24-000006/primary-document.html
2026-02-23 15:10:07,600 [src.preprocess] DEBUG: Extracted 0 HTML titles from data/10k_raw/GL/10-K/0001193125-15-069449/primary-document.html
2026-02-23 15:10:07,774 [src.preprocess] DEBUG: Extracted 29 HTML titles from data/10k_raw/GLW/10-K/0000024741-15-000015/primary-document.html
2026-02-23 15:10:07,956 [src.preprocess] DEBUG: Extracted 28 HTML titles from data/10k_raw/GLW/10-K/0000024741-16-000077/primary-document.html
2026-02-23 15:10:08,053 [src.preprocess] DEBUG: Extracted 16 HTML titles from data/10k_raw/GLW/10-K/0000024741-17-000011/primary-document.html
2026-02-23 15:10:08,053 [src.preprocess] DEBUG: Filtered 2 / 16 HTML titles against item_1a text
2026-02-23 15:10:08,258 [src.preprocess] DEBUG: Extracted 40 HTML titles from data/10k_raw/GLW/10-K/0000024741-18-000010/primary-document.html
2026-02-23 15:10:08,259 [src.preprocess] DEBUG: Filtered 2 / 40 HTML titles against item_1a text
2026-02-23 15:10:08,456 [src.preprocess] DEBUG: Extracted 18 HTML titles from data/10k_raw/GLW/10-K/0000024741-19-000016/primary-document.html
2026-02-23 15:10:08,456 [src.preprocess] DEBUG: Filtered 2 / 18 HTML titles against item_1a text
2026-02-23 15:10:08,818 [src.preprocess] DEBUG: Extracted 17 HTML titles from data/10k_raw/GLW/10-K/0000024741-20-000014/primary-document.html
2026-02-23 15:10:08,818 [src.preprocess] DEBUG: Filtered 2 / 17 HTML titles against item_1a text
2026-02-23 15:10:08,949 [src.preprocess] DEBUG: Extracted 0 HTML titles from data/10k_raw/GLW/10-K/0001437749-22-003247/primary-document.html
2026-02-23 15:10:09,066 [src.preprocess] DEBUG: Extracted 0 HTML titles from data/10k_raw/GLW/10-K/0001437749-23-003123/primary-document.html
2026-02-23 15:10:09,179 [src.preprocess] DEBUG: Extracted 0 HTML titles from data/10k_raw/GLW/10-K/0001437749-24-003735/primary-document.html
2026-02-23 15:10:09,536 [src.preprocess] DEBUG: Extracted 19 HTML titles from data/10k_raw/GLW/10-K/0001562762-21-000023/primary-document.html
2026-02-23 15:10:09,536 [src.preprocess] DEBUG: Filtered 2 / 19 HTML titles against item_1a text
2026-02-23 15:10:09,666 [src.preprocess] DEBUG: Extracted 0 HTML titles from data/10k_raw/GM/10-K/0001467858-15-000036/primary-document.html
2026-02-23 15:10:09,780 [src.preprocess] DEBUG: Extracted 0 HTML titles from data/10k_raw/GM/10-K/0001467858-16-000255/primary-document.html
2026-02-23 15:10:09,887 [src.preprocess] DEBUG: Extracted 0 HTML titles from data/10k_raw/GM/10-K/0001467858-17-000028/primary-document.html
2026-02-23 15:10:09,995 [src.preprocess] DEBUG: Extracted 0 HTML titles from data/10k_raw/GM/10-K/0001467858-18-000022/primary-document.html
2026-02-23 15:10:10,107 [src.preprocess] DEBUG: Extracted 0 HTML titles from data/10k_raw/GM/10-K/0001467858-19-000033/primary-document.html
2026-02-23 15:10:10,247 [src.preprocess] DEBUG: Extracted 0 HTML titles from data/10k_raw/GM/10-K/0001467858-20-000028/primary-document.html
2026-02-23 15:10:10,375 [src.preprocess] DEBUG: Extracted 0 HTML titles from data/10k_raw/GM/10-K/0001467858-21-000037/primary-document.html
2026-02-23 15:10:10,500 [src.preprocess] DEBUG: Extracted 0 HTML titles from data/10k_raw/GM/10-K/0001467858-22-000034/primary-document.html
2026-02-23 15:10:10,625 [src.preprocess] DEBUG: Extracted 0 HTML titles from data/10k_raw/GM/10-K/0001467858-23-000029/primary-document.html
2026-02-23 15:10:10,723 [src.preprocess] DEBUG: Extracted 0 HTML titles from data/10k_raw/GM/10-K/0001467858-24-000031/primary-document.html
2026-02-23 15:10:10,851 [src.preprocess] DEBUG: Extracted 0 HTML titles from data/10k_raw/GNRC/10-K/0001437749-15-003654/primary-document.html
2026-02-23 15:10:10,958 [src.preprocess] DEBUG: Extracted 0 HTML titles from data/10k_raw/GNRC/10-K/0001437749-16-026187/primary-document.html
2026-02-23 15:10:11,058 [src.preprocess] DEBUG: Extracted 0 HTML titles from data/10k_raw/GNRC/10-K/0001437749-17-003237/primary-document.html
2026-02-23 15:10:11,164 [src.preprocess] DEBUG: Extracted 0 HTML titles from data/10k_raw/GNRC/10-K/0001437749-18-003334/primary-document.html
2026-02-23 15:10:11,261 [src.preprocess] DEBUG: Extracted 0 HTML titles from data/10k_raw/GNRC/10-K/0001437749-19-003397/primary-document.html
2026-02-23 15:10:11,404 [src.preprocess] DEBUG: Extracted 0 HTML titles from data/10k_raw/GNRC/10-K/0001437749-20-003516/primary-document.html
2026-02-23 15:10:11,506 [src.preprocess] DEBUG: Extracted 0 HTML titles from data/10k_raw/GNRC/10-K/0001437749-21-003793/primary-document.html
2026-02-23 15:10:11,619 [src.preprocess] DEBUG: Extracted 0 HTML titles from data/10k_raw/GNRC/10-K/0001437749-22-004080/primary-document.html
2026-02-23 15:10:11,739 [src.preprocess] DEBUG: Extracted 0 HTML titles from data/10k_raw/GNRC/10-K/0001437749-23-004153/primary-document.html
2026-02-23 15:10:11,861 [src.preprocess] DEBUG: Extracted 0 HTML titles from data/10k_raw/GNRC/10-K/0001437749-24-005040/primary-document.html
2026-02-23 15:10:12,611 [src.preprocess] DEBUG: Extracted 210 HTML titles from data/10k_raw/GPC/10-K/0000040987-17-000007/primary-document.html
2026-02-23 15:10:12,616 [src.preprocess] DEBUG: Filtered 36 / 210 HTML titles against item_1a text
2026-02-23 15:10:13,427 [src.preprocess] DEBUG: Extracted 221 HTML titles from data/10k_raw/GPC/10-K/0000040987-18-000002/primary-document.html
2026-02-23 15:10:13,432 [src.preprocess] DEBUG: Filtered 32 / 221 HTML titles against item_1a text
2026-02-23 15:10:14,199 [src.preprocess] DEBUG: Extracted 213 HTML titles from data/10k_raw/GPC/10-K/0000040987-19-000015/primary-document.html
2026-02-23 15:10:14,205 [src.preprocess] DEBUG: Filtered 34 / 213 HTML titles against item_1a text
2026-02-23 15:10:15,027 [src.preprocess] DEBUG: Extracted 196 HTML titles from data/10k_raw/GPC/10-K/0000040987-20-000010/primary-document.html
2026-02-23 15:10:15,033 [src.preprocess] DEBUG: Filtered 38 / 196 HTML titles against item_1a text
2026-02-23 15:10:15,566 [src.preprocess] DEBUG: Extracted 203 HTML titles from data/10k_raw/GPC/10-K/0000040987-21-000009/primary-document.html
2026-02-23 15:10:15,572 [src.preprocess] DEBUG: Filtered 41 / 203 HTML titles against item_1a text
2026-02-23 15:10:16,108 [src.preprocess] DEBUG: Extracted 154 HTML titles from data/10k_raw/GPC/10-K/0000040987-22-000013/primary-document.html
2026-02-23 15:10:16,111 [src.preprocess] DEBUG: Filtered 22 / 154 HTML titles against item_1a text
2026-02-23 15:10:16,595 [src.preprocess] DEBUG: Extracted 118 HTML titles from data/10k_raw/GPC/10-K/0000040987-23-000008/primary-document.html
2026-02-23 15:10:16,597 [src.preprocess] DEBUG: Filtered 17 / 118 HTML titles against item_1a text
2026-02-23 15:10:17,071 [src.preprocess] DEBUG: Extracted 146 HTML titles from data/10k_raw/GPC/10-K/0000040987-24-000024/primary-document.html
2026-02-23 15:10:17,075 [src.preprocess] DEBUG: Filtered 19 / 146 HTML titles against item_1a text
2026-02-23 15:10:17,135 [src.preprocess] DEBUG: Extracted 0 HTML titles from data/10k_raw/GPC/10-K/0001193125-15-064165/primary-document.html
2026-02-23 15:10:17,184 [src.preprocess] DEBUG: Extracted 0 HTML titles from data/10k_raw/GPC/10-K/0001193125-16-479829/primary-document.html
2026-02-23 15:10:17,351 [src.preprocess] DEBUG: Extracted 42 HTML titles from data/10k_raw/GRMN/10-K/0000950170-22-001303/primary-document.html
2026-02-23 15:10:17,351 [src.preprocess] DEBUG: Filtered 1 / 42 HTML titles against item_1a text
2026-02-23 15:10:17,524 [src.preprocess] DEBUG: Extracted 41 HTML titles from data/10k_raw/GRMN/10-K/0000950170-23-003566/primary-document.html
2026-02-23 15:10:17,524 [src.preprocess] DEBUG: Filtered 1 / 41 HTML titles against item_1a text
2026-02-23 15:10:17,696 [src.preprocess] DEBUG: Extracted 42 HTML titles from data/10k_raw/GRMN/10-K/0000950170-24-017559/primary-document.html
2026-02-23 15:10:17,697 [src.preprocess] DEBUG: Filtered 1 / 42 HTML titles against item_1a text
2026-02-23 15:10:17,778 [src.preprocess] DEBUG: Extracted 0 HTML titles from data/10k_raw/GRMN/10-K/0001144204-15-010586/primary-document.html
2026-02-23 15:10:17,956 [src.preprocess] DEBUG: Extracted 38 HTML titles from data/10k_raw/GRMN/10-K/0001564590-20-005133/primary-document.html
2026-02-23 15:10:18,141 [src.preprocess] DEBUG: Extracted 42 HTML titles from data/10k_raw/GRMN/10-K/0001564590-21-006192/primary-document.html
2026-02-23 15:10:18,214 [src.preprocess] DEBUG: Extracted 3 HTML titles from data/10k_raw/GRMN/10-K/0001615774-16-004243/primary-document.html
2026-02-23 15:10:18,320 [src.preprocess] DEBUG: Extracted 3 HTML titles from data/10k_raw/GRMN/10-K/0001615774-17-000765/primary-document.html
2026-02-23 15:10:18,396 [src.preprocess] DEBUG: Extracted 3 HTML titles from data/10k_raw/GRMN/10-K/0001615774-18-001344/primary-document.html
2026-02-23 15:10:18,487 [src.preprocess] DEBUG: Extracted 0 HTML titles from data/10k_raw/GRMN/10-K/0001615774-19-002739/primary-document.html
2026-02-23 15:10:18,867 [src.preprocess] DEBUG: Extracted 64 HTML titles from data/10k_raw/GS/10-K/0000886982-23-000003/primary-document.html
2026-02-23 15:10:18,868 [src.preprocess] DEBUG: Filtered 1 / 64 HTML titles against item_1a text
2026-02-23 15:10:19,220 [src.preprocess] DEBUG: Extracted 66 HTML titles from data/10k_raw/GS/10-K/0000886982-24-000006/primary-document.html
2026-02-23 15:10:19,221 [src.preprocess] DEBUG: Filtered 1 / 66 HTML titles against item_1a text
2026-02-23 15:10:19,424 [src.preprocess] DEBUG: Extracted 0 HTML titles from data/10k_raw/GS/10-K/0001193125-15-056785/primary-document.html
2026-02-23 15:10:19,584 [src.preprocess] DEBUG: Extracted 0 HTML titles from data/10k_raw/GS/10-K/0001193125-16-470289/primary-document.html
2026-02-23 15:10:19,750 [src.preprocess] DEBUG: Extracted 0 HTML titles from data/10k_raw/GS/10-K/0001193125-17-056804/primary-document.html
2026-02-23 15:10:19,947 [src.preprocess] DEBUG: Extracted 0 HTML titles from data/10k_raw/GS/10-K/0001193125-18-056383/primary-document.html
2026-02-23 15:10:20,117 [src.preprocess] DEBUG: Extracted 0 HTML titles from data/10k_raw/GS/10-K/0001193125-19-050198/primary-document.html
2026-02-23 15:10:24,542 [src.preprocess] DEBUG: Extracted 774 HTML titles from data/10k_raw/GS/10-K/0001193125-20-043853/primary-document.html
2026-02-23 15:10:24,637 [src.preprocess] DEBUG: Filtered 71 / 774 HTML titles against item_1a text
2026-02-23 15:10:31,023 [src.preprocess] DEBUG: Extracted 776 HTML titles from data/10k_raw/GS/10-K/0001193125-21-049380/primary-document.html
2026-02-23 15:10:31,127 [src.preprocess] DEBUG: Filtered 98 / 776 HTML titles against item_1a text
2026-02-23 15:10:36,693 [src.preprocess] DEBUG: Extracted 770 HTML titles from data/10k_raw/GS/10-K/0001193125-22-052682/primary-document.html
2026-02-23 15:10:36,793 [src.preprocess] DEBUG: Filtered 78 / 770 HTML titles against item_1a text
2026-02-23 15:10:37,960 [src.preprocess] DEBUG: Extracted 14 HTML titles from data/10k_raw/GWW/10-K/0000277135-15-000005/primary-document.html
2026-02-23 15:10:38,017 [src.preprocess] DEBUG: Extracted 14 HTML titles from data/10k_raw/GWW/10-K/0000277135-16-000037/primary-document.html
2026-02-23 15:10:38,077 [src.preprocess] DEBUG: Extracted 13 HTML titles from data/10k_raw/GWW/10-K/0000277135-17-000007/primary-document.html
2026-02-23 15:10:38,139 [src.preprocess] DEBUG: Extracted 13 HTML titles from data/10k_raw/GWW/10-K/0000277135-18-000007/primary-document.html
2026-02-23 15:10:38,203 [src.preprocess] DEBUG: Extracted 13 HTML titles from data/10k_raw/GWW/10-K/0000277135-19-000010/primary-document.html
2026-02-23 15:10:38,276 [src.preprocess] DEBUG: Extracted 15 HTML titles from data/10k_raw/GWW/10-K/0000277135-20-000007/primary-document.html
2026-02-23 15:10:38,353 [src.preprocess] DEBUG: Extracted 20 HTML titles from data/10k_raw/GWW/10-K/0000277135-21-000007/primary-document.html
2026-02-23 15:10:38,427 [src.preprocess] DEBUG: Extracted 25 HTML titles from data/10k_raw/GWW/10-K/0000277135-22-000012/primary-document.html
2026-02-23 15:10:38,507 [src.preprocess] DEBUG: Extracted 37 HTML titles from data/10k_raw/GWW/10-K/0000277135-23-000014/primary-document.html
2026-02-23 15:10:38,577 [src.preprocess] DEBUG: Extracted 37 HTML titles from data/10k_raw/GWW/10-K/0000277135-24-000011/primary-document.html
2026-02-23 15:10:39,599 [src.preprocess] DEBUG: Extracted 204 HTML titles from data/10k_raw/HAL/10-K/0000045012-15-000040/primary-document.html
2026-02-23 15:10:39,604 [src.preprocess] DEBUG: Filtered 1 / 204 HTML titles against item_1a text
2026-02-23 15:10:40,465 [src.preprocess] DEBUG: Extracted 205 HTML titles from data/10k_raw/HAL/10-K/0000045012-16-000272/primary-document.html
2026-02-23 15:10:40,471 [src.preprocess] DEBUG: Filtered 1 / 205 HTML titles against item_1a text
2026-02-23 15:10:41,295 [src.preprocess] DEBUG: Extracted 198 HTML titles from data/10k_raw/HAL/10-K/0000045012-17-000047/primary-document.html
2026-02-23 15:10:41,300 [src.preprocess] DEBUG: Filtered 1 / 198 HTML titles against item_1a text
2026-02-23 15:10:42,037 [src.preprocess] DEBUG: Extracted 194 HTML titles from data/10k_raw/HAL/10-K/0000045012-18-000059/primary-document.html
2026-02-23 15:10:42,041 [src.preprocess] DEBUG: Filtered 1 / 194 HTML titles against item_1a text
2026-02-23 15:10:42,684 [src.preprocess] DEBUG: Extracted 196 HTML titles from data/10k_raw/HAL/10-K/0000045012-19-000044/primary-document.html
2026-02-23 15:10:42,689 [src.preprocess] DEBUG: Filtered 13 / 196 HTML titles against item_1a text
2026-02-23 15:10:43,371 [src.preprocess] DEBUG: Extracted 197 HTML titles from data/10k_raw/HAL/10-K/0000045012-20-000031/primary-document.html
2026-02-23 15:10:43,839 [src.preprocess] DEBUG: Extracted 198 HTML titles from data/10k_raw/HAL/10-K/0000045012-21-000009/primary-document.html
2026-02-23 15:10:43,844 [src.preprocess] DEBUG: Filtered 6 / 198 HTML titles against item_1a text
2026-02-23 15:10:44,323 [src.preprocess] DEBUG: Extracted 189 HTML titles from data/10k_raw/HAL/10-K/0000045012-22-000013/primary-document.html
2026-02-23 15:10:44,328 [src.preprocess] DEBUG: Filtered 6 / 189 HTML titles against item_1a text
2026-02-23 15:10:44,797 [src.preprocess] DEBUG: Extracted 187 HTML titles from data/10k_raw/HAL/10-K/0000045012-23-000011/primary-document.html
2026-02-23 15:10:44,802 [src.preprocess] DEBUG: Filtered 6 / 187 HTML titles against item_1a text
2026-02-23 15:10:45,225 [src.preprocess] DEBUG: Extracted 188 HTML titles from data/10k_raw/HAL/10-K/0000045012-24-000007/primary-document.html
2026-02-23 15:10:45,230 [src.preprocess] DEBUG: Filtered 15 / 188 HTML titles against item_1a text
2026-02-23 15:10:46,162 [src.preprocess] DEBUG: Extracted 237 HTML titles from data/10k_raw/HAS/10-K/0000046080-20-000028/primary-document.html
2026-02-23 15:10:46,175 [src.preprocess] DEBUG: Filtered 10 / 237 HTML titles against item_1a text
2026-02-23 15:10:46,888 [src.preprocess] DEBUG: Extracted 254 HTML titles from data/10k_raw/HAS/10-K/0000046080-21-000035/primary-document.html
2026-02-23 15:10:46,903 [src.preprocess] DEBUG: Filtered 31 / 254 HTML titles against item_1a text
2026-02-23 15:10:47,563 [src.preprocess] DEBUG: Extracted 253 HTML titles from data/10k_raw/HAS/10-K/0000046080-22-000023/primary-document.html
2026-02-23 15:10:47,578 [src.preprocess] DEBUG: Filtered 31 / 253 HTML titles against item_1a text
2026-02-23 15:10:48,212 [src.preprocess] DEBUG: Extracted 257 HTML titles from data/10k_raw/HAS/10-K/0000046080-23-000017/primary-document.html
2026-02-23 15:10:48,227 [src.preprocess] DEBUG: Filtered 30 / 257 HTML titles against item_1a text
2026-02-23 15:10:48,837 [src.preprocess] DEBUG: Extracted 252 HTML titles from data/10k_raw/HAS/10-K/0000046080-24-000034/primary-document.html
2026-02-23 15:10:48,851 [src.preprocess] DEBUG: Filtered 29 / 252 HTML titles against item_1a text
2026-02-23 15:10:48,934 [src.preprocess] DEBUG: Extracted 0 HTML titles from data/10k_raw/HAS/10-K/0001193125-15-064946/primary-document.html
2026-02-23 15:10:49,010 [src.preprocess] DEBUG: Extracted 0 HTML titles from data/10k_raw/HAS/10-K/0001193125-16-475520/primary-document.html
2026-02-23 15:10:49,086 [src.preprocess] DEBUG: Extracted 0 HTML titles from data/10k_raw/HAS/10-K/0001193125-17-052143/primary-document.html
2026-02-23 15:10:49,169 [src.preprocess] DEBUG: Extracted 0 HTML titles from data/10k_raw/HAS/10-K/0001193125-18-058659/primary-document.html
2026-02-23 15:10:49,255 [src.preprocess] DEBUG: Extracted 0 HTML titles from data/10k_raw/HAS/10-K/0001193125-19-052025/primary-document.html
2026-02-23 15:10:49,509 [src.preprocess] DEBUG: Extracted 0 HTML titles from data/10k_raw/HBAN/10-K/0000049196-16-000032/primary-document.html
2026-02-23 15:10:49,751 [src.preprocess] DEBUG: Extracted 0 HTML titles from data/10k_raw/HBAN/10-K/0000049196-17-000009/primary-document.html
2026-02-23 15:10:49,965 [src.preprocess] DEBUG: Extracted 0 HTML titles from data/10k_raw/HBAN/10-K/0000049196-18-000008/primary-document.html
2026-02-23 15:10:50,168 [src.preprocess] DEBUG: Extracted 0 HTML titles from data/10k_raw/HBAN/10-K/0000049196-19-000018/primary-document.html
2026-02-23 15:10:50,435 [src.preprocess] DEBUG: Extracted 0 HTML titles from data/10k_raw/HBAN/10-K/0000049196-20-000010/primary-document.html
2026-02-23 15:10:50,659 [src.preprocess] DEBUG: Extracted 0 HTML titles from data/10k_raw/HBAN/10-K/0000049196-21-000018/primary-document.html
2026-02-23 15:10:50,882 [src.preprocess] DEBUG: Extracted 0 HTML titles from data/10k_raw/HBAN/10-K/0000049196-22-000023/primary-document.html
2026-02-23 15:10:51,105 [src.preprocess] DEBUG: Extracted 0 HTML titles from data/10k_raw/HBAN/10-K/0000049196-23-000020/primary-document.html
2026-02-23 15:10:51,284 [src.preprocess] DEBUG: Extracted 0 HTML titles from data/10k_raw/HBAN/10-K/0000049196-24-000020/primary-document.html
2026-02-23 15:10:51,527 [src.preprocess] DEBUG: Extracted 0 HTML titles from data/10k_raw/HBAN/10-K/0001193125-15-049355/primary-document.html
2026-02-23 15:10:51,766 [src.preprocess] DEBUG: Extracted 22 HTML titles from data/10k_raw/HCA/10-K/0000950170-23-003234/primary-document.html
2026-02-23 15:10:51,962 [src.preprocess] DEBUG: Extracted 22 HTML titles from data/10k_raw/HCA/10-K/0000950170-24-016524/primary-document.html
2026-02-23 15:10:52,096 [src.preprocess] DEBUG: Extracted 0 HTML titles from data/10k_raw/HCA/10-K/0001193125-15-065975/primary-document.html
2026-02-23 15:10:52,204 [src.preprocess] DEBUG: Extracted 0 HTML titles from data/10k_raw/HCA/10-K/0001193125-16-482165/primary-document.html
2026-02-23 15:10:52,305 [src.preprocess] DEBUG: Extracted 0 HTML titles from data/10k_raw/HCA/10-K/0001193125-17-052253/primary-document.html
2026-02-23 15:10:52,386 [src.preprocess] DEBUG: Extracted 0 HTML titles from data/10k_raw/HCA/10-K/0001193125-18-056057/primary-document.html
2026-02-23 15:10:52,465 [src.preprocess] DEBUG: Extracted 0 HTML titles from data/10k_raw/HCA/10-K/0001193125-19-047078/primary-document.html
2026-02-23 15:10:54,056 [src.preprocess] DEBUG: Extracted 202 HTML titles from data/10k_raw/HCA/10-K/0001193125-20-043524/primary-document.html
2026-02-23 15:10:54,068 [src.preprocess] DEBUG: Filtered 87 / 202 HTML titles against item_1a text
2026-02-23 15:10:55,262 [src.preprocess] DEBUG: Extracted 179 HTML titles from data/10k_raw/HCA/10-K/0001193125-21-048994/primary-document.html
2026-02-23 15:10:55,275 [src.preprocess] DEBUG: Filtered 59 / 179 HTML titles against item_1a text
2026-02-23 15:10:56,345 [src.preprocess] DEBUG: Extracted 180 HTML titles from data/10k_raw/HCA/10-K/0001193125-22-046707/primary-document.html
2026-02-23 15:10:56,358 [src.preprocess] DEBUG: Filtered 72 / 180 HTML titles against item_1a text
2026-02-23 15:10:57,135 [src.preprocess] DEBUG: Extracted 245 HTML titles from data/10k_raw/HD/10-K/0000354950-15-000008/primary-document.html
2026-02-23 15:10:57,141 [src.preprocess] DEBUG: Filtered 56 / 245 HTML titles against item_1a text
2026-02-23 15:10:57,902 [src.preprocess] DEBUG: Extracted 261 HTML titles from data/10k_raw/HD/10-K/0000354950-16-000060/primary-document.html
2026-02-23 15:10:57,909 [src.preprocess] DEBUG: Filtered 42 / 261 HTML titles against item_1a text
2026-02-23 15:10:58,666 [src.preprocess] DEBUG: Extracted 259 HTML titles from data/10k_raw/HD/10-K/0000354950-17-000005/primary-document.html
2026-02-23 15:10:58,673 [src.preprocess] DEBUG: Filtered 45 / 259 HTML titles against item_1a text
2026-02-23 15:10:59,446 [src.preprocess] DEBUG: Extracted 238 HTML titles from data/10k_raw/HD/10-K/0000354950-18-000019/primary-document.html
2026-02-23 15:10:59,453 [src.preprocess] DEBUG: Filtered 28 / 238 HTML titles against item_1a text
2026-02-23 15:11:00,281 [src.preprocess] DEBUG: Extracted 248 HTML titles from data/10k_raw/HD/10-K/0000354950-19-000010/primary-document.html
2026-02-23 15:11:00,288 [src.preprocess] DEBUG: Filtered 32 / 248 HTML titles against item_1a text
2026-02-23 15:11:01,042 [src.preprocess] DEBUG: Extracted 249 HTML titles from data/10k_raw/HD/10-K/0000354950-20-000015/primary-document.html
2026-02-23 15:11:01,049 [src.preprocess] DEBUG: Filtered 30 / 249 HTML titles against item_1a text
2026-02-23 15:11:01,569 [src.preprocess] DEBUG: Extracted 273 HTML titles from data/10k_raw/HD/10-K/0000354950-21-000089/primary-document.html
2026-02-23 15:11:01,578 [src.preprocess] DEBUG: Filtered 51 / 273 HTML titles against item_1a text
2026-02-23 15:11:02,080 [src.preprocess] DEBUG: Extracted 258 HTML titles from data/10k_raw/HD/10-K/0000354950-22-000070/primary-document.html
2026-02-23 15:11:02,089 [src.preprocess] DEBUG: Filtered 48 / 258 HTML titles against item_1a text
2026-02-23 15:11:02,590 [src.preprocess] DEBUG: Extracted 258 HTML titles from data/10k_raw/HD/10-K/0000354950-23-000059/primary-document.html
2026-02-23 15:11:02,598 [src.preprocess] DEBUG: Filtered 39 / 258 HTML titles against item_1a text
2026-02-23 15:11:03,044 [src.preprocess] DEBUG: Extracted 189 HTML titles from data/10k_raw/HD/10-K/0000354950-24-000062/primary-document.html
2026-02-23 15:11:03,047 [src.preprocess] DEBUG: Filtered 36 / 189 HTML titles against item_1a text
2026-02-23 15:11:03,278 [src.preprocess] DEBUG: Extracted 37 HTML titles from data/10k_raw/HIG/10-K/0000874766-15-000013/primary-document.html
2026-02-23 15:11:03,502 [src.preprocess] DEBUG: Extracted 36 HTML titles from data/10k_raw/HIG/10-K/0000874766-16-000046/primary-document.html
2026-02-23 15:11:10,618 [src.preprocess] DEBUG: Extracted 1241 HTML titles from data/10k_raw/HIG/10-K/0000874766-17-000010/primary-document.html
2026-02-23 15:11:10,736 [src.preprocess] DEBUG: Filtered 35 / 1241 HTML titles against item_1a text
2026-02-23 15:11:17,187 [src.preprocess] DEBUG: Extracted 1175 HTML titles from data/10k_raw/HIG/10-K/0000874766-18-000011/primary-document.html
2026-02-23 15:11:17,294 [src.preprocess] DEBUG: Filtered 27 / 1175 HTML titles against item_1a text
2026-02-23 15:11:20,832 [src.preprocess] DEBUG: Extracted 1168 HTML titles from data/10k_raw/HIG/10-K/0000874766-19-000018/primary-document.html
2026-02-23 15:11:20,935 [src.preprocess] DEBUG: Filtered 23 / 1168 HTML titles against item_1a text
2026-02-23 15:11:24,625 [src.preprocess] DEBUG: Extracted 1203 HTML titles from data/10k_raw/HIG/10-K/0000874766-20-000020/primary-document.html
2026-02-23 15:11:24,737 [src.preprocess] DEBUG: Filtered 29 / 1203 HTML titles against item_1a text
2026-02-23 15:11:27,517 [src.preprocess] DEBUG: Extracted 1264 HTML titles from data/10k_raw/HIG/10-K/0000874766-21-000022/primary-document.html
2026-02-23 15:11:27,648 [src.preprocess] DEBUG: Filtered 47 / 1264 HTML titles against item_1a text
2026-02-23 15:11:30,437 [src.preprocess] DEBUG: Extracted 1146 HTML titles from data/10k_raw/HIG/10-K/0000874766-22-000019/primary-document.html
2026-02-23 15:11:30,555 [src.preprocess] DEBUG: Filtered 50 / 1146 HTML titles against item_1a text
2026-02-23 15:11:33,188 [src.preprocess] DEBUG: Extracted 1106 HTML titles from data/10k_raw/HIG/10-K/0000874766-23-000023/primary-document.html
2026-02-23 15:11:33,296 [src.preprocess] DEBUG: Filtered 48 / 1106 HTML titles against item_1a text
2026-02-23 15:11:35,879 [src.preprocess] DEBUG: Extracted 1131 HTML titles from data/10k_raw/HIG/10-K/0000874766-24-000016/primary-document.html
2026-02-23 15:11:35,989 [src.preprocess] DEBUG: Filtered 47 / 1131 HTML titles against item_1a text
2026-02-23 15:11:36,410 [src.preprocess] DEBUG: Extracted 42 HTML titles from data/10k_raw/HII/10-K/0001501585-15-000005/primary-document.html
2026-02-23 15:11:36,514 [src.preprocess] DEBUG: Extracted 26 HTML titles from data/10k_raw/HII/10-K/0001501585-16-000038/primary-document.html
2026-02-23 15:11:36,616 [src.preprocess] DEBUG: Extracted 24 HTML titles from data/10k_raw/HII/10-K/0001501585-17-000005/primary-document.html
2026-02-23 15:11:36,717 [src.preprocess] DEBUG: Extracted 24 HTML titles from data/10k_raw/HII/10-K/0001501585-18-000006/primary-document.html
2026-02-23 15:11:36,824 [src.preprocess] DEBUG: Extracted 24 HTML titles from data/10k_raw/HII/10-K/0001501585-19-000005/primary-document.html
2026-02-23 15:11:36,959 [src.preprocess] DEBUG: Extracted 23 HTML titles from data/10k_raw/HII/10-K/0001501585-20-000011/primary-document.html
2026-02-23 15:11:37,074 [src.preprocess] DEBUG: Extracted 27 HTML titles from data/10k_raw/HII/10-K/0001501585-21-000008/primary-document.html
2026-02-23 15:11:37,211 [src.preprocess] DEBUG: Extracted 29 HTML titles from data/10k_raw/HII/10-K/0001501585-22-000007/primary-document.html
2026-02-23 15:11:37,325 [src.preprocess] DEBUG: Extracted 30 HTML titles from data/10k_raw/HII/10-K/0001501585-23-000010/primary-document.html
2026-02-23 15:11:37,424 [src.preprocess] DEBUG: Extracted 30 HTML titles from data/10k_raw/HII/10-K/0001501585-24-000007/primary-document.html
2026-02-23 15:11:37,735 [src.preprocess] DEBUG: Extracted 72 HTML titles from data/10k_raw/HLT/10-K/0001585689-15-000032/primary-document.html
2026-02-23 15:11:37,736 [src.preprocess] DEBUG: Filtered 1 / 72 HTML titles against item_1a text
2026-02-23 15:11:38,031 [src.preprocess] DEBUG: Extracted 78 HTML titles from data/10k_raw/HLT/10-K/0001585689-16-000161/primary-document.html
2026-02-23 15:11:38,032 [src.preprocess] DEBUG: Filtered 1 / 78 HTML titles against item_1a text
2026-02-23 15:11:38,374 [src.preprocess] DEBUG: Extracted 81 HTML titles from data/10k_raw/HLT/10-K/0001585689-17-000038/primary-document.html
2026-02-23 15:11:38,375 [src.preprocess] DEBUG: Filtered 1 / 81 HTML titles against item_1a text
2026-02-23 15:11:38,711 [src.preprocess] DEBUG: Extracted 83 HTML titles from data/10k_raw/HLT/10-K/0001585689-18-000033/primary-document.html
2026-02-23 15:11:38,712 [src.preprocess] DEBUG: Filtered 1 / 83 HTML titles against item_1a text
2026-02-23 15:11:39,054 [src.preprocess] DEBUG: Extracted 86 HTML titles from data/10k_raw/HLT/10-K/0001585689-19-000034/primary-document.html
2026-02-23 15:11:39,055 [src.preprocess] DEBUG: Filtered 1 / 86 HTML titles against item_1a text
2026-02-23 15:11:39,399 [src.preprocess] DEBUG: Extracted 87 HTML titles from data/10k_raw/HLT/10-K/0001585689-20-000013/primary-document.html
2026-02-23 15:11:39,400 [src.preprocess] DEBUG: Filtered 1 / 87 HTML titles against item_1a text
2026-02-23 15:11:39,609 [src.preprocess] DEBUG: Extracted 97 HTML titles from data/10k_raw/HLT/10-K/0001585689-21-000016/primary-document.html
2026-02-23 15:11:39,610 [src.preprocess] DEBUG: Filtered 1 / 97 HTML titles against item_1a text
2026-02-23 15:11:39,847 [src.preprocess] DEBUG: Extracted 91 HTML titles from data/10k_raw/HLT/10-K/0001585689-22-000013/primary-document.html
2026-02-23 15:11:39,848 [src.preprocess] DEBUG: Filtered 1 / 91 HTML titles against item_1a text
2026-02-23 15:11:40,095 [src.preprocess] DEBUG: Extracted 90 HTML titles from data/10k_raw/HLT/10-K/0001585689-23-000036/primary-document.html
2026-02-23 15:11:40,096 [src.preprocess] DEBUG: Filtered 1 / 90 HTML titles against item_1a text
2026-02-23 15:11:40,277 [src.preprocess] DEBUG: Extracted 90 HTML titles from data/10k_raw/HLT/10-K/0001585689-24-000027/primary-document.html
2026-02-23 15:11:40,279 [src.preprocess] DEBUG: Filtered 1 / 90 HTML titles against item_1a text
2026-02-23 15:11:40,392 [src.preprocess] DEBUG: Extracted 0 HTML titles from data/10k_raw/HOLX/10-K/0000859737-15-000034/primary-document.html
2026-02-23 15:11:40,492 [src.preprocess] DEBUG: Extracted 0 HTML titles from data/10k_raw/HOLX/10-K/0000859737-16-000071/primary-document.html
2026-02-23 15:11:40,588 [src.preprocess] DEBUG: Extracted 0 HTML titles from data/10k_raw/HOLX/10-K/0000859737-17-000023/primary-document.html
2026-02-23 15:11:40,680 [src.preprocess] DEBUG: Extracted 0 HTML titles from data/10k_raw/HOLX/10-K/0000859737-18-000020/primary-document.html
2026-02-23 15:11:40,835 [src.preprocess] DEBUG: Extracted 35 HTML titles from data/10k_raw/HOLX/10-K/0000859737-19-000026/primary-document.html
2026-02-23 15:11:40,966 [src.preprocess] DEBUG: Extracted 45 HTML titles from data/10k_raw/HOLX/10-K/0000859737-20-000039/primary-document.html
2026-02-23 15:11:41,128 [src.preprocess] DEBUG: Extracted 45 HTML titles from data/10k_raw/HOLX/10-K/0000859737-21-000023/primary-document.html
2026-02-23 15:11:41,247 [src.preprocess] DEBUG: Extracted 44 HTML titles from data/10k_raw/HOLX/10-K/0000859737-22-000022/primary-document.html
2026-02-23 15:11:41,349 [src.preprocess] DEBUG: Extracted 44 HTML titles from data/10k_raw/HOLX/10-K/0000859737-23-000023/primary-document.html
2026-02-23 15:11:41,451 [src.preprocess] DEBUG: Extracted 41 HTML titles from data/10k_raw/HOLX/10-K/0000859737-24-000024/primary-document.html
2026-02-23 15:11:41,592 [src.preprocess] DEBUG: Extracted 31 HTML titles from data/10k_raw/HON/10-K/0000773840-20-000009/primary-document.html
2026-02-23 15:11:41,717 [src.preprocess] DEBUG: Extracted 0 HTML titles from data/10k_raw/HON/10-K/0000773840-21-000015/primary-document.html
2026-02-23 15:11:41,855 [src.preprocess] DEBUG: Extracted 0 HTML titles from data/10k_raw/HON/10-K/0000773840-22-000018/primary-document.html
2026-02-23 15:11:42,002 [src.preprocess] DEBUG: Extracted 0 HTML titles from data/10k_raw/HON/10-K/0000773840-23-000013/primary-document.html
2026-02-23 15:11:42,778 [src.preprocess] DEBUG: Extracted 344 HTML titles from data/10k_raw/HON/10-K/0000773840-24-000014/primary-document.html
2026-02-23 15:11:42,785 [src.preprocess] DEBUG: Filtered 40 / 344 HTML titles against item_1a text
2026-02-23 15:11:42,863 [src.preprocess] DEBUG: Extracted 0 HTML titles from data/10k_raw/HON/10-K/0000930413-15-000621/primary-document.html
2026-02-23 15:11:42,921 [src.preprocess] DEBUG: Extracted 0 HTML titles from data/10k_raw/HON/10-K/0000930413-16-005457/primary-document.html
2026-02-23 15:11:42,981 [src.preprocess] DEBUG: Extracted 0 HTML titles from data/10k_raw/HON/10-K/0000930413-17-000391/primary-document.html
2026-02-23 15:11:43,047 [src.preprocess] DEBUG: Extracted 0 HTML titles from data/10k_raw/HON/10-K/0000930413-18-000292/primary-document.html
2026-02-23 15:11:43,115 [src.preprocess] DEBUG: Extracted 0 HTML titles from data/10k_raw/HON/10-K/0000930413-19-000366/primary-document.html
2026-02-23 15:11:43,303 [src.preprocess] DEBUG: Extracted 0 HTML titles from data/10k_raw/HPE/10-K/0001047469-15-009279/primary-document.html
2026-02-23 15:11:43,460 [src.preprocess] DEBUG: Extracted 57 HTML titles from data/10k_raw/HPE/10-K/0001628280-16-022051/primary-document.html
2026-02-23 15:11:43,620 [src.preprocess] DEBUG: Extracted 49 HTML titles from data/10k_raw/HPE/10-K/0001628280-17-012383/primary-document.html
2026-02-23 15:11:43,779 [src.preprocess] DEBUG: Extracted 52 HTML titles from data/10k_raw/HPE/10-K/0001628280-18-015054/primary-document.html
2026-02-23 15:11:43,981 [src.preprocess] DEBUG: Extracted 53 HTML titles from data/10k_raw/HPE/10-K/0001645590-19-000044/primary-document.html
2026-02-23 15:11:43,981 [src.preprocess] DEBUG: Filtered 1 / 53 HTML titles against item_1a text
2026-02-23 15:11:44,155 [src.preprocess] DEBUG: Extracted 63 HTML titles from data/10k_raw/HPE/10-K/0001645590-20-000056/primary-document.html
2026-02-23 15:11:44,354 [src.preprocess] DEBUG: Extracted 60 HTML titles from data/10k_raw/HPE/10-K/0001645590-21-000068/primary-document.html
2026-02-23 15:11:44,527 [src.preprocess] DEBUG: Extracted 62 HTML titles from data/10k_raw/HPE/10-K/0001645590-22-000071/primary-document.html
2026-02-23 15:11:44,671 [src.preprocess] DEBUG: Extracted 60 HTML titles from data/10k_raw/HPE/10-K/0001645590-23-000117/primary-document.html
2026-02-23 15:11:44,825 [src.preprocess] DEBUG: Extracted 64 HTML titles from data/10k_raw/HPE/10-K/0001645590-24-000139/primary-document.html
2026-02-23 15:11:44,977 [src.preprocess] DEBUG: Extracted 45 HTML titles from data/10k_raw/HPQ/10-K/0000047217-16-000093/primary-document.html
2026-02-23 15:11:45,117 [src.preprocess] DEBUG: Extracted 45 HTML titles from data/10k_raw/HPQ/10-K/0000047217-17-000043/primary-document.html
2026-02-23 15:11:45,271 [src.preprocess] DEBUG: Extracted 44 HTML titles from data/10k_raw/HPQ/10-K/0000047217-18-000052/primary-document.html
2026-02-23 15:11:45,442 [src.preprocess] DEBUG: Extracted 44 HTML titles from data/10k_raw/HPQ/10-K/0000047217-19-000071/primary-document.html
2026-02-23 15:11:45,595 [src.preprocess] DEBUG: Extracted 59 HTML titles from data/10k_raw/HPQ/10-K/0000047217-20-000045/primary-document.html
2026-02-23 15:11:45,743 [src.preprocess] DEBUG: Extracted 59 HTML titles from data/10k_raw/HPQ/10-K/0000047217-21-000060/primary-document.html
2026-02-23 15:11:45,744 [src.preprocess] DEBUG: Filtered 1 / 59 HTML titles against item_1a text
2026-02-23 15:11:45,893 [src.preprocess] DEBUG: Extracted 62 HTML titles from data/10k_raw/HPQ/10-K/0000047217-22-000068/primary-document.html
2026-02-23 15:11:46,015 [src.preprocess] DEBUG: Extracted 62 HTML titles from data/10k_raw/HPQ/10-K/0000047217-23-000100/primary-document.html
2026-02-23 15:11:46,131 [src.preprocess] DEBUG: Extracted 57 HTML titles from data/10k_raw/HPQ/10-K/0000047217-24-000080/primary-document.html
2026-02-23 15:11:46,300 [src.preprocess] DEBUG: Extracted 0 HTML titles from data/10k_raw/HPQ/10-K/0001047469-15-009251/primary-document.html
2026-02-23 15:11:46,410 [src.preprocess] DEBUG: Extracted 15 HTML titles from data/10k_raw/HRL/10-K/0000048465-18-000046/primary-document.html
2026-02-23 15:11:46,531 [src.preprocess] DEBUG: Extracted 14 HTML titles from data/10k_raw/HRL/10-K/0000048465-19-000057/primary-document.html
2026-02-23 15:11:46,627 [src.preprocess] DEBUG: Extracted 18 HTML titles from data/10k_raw/HRL/10-K/0000048465-20-000043/primary-document.html
2026-02-23 15:11:46,728 [src.preprocess] DEBUG: Extracted 18 HTML titles from data/10k_raw/HRL/10-K/0000048465-21-000067/primary-document.html
2026-02-23 15:11:46,828 [src.preprocess] DEBUG: Extracted 20 HTML titles from data/10k_raw/HRL/10-K/0000048465-22-000051/primary-document.html
2026-02-23 15:11:46,920 [src.preprocess] DEBUG: Extracted 20 HTML titles from data/10k_raw/HRL/10-K/0000048465-23-000083/primary-document.html
2026-02-23 15:11:47,009 [src.preprocess] DEBUG: Extracted 23 HTML titles from data/10k_raw/HRL/10-K/0000048465-24-000051/primary-document.html
2026-02-23 15:11:47,033 [src.preprocess] DEBUG: Extracted 0 HTML titles from data/10k_raw/HRL/10-K/0001104659-15-085151/primary-document.html
2026-02-23 15:11:47,053 [src.preprocess] DEBUG: Extracted 0 HTML titles from data/10k_raw/HRL/10-K/0001104659-16-163147/primary-document.html
2026-02-23 15:11:47,072 [src.preprocess] DEBUG: Extracted 0 HTML titles from data/10k_raw/HRL/10-K/0001104659-17-074227/primary-document.html
2026-02-23 15:11:47,206 [src.preprocess] DEBUG: Extracted 41 HTML titles from data/10k_raw/HSIC/10-K/0001000228-15-000007/primary-document.html
2026-02-23 15:11:47,207 [src.preprocess] DEBUG: Filtered 1 / 41 HTML titles against item_1a text
2026-02-23 15:11:47,346 [src.preprocess] DEBUG: Extracted 40 HTML titles from data/10k_raw/HSIC/10-K/0001000228-16-000042/primary-document.html
2026-02-23 15:11:47,346 [src.preprocess] DEBUG: Filtered 1 / 40 HTML titles against item_1a text
2026-02-23 15:11:47,552 [src.preprocess] DEBUG: Extracted 20 HTML titles from data/10k_raw/HSIC/10-K/0001000228-17-000011/primary-document.html
2026-02-23 15:11:47,552 [src.preprocess] DEBUG: Filtered 1 / 20 HTML titles against item_1a text
2026-02-23 15:11:47,761 [src.preprocess] DEBUG: Extracted 21 HTML titles from data/10k_raw/HSIC/10-K/0001000228-18-000012/primary-document.html
2026-02-23 15:11:47,762 [src.preprocess] DEBUG: Filtered 1 / 21 HTML titles against item_1a text
2026-02-23 15:11:47,985 [src.preprocess] DEBUG: Extracted 27 HTML titles from data/10k_raw/HSIC/10-K/0001000228-19-000015/primary-document.html
2026-02-23 15:11:47,985 [src.preprocess] DEBUG: Filtered 1 / 27 HTML titles against item_1a text
2026-02-23 15:11:48,186 [src.preprocess] DEBUG: Extracted 46 HTML titles from data/10k_raw/HSIC/10-K/0001000228-20-000018/primary-document.html
2026-02-23 15:11:48,385 [src.preprocess] DEBUG: Extracted 72 HTML titles from data/10k_raw/HSIC/10-K/0001000228-21-000019/primary-document.html
2026-02-23 15:11:48,385 [src.preprocess] DEBUG: Filtered 30 / 72 HTML titles against item_1a text
2026-02-23 15:11:48,556 [src.preprocess] DEBUG: Extracted 43 HTML titles from data/10k_raw/HSIC/10-K/0001000228-22-000016/primary-document.html
2026-02-23 15:11:48,714 [src.preprocess] DEBUG: Extracted 78 HTML titles from data/10k_raw/HSIC/10-K/0001000228-23-000011/primary-document.html
2026-02-23 15:11:48,715 [src.preprocess] DEBUG: Filtered 35 / 78 HTML titles against item_1a text
2026-02-23 15:11:48,903 [src.preprocess] DEBUG: Extracted 73 HTML titles from data/10k_raw/HSIC/10-K/0001000228-24-000011/primary-document.html
2026-02-23 15:11:48,904 [src.preprocess] DEBUG: Filtered 33 / 73 HTML titles against item_1a text
2026-02-23 15:11:49,257 [src.preprocess] DEBUG: Extracted 62 HTML titles from data/10k_raw/HST/10-K/0000950170-22-001965/primary-document.html
2026-02-23 15:11:49,258 [src.preprocess] DEBUG: Filtered 2 / 62 HTML titles against item_1a text
2026-02-23 15:11:49,695 [src.preprocess] DEBUG: Extracted 62 HTML titles from data/10k_raw/HST/10-K/0000950170-23-003778/primary-document.html
2026-02-23 15:11:49,696 [src.preprocess] DEBUG: Filtered 2 / 62 HTML titles against item_1a text
2026-02-23 15:11:49,846 [src.preprocess] DEBUG: Extracted 62 HTML titles from data/10k_raw/HST/10-K/0001070750-24-000081/primary-document.html
2026-02-23 15:11:49,847 [src.preprocess] DEBUG: Filtered 1 / 62 HTML titles against item_1a text
2026-02-23 15:11:50,173 [src.preprocess] DEBUG: Extracted 30 HTML titles from data/10k_raw/HST/10-K/0001564590-15-000907/primary-document.html
2026-02-23 15:11:50,502 [src.preprocess] DEBUG: Extracted 33 HTML titles from data/10k_raw/HST/10-K/0001564590-16-012990/primary-document.html
2026-02-23 15:11:50,502 [src.preprocess] DEBUG: Filtered 1 / 33 HTML titles against item_1a text
2026-02-23 15:11:50,821 [src.preprocess] DEBUG: Extracted 38 HTML titles from data/10k_raw/HST/10-K/0001564590-17-002348/primary-document.html
2026-02-23 15:11:50,821 [src.preprocess] DEBUG: Filtered 1 / 38 HTML titles against item_1a text
2026-02-23 15:11:51,114 [src.preprocess] DEBUG: Extracted 39 HTML titles from data/10k_raw/HST/10-K/0001564590-18-003330/primary-document.html
2026-02-23 15:11:51,428 [src.preprocess] DEBUG: Extracted 39 HTML titles from data/10k_raw/HST/10-K/0001564590-19-004191/primary-document.html
2026-02-23 15:11:51,428 [src.preprocess] DEBUG: Filtered 1 / 39 HTML titles against item_1a text
2026-02-23 15:11:53,206 [src.preprocess] DEBUG: Extracted 268 HTML titles from data/10k_raw/HST/10-K/0001564590-20-006404/primary-document.html
2026-02-23 15:11:53,216 [src.preprocess] DEBUG: Filtered 25 / 268 HTML titles against item_1a text
2026-02-23 15:11:55,129 [src.preprocess] DEBUG: Extracted 258 HTML titles from data/10k_raw/HST/10-K/0001564590-21-008676/primary-document.html
2026-02-23 15:11:55,139 [src.preprocess] DEBUG: Filtered 34 / 258 HTML titles against item_1a text
2026-02-23 15:11:56,288 [src.preprocess] DEBUG: Extracted 282 HTML titles from data/10k_raw/HSY/10-K/0000047111-15-000010/primary-document.html
2026-02-23 15:11:56,296 [src.preprocess] DEBUG: Filtered 28 / 282 HTML titles against item_1a text
2026-02-23 15:11:57,560 [src.preprocess] DEBUG: Extracted 296 HTML titles from data/10k_raw/HSY/10-K/0000047111-16-000095/primary-document.html
2026-02-23 15:11:57,571 [src.preprocess] DEBUG: Filtered 28 / 296 HTML titles against item_1a text
2026-02-23 15:11:57,681 [src.preprocess] DEBUG: Extracted 0 HTML titles from data/10k_raw/HSY/10-K/0000047111-17-000005/primary-document.html
2026-02-23 15:11:57,768 [src.preprocess] DEBUG: Extracted 0 HTML titles from data/10k_raw/HSY/10-K/0000047111-18-000011/primary-document.html
2026-02-23 15:11:57,886 [src.preprocess] DEBUG: Extracted 0 HTML titles from data/10k_raw/HSY/10-K/0000047111-19-000010/primary-document.html
2026-02-23 15:11:58,000 [src.preprocess] DEBUG: Extracted 0 HTML titles from data/10k_raw/HSY/10-K/0000047111-20-000007/primary-document.html
2026-02-23 15:11:58,102 [src.preprocess] DEBUG: Extracted 0 HTML titles from data/10k_raw/HSY/10-K/0000047111-21-000007/primary-document.html
2026-02-23 15:11:58,199 [src.preprocess] DEBUG: Extracted 0 HTML titles from data/10k_raw/HSY/10-K/0000047111-22-000017/primary-document.html
2026-02-23 15:11:58,295 [src.preprocess] DEBUG: Extracted 0 HTML titles from data/10k_raw/HSY/10-K/0000047111-23-000012/primary-document.html
2026-02-23 15:11:58,374 [src.preprocess] DEBUG: Extracted 0 HTML titles from data/10k_raw/HSY/10-K/0000047111-24-000009/primary-document.html
2026-02-23 15:11:58,441 [src.preprocess] DEBUG: Extracted 0 HTML titles from data/10k_raw/HUBB/10-K/0001628280-15-000853/primary-document.html
2026-02-23 15:11:58,514 [src.preprocess] DEBUG: Extracted 0 HTML titles from data/10k_raw/HUBB/10-K/0001628280-16-011342/primary-document.html
2026-02-23 15:11:58,590 [src.preprocess] DEBUG: Extracted 0 HTML titles from data/10k_raw/HUBB/10-K/0001628280-17-001423/primary-document.html
2026-02-23 15:11:58,668 [src.preprocess] DEBUG: Extracted 0 HTML titles from data/10k_raw/HUBB/10-K/0001628280-18-001740/primary-document.html
2026-02-23 15:11:58,745 [src.preprocess] DEBUG: Extracted 0 HTML titles from data/10k_raw/HUBB/10-K/0001628280-19-001446/primary-document.html
2026-02-23 15:11:58,848 [src.preprocess] DEBUG: Extracted 0 HTML titles from data/10k_raw/HUBB/10-K/0001628280-20-001557/primary-document.html
2026-02-23 15:11:58,948 [src.preprocess] DEBUG: Extracted 0 HTML titles from data/10k_raw/HUBB/10-K/0001628280-21-001868/primary-document.html
2026-02-23 15:11:59,051 [src.preprocess] DEBUG: Extracted 0 HTML titles from data/10k_raw/HUBB/10-K/0001628280-22-002255/primary-document.html
2026-02-23 15:11:59,147 [src.preprocess] DEBUG: Extracted 0 HTML titles from data/10k_raw/HUBB/10-K/0001628280-23-002875/primary-document.html
2026-02-23 15:11:59,226 [src.preprocess] DEBUG: Extracted 0 HTML titles from data/10k_raw/HUBB/10-K/0001628280-24-003792/primary-document.html
2026-02-23 15:11:59,226 [src.preprocess] INFO: Processed 2000 / 4420 files (372906 paragraphs so far)
2026-02-23 15:12:01,243 [src.preprocess] DEBUG: Extracted 282 HTML titles from data/10k_raw/HUM/10-K/0000049071-15-000019/primary-document.html
2026-02-23 15:12:01,260 [src.preprocess] DEBUG: Filtered 86 / 282 HTML titles against item_1a text
2026-02-23 15:12:03,355 [src.preprocess] DEBUG: Extracted 288 HTML titles from data/10k_raw/HUM/10-K/0000049071-16-000117/primary-document.html
2026-02-23 15:12:03,374 [src.preprocess] DEBUG: Filtered 88 / 288 HTML titles against item_1a text
2026-02-23 15:12:05,524 [src.preprocess] DEBUG: Extracted 293 HTML titles from data/10k_raw/HUM/10-K/0000049071-17-000019/primary-document.html
2026-02-23 15:12:05,544 [src.preprocess] DEBUG: Filtered 89 / 293 HTML titles against item_1a text
2026-02-23 15:12:07,829 [src.preprocess] DEBUG: Extracted 302 HTML titles from data/10k_raw/HUM/10-K/0000049071-18-000014/primary-document.html
2026-02-23 15:12:07,848 [src.preprocess] DEBUG: Filtered 88 / 302 HTML titles against item_1a text
2026-02-23 15:12:10,223 [src.preprocess] DEBUG: Extracted 326 HTML titles from data/10k_raw/HUM/10-K/0000049071-19-000023/primary-document.html
2026-02-23 15:12:10,242 [src.preprocess] DEBUG: Filtered 91 / 326 HTML titles against item_1a text
2026-02-23 15:12:11,679 [src.preprocess] DEBUG: Extracted 324 HTML titles from data/10k_raw/HUM/10-K/0000049071-20-000032/primary-document.html
2026-02-23 15:12:11,697 [src.preprocess] DEBUG: Filtered 102 / 324 HTML titles against item_1a text
2026-02-23 15:12:12,540 [src.preprocess] DEBUG: Extracted 310 HTML titles from data/10k_raw/HUM/10-K/0000049071-21-000039/primary-document.html
2026-02-23 15:12:12,557 [src.preprocess] DEBUG: Filtered 106 / 310 HTML titles against item_1a text
2026-02-23 15:12:13,413 [src.preprocess] DEBUG: Extracted 310 HTML titles from data/10k_raw/HUM/10-K/0000049071-22-000017/primary-document.html
2026-02-23 15:12:13,430 [src.preprocess] DEBUG: Filtered 108 / 310 HTML titles against item_1a text
2026-02-23 15:12:14,269 [src.preprocess] DEBUG: Extracted 306 HTML titles from data/10k_raw/HUM/10-K/0000049071-23-000011/primary-document.html
2026-02-23 15:12:14,287 [src.preprocess] DEBUG: Filtered 101 / 306 HTML titles against item_1a text
2026-02-23 15:12:15,053 [src.preprocess] DEBUG: Extracted 298 HTML titles from data/10k_raw/HUM/10-K/0000049071-24-000012/primary-document.html
2026-02-23 15:12:15,069 [src.preprocess] DEBUG: Filtered 101 / 298 HTML titles against item_1a text
2026-02-23 15:12:16,419 [src.preprocess] DEBUG: Extracted 324 HTML titles from data/10k_raw/HWM/10-K/0000004281-18-000042/primary-document.html
2026-02-23 15:12:16,437 [src.preprocess] DEBUG: Filtered 36 / 324 HTML titles against item_1a text
2026-02-23 15:12:17,855 [src.preprocess] DEBUG: Extracted 311 HTML titles from data/10k_raw/HWM/10-K/0000004281-19-000031/primary-document.html
2026-02-23 15:12:17,872 [src.preprocess] DEBUG: Filtered 35 / 311 HTML titles against item_1a text
2026-02-23 15:12:19,101 [src.preprocess] DEBUG: Extracted 317 HTML titles from data/10k_raw/HWM/10-K/0000004281-20-000038/primary-document.html
2026-02-23 15:12:19,119 [src.preprocess] DEBUG: Filtered 46 / 317 HTML titles against item_1a text
2026-02-23 15:12:19,929 [src.preprocess] DEBUG: Extracted 312 HTML titles from data/10k_raw/HWM/10-K/0000004281-21-000049/primary-document.html
2026-02-23 15:12:19,947 [src.preprocess] DEBUG: Filtered 62 / 312 HTML titles against item_1a text
2026-02-23 15:12:20,685 [src.preprocess] DEBUG: Extracted 297 HTML titles from data/10k_raw/HWM/10-K/0000004281-22-000004/primary-document.html
2026-02-23 15:12:20,698 [src.preprocess] DEBUG: Filtered 57 / 297 HTML titles against item_1a text
2026-02-23 15:12:21,421 [src.preprocess] DEBUG: Extracted 293 HTML titles from data/10k_raw/HWM/10-K/0000004281-23-000004/primary-document.html
2026-02-23 15:12:21,434 [src.preprocess] DEBUG: Filtered 59 / 293 HTML titles against item_1a text
2026-02-23 15:12:22,075 [src.preprocess] DEBUG: Extracted 288 HTML titles from data/10k_raw/HWM/10-K/0000004281-24-000007/primary-document.html
2026-02-23 15:12:22,087 [src.preprocess] DEBUG: Filtered 59 / 288 HTML titles against item_1a text
2026-02-23 15:12:22,419 [src.preprocess] DEBUG: Extracted 0 HTML titles from data/10k_raw/HWM/10-K/0001193125-15-054376/primary-document.html
2026-02-23 15:12:22,745 [src.preprocess] DEBUG: Extracted 0 HTML titles from data/10k_raw/HWM/10-K/0001193125-16-470162/primary-document.html
2026-02-23 15:12:22,968 [src.preprocess] DEBUG: Extracted 0 HTML titles from data/10k_raw/HWM/10-K/0001193125-17-062657/primary-document.html
2026-02-23 15:12:23,130 [src.preprocess] DEBUG: Extracted 0 HTML titles from data/10k_raw/IBKR/10-K/0001047469-15-001520/primary-document.html
2026-02-23 15:12:23,287 [src.preprocess] DEBUG: Extracted 0 HTML titles from data/10k_raw/IBKR/10-K/0001047469-16-010549/primary-document.html
2026-02-23 15:12:23,484 [src.preprocess] DEBUG: Extracted 0 HTML titles from data/10k_raw/IBKR/10-K/0001047469-17-001069/primary-document.html
2026-02-23 15:12:23,646 [src.preprocess] DEBUG: Extracted 0 HTML titles from data/10k_raw/IBKR/10-K/0001047469-18-001166/primary-document.html
2026-02-23 15:12:23,824 [src.preprocess] DEBUG: Extracted 1 HTML titles from data/10k_raw/IBKR/10-K/0001140361-19-004097/primary-document.html
2026-02-23 15:12:24,144 [src.preprocess] DEBUG: Extracted 33 HTML titles from data/10k_raw/IBKR/10-K/0001381197-20-000006/primary-document.html
2026-02-23 15:12:24,144 [src.preprocess] DEBUG: Filtered 1 / 33 HTML titles against item_1a text
2026-02-23 15:12:24,394 [src.preprocess] DEBUG: Extracted 33 HTML titles from data/10k_raw/IBKR/10-K/0001381197-21-000008/primary-document.html
2026-02-23 15:12:24,394 [src.preprocess] DEBUG: Filtered 1 / 33 HTML titles against item_1a text
2026-02-23 15:12:24,644 [src.preprocess] DEBUG: Extracted 37 HTML titles from data/10k_raw/IBKR/10-K/0001381197-22-000010/primary-document.html
2026-02-23 15:12:24,645 [src.preprocess] DEBUG: Filtered 1 / 37 HTML titles against item_1a text
2026-02-23 15:12:24,904 [src.preprocess] DEBUG: Extracted 38 HTML titles from data/10k_raw/IBKR/10-K/0001381197-23-000014/primary-document.html
2026-02-23 15:12:24,904 [src.preprocess] DEBUG: Filtered 1 / 38 HTML titles against item_1a text
2026-02-23 15:12:25,179 [src.preprocess] DEBUG: Extracted 47 HTML titles from data/10k_raw/IBKR/10-K/0001381197-24-000083/primary-document.html
2026-02-23 15:12:25,179 [src.preprocess] DEBUG: Filtered 1 / 47 HTML titles against item_1a text
2026-02-23 15:12:25,222 [src.preprocess] DEBUG: Extracted 9 HTML titles from data/10k_raw/IBM/10-K/0000051143-24-000012/primary-document.html
2026-02-23 15:12:25,222 [src.preprocess] DEBUG: Filtered 1 / 9 HTML titles against item_1a text
2026-02-23 15:12:25,250 [src.preprocess] DEBUG: Extracted 0 HTML titles from data/10k_raw/IBM/10-K/0001047469-15-001106/primary-document.html
2026-02-23 15:12:25,277 [src.preprocess] DEBUG: Extracted 0 HTML titles from data/10k_raw/IBM/10-K/0001047469-16-010329/primary-document.html
2026-02-23 15:12:25,300 [src.preprocess] DEBUG: Extracted 0 HTML titles from data/10k_raw/IBM/10-K/0001047469-17-001061/primary-document.html
2026-02-23 15:12:25,324 [src.preprocess] DEBUG: Extracted 0 HTML titles from data/10k_raw/IBM/10-K/0001047469-18-001117/primary-document.html
2026-02-23 15:12:25,345 [src.preprocess] DEBUG: Extracted 0 HTML titles from data/10k_raw/IBM/10-K/0001047469-19-000712/primary-document.html
2026-02-23 15:12:25,395 [src.preprocess] DEBUG: Extracted 2 HTML titles from data/10k_raw/IBM/10-K/0001558370-20-001334/primary-document.html
2026-02-23 15:12:25,395 [src.preprocess] DEBUG: Filtered 2 / 2 HTML titles against item_1a text
2026-02-23 15:12:25,443 [src.preprocess] DEBUG: Extracted 2 HTML titles from data/10k_raw/IBM/10-K/0001558370-21-001489/primary-document.html
2026-02-23 15:12:25,443 [src.preprocess] DEBUG: Filtered 2 / 2 HTML titles against item_1a text
2026-02-23 15:12:25,492 [src.preprocess] DEBUG: Extracted 2 HTML titles from data/10k_raw/IBM/10-K/0001558370-22-001584/primary-document.html
2026-02-23 15:12:25,492 [src.preprocess] DEBUG: Filtered 2 / 2 HTML titles against item_1a text
2026-02-23 15:12:25,540 [src.preprocess] DEBUG: Extracted 2 HTML titles from data/10k_raw/IBM/10-K/0001558370-23-002376/primary-document.html
2026-02-23 15:12:25,540 [src.preprocess] DEBUG: Filtered 2 / 2 HTML titles against item_1a text
2026-02-23 15:12:27,945 [src.preprocess] DEBUG: Extracted 376 HTML titles from data/10k_raw/ICE/10-K/0001571949-15-000003/primary-document.html
2026-02-23 15:12:27,973 [src.preprocess] DEBUG: Filtered 42 / 376 HTML titles against item_1a text
2026-02-23 15:12:30,623 [src.preprocess] DEBUG: Extracted 380 HTML titles from data/10k_raw/ICE/10-K/0001571949-16-000020/primary-document.html
2026-02-23 15:12:30,648 [src.preprocess] DEBUG: Filtered 42 / 380 HTML titles against item_1a text
2026-02-23 15:12:33,493 [src.preprocess] DEBUG: Extracted 385 HTML titles from data/10k_raw/ICE/10-K/0001571949-17-000003/primary-document.html
2026-02-23 15:12:33,519 [src.preprocess] DEBUG: Filtered 40 / 385 HTML titles against item_1a text
2026-02-23 15:12:35,505 [src.preprocess] DEBUG: Extracted 387 HTML titles from data/10k_raw/ICE/10-K/0001571949-18-000003/primary-document.html
2026-02-23 15:12:35,529 [src.preprocess] DEBUG: Filtered 40 / 387 HTML titles against item_1a text
2026-02-23 15:12:37,583 [src.preprocess] DEBUG: Extracted 434 HTML titles from data/10k_raw/ICE/10-K/0001571949-19-000003/primary-document.html
2026-02-23 15:12:37,609 [src.preprocess] DEBUG: Filtered 46 / 434 HTML titles against item_1a text
2026-02-23 15:12:39,195 [src.preprocess] DEBUG: Extracted 453 HTML titles from data/10k_raw/ICE/10-K/0001571949-20-000003/primary-document.html
2026-02-23 15:12:39,224 [src.preprocess] DEBUG: Filtered 52 / 453 HTML titles against item_1a text
2026-02-23 15:12:40,364 [src.preprocess] DEBUG: Extracted 466 HTML titles from data/10k_raw/ICE/10-K/0001571949-21-000003/primary-document.html
2026-02-23 15:12:40,394 [src.preprocess] DEBUG: Filtered 55 / 466 HTML titles against item_1a text
2026-02-23 15:12:41,461 [src.preprocess] DEBUG: Extracted 444 HTML titles from data/10k_raw/ICE/10-K/0001571949-22-000006/primary-document.html
2026-02-23 15:12:41,488 [src.preprocess] DEBUG: Filtered 55 / 444 HTML titles against item_1a text
2026-02-23 15:12:42,543 [src.preprocess] DEBUG: Extracted 467 HTML titles from data/10k_raw/ICE/10-K/0001571949-23-000006/primary-document.html
2026-02-23 15:12:42,573 [src.preprocess] DEBUG: Filtered 67 / 467 HTML titles against item_1a text
2026-02-23 15:12:43,592 [src.preprocess] DEBUG: Extracted 470 HTML titles from data/10k_raw/ICE/10-K/0001571949-24-000007/primary-document.html
2026-02-23 15:12:43,622 [src.preprocess] DEBUG: Filtered 68 / 470 HTML titles against item_1a text
2026-02-23 15:12:43,850 [src.preprocess] DEBUG: Extracted 37 HTML titles from data/10k_raw/IDXX/10-K/0000874716-15-000003/primary-document.html
2026-02-23 15:12:43,850 [src.preprocess] DEBUG: Filtered 2 / 37 HTML titles against item_1a text
2026-02-23 15:12:44,107 [src.preprocess] DEBUG: Extracted 38 HTML titles from data/10k_raw/IDXX/10-K/0000874716-16-000020/primary-document.html
2026-02-23 15:12:44,107 [src.preprocess] DEBUG: Filtered 2 / 38 HTML titles against item_1a text
2026-02-23 15:12:44,327 [src.preprocess] DEBUG: Extracted 36 HTML titles from data/10k_raw/IDXX/10-K/0000874716-17-000004/primary-document.html
2026-02-23 15:12:44,327 [src.preprocess] DEBUG: Filtered 2 / 36 HTML titles against item_1a text
2026-02-23 15:12:44,556 [src.preprocess] DEBUG: Extracted 35 HTML titles from data/10k_raw/IDXX/10-K/0000874716-18-000005/primary-document.html
2026-02-23 15:12:44,557 [src.preprocess] DEBUG: Filtered 2 / 35 HTML titles against item_1a text
2026-02-23 15:12:44,734 [src.preprocess] DEBUG: Extracted 36 HTML titles from data/10k_raw/IDXX/10-K/0000874716-19-000004/primary-document.html
2026-02-23 15:12:44,734 [src.preprocess] DEBUG: Filtered 3 / 36 HTML titles against item_1a text
2026-02-23 15:12:44,880 [src.preprocess] DEBUG: Extracted 37 HTML titles from data/10k_raw/IDXX/10-K/0000874716-20-000006/primary-document.html
2026-02-23 15:12:44,881 [src.preprocess] DEBUG: Filtered 2 / 37 HTML titles against item_1a text
2026-02-23 15:12:44,999 [src.preprocess] DEBUG: Extracted 35 HTML titles from data/10k_raw/IDXX/10-K/0000874716-21-000008/primary-document.html
2026-02-23 15:12:44,999 [src.preprocess] DEBUG: Filtered 3 / 35 HTML titles against item_1a text
2026-02-23 15:12:45,112 [src.preprocess] DEBUG: Extracted 37 HTML titles from data/10k_raw/IDXX/10-K/0000874716-22-000007/primary-document.html
2026-02-23 15:12:45,113 [src.preprocess] DEBUG: Filtered 3 / 37 HTML titles against item_1a text
2026-02-23 15:12:45,230 [src.preprocess] DEBUG: Extracted 35 HTML titles from data/10k_raw/IDXX/10-K/0000874716-23-000006/primary-document.html
2026-02-23 15:12:45,231 [src.preprocess] DEBUG: Filtered 2 / 35 HTML titles against item_1a text
2026-02-23 15:12:45,335 [src.preprocess] DEBUG: Extracted 36 HTML titles from data/10k_raw/IDXX/10-K/0000874716-24-000057/primary-document.html
2026-02-23 15:12:45,336 [src.preprocess] DEBUG: Filtered 2 / 36 HTML titles against item_1a text
2026-02-23 15:12:45,416 [src.preprocess] DEBUG: Extracted 9 HTML titles from data/10k_raw/IEX/10-K/0000832101-15-000009/primary-document.html
2026-02-23 15:12:45,416 [src.preprocess] DEBUG: Filtered 1 / 9 HTML titles against item_1a text
2026-02-23 15:12:45,494 [src.preprocess] DEBUG: Extracted 13 HTML titles from data/10k_raw/IEX/10-K/0000832101-16-000057/primary-document.html
2026-02-23 15:12:45,494 [src.preprocess] DEBUG: Filtered 1 / 13 HTML titles against item_1a text
2026-02-23 15:12:45,581 [src.preprocess] DEBUG: Extracted 14 HTML titles from data/10k_raw/IEX/10-K/0000832101-17-000016/primary-document.html
2026-02-23 15:12:45,671 [src.preprocess] DEBUG: Extracted 15 HTML titles from data/10k_raw/IEX/10-K/0000832101-18-000019/primary-document.html
2026-02-23 15:12:45,761 [src.preprocess] DEBUG: Extracted 16 HTML titles from data/10k_raw/IEX/10-K/0000832101-19-000005/primary-document.html
2026-02-23 15:12:45,923 [src.preprocess] DEBUG: Extracted 27 HTML titles from data/10k_raw/IEX/10-K/0000832101-20-000007/primary-document.html
2026-02-23 15:12:45,923 [src.preprocess] DEBUG: Filtered 4 / 27 HTML titles against item_1a text
2026-02-23 15:12:46,054 [src.preprocess] DEBUG: Extracted 36 HTML titles from data/10k_raw/IEX/10-K/0000832101-21-000017/primary-document.html
2026-02-23 15:12:46,054 [src.preprocess] DEBUG: Filtered 4 / 36 HTML titles against item_1a text
2026-02-23 15:12:46,192 [src.preprocess] DEBUG: Extracted 14 HTML titles from data/10k_raw/IEX/10-K/0000832101-22-000008/primary-document.html
2026-02-23 15:12:46,192 [src.preprocess] DEBUG: Filtered 6 / 14 HTML titles against item_1a text
2026-02-23 15:12:46,337 [src.preprocess] DEBUG: Extracted 14 HTML titles from data/10k_raw/IEX/10-K/0000832101-23-000013/primary-document.html
2026-02-23 15:12:46,337 [src.preprocess] DEBUG: Filtered 6 / 14 HTML titles against item_1a text
2026-02-23 15:12:46,452 [src.preprocess] DEBUG: Extracted 14 HTML titles from data/10k_raw/IEX/10-K/0000832101-24-000009/primary-document.html
2026-02-23 15:12:46,453 [src.preprocess] DEBUG: Filtered 6 / 14 HTML titles against item_1a text
2026-02-23 15:12:46,555 [src.preprocess] DEBUG: Extracted 0 HTML titles from data/10k_raw/IFF/10-K/0000051253-15-000004/primary-document.html
2026-02-23 15:12:46,658 [src.preprocess] DEBUG: Extracted 0 HTML titles from data/10k_raw/IFF/10-K/0000051253-16-000026/primary-document.html
2026-02-23 15:12:46,766 [src.preprocess] DEBUG: Extracted 0 HTML titles from data/10k_raw/IFF/10-K/0000051253-17-000004/primary-document.html
2026-02-23 15:12:46,876 [src.preprocess] DEBUG: Extracted 0 HTML titles from data/10k_raw/IFF/10-K/0000051253-18-000005/primary-document.html
2026-02-23 15:12:46,999 [src.preprocess] DEBUG: Extracted 0 HTML titles from data/10k_raw/IFF/10-K/0000051253-19-000004/primary-document.html
2026-02-23 15:12:47,176 [src.preprocess] DEBUG: Extracted 0 HTML titles from data/10k_raw/IFF/10-K/0000051253-20-000007/primary-document.html
2026-02-23 15:12:47,977 [src.preprocess] DEBUG: Extracted 359 HTML titles from data/10k_raw/IFF/10-K/0000051253-21-000011/primary-document.html
2026-02-23 15:12:47,993 [src.preprocess] DEBUG: Filtered 54 / 359 HTML titles against item_1a text
2026-02-23 15:12:48,877 [src.preprocess] DEBUG: Extracted 350 HTML titles from data/10k_raw/IFF/10-K/0000051253-22-000007/primary-document.html
2026-02-23 15:12:48,895 [src.preprocess] DEBUG: Filtered 54 / 350 HTML titles against item_1a text
2026-02-23 15:12:49,760 [src.preprocess] DEBUG: Extracted 342 HTML titles from data/10k_raw/IFF/10-K/0000051253-23-000009/primary-document.html
2026-02-23 15:12:49,778 [src.preprocess] DEBUG: Filtered 51 / 342 HTML titles against item_1a text
2026-02-23 15:12:50,596 [src.preprocess] DEBUG: Extracted 337 HTML titles from data/10k_raw/IFF/10-K/0000051253-24-000006/primary-document.html
2026-02-23 15:12:50,615 [src.preprocess] DEBUG: Filtered 71 / 337 HTML titles against item_1a text
2026-02-23 15:12:50,805 [src.preprocess] DEBUG: Extracted 101 HTML titles from data/10k_raw/INCY/10-K/0000879169-23-000008/primary-document.html
2026-02-23 15:12:50,806 [src.preprocess] DEBUG: Filtered 2 / 101 HTML titles against item_1a text
2026-02-23 15:12:50,924 [src.preprocess] DEBUG: Extracted 105 HTML titles from data/10k_raw/INCY/10-K/0000879169-24-000045/primary-document.html
2026-02-23 15:12:50,925 [src.preprocess] DEBUG: Filtered 12 / 105 HTML titles against item_1a text
2026-02-23 15:12:51,004 [src.preprocess] DEBUG: Extracted 0 HTML titles from data/10k_raw/INCY/10-K/0001047469-15-000858/primary-document.html
2026-02-23 15:12:51,134 [src.preprocess] DEBUG: Extracted 33 HTML titles from data/10k_raw/INCY/10-K/0001558370-16-003196/primary-document.html
2026-02-23 15:12:51,306 [src.preprocess] DEBUG: Extracted 24 HTML titles from data/10k_raw/INCY/10-K/0001558370-17-000594/primary-document.html
2026-02-23 15:12:51,451 [src.preprocess] DEBUG: Extracted 22 HTML titles from data/10k_raw/INCY/10-K/0001558370-18-000722/primary-document.html
2026-02-23 15:12:51,594 [src.preprocess] DEBUG: Extracted 21 HTML titles from data/10k_raw/INCY/10-K/0001558370-19-000682/primary-document.html
2026-02-23 15:12:52,381 [src.preprocess] DEBUG: Extracted 75 HTML titles from data/10k_raw/INCY/10-K/0001558370-20-000774/primary-document.html
2026-02-23 15:12:52,383 [src.preprocess] DEBUG: Filtered 8 / 75 HTML titles against item_1a text
2026-02-23 15:12:53,156 [src.preprocess] DEBUG: Extracted 95 HTML titles from data/10k_raw/INCY/10-K/0001558370-21-000825/primary-document.html
2026-02-23 15:12:53,159 [src.preprocess] DEBUG: Filtered 8 / 95 HTML titles against item_1a text
2026-02-23 15:12:53,832 [src.preprocess] DEBUG: Extracted 99 HTML titles from data/10k_raw/INCY/10-K/0001558370-22-000902/primary-document.html
2026-02-23 15:12:53,836 [src.preprocess] DEBUG: Filtered 11 / 99 HTML titles against item_1a text
2026-02-23 15:12:53,974 [src.preprocess] DEBUG: Extracted 15 HTML titles from data/10k_raw/INTC/10-K/0000050863-15-000015/primary-document.html
2026-02-23 15:12:54,095 [src.preprocess] DEBUG: Extracted 15 HTML titles from data/10k_raw/INTC/10-K/0000050863-16-000105/primary-document.html
2026-02-23 15:12:54,256 [src.preprocess] DEBUG: Extracted 15 HTML titles from data/10k_raw/INTC/10-K/0000050863-17-000012/primary-document.html
2026-02-23 15:12:54,353 [src.preprocess] DEBUG: Extracted 1 HTML titles from data/10k_raw/INTC/10-K/0000050863-18-000007/primary-document.html
2026-02-23 15:12:54,450 [src.preprocess] DEBUG: Extracted 1 HTML titles from data/10k_raw/INTC/10-K/0000050863-19-000007/primary-document.html
2026-02-23 15:12:54,576 [src.preprocess] DEBUG: Extracted 1 HTML titles from data/10k_raw/INTC/10-K/0000050863-20-000011/primary-document.html
2026-02-23 15:12:54,679 [src.preprocess] DEBUG: Extracted 0 HTML titles from data/10k_raw/INTC/10-K/0000050863-21-000010/primary-document.html
2026-02-23 15:12:54,779 [src.preprocess] DEBUG: Extracted 0 HTML titles from data/10k_raw/INTC/10-K/0000050863-22-000007/primary-document.html
2026-02-23 15:12:54,881 [src.preprocess] DEBUG: Extracted 0 HTML titles from data/10k_raw/INTC/10-K/0000050863-23-000006/primary-document.html
2026-02-23 15:12:54,966 [src.preprocess] DEBUG: Extracted 0 HTML titles from data/10k_raw/INTC/10-K/0000050863-24-000010/primary-document.html
2026-02-23 15:12:55,069 [src.preprocess] DEBUG: Extracted 50 HTML titles from data/10k_raw/INTU/10-K/0000896878-15-000116/primary-document.html
2026-02-23 15:12:55,177 [src.preprocess] DEBUG: Extracted 49 HTML titles from data/10k_raw/INTU/10-K/0000896878-16-000286/primary-document.html
2026-02-23 15:12:55,299 [src.preprocess] DEBUG: Extracted 50 HTML titles from data/10k_raw/INTU/10-K/0000896878-17-000130/primary-document.html
2026-02-23 15:12:55,300 [src.preprocess] DEBUG: Filtered 1 / 50 HTML titles against item_1a text
2026-02-23 15:12:55,439 [src.preprocess] DEBUG: Extracted 29 HTML titles from data/10k_raw/INTU/10-K/0000896878-18-000171/primary-document.html
2026-02-23 15:12:55,579 [src.preprocess] DEBUG: Extracted 29 HTML titles from data/10k_raw/INTU/10-K/0000896878-19-000132/primary-document.html
2026-02-23 15:12:55,754 [src.preprocess] DEBUG: Extracted 30 HTML titles from data/10k_raw/INTU/10-K/0000896878-20-000148/primary-document.html
2026-02-23 15:12:55,863 [src.preprocess] DEBUG: Extracted 29 HTML titles from data/10k_raw/INTU/10-K/0000896878-21-000233/primary-document.html
2026-02-23 15:12:55,973 [src.preprocess] DEBUG: Extracted 31 HTML titles from data/10k_raw/INTU/10-K/0000896878-22-000028/primary-document.html
2026-02-23 15:12:56,068 [src.preprocess] DEBUG: Extracted 32 HTML titles from data/10k_raw/INTU/10-K/0000896878-23-000034/primary-document.html
2026-02-23 15:12:56,188 [src.preprocess] DEBUG: Extracted 93 HTML titles from data/10k_raw/INTU/10-K/0000896878-24-000039/primary-document.html
2026-02-23 15:12:56,293 [src.preprocess] DEBUG: Extracted 1 HTML titles from data/10k_raw/IP/10-K/0000051434-15-000009/primary-document.html
2026-02-23 15:12:56,386 [src.preprocess] DEBUG: Extracted 1 HTML titles from data/10k_raw/IP/10-K/0000051434-16-000042/primary-document.html
2026-02-23 15:12:56,485 [src.preprocess] DEBUG: Extracted 1 HTML titles from data/10k_raw/IP/10-K/0000051434-17-000007/primary-document.html
2026-02-23 15:12:56,583 [src.preprocess] DEBUG: Extracted 1 HTML titles from data/10k_raw/IP/10-K/0000051434-18-000008/primary-document.html
2026-02-23 15:12:56,681 [src.preprocess] DEBUG: Extracted 1 HTML titles from data/10k_raw/IP/10-K/0000051434-19-000007/primary-document.html
2026-02-23 15:12:56,818 [src.preprocess] DEBUG: Extracted 1 HTML titles from data/10k_raw/IP/10-K/0000051434-20-000011/primary-document.html
2026-02-23 15:12:56,945 [src.preprocess] DEBUG: Extracted 1 HTML titles from data/10k_raw/IP/10-K/0000051434-21-000012/primary-document.html
2026-02-23 15:12:57,072 [src.preprocess] DEBUG: Extracted 1 HTML titles from data/10k_raw/IP/10-K/0000051434-22-000016/primary-document.html
2026-02-23 15:12:57,196 [src.preprocess] DEBUG: Extracted 1 HTML titles from data/10k_raw/IP/10-K/0000051434-23-000013/primary-document.html
2026-02-23 15:12:57,278 [src.preprocess] DEBUG: Extracted 1 HTML titles from data/10k_raw/IP/10-K/0000051434-24-000024/primary-document.html
2026-02-23 15:12:57,397 [src.preprocess] DEBUG: Extracted 0 HTML titles from data/10k_raw/IPG/10-K/0000051644-15-000011/primary-document.html
2026-02-23 15:12:57,516 [src.preprocess] DEBUG: Extracted 0 HTML titles from data/10k_raw/IPG/10-K/0000051644-16-000056/primary-document.html
2026-02-23 15:12:57,624 [src.preprocess] DEBUG: Extracted 0 HTML titles from data/10k_raw/IPG/10-K/0000051644-17-000007/primary-document.html
2026-02-23 15:12:57,730 [src.preprocess] DEBUG: Extracted 0 HTML titles from data/10k_raw/IPG/10-K/0000051644-18-000019/primary-document.html
2026-02-23 15:12:57,857 [src.preprocess] DEBUG: Extracted 0 HTML titles from data/10k_raw/IPG/10-K/0000051644-19-000009/primary-document.html
2026-02-23 15:12:58,004 [src.preprocess] DEBUG: Extracted 0 HTML titles from data/10k_raw/IPG/10-K/0000051644-20-000013/primary-document.html
2026-02-23 15:12:58,756 [src.preprocess] DEBUG: Extracted 290 HTML titles from data/10k_raw/IPG/10-K/0000051644-21-000012/primary-document.html
2026-02-23 15:12:58,766 [src.preprocess] DEBUG: Filtered 48 / 290 HTML titles against item_1a text
2026-02-23 15:12:59,519 [src.preprocess] DEBUG: Extracted 276 HTML titles from data/10k_raw/IPG/10-K/0000051644-22-000010/primary-document.html
2026-02-23 15:12:59,528 [src.preprocess] DEBUG: Filtered 43 / 276 HTML titles against item_1a text
2026-02-23 15:13:00,356 [src.preprocess] DEBUG: Extracted 337 HTML titles from data/10k_raw/IPG/10-K/0000051644-23-000010/primary-document.html
2026-02-23 15:13:00,370 [src.preprocess] DEBUG: Filtered 49 / 337 HTML titles against item_1a text
2026-02-23 15:13:01,193 [src.preprocess] DEBUG: Extracted 350 HTML titles from data/10k_raw/IPG/10-K/0000051644-24-000013/primary-document.html
2026-02-23 15:13:01,209 [src.preprocess] DEBUG: Filtered 51 / 350 HTML titles against item_1a text
2026-02-23 15:13:01,313 [src.preprocess] DEBUG: Extracted 0 HTML titles from data/10k_raw/IQV/10-K/0001193125-15-045845/primary-document.html
2026-02-23 15:13:01,421 [src.preprocess] DEBUG: Extracted 0 HTML titles from data/10k_raw/IQV/10-K/0001193125-17-046709/primary-document.html
2026-02-23 15:13:01,662 [src.preprocess] DEBUG: Extracted 111 HTML titles from data/10k_raw/IQV/10-K/0001478242-21-000020/primary-document.html
2026-02-23 15:13:01,822 [src.preprocess] DEBUG: Extracted 119 HTML titles from data/10k_raw/IQV/10-K/0001478242-22-000041/primary-document.html
2026-02-23 15:13:01,981 [src.preprocess] DEBUG: Extracted 125 HTML titles from data/10k_raw/IQV/10-K/0001478242-23-000044/primary-document.html
2026-02-23 15:13:02,149 [src.preprocess] DEBUG: Extracted 124 HTML titles from data/10k_raw/IQV/10-K/0001478242-24-000038/primary-document.html
2026-02-23 15:13:03,513 [src.preprocess] DEBUG: Extracted 325 HTML titles from data/10k_raw/IQV/10-K/0001564590-16-012629/primary-document.html
2026-02-23 15:13:03,531 [src.preprocess] DEBUG: Filtered 40 / 325 HTML titles against item_1a text
2026-02-23 15:13:05,225 [src.preprocess] DEBUG: Extracted 322 HTML titles from data/10k_raw/IQV/10-K/0001564590-18-002340/primary-document.html
2026-02-23 15:13:05,246 [src.preprocess] DEBUG: Filtered 48 / 322 HTML titles against item_1a text
2026-02-23 15:13:06,904 [src.preprocess] DEBUG: Extracted 383 HTML titles from data/10k_raw/IQV/10-K/0001564590-19-003180/primary-document.html
2026-02-23 15:13:06,929 [src.preprocess] DEBUG: Filtered 53 / 383 HTML titles against item_1a text
2026-02-23 15:13:08,566 [src.preprocess] DEBUG: Extracted 383 HTML titles from data/10k_raw/IQV/10-K/0001564590-20-004901/primary-document.html
2026-02-23 15:13:08,588 [src.preprocess] DEBUG: Filtered 54 / 383 HTML titles against item_1a text
2026-02-23 15:13:13,163 [src.preprocess] DEBUG: Extracted 258 HTML titles from data/10k_raw/IRM/10-K/0001020569-16-000013/primary-document.html
2026-02-23 15:13:13,182 [src.preprocess] DEBUG: Filtered 38 / 258 HTML titles against item_1a text
2026-02-23 15:13:18,500 [src.preprocess] DEBUG: Extracted 283 HTML titles from data/10k_raw/IRM/10-K/0001020569-17-000010/primary-document.html
2026-02-23 15:13:18,522 [src.preprocess] DEBUG: Filtered 46 / 283 HTML titles against item_1a text
2026-02-23 15:13:22,725 [src.preprocess] DEBUG: Extracted 240 HTML titles from data/10k_raw/IRM/10-K/0001020569-18-000006/primary-document.html
2026-02-23 15:13:22,738 [src.preprocess] DEBUG: Filtered 49 / 240 HTML titles against item_1a text
2026-02-23 15:13:28,756 [src.preprocess] DEBUG: Extracted 322 HTML titles from data/10k_raw/IRM/10-K/0001020569-19-000018/primary-document.html
2026-02-23 15:13:28,781 [src.preprocess] DEBUG: Filtered 61 / 322 HTML titles against item_1a text
2026-02-23 15:13:31,999 [src.preprocess] DEBUG: Extracted 329 HTML titles from data/10k_raw/IRM/10-K/0001020569-20-000029/primary-document.html
2026-02-23 15:13:32,024 [src.preprocess] DEBUG: Filtered 69 / 329 HTML titles against item_1a text
2026-02-23 15:13:32,248 [src.preprocess] DEBUG: Extracted 0 HTML titles from data/10k_raw/IRM/10-K/0001020569-21-000067/primary-document.html
2026-02-23 15:13:32,426 [src.preprocess] DEBUG: Extracted 0 HTML titles from data/10k_raw/IRM/10-K/0001020569-22-000035/primary-document.html
2026-02-23 15:13:32,594 [src.preprocess] DEBUG: Extracted 0 HTML titles from data/10k_raw/IRM/10-K/0001020569-23-000043/primary-document.html
2026-02-23 15:13:32,727 [src.preprocess] DEBUG: Extracted 0 HTML titles from data/10k_raw/IRM/10-K/0001020569-24-000040/primary-document.html
2026-02-23 15:13:32,878 [src.preprocess] DEBUG: Extracted 0 HTML titles from data/10k_raw/IRM/10-K/0001047469-15-001413/primary-document.html
2026-02-23 15:13:32,961 [src.preprocess] DEBUG: Extracted 35 HTML titles from data/10k_raw/ISRG/10-K/0001035267-15-000014/primary-document.html
2026-02-23 15:13:32,962 [src.preprocess] DEBUG: Filtered 1 / 35 HTML titles against item_1a text
2026-02-23 15:13:33,049 [src.preprocess] DEBUG: Extracted 37 HTML titles from data/10k_raw/ISRG/10-K/0001035267-16-000130/primary-document.html
2026-02-23 15:13:33,049 [src.preprocess] DEBUG: Filtered 1 / 37 HTML titles against item_1a text
2026-02-23 15:13:33,139 [src.preprocess] DEBUG: Extracted 37 HTML titles from data/10k_raw/ISRG/10-K/0001035267-17-000021/primary-document.html
2026-02-23 15:13:33,139 [src.preprocess] DEBUG: Filtered 1 / 37 HTML titles against item_1a text
2026-02-23 15:13:33,232 [src.preprocess] DEBUG: Extracted 37 HTML titles from data/10k_raw/ISRG/10-K/0001035267-18-000013/primary-document.html
2026-02-23 15:13:33,233 [src.preprocess] DEBUG: Filtered 1 / 37 HTML titles against item_1a text
2026-02-23 15:13:33,330 [src.preprocess] DEBUG: Extracted 37 HTML titles from data/10k_raw/ISRG/10-K/0001035267-19-000012/primary-document.html
2026-02-23 15:13:33,330 [src.preprocess] DEBUG: Filtered 1 / 37 HTML titles against item_1a text
2026-02-23 15:13:33,449 [src.preprocess] DEBUG: Extracted 37 HTML titles from data/10k_raw/ISRG/10-K/0001035267-20-000032/primary-document.html
2026-02-23 15:13:33,450 [src.preprocess] DEBUG: Filtered 1 / 37 HTML titles against item_1a text
2026-02-23 15:13:33,558 [src.preprocess] DEBUG: Extracted 41 HTML titles from data/10k_raw/ISRG/10-K/0001035267-21-000028/primary-document.html
2026-02-23 15:13:33,559 [src.preprocess] DEBUG: Filtered 1 / 41 HTML titles against item_1a text
2026-02-23 15:13:33,670 [src.preprocess] DEBUG: Extracted 36 HTML titles from data/10k_raw/ISRG/10-K/0001035267-22-000014/primary-document.html
2026-02-23 15:13:33,670 [src.preprocess] DEBUG: Filtered 1 / 36 HTML titles against item_1a text
2026-02-23 15:13:33,782 [src.preprocess] DEBUG: Extracted 34 HTML titles from data/10k_raw/ISRG/10-K/0001035267-23-000019/primary-document.html
2026-02-23 15:13:33,782 [src.preprocess] DEBUG: Filtered 1 / 34 HTML titles against item_1a text
2026-02-23 15:13:33,883 [src.preprocess] DEBUG: Extracted 33 HTML titles from data/10k_raw/ISRG/10-K/0001035267-24-000021/primary-document.html
2026-02-23 15:13:33,883 [src.preprocess] DEBUG: Filtered 1 / 33 HTML titles against item_1a text
2026-02-23 15:13:33,958 [src.preprocess] DEBUG: Extracted 2 HTML titles from data/10k_raw/IT/10-K/0000749251-15-000009/primary-document.html
2026-02-23 15:13:34,024 [src.preprocess] DEBUG: Extracted 2 HTML titles from data/10k_raw/IT/10-K/0000749251-16-000034/primary-document.html
2026-02-23 15:13:34,092 [src.preprocess] DEBUG: Extracted 3 HTML titles from data/10k_raw/IT/10-K/0000749251-17-000005/primary-document.html
2026-02-23 15:13:34,166 [src.preprocess] DEBUG: Extracted 2 HTML titles from data/10k_raw/IT/10-K/0000749251-18-000004/primary-document.html
2026-02-23 15:13:34,244 [src.preprocess] DEBUG: Extracted 2 HTML titles from data/10k_raw/IT/10-K/0000749251-19-000005/primary-document.html
2026-02-23 15:13:34,342 [src.preprocess] DEBUG: Extracted 1 HTML titles from data/10k_raw/IT/10-K/0000749251-20-000008/primary-document.html
2026-02-23 15:13:34,629 [src.preprocess] DEBUG: Extracted 5 HTML titles from data/10k_raw/IT/10-K/0000749251-21-000010/primary-document.html
2026-02-23 15:13:34,715 [src.preprocess] DEBUG: Extracted 5 HTML titles from data/10k_raw/IT/10-K/0000749251-22-000006/primary-document.html
2026-02-23 15:13:34,797 [src.preprocess] DEBUG: Extracted 4 HTML titles from data/10k_raw/IT/10-K/0000749251-23-000006/primary-document.html
2026-02-23 15:13:34,860 [src.preprocess] DEBUG: Extracted 3 HTML titles from data/10k_raw/IT/10-K/0000749251-24-000006/primary-document.html
2026-02-23 15:13:34,948 [src.preprocess] DEBUG: Extracted 0 HTML titles from data/10k_raw/ITW/10-K/0000049826-15-000016/primary-document.html
2026-02-23 15:13:35,027 [src.preprocess] DEBUG: Extracted 0 HTML titles from data/10k_raw/ITW/10-K/0000049826-16-000151/primary-document.html
2026-02-23 15:13:35,103 [src.preprocess] DEBUG: Extracted 0 HTML titles from data/10k_raw/ITW/10-K/0000049826-17-000022/primary-document.html
2026-02-23 15:13:35,175 [src.preprocess] DEBUG: Extracted 0 HTML titles from data/10k_raw/ITW/10-K/0000049826-18-000017/primary-document.html
2026-02-23 15:13:35,248 [src.preprocess] DEBUG: Extracted 0 HTML titles from data/10k_raw/ITW/10-K/0000049826-19-000021/primary-document.html
2026-02-23 15:13:35,343 [src.preprocess] DEBUG: Extracted 0 HTML titles from data/10k_raw/ITW/10-K/0000049826-20-000020/primary-document.html
2026-02-23 15:13:35,427 [src.preprocess] DEBUG: Extracted 0 HTML titles from data/10k_raw/ITW/10-K/0000049826-21-000007/primary-document.html
2026-02-23 15:13:35,510 [src.preprocess] DEBUG: Extracted 0 HTML titles from data/10k_raw/ITW/10-K/0000049826-22-000006/primary-document.html
2026-02-23 15:13:35,592 [src.preprocess] DEBUG: Extracted 0 HTML titles from data/10k_raw/ITW/10-K/0000049826-23-000008/primary-document.html
2026-02-23 15:13:35,657 [src.preprocess] DEBUG: Extracted 0 HTML titles from data/10k_raw/ITW/10-K/0000049826-24-000008/primary-document.html
2026-02-23 15:13:35,814 [src.preprocess] DEBUG: Extracted 0 HTML titles from data/10k_raw/IVZ/10-K/0000914208-15-000293/primary-document.html
2026-02-23 15:13:35,963 [src.preprocess] DEBUG: Extracted 0 HTML titles from data/10k_raw/IVZ/10-K/0000914208-16-000846/primary-document.html
2026-02-23 15:13:36,098 [src.preprocess] DEBUG: Extracted 0 HTML titles from data/10k_raw/IVZ/10-K/0000914208-17-000328/primary-document.html
2026-02-23 15:13:36,231 [src.preprocess] DEBUG: Extracted 0 HTML titles from data/10k_raw/IVZ/10-K/0000914208-18-000255/primary-document.html
2026-02-23 15:13:36,362 [src.preprocess] DEBUG: Extracted 0 HTML titles from data/10k_raw/IVZ/10-K/0000914208-19-000195/primary-document.html
2026-02-23 15:13:36,512 [src.preprocess] DEBUG: Extracted 0 HTML titles from data/10k_raw/IVZ/10-K/0000914208-20-000245/primary-document.html
2026-02-23 15:13:36,635 [src.preprocess] DEBUG: Extracted 0 HTML titles from data/10k_raw/IVZ/10-K/0000914208-21-000331/primary-document.html
2026-02-23 15:13:36,742 [src.preprocess] DEBUG: Extracted 0 HTML titles from data/10k_raw/IVZ/10-K/0000914208-22-000319/primary-document.html
2026-02-23 15:13:36,845 [src.preprocess] DEBUG: Extracted 0 HTML titles from data/10k_raw/IVZ/10-K/0000914208-23-000297/primary-document.html
2026-02-23 15:13:36,945 [src.preprocess] DEBUG: Extracted 0 HTML titles from data/10k_raw/IVZ/10-K/0000914208-24-000219/primary-document.html
2026-02-23 15:13:37,086 [src.preprocess] DEBUG: Extracted 43 HTML titles from data/10k_raw/J/10-K/0000052988-15-000155/primary-document.html
2026-02-23 15:13:37,086 [src.preprocess] DEBUG: Filtered 4 / 43 HTML titles against item_1a text
2026-02-23 15:13:37,217 [src.preprocess] DEBUG: Extracted 50 HTML titles from data/10k_raw/J/10-K/0000052988-18-000036/primary-document.html
2026-02-23 15:13:37,218 [src.preprocess] DEBUG: Filtered 3 / 50 HTML titles against item_1a text
2026-02-23 15:13:37,414 [src.preprocess] DEBUG: Extracted 72 HTML titles from data/10k_raw/J/10-K/0000052988-19-000069/primary-document.html
2026-02-23 15:13:37,571 [src.preprocess] DEBUG: Extracted 89 HTML titles from data/10k_raw/J/10-K/0000052988-20-000070/primary-document.html
2026-02-23 15:13:37,572 [src.preprocess] DEBUG: Filtered 1 / 89 HTML titles against item_1a text
2026-02-23 15:13:37,725 [src.preprocess] DEBUG: Extracted 64 HTML titles from data/10k_raw/J/10-K/0000052988-21-000065/primary-document.html
2026-02-23 15:13:37,726 [src.preprocess] DEBUG: Filtered 1 / 64 HTML titles against item_1a text
2026-02-23 15:13:37,877 [src.preprocess] DEBUG: Extracted 73 HTML titles from data/10k_raw/J/10-K/0000052988-22-000111/primary-document.html
2026-02-23 15:13:37,878 [src.preprocess] DEBUG: Filtered 2 / 73 HTML titles against item_1a text
2026-02-23 15:13:37,994 [src.preprocess] DEBUG: Extracted 54 HTML titles from data/10k_raw/J/10-K/0000052988-23-000084/primary-document.html
2026-02-23 15:13:38,136 [src.preprocess] DEBUG: Extracted 56 HTML titles from data/10k_raw/J/10-K/0000052988-24-000065/primary-document.html
2026-02-23 15:13:38,330 [src.preprocess] DEBUG: Extracted 46 HTML titles from data/10k_raw/J/10-K/0001564590-16-029571/primary-document.html
2026-02-23 15:13:38,330 [src.preprocess] DEBUG: Filtered 2 / 46 HTML titles against item_1a text
2026-02-23 15:13:38,546 [src.preprocess] DEBUG: Extracted 55 HTML titles from data/10k_raw/J/10-K/0001564590-17-024192/primary-document.html
2026-02-23 15:13:38,547 [src.preprocess] DEBUG: Filtered 3 / 55 HTML titles against item_1a text
2026-02-23 15:13:38,609 [src.preprocess] DEBUG: Extracted 0 HTML titles from data/10k_raw/JBHT/10-K/0001437749-15-003305/primary-document.html
2026-02-23 15:13:38,664 [src.preprocess] DEBUG: Extracted 0 HTML titles from data/10k_raw/JBHT/10-K/0001437749-16-025879/primary-document.html
2026-02-23 15:13:38,718 [src.preprocess] DEBUG: Extracted 0 HTML titles from data/10k_raw/JBHT/10-K/0001437749-17-003083/primary-document.html
2026-02-23 15:13:38,758 [src.preprocess] DEBUG: Extracted 0 HTML titles from data/10k_raw/JBHT/10-K/0001437749-18-003239/primary-document.html
2026-02-23 15:13:38,798 [src.preprocess] DEBUG: Extracted 0 HTML titles from data/10k_raw/JBHT/10-K/0001437749-19-003134/primary-document.html
2026-02-23 15:13:38,847 [src.preprocess] DEBUG: Extracted 0 HTML titles from data/10k_raw/JBHT/10-K/0001437749-20-004119/primary-document.html
2026-02-23 15:13:38,895 [src.preprocess] DEBUG: Extracted 0 HTML titles from data/10k_raw/JBHT/10-K/0001437749-21-003667/primary-document.html
2026-02-23 15:13:38,965 [src.preprocess] DEBUG: Extracted 0 HTML titles from data/10k_raw/JBHT/10-K/0001437749-22-004457/primary-document.html
2026-02-23 15:13:39,009 [src.preprocess] DEBUG: Extracted 0 HTML titles from data/10k_raw/JBHT/10-K/0001437749-23-004530/primary-document.html
2026-02-23 15:13:39,056 [src.preprocess] DEBUG: Extracted 0 HTML titles from data/10k_raw/JBHT/10-K/0001437749-24-005368/primary-document.html
2026-02-23 15:13:39,124 [src.preprocess] DEBUG: Extracted 0 HTML titles from data/10k_raw/JBL/10-K/0001193125-15-345706/primary-document.html
2026-02-23 15:13:39,194 [src.preprocess] DEBUG: Extracted 0 HTML titles from data/10k_raw/JBL/10-K/0001193125-16-742815/primary-document.html
2026-02-23 15:13:39,255 [src.preprocess] DEBUG: Extracted 0 HTML titles from data/10k_raw/JBL/10-K/0001193125-17-313834/primary-document.html
2026-02-23 15:13:39,319 [src.preprocess] DEBUG: Extracted 0 HTML titles from data/10k_raw/JBL/10-K/0001193125-18-303041/primary-document.html
2026-02-23 15:13:39,385 [src.preprocess] DEBUG: Extracted 0 HTML titles from data/10k_raw/JBL/10-K/0001193125-19-271646/primary-document.html
2026-02-23 15:13:40,568 [src.preprocess] DEBUG: Extracted 371 HTML titles from data/10k_raw/JBL/10-K/0001193125-20-274411/primary-document.html
2026-02-23 15:13:40,586 [src.preprocess] DEBUG: Filtered 75 / 371 HTML titles against item_1a text
2026-02-23 15:13:41,506 [src.preprocess] DEBUG: Extracted 359 HTML titles from data/10k_raw/JBL/10-K/0001193125-21-305429/primary-document.html
2026-02-23 15:13:41,521 [src.preprocess] DEBUG: Filtered 89 / 359 HTML titles against item_1a text
2026-02-23 15:13:42,317 [src.preprocess] DEBUG: Extracted 346 HTML titles from data/10k_raw/JBL/10-K/0001193125-22-268383/primary-document.html
2026-02-23 15:13:42,330 [src.preprocess] DEBUG: Filtered 76 / 346 HTML titles against item_1a text
2026-02-23 15:13:43,101 [src.preprocess] DEBUG: Extracted 348 HTML titles from data/10k_raw/JBL/10-K/0001193125-23-259599/primary-document.html
2026-02-23 15:13:43,116 [src.preprocess] DEBUG: Filtered 80 / 348 HTML titles against item_1a text
2026-02-23 15:13:43,782 [src.preprocess] DEBUG: Extracted 379 HTML titles from data/10k_raw/JBL/10-K/0001628280-24-043960/primary-document.html
2026-02-23 15:13:43,799 [src.preprocess] DEBUG: Filtered 84 / 379 HTML titles against item_1a text
2026-02-23 15:13:45,932 [src.preprocess] DEBUG: Extracted 323 HTML titles from data/10k_raw/JCI/10-K/0000833444-15-000091/primary-document.html
2026-02-23 15:13:45,951 [src.preprocess] DEBUG: Filtered 43 / 323 HTML titles against item_1a text
2026-02-23 15:13:46,207 [src.preprocess] DEBUG: Extracted 63 HTML titles from data/10k_raw/JCI/10-K/0000833444-16-000216/primary-document.html
2026-02-23 15:13:46,364 [src.preprocess] DEBUG: Extracted 65 HTML titles from data/10k_raw/JCI/10-K/0000833444-17-000060/primary-document.html
2026-02-23 15:13:46,494 [src.preprocess] DEBUG: Extracted 62 HTML titles from data/10k_raw/JCI/10-K/0000833444-18-000053/primary-document.html
2026-02-23 15:13:46,669 [src.preprocess] DEBUG: Extracted 58 HTML titles from data/10k_raw/JCI/10-K/0000833444-19-000051/primary-document.html
2026-02-23 15:13:46,819 [src.preprocess] DEBUG: Extracted 58 HTML titles from data/10k_raw/JCI/10-K/0000833444-20-000048/primary-document.html
2026-02-23 15:13:46,820 [src.preprocess] DEBUG: Filtered 1 / 58 HTML titles against item_1a text
2026-02-23 15:13:46,966 [src.preprocess] DEBUG: Extracted 67 HTML titles from data/10k_raw/JCI/10-K/0000833444-21-000046/primary-document.html
2026-02-23 15:13:46,966 [src.preprocess] DEBUG: Filtered 1 / 67 HTML titles against item_1a text
2026-02-23 15:13:47,105 [src.preprocess] DEBUG: Extracted 64 HTML titles from data/10k_raw/JCI/10-K/0000833444-22-000043/primary-document.html
2026-02-23 15:13:47,106 [src.preprocess] DEBUG: Filtered 1 / 64 HTML titles against item_1a text
2026-02-23 15:13:47,243 [src.preprocess] DEBUG: Extracted 64 HTML titles from data/10k_raw/JCI/10-K/0000833444-23-000048/primary-document.html
2026-02-23 15:13:47,365 [src.preprocess] DEBUG: Extracted 65 HTML titles from data/10k_raw/JCI/10-K/0000833444-24-000064/primary-document.html
2026-02-23 15:13:47,444 [src.preprocess] DEBUG: Extracted 46 HTML titles from data/10k_raw/JKHY/10-K/0000779152-15-000056/primary-document.html
2026-02-23 15:13:47,445 [src.preprocess] DEBUG: Filtered 2 / 46 HTML titles against item_1a text
2026-02-23 15:13:47,521 [src.preprocess] DEBUG: Extracted 53 HTML titles from data/10k_raw/JKHY/10-K/0000779152-16-000142/primary-document.html
2026-02-23 15:13:47,522 [src.preprocess] DEBUG: Filtered 2 / 53 HTML titles against item_1a text
2026-02-23 15:13:47,599 [src.preprocess] DEBUG: Extracted 53 HTML titles from data/10k_raw/JKHY/10-K/0000779152-17-000040/primary-document.html
2026-02-23 15:13:47,599 [src.preprocess] DEBUG: Filtered 2 / 53 HTML titles against item_1a text
2026-02-23 15:13:47,676 [src.preprocess] DEBUG: Extracted 55 HTML titles from data/10k_raw/JKHY/10-K/0000779152-18-000060/primary-document.html
2026-02-23 15:13:47,676 [src.preprocess] DEBUG: Filtered 2 / 55 HTML titles against item_1a text
2026-02-23 15:13:47,782 [src.preprocess] DEBUG: Extracted 54 HTML titles from data/10k_raw/JKHY/10-K/0000779152-19-000048/primary-document.html
2026-02-23 15:13:47,782 [src.preprocess] DEBUG: Filtered 2 / 54 HTML titles against item_1a text
2026-02-23 15:13:47,865 [src.preprocess] DEBUG: Extracted 57 HTML titles from data/10k_raw/JKHY/10-K/0000779152-20-000064/primary-document.html
2026-02-23 15:13:47,866 [src.preprocess] DEBUG: Filtered 2 / 57 HTML titles against item_1a text
2026-02-23 15:13:47,932 [src.preprocess] DEBUG: Extracted 63 HTML titles from data/10k_raw/JKHY/10-K/0000779152-21-000073/primary-document.html
2026-02-23 15:13:47,932 [src.preprocess] DEBUG: Filtered 2 / 63 HTML titles against item_1a text
2026-02-23 15:13:47,999 [src.preprocess] DEBUG: Extracted 65 HTML titles from data/10k_raw/JKHY/10-K/0000779152-22-000076/primary-document.html
2026-02-23 15:13:47,999 [src.preprocess] DEBUG: Filtered 2 / 65 HTML titles against item_1a text
2026-02-23 15:13:48,055 [src.preprocess] DEBUG: Extracted 65 HTML titles from data/10k_raw/JKHY/10-K/0000779152-23-000062/primary-document.html
2026-02-23 15:13:48,055 [src.preprocess] DEBUG: Filtered 2 / 65 HTML titles against item_1a text
2026-02-23 15:13:48,109 [src.preprocess] DEBUG: Extracted 63 HTML titles from data/10k_raw/JKHY/10-K/0000779152-24-000079/primary-document.html
2026-02-23 15:13:48,110 [src.preprocess] DEBUG: Filtered 2 / 63 HTML titles against item_1a text
2026-02-23 15:13:48,123 [src.preprocess] DEBUG: Extracted 1 HTML titles from data/10k_raw/JNJ/10-K/0000200406-15-000004/primary-document.html
2026-02-23 15:13:48,209 [src.preprocess] DEBUG: Extracted 1 HTML titles from data/10k_raw/JNJ/10-K/0000200406-16-000071/primary-document.html
2026-02-23 15:13:48,313 [src.preprocess] DEBUG: Extracted 26 HTML titles from data/10k_raw/JNJ/10-K/0000200406-17-000006/primary-document.html
2026-02-23 15:13:48,422 [src.preprocess] DEBUG: Extracted 26 HTML titles from data/10k_raw/JNJ/10-K/0000200406-18-000005/primary-document.html
2026-02-23 15:13:48,553 [src.preprocess] DEBUG: Extracted 23 HTML titles from data/10k_raw/JNJ/10-K/0000200406-19-000009/primary-document.html
2026-02-23 15:13:48,736 [src.preprocess] DEBUG: Extracted 24 HTML titles from data/10k_raw/JNJ/10-K/0000200406-20-000010/primary-document.html
2026-02-23 15:13:48,895 [src.preprocess] DEBUG: Extracted 40 HTML titles from data/10k_raw/JNJ/10-K/0000200406-21-000008/primary-document.html
2026-02-23 15:13:48,895 [src.preprocess] DEBUG: Filtered 1 / 40 HTML titles against item_1a text
2026-02-23 15:13:49,080 [src.preprocess] DEBUG: Extracted 46 HTML titles from data/10k_raw/JNJ/10-K/0000200406-22-000022/primary-document.html
2026-02-23 15:13:49,080 [src.preprocess] DEBUG: Filtered 1 / 46 HTML titles against item_1a text
2026-02-23 15:13:49,238 [src.preprocess] DEBUG: Extracted 46 HTML titles from data/10k_raw/JNJ/10-K/0000200406-23-000016/primary-document.html
2026-02-23 15:13:49,238 [src.preprocess] DEBUG: Filtered 1 / 46 HTML titles against item_1a text
2026-02-23 15:13:49,352 [src.preprocess] DEBUG: Extracted 41 HTML titles from data/10k_raw/JNJ/10-K/0000200406-24-000013/primary-document.html
2026-02-23 15:13:49,352 [src.preprocess] DEBUG: Filtered 4 / 41 HTML titles against item_1a text
2026-02-23 15:13:49,776 [src.preprocess] DEBUG: Extracted 26 HTML titles from data/10k_raw/JPM/10-K/0000019617-15-000272/primary-document.html
2026-02-23 15:13:50,188 [src.preprocess] DEBUG: Extracted 24 HTML titles from data/10k_raw/JPM/10-K/0000019617-16-000902/primary-document.html
2026-02-23 15:13:50,596 [src.preprocess] DEBUG: Extracted 26 HTML titles from data/10k_raw/JPM/10-K/0000019617-17-000314/primary-document.html
2026-02-23 15:13:51,069 [src.preprocess] DEBUG: Extracted 54 HTML titles from data/10k_raw/JPM/10-K/0000019617-18-000057/primary-document.html
2026-02-23 15:13:51,734 [src.preprocess] DEBUG: Extracted 54 HTML titles from data/10k_raw/JPM/10-K/0000019617-19-000054/primary-document.html
2026-02-23 15:13:52,375 [src.preprocess] DEBUG: Extracted 48 HTML titles from data/10k_raw/JPM/10-K/0000019617-20-000257/primary-document.html
2026-02-23 15:13:52,896 [src.preprocess] DEBUG: Extracted 46 HTML titles from data/10k_raw/JPM/10-K/0000019617-21-000236/primary-document.html
2026-02-23 15:13:52,896 [src.preprocess] DEBUG: Filtered 1 / 46 HTML titles against item_1a text
2026-02-23 15:13:53,352 [src.preprocess] DEBUG: Extracted 43 HTML titles from data/10k_raw/JPM/10-K/0000019617-22-000272/primary-document.html
2026-02-23 15:13:53,809 [src.preprocess] DEBUG: Extracted 39 HTML titles from data/10k_raw/JPM/10-K/0000019617-23-000231/primary-document.html
2026-02-23 15:13:54,194 [src.preprocess] DEBUG: Extracted 38 HTML titles from data/10k_raw/JPM/10-K/0000019617-24-000225/primary-document.html
2026-02-23 15:13:54,301 [src.preprocess] DEBUG: Extracted 0 HTML titles from data/10k_raw/K/10-K/0001193125-15-062865/primary-document.html
2026-02-23 15:13:56,915 [src.preprocess] DEBUG: Extracted 257 HTML titles from data/10k_raw/K/10-K/0001628280-16-011639/primary-document.html
2026-02-23 15:13:56,927 [src.preprocess] DEBUG: Filtered 33 / 257 HTML titles against item_1a text
2026-02-23 15:13:59,809 [src.preprocess] DEBUG: Extracted 257 HTML titles from data/10k_raw/K/10-K/0001628280-17-001510/primary-document.html
2026-02-23 15:13:59,821 [src.preprocess] DEBUG: Filtered 22 / 257 HTML titles against item_1a text
2026-02-23 15:14:02,735 [src.preprocess] DEBUG: Extracted 276 HTML titles from data/10k_raw/K/10-K/0001628280-18-001872/primary-document.html
2026-02-23 15:14:02,748 [src.preprocess] DEBUG: Filtered 24 / 276 HTML titles against item_1a text
2026-02-23 15:14:05,259 [src.preprocess] DEBUG: Extracted 270 HTML titles from data/10k_raw/K/10-K/0001628280-19-001864/primary-document.html
2026-02-23 15:14:05,272 [src.preprocess] DEBUG: Filtered 21 / 270 HTML titles against item_1a text
2026-02-23 15:14:06,877 [src.preprocess] DEBUG: Extracted 259 HTML titles from data/10k_raw/K/10-K/0001628280-20-002113/primary-document.html
2026-02-23 15:14:06,889 [src.preprocess] DEBUG: Filtered 19 / 259 HTML titles against item_1a text
2026-02-23 15:14:08,001 [src.preprocess] DEBUG: Extracted 304 HTML titles from data/10k_raw/K/10-K/0001628280-21-002660/primary-document.html
2026-02-23 15:14:08,014 [src.preprocess] DEBUG: Filtered 43 / 304 HTML titles against item_1a text
2026-02-23 15:14:09,011 [src.preprocess] DEBUG: Extracted 280 HTML titles from data/10k_raw/K/10-K/0001628280-22-003345/primary-document.html
2026-02-23 15:14:09,022 [src.preprocess] DEBUG: Filtered 38 / 280 HTML titles against item_1a text
2026-02-23 15:14:09,913 [src.preprocess] DEBUG: Extracted 336 HTML titles from data/10k_raw/K/10-K/0001628280-23-004299/primary-document.html
2026-02-23 15:14:09,925 [src.preprocess] DEBUG: Filtered 35 / 336 HTML titles against item_1a text
2026-02-23 15:14:10,841 [src.preprocess] DEBUG: Extracted 335 HTML titles from data/10k_raw/K/10-K/0001628280-24-005583/primary-document.html
2026-02-23 15:14:10,855 [src.preprocess] DEBUG: Filtered 36 / 335 HTML titles against item_1a text
2026-02-23 15:14:11,018 [src.preprocess] DEBUG: Extracted 49 HTML titles from data/10k_raw/KDP/10-K/0001418135-15-000006/primary-document.html
2026-02-23 15:14:11,018 [src.preprocess] DEBUG: Filtered 1 / 49 HTML titles against item_1a text
2026-02-23 15:14:11,167 [src.preprocess] DEBUG: Extracted 48 HTML titles from data/10k_raw/KDP/10-K/0001418135-16-000050/primary-document.html
2026-02-23 15:14:11,168 [src.preprocess] DEBUG: Filtered 2 / 48 HTML titles against item_1a text
2026-02-23 15:14:11,316 [src.preprocess] DEBUG: Extracted 49 HTML titles from data/10k_raw/KDP/10-K/0001418135-17-000010/primary-document.html
2026-02-23 15:14:11,316 [src.preprocess] DEBUG: Filtered 1 / 49 HTML titles against item_1a text
2026-02-23 15:14:11,536 [src.preprocess] DEBUG: Extracted 61 HTML titles from data/10k_raw/KDP/10-K/0001418135-18-000006/primary-document.html
2026-02-23 15:14:11,536 [src.preprocess] DEBUG: Filtered 1 / 61 HTML titles against item_1a text
2026-02-23 15:14:11,680 [src.preprocess] DEBUG: Extracted 34 HTML titles from data/10k_raw/KDP/10-K/0001418135-19-000007/primary-document.html
2026-02-23 15:14:11,874 [src.preprocess] DEBUG: Extracted 68 HTML titles from data/10k_raw/KDP/10-K/0001418135-20-000007/primary-document.html
2026-02-23 15:14:11,874 [src.preprocess] DEBUG: Filtered 2 / 68 HTML titles against item_1a text
2026-02-23 15:14:12,008 [src.preprocess] DEBUG: Extracted 71 HTML titles from data/10k_raw/KDP/10-K/0001418135-21-000005/primary-document.html
2026-02-23 15:14:12,009 [src.preprocess] DEBUG: Filtered 2 / 71 HTML titles against item_1a text
2026-02-23 15:14:12,136 [src.preprocess] DEBUG: Extracted 76 HTML titles from data/10k_raw/KDP/10-K/0001418135-22-000005/primary-document.html
2026-02-23 15:14:12,137 [src.preprocess] DEBUG: Filtered 2 / 76 HTML titles against item_1a text
2026-02-23 15:14:12,268 [src.preprocess] DEBUG: Extracted 71 HTML titles from data/10k_raw/KDP/10-K/0001418135-23-000003/primary-document.html
2026-02-23 15:14:12,269 [src.preprocess] DEBUG: Filtered 2 / 71 HTML titles against item_1a text
2026-02-23 15:14:12,363 [src.preprocess] DEBUG: Extracted 68 HTML titles from data/10k_raw/KDP/10-K/0001418135-24-000007/primary-document.html
2026-02-23 15:14:12,364 [src.preprocess] DEBUG: Filtered 2 / 68 HTML titles against item_1a text
2026-02-23 15:14:21,135 [src.preprocess] DEBUG: Extracted 715 HTML titles from data/10k_raw/KEY/10-K/0000091576-17-000013/primary-document.html
2026-02-23 15:14:21,190 [src.preprocess] DEBUG: Filtered 83 / 715 HTML titles against item_1a text
2026-02-23 15:14:29,038 [src.preprocess] DEBUG: Extracted 666 HTML titles from data/10k_raw/KEY/10-K/0000091576-18-000011/primary-document.html
2026-02-23 15:14:29,088 [src.preprocess] DEBUG: Filtered 85 / 666 HTML titles against item_1a text
2026-02-23 15:14:32,553 [src.preprocess] DEBUG: Extracted 656 HTML titles from data/10k_raw/KEY/10-K/0000091576-19-000009/primary-document.html
2026-02-23 15:14:32,597 [src.preprocess] DEBUG: Filtered 79 / 656 HTML titles against item_1a text
2026-02-23 15:14:35,844 [src.preprocess] DEBUG: Extracted 555 HTML titles from data/10k_raw/KEY/10-K/0000091576-20-000007/primary-document.html
2026-02-23 15:14:35,871 [src.preprocess] DEBUG: Filtered 69 / 555 HTML titles against item_1a text
2026-02-23 15:14:37,622 [src.preprocess] DEBUG: Extracted 468 HTML titles from data/10k_raw/KEY/10-K/0000091576-21-000044/primary-document.html
2026-02-23 15:14:37,642 [src.preprocess] DEBUG: Filtered 52 / 468 HTML titles against item_1a text
2026-02-23 15:14:39,102 [src.preprocess] DEBUG: Extracted 444 HTML titles from data/10k_raw/KEY/10-K/0000091576-22-000029/primary-document.html
2026-02-23 15:14:39,120 [src.preprocess] DEBUG: Filtered 53 / 444 HTML titles against item_1a text
2026-02-23 15:14:40,579 [src.preprocess] DEBUG: Extracted 437 HTML titles from data/10k_raw/KEY/10-K/0000091576-23-000026/primary-document.html
2026-02-23 15:14:40,597 [src.preprocess] DEBUG: Filtered 53 / 437 HTML titles against item_1a text
2026-02-23 15:14:42,440 [src.preprocess] DEBUG: Extracted 636 HTML titles from data/10k_raw/KEY/10-K/0000091576-24-000040/primary-document.html
2026-02-23 15:14:42,489 [src.preprocess] DEBUG: Filtered 78 / 636 HTML titles against item_1a text
2026-02-23 15:14:42,727 [src.preprocess] DEBUG: Extracted 0 HTML titles from data/10k_raw/KEY/10-K/0001193125-15-072950/primary-document.html
2026-02-23 15:14:42,873 [src.preprocess] DEBUG: Extracted 0 HTML titles from data/10k_raw/KEY/10-K/0001193125-16-475914/primary-document.html
2026-02-23 15:14:44,172 [src.preprocess] DEBUG: Extracted 294 HTML titles from data/10k_raw/KEYS/10-K/0001601046-15-000044/primary-document.html
2026-02-23 15:14:44,185 [src.preprocess] DEBUG: Filtered 42 / 294 HTML titles against item_1a text
2026-02-23 15:14:45,538 [src.preprocess] DEBUG: Extracted 298 HTML titles from data/10k_raw/KEYS/10-K/0001601046-16-000077/primary-document.html
2026-02-23 15:14:45,552 [src.preprocess] DEBUG: Filtered 43 / 298 HTML titles against item_1a text
2026-02-23 15:14:46,971 [src.preprocess] DEBUG: Extracted 311 HTML titles from data/10k_raw/KEYS/10-K/0001601046-17-000033/primary-document.html
2026-02-23 15:14:46,985 [src.preprocess] DEBUG: Filtered 24 / 311 HTML titles against item_1a text
2026-02-23 15:14:48,352 [src.preprocess] DEBUG: Extracted 301 HTML titles from data/10k_raw/KEYS/10-K/0001601046-18-000030/primary-document.html
2026-02-23 15:14:48,366 [src.preprocess] DEBUG: Filtered 26 / 301 HTML titles against item_1a text
2026-02-23 15:14:49,626 [src.preprocess] DEBUG: Extracted 313 HTML titles from data/10k_raw/KEYS/10-K/0001601046-19-000110/primary-document.html
2026-02-23 15:14:49,640 [src.preprocess] DEBUG: Filtered 22 / 313 HTML titles against item_1a text
2026-02-23 15:14:50,836 [src.preprocess] DEBUG: Extracted 288 HTML titles from data/10k_raw/KEYS/10-K/0001601046-20-000154/primary-document.html
2026-02-23 15:14:50,849 [src.preprocess] DEBUG: Filtered 20 / 288 HTML titles against item_1a text
2026-02-23 15:14:51,562 [src.preprocess] DEBUG: Extracted 275 HTML titles from data/10k_raw/KEYS/10-K/0001601046-21-000197/primary-document.html
2026-02-23 15:14:51,574 [src.preprocess] DEBUG: Filtered 45 / 275 HTML titles against item_1a text
2026-02-23 15:14:52,276 [src.preprocess] DEBUG: Extracted 281 HTML titles from data/10k_raw/KEYS/10-K/0001601046-22-000161/primary-document.html
2026-02-23 15:14:52,288 [src.preprocess] DEBUG: Filtered 41 / 281 HTML titles against item_1a text
2026-02-23 15:14:52,975 [src.preprocess] DEBUG: Extracted 289 HTML titles from data/10k_raw/KEYS/10-K/0001601046-23-000134/primary-document.html
2026-02-23 15:14:52,989 [src.preprocess] DEBUG: Filtered 42 / 289 HTML titles against item_1a text
2026-02-23 15:14:53,685 [src.preprocess] DEBUG: Extracted 302 HTML titles from data/10k_raw/KEYS/10-K/0001601046-24-000159/primary-document.html
2026-02-23 15:14:53,700 [src.preprocess] DEBUG: Filtered 43 / 302 HTML titles against item_1a text
2026-02-23 15:14:53,988 [src.preprocess] DEBUG: Extracted 0 HTML titles from data/10k_raw/KIM/10-K/0001398432-15-000073/primary-document.html
2026-02-23 15:14:57,195 [src.preprocess] DEBUG: Extracted 0 HTML titles from data/10k_raw/KIM/10-K/0001437749-16-026173/primary-document.html
2026-02-23 15:14:59,405 [src.preprocess] DEBUG: Extracted 0 HTML titles from data/10k_raw/KIM/10-K/0001437749-17-003269/primary-document.html
2026-02-23 15:14:59,592 [src.preprocess] DEBUG: Extracted 0 HTML titles from data/10k_raw/KIM/10-K/0001437749-18-003230/primary-document.html
2026-02-23 15:14:59,898 [src.preprocess] DEBUG: Extracted 0 HTML titles from data/10k_raw/KIM/10-K/0001437749-19-002746/primary-document.html
2026-02-23 15:15:00,106 [src.preprocess] DEBUG: Extracted 0 HTML titles from data/10k_raw/KIM/10-K/0001437749-20-003500/primary-document.html
2026-02-23 15:15:00,345 [src.preprocess] DEBUG: Extracted 0 HTML titles from data/10k_raw/KIM/10-K/0001437749-21-003766/primary-document.html
2026-02-23 15:15:00,617 [src.preprocess] DEBUG: Extracted 0 HTML titles from data/10k_raw/KIM/10-K/0001437749-22-004700/primary-document.html
2026-02-23 15:15:00,895 [src.preprocess] DEBUG: Extracted 0 HTML titles from data/10k_raw/KIM/10-K/0001437749-23-004541/primary-document.html
2026-02-23 15:15:01,235 [src.preprocess] DEBUG: Extracted 0 HTML titles from data/10k_raw/KIM/10-K/0001437749-24-005407/primary-document.html
2026-02-23 15:15:01,427 [src.preprocess] DEBUG: Extracted 0 HTML titles from data/10k_raw/KKR/10-K/0001047469-15-001418/primary-document.html
2026-02-23 15:15:01,675 [src.preprocess] DEBUG: Extracted 55 HTML titles from data/10k_raw/KKR/10-K/0001404912-16-000009/primary-document.html
2026-02-23 15:15:01,676 [src.preprocess] DEBUG: Filtered 1 / 55 HTML titles against item_1a text
2026-02-23 15:15:01,982 [src.preprocess] DEBUG: Extracted 55 HTML titles from data/10k_raw/KKR/10-K/0001404912-17-000005/primary-document.html
2026-02-23 15:15:01,984 [src.preprocess] DEBUG: Filtered 1 / 55 HTML titles against item_1a text
2026-02-23 15:15:02,263 [src.preprocess] DEBUG: Extracted 54 HTML titles from data/10k_raw/KKR/10-K/0001404912-18-000005/primary-document.html
2026-02-23 15:15:02,265 [src.preprocess] DEBUG: Filtered 1 / 54 HTML titles against item_1a text
2026-02-23 15:15:02,552 [src.preprocess] DEBUG: Extracted 46 HTML titles from data/10k_raw/KKR/10-K/0001404912-19-000006/primary-document.html
2026-02-23 15:15:02,554 [src.preprocess] DEBUG: Filtered 2 / 46 HTML titles against item_1a text
2026-02-23 15:15:02,813 [src.preprocess] DEBUG: Extracted 46 HTML titles from data/10k_raw/KKR/10-K/0001404912-20-000006/primary-document.html
2026-02-23 15:15:02,815 [src.preprocess] DEBUG: Filtered 2 / 46 HTML titles against item_1a text
2026-02-23 15:15:03,071 [src.preprocess] DEBUG: Extracted 75 HTML titles from data/10k_raw/KKR/10-K/0001404912-21-000008/primary-document.html
2026-02-23 15:15:03,074 [src.preprocess] DEBUG: Filtered 1 / 75 HTML titles against item_1a text
2026-02-23 15:15:03,481 [src.preprocess] DEBUG: Extracted 74 HTML titles from data/10k_raw/KKR/10-K/0001404912-22-000004/primary-document.html
2026-02-23 15:15:03,484 [src.preprocess] DEBUG: Filtered 1 / 74 HTML titles against item_1a text
2026-02-23 15:15:03,906 [src.preprocess] DEBUG: Extracted 77 HTML titles from data/10k_raw/KKR/10-K/0001404912-23-000005/primary-document.html
2026-02-23 15:15:03,909 [src.preprocess] DEBUG: Filtered 1 / 77 HTML titles against item_1a text
2026-02-23 15:15:04,327 [src.preprocess] DEBUG: Extracted 55 HTML titles from data/10k_raw/KKR/10-K/0001404912-24-000005/primary-document.html
2026-02-23 15:15:04,441 [src.preprocess] DEBUG: Extracted 26 HTML titles from data/10k_raw/KLAC/10-K/0000319201-15-000053/primary-document.html
2026-02-23 15:15:04,577 [src.preprocess] DEBUG: Extracted 61 HTML titles from data/10k_raw/KLAC/10-K/0000319201-16-000090/primary-document.html
2026-02-23 15:15:04,578 [src.preprocess] DEBUG: Filtered 1 / 61 HTML titles against item_1a text
2026-02-23 15:15:04,675 [src.preprocess] DEBUG: Extracted 26 HTML titles from data/10k_raw/KLAC/10-K/0000319201-17-000034/primary-document.html
2026-02-23 15:15:04,772 [src.preprocess] DEBUG: Extracted 30 HTML titles from data/10k_raw/KLAC/10-K/0000319201-18-000045/primary-document.html
2026-02-23 15:15:04,880 [src.preprocess] DEBUG: Extracted 26 HTML titles from data/10k_raw/KLAC/10-K/0000319201-19-000031/primary-document.html
2026-02-23 15:15:05,035 [src.preprocess] DEBUG: Extracted 27 HTML titles from data/10k_raw/KLAC/10-K/0000319201-20-000047/primary-document.html
2026-02-23 15:15:05,163 [src.preprocess] DEBUG: Extracted 32 HTML titles from data/10k_raw/KLAC/10-K/0000319201-21-000029/primary-document.html
2026-02-23 15:15:05,311 [src.preprocess] DEBUG: Extracted 35 HTML titles from data/10k_raw/KLAC/10-K/0000319201-22-000023/primary-document.html
2026-02-23 15:15:05,436 [src.preprocess] DEBUG: Extracted 67 HTML titles from data/10k_raw/KLAC/10-K/0000319201-23-000031/primary-document.html
2026-02-23 15:15:05,566 [src.preprocess] DEBUG: Extracted 68 HTML titles from data/10k_raw/KLAC/10-K/0000319201-24-000021/primary-document.html
2026-02-23 15:15:06,397 [src.preprocess] DEBUG: Extracted 201 HTML titles from data/10k_raw/KMB/10-K/0000055785-15-000014/primary-document.html
2026-02-23 15:15:06,400 [src.preprocess] DEBUG: Filtered 34 / 201 HTML titles against item_1a text
2026-02-23 15:15:07,192 [src.preprocess] DEBUG: Extracted 190 HTML titles from data/10k_raw/KMB/10-K/0000055785-16-000138/primary-document.html
2026-02-23 15:15:07,194 [src.preprocess] DEBUG: Filtered 28 / 190 HTML titles against item_1a text
2026-02-23 15:15:07,944 [src.preprocess] DEBUG: Extracted 185 HTML titles from data/10k_raw/KMB/10-K/0000055785-17-000017/primary-document.html
2026-02-23 15:15:07,947 [src.preprocess] DEBUG: Filtered 27 / 185 HTML titles against item_1a text
2026-02-23 15:15:08,616 [src.preprocess] DEBUG: Extracted 184 HTML titles from data/10k_raw/KMB/10-K/0000055785-18-000014/primary-document.html
2026-02-23 15:15:08,618 [src.preprocess] DEBUG: Filtered 24 / 184 HTML titles against item_1a text
2026-02-23 15:15:09,295 [src.preprocess] DEBUG: Extracted 183 HTML titles from data/10k_raw/KMB/10-K/0000055785-19-000013/primary-document.html
2026-02-23 15:15:09,297 [src.preprocess] DEBUG: Filtered 26 / 183 HTML titles against item_1a text
2026-02-23 15:15:09,997 [src.preprocess] DEBUG: Extracted 186 HTML titles from data/10k_raw/KMB/10-K/0000055785-20-000016/primary-document.html
2026-02-23 15:15:09,999 [src.preprocess] DEBUG: Filtered 27 / 186 HTML titles against item_1a text
2026-02-23 15:15:10,510 [src.preprocess] DEBUG: Extracted 183 HTML titles from data/10k_raw/KMB/10-K/0000055785-21-000016/primary-document.html
2026-02-23 15:15:10,513 [src.preprocess] DEBUG: Filtered 55 / 183 HTML titles against item_1a text
2026-02-23 15:15:11,007 [src.preprocess] DEBUG: Extracted 190 HTML titles from data/10k_raw/KMB/10-K/0000055785-22-000010/primary-document.html
2026-02-23 15:15:11,010 [src.preprocess] DEBUG: Filtered 55 / 190 HTML titles against item_1a text
2026-02-23 15:15:11,576 [src.preprocess] DEBUG: Extracted 256 HTML titles from data/10k_raw/KMB/10-K/0000055785-23-000012/primary-document.html
2026-02-23 15:15:11,582 [src.preprocess] DEBUG: Filtered 66 / 256 HTML titles against item_1a text
2026-02-23 15:15:12,175 [src.preprocess] DEBUG: Extracted 269 HTML titles from data/10k_raw/KMB/10-K/0000055785-24-000018/primary-document.html
2026-02-23 15:15:12,182 [src.preprocess] DEBUG: Filtered 72 / 269 HTML titles against item_1a text
2026-02-23 15:15:12,486 [src.preprocess] DEBUG: Extracted 38 HTML titles from data/10k_raw/KMI/10-K/0001506307-15-000014/primary-document.html
2026-02-23 15:15:12,828 [src.preprocess] DEBUG: Extracted 42 HTML titles from data/10k_raw/KMI/10-K/0001506307-16-000072/primary-document.html
2026-02-23 15:15:13,125 [src.preprocess] DEBUG: Extracted 43 HTML titles from data/10k_raw/KMI/10-K/0001506307-17-000008/primary-document.html
2026-02-23 15:15:13,398 [src.preprocess] DEBUG: Extracted 44 HTML titles from data/10k_raw/KMI/10-K/0001506307-18-000010/primary-document.html
2026-02-23 15:15:13,684 [src.preprocess] DEBUG: Extracted 37 HTML titles from data/10k_raw/KMI/10-K/0001506307-19-000033/primary-document.html
2026-02-23 15:15:14,023 [src.preprocess] DEBUG: Extracted 44 HTML titles from data/10k_raw/KMI/10-K/0001506307-20-000022/primary-document.html
2026-02-23 15:15:14,238 [src.preprocess] DEBUG: Extracted 40 HTML titles from data/10k_raw/KMI/10-K/0001506307-21-000022/primary-document.html
2026-02-23 15:15:14,238 [src.preprocess] DEBUG: Filtered 5 / 40 HTML titles against item_1a text
2026-02-23 15:15:14,453 [src.preprocess] DEBUG: Extracted 43 HTML titles from data/10k_raw/KMI/10-K/0001506307-22-000018/primary-document.html
2026-02-23 15:15:14,454 [src.preprocess] DEBUG: Filtered 4 / 43 HTML titles against item_1a text
2026-02-23 15:15:14,720 [src.preprocess] DEBUG: Extracted 44 HTML titles from data/10k_raw/KMI/10-K/0001506307-23-000023/primary-document.html
2026-02-23 15:15:14,721 [src.preprocess] DEBUG: Filtered 5 / 44 HTML titles against item_1a text
2026-02-23 15:15:14,920 [src.preprocess] DEBUG: Extracted 44 HTML titles from data/10k_raw/KMI/10-K/0001506307-24-000011/primary-document.html
2026-02-23 15:15:14,921 [src.preprocess] DEBUG: Filtered 5 / 44 HTML titles against item_1a text
2026-02-23 15:15:15,040 [src.preprocess] DEBUG: Extracted 36 HTML titles from data/10k_raw/KO/10-K/0000021344-15-000005/primary-document.html
2026-02-23 15:15:15,041 [src.preprocess] DEBUG: Filtered 1 / 36 HTML titles against item_1a text
2026-02-23 15:15:15,163 [src.preprocess] DEBUG: Extracted 40 HTML titles from data/10k_raw/KO/10-K/0000021344-16-000050/primary-document.html
2026-02-23 15:15:15,285 [src.preprocess] DEBUG: Extracted 39 HTML titles from data/10k_raw/KO/10-K/0000021344-17-000009/primary-document.html
2026-02-23 15:15:15,413 [src.preprocess] DEBUG: Extracted 38 HTML titles from data/10k_raw/KO/10-K/0000021344-18-000008/primary-document.html
2026-02-23 15:15:15,541 [src.preprocess] DEBUG: Extracted 41 HTML titles from data/10k_raw/KO/10-K/0000021344-19-000014/primary-document.html
2026-02-23 15:15:15,723 [src.preprocess] DEBUG: Extracted 42 HTML titles from data/10k_raw/KO/10-K/0000021344-20-000006/primary-document.html
2026-02-23 15:15:15,873 [src.preprocess] DEBUG: Extracted 44 HTML titles from data/10k_raw/KO/10-K/0000021344-21-000008/primary-document.html
2026-02-23 15:15:16,024 [src.preprocess] DEBUG: Extracted 46 HTML titles from data/10k_raw/KO/10-K/0000021344-22-000009/primary-document.html
2026-02-23 15:15:16,172 [src.preprocess] DEBUG: Extracted 43 HTML titles from data/10k_raw/KO/10-K/0000021344-23-000011/primary-document.html
2026-02-23 15:15:16,292 [src.preprocess] DEBUG: Extracted 42 HTML titles from data/10k_raw/KO/10-K/0000021344-24-000009/primary-document.html
2026-02-23 15:15:16,382 [src.preprocess] DEBUG: Extracted 12 HTML titles from data/10k_raw/KR/10-K/0001104659-15-024557/primary-document.html
2026-02-23 15:15:16,467 [src.preprocess] DEBUG: Extracted 2 HTML titles from data/10k_raw/KR/10-K/0001104659-16-108277/primary-document.html
2026-02-23 15:15:16,608 [src.preprocess] DEBUG: Extracted 12 HTML titles from data/10k_raw/KR/10-K/0001558370-17-002198/primary-document.html
2026-02-23 15:15:16,761 [src.preprocess] DEBUG: Extracted 12 HTML titles from data/10k_raw/KR/10-K/0001558370-18-002753/primary-document.html
2026-02-23 15:15:16,913 [src.preprocess] DEBUG: Extracted 12 HTML titles from data/10k_raw/KR/10-K/0001558370-19-002756/primary-document.html
2026-02-23 15:15:17,061 [src.preprocess] DEBUG: Extracted 0 HTML titles from data/10k_raw/KR/10-K/0001558370-20-003501/primary-document.html
2026-02-23 15:15:17,212 [src.preprocess] DEBUG: Extracted 0 HTML titles from data/10k_raw/KR/10-K/0001558370-21-003706/primary-document.html
2026-02-23 15:15:17,352 [src.preprocess] DEBUG: Extracted 0 HTML titles from data/10k_raw/KR/10-K/0001558370-22-004595/primary-document.html
2026-02-23 15:15:17,489 [src.preprocess] DEBUG: Extracted 0 HTML titles from data/10k_raw/KR/10-K/0001558370-23-004767/primary-document.html
2026-02-23 15:15:17,647 [src.preprocess] DEBUG: Extracted 0 HTML titles from data/10k_raw/KR/10-K/0001558370-24-004603/primary-document.html
2026-02-23 15:15:17,907 [src.preprocess] DEBUG: Extracted 72 HTML titles from data/10k_raw/L/10-K/0000060086-22-000007/primary-document.html
2026-02-23 15:15:18,174 [src.preprocess] DEBUG: Extracted 75 HTML titles from data/10k_raw/L/10-K/0000060086-23-000025/primary-document.html
2026-02-23 15:15:18,439 [src.preprocess] DEBUG: Extracted 73 HTML titles from data/10k_raw/L/10-K/0000060086-24-000029/primary-document.html
2026-02-23 15:15:18,706 [src.preprocess] DEBUG: Extracted 54 HTML titles from data/10k_raw/L/10-K/0001140361-21-003906/primary-document.html
2026-02-23 15:15:18,707 [src.preprocess] DEBUG: Filtered 2 / 54 HTML titles against item_1a text
2026-02-23 15:15:18,817 [src.preprocess] DEBUG: Extracted 0 HTML titles from data/10k_raw/L/10-K/0001193125-15-058679/primary-document.html
2026-02-23 15:15:18,921 [src.preprocess] DEBUG: Extracted 0 HTML titles from data/10k_raw/L/10-K/0001193125-16-470141/primary-document.html
2026-02-23 15:15:19,074 [src.preprocess] DEBUG: Extracted 0 HTML titles from data/10k_raw/L/10-K/0001193125-17-046521/primary-document.html
2026-02-23 15:15:19,184 [src.preprocess] DEBUG: Extracted 0 HTML titles from data/10k_raw/L/10-K/0001193125-18-046681/primary-document.html
2026-02-23 15:15:19,296 [src.preprocess] DEBUG: Extracted 0 HTML titles from data/10k_raw/L/10-K/0001193125-19-037854/primary-document.html
2026-02-23 15:15:23,125 [src.preprocess] DEBUG: Extracted 441 HTML titles from data/10k_raw/L/10-K/0001193125-20-031657/primary-document.html
2026-02-23 15:15:23,148 [src.preprocess] DEBUG: Filtered 83 / 441 HTML titles against item_1a text
2026-02-23 15:15:23,707 [src.preprocess] DEBUG: Extracted 34 HTML titles from data/10k_raw/LEN/10-K/0001628280-15-000218/primary-document.html
2026-02-23 15:15:23,843 [src.preprocess] DEBUG: Extracted 34 HTML titles from data/10k_raw/LEN/10-K/0001628280-16-010323/primary-document.html
2026-02-23 15:15:24,023 [src.preprocess] DEBUG: Extracted 35 HTML titles from data/10k_raw/LEN/10-K/0001628280-17-000327/primary-document.html
2026-02-23 15:15:24,154 [src.preprocess] DEBUG: Extracted 42 HTML titles from data/10k_raw/LEN/10-K/0001628280-18-000562/primary-document.html
2026-02-23 15:15:24,154 [src.preprocess] DEBUG: Filtered 1 / 42 HTML titles against item_1a text
2026-02-23 15:15:24,329 [src.preprocess] DEBUG: Extracted 36 HTML titles from data/10k_raw/LEN/10-K/0001628280-19-000598/primary-document.html
2026-02-23 15:15:24,329 [src.preprocess] DEBUG: Filtered 1 / 36 HTML titles against item_1a text
2026-02-23 15:15:24,489 [src.preprocess] DEBUG: Extracted 38 HTML titles from data/10k_raw/LEN/10-K/0001628280-20-000559/primary-document.html
2026-02-23 15:15:24,489 [src.preprocess] DEBUG: Filtered 1 / 38 HTML titles against item_1a text
2026-02-23 15:15:24,598 [src.preprocess] DEBUG: Extracted 37 HTML titles from data/10k_raw/LEN/10-K/0001628280-21-000722/primary-document.html
2026-02-23 15:15:24,702 [src.preprocess] DEBUG: Extracted 41 HTML titles from data/10k_raw/LEN/10-K/0001628280-22-001450/primary-document.html
2026-02-23 15:15:24,702 [src.preprocess] DEBUG: Filtered 1 / 41 HTML titles against item_1a text
2026-02-23 15:15:24,807 [src.preprocess] DEBUG: Extracted 41 HTML titles from data/10k_raw/LEN/10-K/0001628280-23-001606/primary-document.html
2026-02-23 15:15:24,808 [src.preprocess] DEBUG: Filtered 1 / 41 HTML titles against item_1a text
2026-02-23 15:15:24,897 [src.preprocess] DEBUG: Extracted 45 HTML titles from data/10k_raw/LEN/10-K/0001628280-24-002371/primary-document.html
2026-02-23 15:15:24,897 [src.preprocess] DEBUG: Filtered 1 / 45 HTML titles against item_1a text
2026-02-23 15:15:24,992 [src.preprocess] DEBUG: Extracted 30 HTML titles from data/10k_raw/LH/10-K/0000920148-15-000020/primary-document.html
2026-02-23 15:15:24,993 [src.preprocess] DEBUG: Filtered 1 / 30 HTML titles against item_1a text
2026-02-23 15:15:25,129 [src.preprocess] DEBUG: Extracted 93 HTML titles from data/10k_raw/LH/10-K/0000920148-16-000162/primary-document.html
2026-02-23 15:15:25,131 [src.preprocess] DEBUG: Filtered 1 / 93 HTML titles against item_1a text
2026-02-23 15:15:25,263 [src.preprocess] DEBUG: Extracted 91 HTML titles from data/10k_raw/LH/10-K/0000920148-17-000018/primary-document.html
2026-02-23 15:15:25,404 [src.preprocess] DEBUG: Extracted 90 HTML titles from data/10k_raw/LH/10-K/0000920148-18-000024/primary-document.html
2026-02-23 15:15:25,406 [src.preprocess] DEBUG: Filtered 1 / 90 HTML titles against item_1a text
2026-02-23 15:15:25,777 [src.preprocess] DEBUG: Extracted 89 HTML titles from data/10k_raw/LH/10-K/0000920148-19-000033/primary-document.html
2026-02-23 15:15:25,779 [src.preprocess] DEBUG: Filtered 1 / 89 HTML titles against item_1a text
2026-02-23 15:15:25,949 [src.preprocess] DEBUG: Extracted 88 HTML titles from data/10k_raw/LH/10-K/0000920148-20-000011/primary-document.html
2026-02-23 15:15:25,951 [src.preprocess] DEBUG: Filtered 1 / 88 HTML titles against item_1a text
2026-02-23 15:15:26,129 [src.preprocess] DEBUG: Extracted 90 HTML titles from data/10k_raw/LH/10-K/0000920148-21-000018/primary-document.html
2026-02-23 15:15:26,130 [src.preprocess] DEBUG: Filtered 5 / 90 HTML titles against item_1a text
2026-02-23 15:15:26,342 [src.preprocess] DEBUG: Extracted 94 HTML titles from data/10k_raw/LH/10-K/0000920148-22-000015/primary-document.html
2026-02-23 15:15:26,344 [src.preprocess] DEBUG: Filtered 5 / 94 HTML titles against item_1a text
2026-02-23 15:15:26,521 [src.preprocess] DEBUG: Extracted 104 HTML titles from data/10k_raw/LH/10-K/0000920148-23-000017/primary-document.html
2026-02-23 15:15:26,523 [src.preprocess] DEBUG: Filtered 5 / 104 HTML titles against item_1a text
2026-02-23 15:15:26,679 [src.preprocess] DEBUG: Extracted 99 HTML titles from data/10k_raw/LH/10-K/0000920148-24-000014/primary-document.html
2026-02-23 15:15:26,681 [src.preprocess] DEBUG: Filtered 5 / 99 HTML titles against item_1a text
2026-02-23 15:15:26,819 [src.preprocess] DEBUG: Extracted 18 HTML titles from data/10k_raw/LII/10-K/0001069202-15-000003/primary-document.html
2026-02-23 15:15:26,917 [src.preprocess] DEBUG: Extracted 18 HTML titles from data/10k_raw/LII/10-K/0001069202-16-000014/primary-document.html
2026-02-23 15:15:27,014 [src.preprocess] DEBUG: Extracted 18 HTML titles from data/10k_raw/LII/10-K/0001069202-17-000003/primary-document.html
2026-02-23 15:15:27,109 [src.preprocess] DEBUG: Extracted 18 HTML titles from data/10k_raw/LII/10-K/0001069202-18-000004/primary-document.html
2026-02-23 15:15:27,200 [src.preprocess] DEBUG: Extracted 18 HTML titles from data/10k_raw/LII/10-K/0001069202-19-000008/primary-document.html
2026-02-23 15:15:27,320 [src.preprocess] DEBUG: Extracted 19 HTML titles from data/10k_raw/LII/10-K/0001069202-20-000004/primary-document.html
2026-02-23 15:15:27,413 [src.preprocess] DEBUG: Extracted 24 HTML titles from data/10k_raw/LII/10-K/0001069202-21-000007/primary-document.html
2026-02-23 15:15:27,500 [src.preprocess] DEBUG: Extracted 23 HTML titles from data/10k_raw/LII/10-K/0001628280-22-002664/primary-document.html
2026-02-23 15:15:27,585 [src.preprocess] DEBUG: Extracted 23 HTML titles from data/10k_raw/LII/10-K/0001628280-23-004257/primary-document.html
2026-02-23 15:15:27,653 [src.preprocess] DEBUG: Extracted 21 HTML titles from data/10k_raw/LII/10-K/0001628280-24-004446/primary-document.html
2026-02-23 15:15:29,208 [src.preprocess] DEBUG: Extracted 233 HTML titles from data/10k_raw/LKQ/10-K/0001065696-15-000007/primary-document.html
2026-02-23 15:15:29,217 [src.preprocess] DEBUG: Filtered 38 / 233 HTML titles against item_1a text
2026-02-23 15:15:30,918 [src.preprocess] DEBUG: Extracted 267 HTML titles from data/10k_raw/LKQ/10-K/0001065696-16-000076/primary-document.html
2026-02-23 15:15:30,932 [src.preprocess] DEBUG: Filtered 39 / 267 HTML titles against item_1a text
2026-02-23 15:15:32,723 [src.preprocess] DEBUG: Extracted 256 HTML titles from data/10k_raw/LKQ/10-K/0001065696-17-000005/primary-document.html
2026-02-23 15:15:32,736 [src.preprocess] DEBUG: Filtered 51 / 256 HTML titles against item_1a text
2026-02-23 15:15:34,686 [src.preprocess] DEBUG: Extracted 262 HTML titles from data/10k_raw/LKQ/10-K/0001065696-18-000004/primary-document.html
2026-02-23 15:15:34,701 [src.preprocess] DEBUG: Filtered 50 / 262 HTML titles against item_1a text
2026-02-23 15:15:37,006 [src.preprocess] DEBUG: Extracted 295 HTML titles from data/10k_raw/LKQ/10-K/0001065696-19-000010/primary-document.html
2026-02-23 15:15:37,024 [src.preprocess] DEBUG: Filtered 50 / 295 HTML titles against item_1a text
2026-02-23 15:15:38,833 [src.preprocess] DEBUG: Extracted 295 HTML titles from data/10k_raw/LKQ/10-K/0001065696-20-000008/primary-document.html
2026-02-23 15:15:38,851 [src.preprocess] DEBUG: Filtered 51 / 295 HTML titles against item_1a text
2026-02-23 15:15:39,717 [src.preprocess] DEBUG: Extracted 272 HTML titles from data/10k_raw/LKQ/10-K/0001065696-21-000010/primary-document.html
2026-02-23 15:15:39,732 [src.preprocess] DEBUG: Filtered 62 / 272 HTML titles against item_1a text
2026-02-23 15:15:39,852 [src.preprocess] DEBUG: Extracted 0 HTML titles from data/10k_raw/LKQ/10-K/0001065696-22-000006/primary-document.html
2026-02-23 15:15:39,970 [src.preprocess] DEBUG: Extracted 43 HTML titles from data/10k_raw/LKQ/10-K/0001065696-23-000008/primary-document.html
2026-02-23 15:15:39,970 [src.preprocess] DEBUG: Filtered 2 / 43 HTML titles against item_1a text
2026-02-23 15:15:40,071 [src.preprocess] DEBUG: Extracted 42 HTML titles from data/10k_raw/LKQ/10-K/0001065696-24-000009/primary-document.html
2026-02-23 15:15:40,072 [src.preprocess] DEBUG: Filtered 2 / 42 HTML titles against item_1a text
2026-02-23 15:15:40,162 [src.preprocess] DEBUG: Extracted 20 HTML titles from data/10k_raw/LLY/10-K/0000059478-15-000100/primary-document.html
2026-02-23 15:15:40,163 [src.preprocess] DEBUG: Filtered 1 / 20 HTML titles against item_1a text
2026-02-23 15:15:40,258 [src.preprocess] DEBUG: Extracted 19 HTML titles from data/10k_raw/LLY/10-K/0000059478-16-000321/primary-document.html
2026-02-23 15:15:40,258 [src.preprocess] DEBUG: Filtered 1 / 19 HTML titles against item_1a text
2026-02-23 15:15:40,403 [src.preprocess] DEBUG: Extracted 18 HTML titles from data/10k_raw/LLY/10-K/0000059478-17-000098/primary-document.html
2026-02-23 15:15:40,403 [src.preprocess] DEBUG: Filtered 1 / 18 HTML titles against item_1a text
2026-02-23 15:15:40,499 [src.preprocess] DEBUG: Extracted 18 HTML titles from data/10k_raw/LLY/10-K/0000059478-18-000089/primary-document.html
2026-02-23 15:15:40,499 [src.preprocess] DEBUG: Filtered 1 / 18 HTML titles against item_1a text
2026-02-23 15:15:40,596 [src.preprocess] DEBUG: Extracted 18 HTML titles from data/10k_raw/LLY/10-K/0000059478-19-000082/primary-document.html
2026-02-23 15:15:40,596 [src.preprocess] DEBUG: Filtered 1 / 18 HTML titles against item_1a text
2026-02-23 15:15:40,732 [src.preprocess] DEBUG: Extracted 15 HTML titles from data/10k_raw/LLY/10-K/0000059478-20-000057/primary-document.html
2026-02-23 15:15:40,863 [src.preprocess] DEBUG: Extracted 53 HTML titles from data/10k_raw/LLY/10-K/0000059478-21-000083/primary-document.html
2026-02-23 15:15:40,999 [src.preprocess] DEBUG: Extracted 51 HTML titles from data/10k_raw/LLY/10-K/0000059478-22-000068/primary-document.html
2026-02-23 15:15:41,131 [src.preprocess] DEBUG: Extracted 52 HTML titles from data/10k_raw/LLY/10-K/0000059478-23-000082/primary-document.html
2026-02-23 15:15:41,253 [src.preprocess] DEBUG: Extracted 52 HTML titles from data/10k_raw/LLY/10-K/0000059478-24-000065/primary-document.html
2026-02-23 15:15:42,466 [src.preprocess] DEBUG: Extracted 264 HTML titles from data/10k_raw/LMT/10-K/0000936468-18-000009/primary-document.html
2026-02-23 15:15:42,480 [src.preprocess] DEBUG: Filtered 21 / 264 HTML titles against item_1a text
2026-02-23 15:15:44,120 [src.preprocess] DEBUG: Extracted 260 HTML titles from data/10k_raw/LMT/10-K/0000936468-19-000009/primary-document.html
2026-02-23 15:15:44,134 [src.preprocess] DEBUG: Filtered 19 / 260 HTML titles against item_1a text
2026-02-23 15:15:45,258 [src.preprocess] DEBUG: Extracted 245 HTML titles from data/10k_raw/LMT/10-K/0000936468-20-000016/primary-document.html
2026-02-23 15:15:45,271 [src.preprocess] DEBUG: Filtered 16 / 245 HTML titles against item_1a text
2026-02-23 15:15:46,031 [src.preprocess] DEBUG: Extracted 260 HTML titles from data/10k_raw/LMT/10-K/0000936468-21-000013/primary-document.html
2026-02-23 15:15:46,046 [src.preprocess] DEBUG: Filtered 43 / 260 HTML titles against item_1a text
2026-02-23 15:15:46,731 [src.preprocess] DEBUG: Extracted 264 HTML titles from data/10k_raw/LMT/10-K/0000936468-22-000008/primary-document.html
2026-02-23 15:15:46,747 [src.preprocess] DEBUG: Filtered 40 / 264 HTML titles against item_1a text
2026-02-23 15:15:47,464 [src.preprocess] DEBUG: Extracted 264 HTML titles from data/10k_raw/LMT/10-K/0000936468-23-000009/primary-document.html
2026-02-23 15:15:47,479 [src.preprocess] DEBUG: Filtered 39 / 264 HTML titles against item_1a text
2026-02-23 15:15:48,129 [src.preprocess] DEBUG: Extracted 262 HTML titles from data/10k_raw/LMT/10-K/0000936468-24-000010/primary-document.html
2026-02-23 15:15:48,143 [src.preprocess] DEBUG: Filtered 40 / 262 HTML titles against item_1a text
2026-02-23 15:15:48,208 [src.preprocess] DEBUG: Extracted 0 HTML titles from data/10k_raw/LMT/10-K/0001193125-15-038681/primary-document.html
2026-02-23 15:15:48,255 [src.preprocess] DEBUG: Extracted 0 HTML titles from data/10k_raw/LMT/10-K/0001193125-16-476010/primary-document.html
2026-02-23 15:15:48,306 [src.preprocess] DEBUG: Extracted 0 HTML titles from data/10k_raw/LMT/10-K/0001193125-17-036192/primary-document.html
2026-02-23 15:15:48,956 [src.preprocess] DEBUG: Extracted 93 HTML titles from data/10k_raw/LNT/10-K/0000352541-15-000005/primary-document.html
2026-02-23 15:15:49,572 [src.preprocess] DEBUG: Extracted 102 HTML titles from data/10k_raw/LNT/10-K/0000352541-16-000076/primary-document.html
2026-02-23 15:15:49,982 [src.preprocess] DEBUG: Extracted 91 HTML titles from data/10k_raw/LNT/10-K/0000352541-17-000017/primary-document.html
2026-02-23 15:15:50,322 [src.preprocess] DEBUG: Extracted 84 HTML titles from data/10k_raw/LNT/10-K/0000352541-18-000019/primary-document.html
2026-02-23 15:15:50,611 [src.preprocess] DEBUG: Extracted 76 HTML titles from data/10k_raw/LNT/10-K/0000352541-19-000013/primary-document.html
2026-02-23 15:15:50,992 [src.preprocess] DEBUG: Extracted 78 HTML titles from data/10k_raw/LNT/10-K/0000352541-20-000021/primary-document.html
2026-02-23 15:15:51,285 [src.preprocess] DEBUG: Extracted 83 HTML titles from data/10k_raw/LNT/10-K/0000352541-21-000022/primary-document.html
2026-02-23 15:15:51,543 [src.preprocess] DEBUG: Extracted 83 HTML titles from data/10k_raw/LNT/10-K/0000352541-22-000020/primary-document.html
2026-02-23 15:15:51,803 [src.preprocess] DEBUG: Extracted 89 HTML titles from data/10k_raw/LNT/10-K/0000352541-23-000017/primary-document.html
2026-02-23 15:15:52,068 [src.preprocess] DEBUG: Extracted 89 HTML titles from data/10k_raw/LNT/10-K/0000352541-24-000014/primary-document.html
2026-02-23 15:15:52,147 [src.preprocess] DEBUG: Extracted 11 HTML titles from data/10k_raw/LOW/10-K/0000060667-15-000057/primary-document.html
2026-02-23 15:15:52,222 [src.preprocess] DEBUG: Extracted 11 HTML titles from data/10k_raw/LOW/10-K/0000060667-16-000276/primary-document.html
2026-02-23 15:15:52,302 [src.preprocess] DEBUG: Extracted 10 HTML titles from data/10k_raw/LOW/10-K/0000060667-17-000076/primary-document.html
2026-02-23 15:15:52,384 [src.preprocess] DEBUG: Extracted 10 HTML titles from data/10k_raw/LOW/10-K/0000060667-18-000051/primary-document.html
2026-02-23 15:15:52,476 [src.preprocess] DEBUG: Extracted 10 HTML titles from data/10k_raw/LOW/10-K/0000060667-19-000042/primary-document.html
2026-02-23 15:15:52,584 [src.preprocess] DEBUG: Extracted 16 HTML titles from data/10k_raw/LOW/10-K/0000060667-20-000036/primary-document.html
2026-02-23 15:15:52,681 [src.preprocess] DEBUG: Extracted 23 HTML titles from data/10k_raw/LOW/10-K/0000060667-21-000026/primary-document.html
2026-02-23 15:15:52,815 [src.preprocess] DEBUG: Extracted 26 HTML titles from data/10k_raw/LOW/10-K/0000060667-22-000038/primary-document.html
2026-02-23 15:15:52,906 [src.preprocess] DEBUG: Extracted 29 HTML titles from data/10k_raw/LOW/10-K/0000060667-23-000034/primary-document.html
2026-02-23 15:15:52,991 [src.preprocess] DEBUG: Extracted 29 HTML titles from data/10k_raw/LOW/10-K/0000060667-24-000033/primary-document.html
2026-02-23 15:15:54,315 [src.preprocess] DEBUG: Extracted 255 HTML titles from data/10k_raw/LRCX/10-K/0000707549-16-000050/primary-document.html
2026-02-23 15:15:54,326 [src.preprocess] DEBUG: Filtered 57 / 255 HTML titles against item_1a text
2026-02-23 15:15:55,688 [src.preprocess] DEBUG: Extracted 228 HTML titles from data/10k_raw/LRCX/10-K/0000707549-17-000100/primary-document.html
2026-02-23 15:15:55,698 [src.preprocess] DEBUG: Filtered 56 / 228 HTML titles against item_1a text
2026-02-23 15:15:57,042 [src.preprocess] DEBUG: Extracted 238 HTML titles from data/10k_raw/LRCX/10-K/0000707549-18-000115/primary-document.html
2026-02-23 15:15:57,053 [src.preprocess] DEBUG: Filtered 49 / 238 HTML titles against item_1a text
2026-02-23 15:15:58,129 [src.preprocess] DEBUG: Extracted 238 HTML titles from data/10k_raw/LRCX/10-K/0000707549-19-000124/primary-document.html
2026-02-23 15:15:58,140 [src.preprocess] DEBUG: Filtered 66 / 238 HTML titles against item_1a text
2026-02-23 15:15:59,194 [src.preprocess] DEBUG: Extracted 221 HTML titles from data/10k_raw/LRCX/10-K/0000707549-20-000138/primary-document.html
2026-02-23 15:15:59,204 [src.preprocess] DEBUG: Filtered 61 / 221 HTML titles against item_1a text
2026-02-23 15:15:59,784 [src.preprocess] DEBUG: Extracted 192 HTML titles from data/10k_raw/LRCX/10-K/0000707549-21-000136/primary-document.html
2026-02-23 15:15:59,791 [src.preprocess] DEBUG: Filtered 61 / 192 HTML titles against item_1a text
2026-02-23 15:16:00,323 [src.preprocess] DEBUG: Extracted 253 HTML titles from data/10k_raw/LRCX/10-K/0000707549-22-000107/primary-document.html
2026-02-23 15:16:00,332 [src.preprocess] DEBUG: Filtered 54 / 253 HTML titles against item_1a text
2026-02-23 15:16:00,830 [src.preprocess] DEBUG: Extracted 259 HTML titles from data/10k_raw/LRCX/10-K/0000707549-23-000102/primary-document.html
2026-02-23 15:16:00,840 [src.preprocess] DEBUG: Filtered 47 / 259 HTML titles against item_1a text
2026-02-23 15:16:01,286 [src.preprocess] DEBUG: Extracted 234 HTML titles from data/10k_raw/LRCX/10-K/0000707549-24-000106/primary-document.html
2026-02-23 15:16:01,294 [src.preprocess] DEBUG: Filtered 27 / 234 HTML titles against item_1a text
2026-02-23 15:16:01,380 [src.preprocess] DEBUG: Extracted 0 HTML titles from data/10k_raw/LRCX/10-K/0001193125-15-290023/primary-document.html
2026-02-23 15:16:02,171 [src.preprocess] DEBUG: Extracted 145 HTML titles from data/10k_raw/LULU/10-K/0001397187-15-000016/primary-document.html
2026-02-23 15:16:02,173 [src.preprocess] DEBUG: Filtered 19 / 145 HTML titles against item_1a text
2026-02-23 15:16:02,879 [src.preprocess] DEBUG: Extracted 147 HTML titles from data/10k_raw/LULU/10-K/0001397187-16-000089/primary-document.html
2026-02-23 15:16:02,881 [src.preprocess] DEBUG: Filtered 19 / 147 HTML titles against item_1a text
2026-02-23 15:16:03,631 [src.preprocess] DEBUG: Extracted 143 HTML titles from data/10k_raw/LULU/10-K/0001397187-17-000008/primary-document.html
2026-02-23 15:16:03,633 [src.preprocess] DEBUG: Filtered 20 / 143 HTML titles against item_1a text
2026-02-23 15:16:04,435 [src.preprocess] DEBUG: Extracted 161 HTML titles from data/10k_raw/LULU/10-K/0001397187-18-000013/primary-document.html
2026-02-23 15:16:04,438 [src.preprocess] DEBUG: Filtered 20 / 161 HTML titles against item_1a text
2026-02-23 15:16:05,340 [src.preprocess] DEBUG: Extracted 164 HTML titles from data/10k_raw/LULU/10-K/0001397187-19-000011/primary-document.html
2026-02-23 15:16:05,343 [src.preprocess] DEBUG: Filtered 19 / 164 HTML titles against item_1a text
2026-02-23 15:16:06,137 [src.preprocess] DEBUG: Extracted 164 HTML titles from data/10k_raw/LULU/10-K/0001397187-20-000012/primary-document.html
2026-02-23 15:16:06,140 [src.preprocess] DEBUG: Filtered 41 / 164 HTML titles against item_1a text
2026-02-23 15:16:06,635 [src.preprocess] DEBUG: Extracted 171 HTML titles from data/10k_raw/LULU/10-K/0001397187-21-000009/primary-document.html
2026-02-23 15:16:06,639 [src.preprocess] DEBUG: Filtered 51 / 171 HTML titles against item_1a text
2026-02-23 15:16:07,090 [src.preprocess] DEBUG: Extracted 165 HTML titles from data/10k_raw/LULU/10-K/0001397187-22-000014/primary-document.html
2026-02-23 15:16:07,093 [src.preprocess] DEBUG: Filtered 51 / 165 HTML titles against item_1a text
2026-02-23 15:16:07,511 [src.preprocess] DEBUG: Extracted 161 HTML titles from data/10k_raw/LULU/10-K/0001397187-23-000012/primary-document.html
2026-02-23 15:16:07,514 [src.preprocess] DEBUG: Filtered 39 / 161 HTML titles against item_1a text
2026-02-23 15:16:08,059 [src.preprocess] DEBUG: Extracted 221 HTML titles from data/10k_raw/LULU/10-K/0001397187-24-000010/primary-document.html
2026-02-23 15:16:08,065 [src.preprocess] DEBUG: Filtered 50 / 221 HTML titles against item_1a text
2026-02-23 15:16:08,240 [src.preprocess] DEBUG: Extracted 53 HTML titles from data/10k_raw/LUV/10-K/0000092380-15-000027/primary-document.html
2026-02-23 15:16:08,241 [src.preprocess] DEBUG: Filtered 1 / 53 HTML titles against item_1a text
2026-02-23 15:16:08,399 [src.preprocess] DEBUG: Extracted 41 HTML titles from data/10k_raw/LUV/10-K/0000092380-16-000175/primary-document.html
2026-02-23 15:16:08,399 [src.preprocess] DEBUG: Filtered 2 / 41 HTML titles against item_1a text
2026-02-23 15:16:08,556 [src.preprocess] DEBUG: Extracted 41 HTML titles from data/10k_raw/LUV/10-K/0000092380-17-000029/primary-document.html
2026-02-23 15:16:08,557 [src.preprocess] DEBUG: Filtered 2 / 41 HTML titles against item_1a text
2026-02-23 15:16:08,767 [src.preprocess] DEBUG: Extracted 40 HTML titles from data/10k_raw/LUV/10-K/0000092380-18-000031/primary-document.html
2026-02-23 15:16:08,768 [src.preprocess] DEBUG: Filtered 2 / 40 HTML titles against item_1a text
2026-02-23 15:16:08,926 [src.preprocess] DEBUG: Extracted 42 HTML titles from data/10k_raw/LUV/10-K/0000092380-19-000022/primary-document.html
2026-02-23 15:16:08,926 [src.preprocess] DEBUG: Filtered 2 / 42 HTML titles against item_1a text
2026-02-23 15:16:09,106 [src.preprocess] DEBUG: Extracted 46 HTML titles from data/10k_raw/LUV/10-K/0000092380-20-000024/primary-document.html
2026-02-23 15:16:09,106 [src.preprocess] DEBUG: Filtered 2 / 46 HTML titles against item_1a text
2026-02-23 15:16:09,319 [src.preprocess] DEBUG: Extracted 59 HTML titles from data/10k_raw/LUV/10-K/0000092380-21-000033/primary-document.html
2026-02-23 15:16:09,320 [src.preprocess] DEBUG: Filtered 4 / 59 HTML titles against item_1a text
2026-02-23 15:16:09,499 [src.preprocess] DEBUG: Extracted 58 HTML titles from data/10k_raw/LUV/10-K/0000092380-22-000007/primary-document.html
2026-02-23 15:16:09,500 [src.preprocess] DEBUG: Filtered 4 / 58 HTML titles against item_1a text
2026-02-23 15:16:09,687 [src.preprocess] DEBUG: Extracted 58 HTML titles from data/10k_raw/LUV/10-K/0000092380-23-000010/primary-document.html
2026-02-23 15:16:09,688 [src.preprocess] DEBUG: Filtered 4 / 58 HTML titles against item_1a text
2026-02-23 15:16:09,853 [src.preprocess] DEBUG: Extracted 59 HTML titles from data/10k_raw/LUV/10-K/0000092380-24-000027/primary-document.html
2026-02-23 15:16:09,855 [src.preprocess] DEBUG: Filtered 3 / 59 HTML titles against item_1a text
2026-02-23 15:16:12,549 [src.preprocess] DEBUG: Extracted 310 HTML titles from data/10k_raw/LVS/10-K/0001300514-15-000005/primary-document.html
2026-02-23 15:16:12,566 [src.preprocess] DEBUG: Filtered 34 / 310 HTML titles against item_1a text
2026-02-23 15:16:15,301 [src.preprocess] DEBUG: Extracted 316 HTML titles from data/10k_raw/LVS/10-K/0001300514-16-000023/primary-document.html
2026-02-23 15:16:15,320 [src.preprocess] DEBUG: Filtered 32 / 316 HTML titles against item_1a text
2026-02-23 15:16:17,102 [src.preprocess] DEBUG: Extracted 295 HTML titles from data/10k_raw/LVS/10-K/0001300514-17-000005/primary-document.html
2026-02-23 15:16:17,117 [src.preprocess] DEBUG: Filtered 23 / 295 HTML titles against item_1a text
2026-02-23 15:16:18,769 [src.preprocess] DEBUG: Extracted 302 HTML titles from data/10k_raw/LVS/10-K/0001300514-18-000022/primary-document.html
2026-02-23 15:16:18,783 [src.preprocess] DEBUG: Filtered 27 / 302 HTML titles against item_1a text
2026-02-23 15:16:20,418 [src.preprocess] DEBUG: Extracted 305 HTML titles from data/10k_raw/LVS/10-K/0001300514-19-000021/primary-document.html
2026-02-23 15:16:20,433 [src.preprocess] DEBUG: Filtered 21 / 305 HTML titles against item_1a text
2026-02-23 15:16:21,545 [src.preprocess] DEBUG: Extracted 307 HTML titles from data/10k_raw/LVS/10-K/0001300514-20-000011/primary-document.html
2026-02-23 15:16:21,559 [src.preprocess] DEBUG: Filtered 31 / 307 HTML titles against item_1a text
2026-02-23 15:16:22,352 [src.preprocess] DEBUG: Extracted 326 HTML titles from data/10k_raw/LVS/10-K/0001300514-21-000033/primary-document.html
2026-02-23 15:16:22,368 [src.preprocess] DEBUG: Filtered 38 / 326 HTML titles against item_1a text
2026-02-23 15:16:23,155 [src.preprocess] DEBUG: Extracted 306 HTML titles from data/10k_raw/LVS/10-K/0001300514-22-000007/primary-document.html
2026-02-23 15:16:23,170 [src.preprocess] DEBUG: Filtered 38 / 306 HTML titles against item_1a text
2026-02-23 15:16:23,965 [src.preprocess] DEBUG: Extracted 314 HTML titles from data/10k_raw/LVS/10-K/0001300514-23-000021/primary-document.html
2026-02-23 15:16:23,979 [src.preprocess] DEBUG: Filtered 39 / 314 HTML titles against item_1a text
2026-02-23 15:16:24,721 [src.preprocess] DEBUG: Extracted 323 HTML titles from data/10k_raw/LVS/10-K/0001300514-24-000048/primary-document.html
2026-02-23 15:16:24,736 [src.preprocess] DEBUG: Filtered 43 / 323 HTML titles against item_1a text
2026-02-23 15:16:24,809 [src.preprocess] INFO: Processed 2500 / 4420 files (471453 paragraphs so far)
2026-02-23 15:16:24,918 [src.preprocess] DEBUG: Extracted 0 HTML titles from data/10k_raw/LYB/10-K/0000950123-15-003039/primary-document.html
2026-02-23 15:16:25,034 [src.preprocess] DEBUG: Extracted 0 HTML titles from data/10k_raw/LYB/10-K/0001193125-16-465311/primary-document.html
2026-02-23 15:16:25,141 [src.preprocess] DEBUG: Extracted 0 HTML titles from data/10k_raw/LYB/10-K/0001193125-17-047661/primary-document.html
2026-02-23 15:16:25,246 [src.preprocess] DEBUG: Extracted 0 HTML titles from data/10k_raw/LYB/10-K/0001193125-18-054181/primary-document.html
2026-02-23 15:16:27,434 [src.preprocess] DEBUG: Extracted 325 HTML titles from data/10k_raw/LYB/10-K/0001489393-19-000011/primary-document.html
2026-02-23 15:16:27,450 [src.preprocess] DEBUG: Filtered 32 / 325 HTML titles against item_1a text
2026-02-23 15:16:27,665 [src.preprocess] DEBUG: Extracted 28 HTML titles from data/10k_raw/LYB/10-K/0001489393-20-000009/primary-document.html
2026-02-23 15:16:27,665 [src.preprocess] DEBUG: Filtered 1 / 28 HTML titles against item_1a text
2026-02-23 15:16:27,925 [src.preprocess] DEBUG: Extracted 35 HTML titles from data/10k_raw/LYB/10-K/0001489393-21-000007/primary-document.html
2026-02-23 15:16:27,925 [src.preprocess] DEBUG: Filtered 1 / 35 HTML titles against item_1a text
2026-02-23 15:16:28,084 [src.preprocess] DEBUG: Extracted 38 HTML titles from data/10k_raw/LYB/10-K/0001489393-22-000009/primary-document.html
2026-02-23 15:16:28,085 [src.preprocess] DEBUG: Filtered 1 / 38 HTML titles against item_1a text
2026-02-23 15:16:28,244 [src.preprocess] DEBUG: Extracted 39 HTML titles from data/10k_raw/LYB/10-K/0001489393-23-000006/primary-document.html
2026-02-23 15:16:28,244 [src.preprocess] DEBUG: Filtered 2 / 39 HTML titles against item_1a text
2026-02-23 15:16:28,374 [src.preprocess] DEBUG: Extracted 38 HTML titles from data/10k_raw/LYB/10-K/0001489393-24-000012/primary-document.html
2026-02-23 15:16:28,374 [src.preprocess] DEBUG: Filtered 2 / 38 HTML titles against item_1a text
2026-02-23 15:16:28,468 [src.preprocess] DEBUG: Extracted 0 HTML titles from data/10k_raw/LYV/10-K/0001335258-15-000026/primary-document.html
2026-02-23 15:16:28,556 [src.preprocess] DEBUG: Extracted 0 HTML titles from data/10k_raw/LYV/10-K/0001335258-16-000167/primary-document.html
2026-02-23 15:16:28,641 [src.preprocess] DEBUG: Extracted 0 HTML titles from data/10k_raw/LYV/10-K/0001335258-17-000031/primary-document.html
2026-02-23 15:16:28,725 [src.preprocess] DEBUG: Extracted 0 HTML titles from data/10k_raw/LYV/10-K/0001335258-18-000023/primary-document.html
2026-02-23 15:16:28,809 [src.preprocess] DEBUG: Extracted 0 HTML titles from data/10k_raw/LYV/10-K/0001335258-19-000024/primary-document.html
2026-02-23 15:16:28,941 [src.preprocess] DEBUG: Extracted 0 HTML titles from data/10k_raw/LYV/10-K/0001335258-20-000028/primary-document.html
2026-02-23 15:16:29,042 [src.preprocess] DEBUG: Extracted 0 HTML titles from data/10k_raw/LYV/10-K/0001335258-21-000009/primary-document.html
2026-02-23 15:16:29,145 [src.preprocess] DEBUG: Extracted 0 HTML titles from data/10k_raw/LYV/10-K/0001335258-22-000019/primary-document.html
2026-02-23 15:16:29,240 [src.preprocess] DEBUG: Extracted 0 HTML titles from data/10k_raw/LYV/10-K/0001335258-23-000014/primary-document.html
2026-02-23 15:16:29,316 [src.preprocess] DEBUG: Extracted 0 HTML titles from data/10k_raw/LYV/10-K/0001335258-24-000017/primary-document.html
2026-02-23 15:16:29,424 [src.preprocess] DEBUG: Extracted 40 HTML titles from data/10k_raw/MA/10-K/0001141391-15-000011/primary-document.html
2026-02-23 15:16:29,424 [src.preprocess] DEBUG: Filtered 1 / 40 HTML titles against item_1a text
2026-02-23 15:16:29,538 [src.preprocess] DEBUG: Extracted 103 HTML titles from data/10k_raw/MA/10-K/0001141391-16-000085/primary-document.html
2026-02-23 15:16:29,539 [src.preprocess] DEBUG: Filtered 2 / 103 HTML titles against item_1a text
2026-02-23 15:16:29,689 [src.preprocess] DEBUG: Extracted 107 HTML titles from data/10k_raw/MA/10-K/0001141391-17-000014/primary-document.html
2026-02-23 15:16:29,690 [src.preprocess] DEBUG: Filtered 2 / 107 HTML titles against item_1a text
2026-02-23 15:16:29,832 [src.preprocess] DEBUG: Extracted 114 HTML titles from data/10k_raw/MA/10-K/0001141391-18-000009/primary-document.html
2026-02-23 15:16:29,833 [src.preprocess] DEBUG: Filtered 2 / 114 HTML titles against item_1a text
2026-02-23 15:16:29,957 [src.preprocess] DEBUG: Extracted 68 HTML titles from data/10k_raw/MA/10-K/0001141391-19-000013/primary-document.html
2026-02-23 15:16:29,958 [src.preprocess] DEBUG: Filtered 2 / 68 HTML titles against item_1a text
2026-02-23 15:16:30,122 [src.preprocess] DEBUG: Extracted 60 HTML titles from data/10k_raw/MA/10-K/0001141391-20-000032/primary-document.html
2026-02-23 15:16:30,245 [src.preprocess] DEBUG: Extracted 57 HTML titles from data/10k_raw/MA/10-K/0001141391-21-000018/primary-document.html
2026-02-23 15:16:30,372 [src.preprocess] DEBUG: Extracted 60 HTML titles from data/10k_raw/MA/10-K/0001141391-22-000023/primary-document.html
2026-02-23 15:16:30,528 [src.preprocess] DEBUG: Extracted 65 HTML titles from data/10k_raw/MA/10-K/0001141391-23-000020/primary-document.html
2026-02-23 15:16:30,638 [src.preprocess] DEBUG: Extracted 63 HTML titles from data/10k_raw/MA/10-K/0001141391-24-000022/primary-document.html
2026-02-23 15:16:30,902 [src.preprocess] DEBUG: Extracted 39 HTML titles from data/10k_raw/MAA/10-K/0000912595-15-000007/primary-document.html
2026-02-23 15:16:31,193 [src.preprocess] DEBUG: Extracted 82 HTML titles from data/10k_raw/MAA/10-K/0000912595-16-000032/primary-document.html
2026-02-23 15:16:31,193 [src.preprocess] DEBUG: Filtered 3 / 82 HTML titles against item_1a text
2026-02-23 15:16:31,547 [src.preprocess] DEBUG: Extracted 91 HTML titles from data/10k_raw/MAA/10-K/0000912595-17-000005/primary-document.html
2026-02-23 15:16:31,548 [src.preprocess] DEBUG: Filtered 3 / 91 HTML titles against item_1a text
2026-02-23 15:16:31,772 [src.preprocess] DEBUG: Extracted 73 HTML titles from data/10k_raw/MAA/10-K/0000912595-18-000011/primary-document.html
2026-02-23 15:16:31,989 [src.preprocess] DEBUG: Extracted 76 HTML titles from data/10k_raw/MAA/10-K/0000912595-19-000015/primary-document.html
2026-02-23 15:16:32,403 [src.preprocess] DEBUG: Extracted 44 HTML titles from data/10k_raw/MAA/10-K/0000950170-22-001423/primary-document.html
2026-02-23 15:16:32,814 [src.preprocess] DEBUG: Extracted 43 HTML titles from data/10k_raw/MAA/10-K/0000950170-23-002778/primary-document.html
2026-02-23 15:16:33,097 [src.preprocess] DEBUG: Extracted 45 HTML titles from data/10k_raw/MAA/10-K/0000950170-24-013275/primary-document.html
2026-02-23 15:16:33,572 [src.preprocess] DEBUG: Extracted 74 HTML titles from data/10k_raw/MAA/10-K/0001564590-20-005582/primary-document.html
2026-02-23 15:16:33,573 [src.preprocess] DEBUG: Filtered 2 / 74 HTML titles against item_1a text
2026-02-23 15:16:34,054 [src.preprocess] DEBUG: Extracted 71 HTML titles from data/10k_raw/MAA/10-K/0001564590-21-006666/primary-document.html
2026-02-23 15:16:34,055 [src.preprocess] DEBUG: Filtered 4 / 71 HTML titles against item_1a text
2026-02-23 15:16:35,301 [src.preprocess] DEBUG: Extracted 196 HTML titles from data/10k_raw/MAR/10-K/0001628280-15-000842/primary-document.html
2026-02-23 15:16:35,308 [src.preprocess] DEBUG: Filtered 30 / 196 HTML titles against item_1a text
2026-02-23 15:16:36,558 [src.preprocess] DEBUG: Extracted 195 HTML titles from data/10k_raw/MAR/10-K/0001628280-16-011346/primary-document.html
2026-02-23 15:16:36,566 [src.preprocess] DEBUG: Filtered 32 / 195 HTML titles against item_1a text
2026-02-23 15:16:38,211 [src.preprocess] DEBUG: Extracted 195 HTML titles from data/10k_raw/MAR/10-K/0001628280-17-001506/primary-document.html
2026-02-23 15:16:38,219 [src.preprocess] DEBUG: Filtered 29 / 195 HTML titles against item_1a text
2026-02-23 15:16:39,620 [src.preprocess] DEBUG: Extracted 189 HTML titles from data/10k_raw/MAR/10-K/0001628280-18-001756/primary-document.html
2026-02-23 15:16:39,627 [src.preprocess] DEBUG: Filtered 27 / 189 HTML titles against item_1a text
2026-02-23 15:16:41,279 [src.preprocess] DEBUG: Extracted 189 HTML titles from data/10k_raw/MAR/10-K/0001628280-19-002337/primary-document.html
2026-02-23 15:16:41,286 [src.preprocess] DEBUG: Filtered 18 / 189 HTML titles against item_1a text
2026-02-23 15:16:42,350 [src.preprocess] DEBUG: Extracted 172 HTML titles from data/10k_raw/MAR/10-K/0001628280-20-002376/primary-document.html
2026-02-23 15:16:42,357 [src.preprocess] DEBUG: Filtered 16 / 172 HTML titles against item_1a text
2026-02-23 15:16:42,979 [src.preprocess] DEBUG: Extracted 216 HTML titles from data/10k_raw/MAR/10-K/0001628280-21-002433/primary-document.html
2026-02-23 15:16:42,987 [src.preprocess] DEBUG: Filtered 60 / 216 HTML titles against item_1a text
2026-02-23 15:16:43,510 [src.preprocess] DEBUG: Extracted 194 HTML titles from data/10k_raw/MAR/10-K/0001628280-22-002666/primary-document.html
2026-02-23 15:16:43,516 [src.preprocess] DEBUG: Filtered 54 / 194 HTML titles against item_1a text
2026-02-23 15:16:43,966 [src.preprocess] DEBUG: Extracted 180 HTML titles from data/10k_raw/MAR/10-K/0001628280-23-003485/primary-document.html
2026-02-23 15:16:43,971 [src.preprocess] DEBUG: Filtered 51 / 180 HTML titles against item_1a text
2026-02-23 15:16:44,446 [src.preprocess] DEBUG: Extracted 180 HTML titles from data/10k_raw/MAR/10-K/0001628280-24-004372/primary-document.html
2026-02-23 15:16:44,452 [src.preprocess] DEBUG: Filtered 52 / 180 HTML titles against item_1a text
2026-02-23 15:16:45,789 [src.preprocess] DEBUG: Extracted 290 HTML titles from data/10k_raw/MAS/10-K/0000062996-17-000008/primary-document.html
2026-02-23 15:16:45,798 [src.preprocess] DEBUG: Filtered 25 / 290 HTML titles against item_1a text
2026-02-23 15:16:47,127 [src.preprocess] DEBUG: Extracted 274 HTML titles from data/10k_raw/MAS/10-K/0000062996-18-000015/primary-document.html
2026-02-23 15:16:47,135 [src.preprocess] DEBUG: Filtered 24 / 274 HTML titles against item_1a text
2026-02-23 15:16:48,495 [src.preprocess] DEBUG: Extracted 271 HTML titles from data/10k_raw/MAS/10-K/0000062996-19-000011/primary-document.html
2026-02-23 15:16:48,503 [src.preprocess] DEBUG: Filtered 26 / 271 HTML titles against item_1a text
2026-02-23 15:16:49,623 [src.preprocess] DEBUG: Extracted 258 HTML titles from data/10k_raw/MAS/10-K/0000062996-20-000006/primary-document.html
2026-02-23 15:16:49,631 [src.preprocess] DEBUG: Filtered 38 / 258 HTML titles against item_1a text
2026-02-23 15:16:50,325 [src.preprocess] DEBUG: Extracted 275 HTML titles from data/10k_raw/MAS/10-K/0000062996-21-000008/primary-document.html
2026-02-23 15:16:50,335 [src.preprocess] DEBUG: Filtered 52 / 275 HTML titles against item_1a text
2026-02-23 15:16:51,026 [src.preprocess] DEBUG: Extracted 247 HTML titles from data/10k_raw/MAS/10-K/0000062996-22-000011/primary-document.html
2026-02-23 15:16:51,034 [src.preprocess] DEBUG: Filtered 49 / 247 HTML titles against item_1a text
2026-02-23 15:16:51,680 [src.preprocess] DEBUG: Extracted 243 HTML titles from data/10k_raw/MAS/10-K/0000062996-23-000008/primary-document.html
2026-02-23 15:16:51,687 [src.preprocess] DEBUG: Filtered 43 / 243 HTML titles against item_1a text
2026-02-23 15:16:52,282 [src.preprocess] DEBUG: Extracted 249 HTML titles from data/10k_raw/MAS/10-K/0000062996-24-000006/primary-document.html
2026-02-23 15:16:52,289 [src.preprocess] DEBUG: Filtered 16 / 249 HTML titles against item_1a text
2026-02-23 15:16:52,371 [src.preprocess] DEBUG: Extracted 0 HTML titles from data/10k_raw/MAS/10-K/0001047469-15-000803/primary-document.html
2026-02-23 15:16:52,436 [src.preprocess] DEBUG: Extracted 0 HTML titles from data/10k_raw/MAS/10-K/0001047469-16-010135/primary-document.html
2026-02-23 15:16:53,606 [src.preprocess] DEBUG: Extracted 182 HTML titles from data/10k_raw/MCD/10-K/0000063908-15-000016/primary-document.html
2026-02-23 15:16:53,610 [src.preprocess] DEBUG: Filtered 3 / 182 HTML titles against item_1a text
2026-02-23 15:16:54,241 [src.preprocess] DEBUG: Extracted 97 HTML titles from data/10k_raw/MCD/10-K/0000063908-16-000103/primary-document.html
2026-02-23 15:16:54,859 [src.preprocess] DEBUG: Extracted 98 HTML titles from data/10k_raw/MCD/10-K/0000063908-17-000017/primary-document.html
2026-02-23 15:16:55,493 [src.preprocess] DEBUG: Extracted 101 HTML titles from data/10k_raw/MCD/10-K/0000063908-18-000010/primary-document.html
2026-02-23 15:16:56,126 [src.preprocess] DEBUG: Extracted 119 HTML titles from data/10k_raw/MCD/10-K/0000063908-19-000010/primary-document.html
2026-02-23 15:16:57,080 [src.preprocess] DEBUG: Extracted 218 HTML titles from data/10k_raw/MCD/10-K/0000063908-20-000022/primary-document.html
2026-02-23 15:16:57,085 [src.preprocess] DEBUG: Filtered 1 / 218 HTML titles against item_1a text
2026-02-23 15:16:57,694 [src.preprocess] DEBUG: Extracted 209 HTML titles from data/10k_raw/MCD/10-K/0000063908-21-000013/primary-document.html
2026-02-23 15:16:57,699 [src.preprocess] DEBUG: Filtered 5 / 209 HTML titles against item_1a text
2026-02-23 15:16:58,290 [src.preprocess] DEBUG: Extracted 223 HTML titles from data/10k_raw/MCD/10-K/0000063908-22-000011/primary-document.html
2026-02-23 15:16:58,866 [src.preprocess] DEBUG: Extracted 225 HTML titles from data/10k_raw/MCD/10-K/0000063908-23-000012/primary-document.html
2026-02-23 15:16:58,871 [src.preprocess] DEBUG: Filtered 3 / 225 HTML titles against item_1a text
2026-02-23 15:16:59,451 [src.preprocess] DEBUG: Extracted 229 HTML titles from data/10k_raw/MCD/10-K/0000063908-24-000072/primary-document.html
2026-02-23 15:16:59,456 [src.preprocess] DEBUG: Filtered 3 / 229 HTML titles against item_1a text
2026-02-23 15:16:59,598 [src.preprocess] DEBUG: Extracted 46 HTML titles from data/10k_raw/MCHP/10-K/0000827054-15-000103/primary-document.html
2026-02-23 15:16:59,598 [src.preprocess] DEBUG: Filtered 2 / 46 HTML titles against item_1a text
2026-02-23 15:16:59,785 [src.preprocess] DEBUG: Extracted 46 HTML titles from data/10k_raw/MCHP/10-K/0000827054-16-000344/primary-document.html
2026-02-23 15:16:59,785 [src.preprocess] DEBUG: Filtered 2 / 46 HTML titles against item_1a text
2026-02-23 15:16:59,938 [src.preprocess] DEBUG: Extracted 48 HTML titles from data/10k_raw/MCHP/10-K/0000827054-17-000098/primary-document.html
2026-02-23 15:16:59,939 [src.preprocess] DEBUG: Filtered 2 / 48 HTML titles against item_1a text
2026-02-23 15:17:00,117 [src.preprocess] DEBUG: Extracted 45 HTML titles from data/10k_raw/MCHP/10-K/0000827054-19-000143/primary-document.html
2026-02-23 15:17:00,117 [src.preprocess] DEBUG: Filtered 2 / 45 HTML titles against item_1a text
2026-02-23 15:17:00,322 [src.preprocess] DEBUG: Extracted 42 HTML titles from data/10k_raw/MCHP/10-K/0000827054-20-000119/primary-document.html
2026-02-23 15:17:00,322 [src.preprocess] DEBUG: Filtered 1 / 42 HTML titles against item_1a text
2026-02-23 15:17:00,454 [src.preprocess] DEBUG: Extracted 51 HTML titles from data/10k_raw/MCHP/10-K/0000827054-21-000106/primary-document.html
2026-02-23 15:17:00,455 [src.preprocess] DEBUG: Filtered 1 / 51 HTML titles against item_1a text
2026-02-23 15:17:00,582 [src.preprocess] DEBUG: Extracted 54 HTML titles from data/10k_raw/MCHP/10-K/0000827054-22-000094/primary-document.html
2026-02-23 15:17:00,583 [src.preprocess] DEBUG: Filtered 2 / 54 HTML titles against item_1a text
2026-02-23 15:17:00,742 [src.preprocess] DEBUG: Extracted 53 HTML titles from data/10k_raw/MCHP/10-K/0000827054-23-000080/primary-document.html
2026-02-23 15:17:00,743 [src.preprocess] DEBUG: Filtered 1 / 53 HTML titles against item_1a text
2026-02-23 15:17:00,862 [src.preprocess] DEBUG: Extracted 54 HTML titles from data/10k_raw/MCHP/10-K/0000827054-24-000098/primary-document.html
2026-02-23 15:17:00,863 [src.preprocess] DEBUG: Filtered 2 / 54 HTML titles against item_1a text
2026-02-23 15:17:01,023 [src.preprocess] DEBUG: Extracted 45 HTML titles from data/10k_raw/MCHP/10-K/0001628280-18-006982/primary-document.html
2026-02-23 15:17:01,023 [src.preprocess] DEBUG: Filtered 2 / 45 HTML titles against item_1a text
2026-02-23 15:17:01,132 [src.preprocess] DEBUG: Extracted 28 HTML titles from data/10k_raw/MCK/10-K/0000927653-16-000020/primary-document.html
2026-02-23 15:17:01,243 [src.preprocess] DEBUG: Extracted 28 HTML titles from data/10k_raw/MCK/10-K/0000927653-17-000007/primary-document.html
2026-02-23 15:17:01,355 [src.preprocess] DEBUG: Extracted 28 HTML titles from data/10k_raw/MCK/10-K/0000927653-18-000010/primary-document.html
2026-02-23 15:17:01,462 [src.preprocess] DEBUG: Extracted 28 HTML titles from data/10k_raw/MCK/10-K/0000927653-19-000009/primary-document.html
2026-02-23 15:17:01,647 [src.preprocess] DEBUG: Extracted 45 HTML titles from data/10k_raw/MCK/10-K/0000927653-20-000033/primary-document.html
2026-02-23 15:17:01,773 [src.preprocess] DEBUG: Extracted 48 HTML titles from data/10k_raw/MCK/10-K/0000927653-21-000039/primary-document.html
2026-02-23 15:17:01,773 [src.preprocess] DEBUG: Filtered 1 / 48 HTML titles against item_1a text
2026-02-23 15:17:01,898 [src.preprocess] DEBUG: Extracted 46 HTML titles from data/10k_raw/MCK/10-K/0000927653-22-000051/primary-document.html
2026-02-23 15:17:01,898 [src.preprocess] DEBUG: Filtered 1 / 46 HTML titles against item_1a text
2026-02-23 15:17:02,029 [src.preprocess] DEBUG: Extracted 49 HTML titles from data/10k_raw/MCK/10-K/0000927653-23-000038/primary-document.html
2026-02-23 15:17:02,029 [src.preprocess] DEBUG: Filtered 1 / 49 HTML titles against item_1a text
2026-02-23 15:17:02,136 [src.preprocess] DEBUG: Extracted 49 HTML titles from data/10k_raw/MCK/10-K/0000927653-24-000035/primary-document.html
2026-02-23 15:17:02,136 [src.preprocess] DEBUG: Filtered 1 / 49 HTML titles against item_1a text
2026-02-23 15:17:02,240 [src.preprocess] DEBUG: Extracted 23 HTML titles from data/10k_raw/MCK/10-K/0001628280-15-004098/primary-document.html
2026-02-23 15:17:02,443 [src.preprocess] DEBUG: Extracted 18 HTML titles from data/10k_raw/MCO/10-K/0001059556-20-000005/primary-document.html
2026-02-23 15:17:02,443 [src.preprocess] DEBUG: Filtered 2 / 18 HTML titles against item_1a text
2026-02-23 15:17:02,620 [src.preprocess] DEBUG: Extracted 33 HTML titles from data/10k_raw/MCO/10-K/0001059556-21-000010/primary-document.html
2026-02-23 15:17:02,620 [src.preprocess] DEBUG: Filtered 1 / 33 HTML titles against item_1a text
2026-02-23 15:17:02,800 [src.preprocess] DEBUG: Extracted 38 HTML titles from data/10k_raw/MCO/10-K/0001059556-22-000012/primary-document.html
2026-02-23 15:17:02,801 [src.preprocess] DEBUG: Filtered 1 / 38 HTML titles against item_1a text
2026-02-23 15:17:02,977 [src.preprocess] DEBUG: Extracted 46 HTML titles from data/10k_raw/MCO/10-K/0001059556-23-000016/primary-document.html
2026-02-23 15:17:02,977 [src.preprocess] DEBUG: Filtered 4 / 46 HTML titles against item_1a text
2026-02-23 15:17:03,118 [src.preprocess] DEBUG: Extracted 45 HTML titles from data/10k_raw/MCO/10-K/0001059556-24-000017/primary-document.html
2026-02-23 15:17:03,118 [src.preprocess] DEBUG: Filtered 2 / 45 HTML titles against item_1a text
2026-02-23 15:17:03,198 [src.preprocess] DEBUG: Extracted 0 HTML titles from data/10k_raw/MCO/10-K/0001193125-15-063352/primary-document.html
2026-02-23 15:17:03,298 [src.preprocess] DEBUG: Extracted 0 HTML titles from data/10k_raw/MCO/10-K/0001193125-16-476427/primary-document.html
2026-02-23 15:17:03,383 [src.preprocess] DEBUG: Extracted 0 HTML titles from data/10k_raw/MCO/10-K/0001193125-17-054522/primary-document.html
2026-02-23 15:17:03,476 [src.preprocess] DEBUG: Extracted 0 HTML titles from data/10k_raw/MCO/10-K/0001193125-18-058986/primary-document.html
2026-02-23 15:17:03,589 [src.preprocess] DEBUG: Extracted 0 HTML titles from data/10k_raw/MCO/10-K/0001193125-19-048576/primary-document.html
2026-02-23 15:17:05,207 [src.preprocess] DEBUG: Extracted 309 HTML titles from data/10k_raw/MDLZ/10-K/0001103982-19-000005/primary-document.html
2026-02-23 15:17:05,227 [src.preprocess] DEBUG: Filtered 107 / 309 HTML titles against item_1a text
2026-02-23 15:17:06,923 [src.preprocess] DEBUG: Extracted 308 HTML titles from data/10k_raw/MDLZ/10-K/0001103982-20-000003/primary-document.html
2026-02-23 15:17:06,942 [src.preprocess] DEBUG: Filtered 104 / 308 HTML titles against item_1a text
2026-02-23 15:17:08,056 [src.preprocess] DEBUG: Extracted 331 HTML titles from data/10k_raw/MDLZ/10-K/0001103982-21-000004/primary-document.html
2026-02-23 15:17:08,077 [src.preprocess] DEBUG: Filtered 120 / 331 HTML titles against item_1a text
2026-02-23 15:17:09,110 [src.preprocess] DEBUG: Extracted 314 HTML titles from data/10k_raw/MDLZ/10-K/0001103982-22-000003/primary-document.html
2026-02-23 15:17:09,131 [src.preprocess] DEBUG: Filtered 119 / 314 HTML titles against item_1a text
2026-02-23 15:17:10,182 [src.preprocess] DEBUG: Extracted 318 HTML titles from data/10k_raw/MDLZ/10-K/0001103982-23-000006/primary-document.html
2026-02-23 15:17:10,203 [src.preprocess] DEBUG: Filtered 115 / 318 HTML titles against item_1a text
2026-02-23 15:17:11,221 [src.preprocess] DEBUG: Extracted 302 HTML titles from data/10k_raw/MDLZ/10-K/0001103982-24-000019/primary-document.html
2026-02-23 15:17:11,240 [src.preprocess] DEBUG: Filtered 103 / 302 HTML titles against item_1a text
2026-02-23 15:17:11,325 [src.preprocess] DEBUG: Extracted 0 HTML titles from data/10k_raw/MDLZ/10-K/0001193125-15-055355/primary-document.html
2026-02-23 15:17:11,391 [src.preprocess] DEBUG: Extracted 0 HTML titles from data/10k_raw/MDLZ/10-K/0001193125-16-469394/primary-document.html
2026-02-23 15:17:11,462 [src.preprocess] DEBUG: Extracted 0 HTML titles from data/10k_raw/MDLZ/10-K/0001193125-17-055858/primary-document.html
2026-02-23 15:17:11,544 [src.preprocess] DEBUG: Extracted 0 HTML titles from data/10k_raw/MDLZ/10-K/0001193125-18-037332/primary-document.html
2026-02-23 15:17:11,711 [src.preprocess] DEBUG: Extracted 50 HTML titles from data/10k_raw/MDT/10-K/0001613103-15-000028/primary-document.html
2026-02-23 15:17:11,897 [src.preprocess] DEBUG: Extracted 52 HTML titles from data/10k_raw/MDT/10-K/0001613103-16-000093/primary-document.html
2026-02-23 15:17:12,086 [src.preprocess] DEBUG: Extracted 54 HTML titles from data/10k_raw/MDT/10-K/0001613103-17-000018/primary-document.html
2026-02-23 15:17:12,356 [src.preprocess] DEBUG: Extracted 53 HTML titles from data/10k_raw/MDT/10-K/0001613103-18-000024/primary-document.html
2026-02-23 15:17:12,607 [src.preprocess] DEBUG: Extracted 49 HTML titles from data/10k_raw/MDT/10-K/0001613103-19-000028/primary-document.html
2026-02-23 15:17:12,795 [src.preprocess] DEBUG: Extracted 50 HTML titles from data/10k_raw/MDT/10-K/0001613103-20-000021/primary-document.html
2026-02-23 15:17:12,945 [src.preprocess] DEBUG: Extracted 57 HTML titles from data/10k_raw/MDT/10-K/0001613103-21-000027/primary-document.html
2026-02-23 15:17:13,091 [src.preprocess] DEBUG: Extracted 59 HTML titles from data/10k_raw/MDT/10-K/0001613103-22-000023/primary-document.html
2026-02-23 15:17:13,216 [src.preprocess] DEBUG: Extracted 66 HTML titles from data/10k_raw/MDT/10-K/0001613103-23-000040/primary-document.html
2026-02-23 15:17:13,335 [src.preprocess] DEBUG: Extracted 63 HTML titles from data/10k_raw/MDT/10-K/0001613103-24-000072/primary-document.html
2026-02-23 15:17:13,919 [src.preprocess] DEBUG: Extracted 103 HTML titles from data/10k_raw/MET/10-K/0000937834-15-000009/primary-document.html
2026-02-23 15:17:13,921 [src.preprocess] DEBUG: Filtered 2 / 103 HTML titles against item_1a text
2026-02-23 15:17:14,472 [src.preprocess] DEBUG: Extracted 100 HTML titles from data/10k_raw/MET/10-K/0000937834-16-000077/primary-document.html
2026-02-23 15:17:14,474 [src.preprocess] DEBUG: Filtered 1 / 100 HTML titles against item_1a text
2026-02-23 15:17:15,102 [src.preprocess] DEBUG: Extracted 105 HTML titles from data/10k_raw/MET/10-K/0000937834-17-000003/primary-document.html
2026-02-23 15:17:15,105 [src.preprocess] DEBUG: Filtered 1 / 105 HTML titles against item_1a text
2026-02-23 15:17:15,791 [src.preprocess] DEBUG: Extracted 108 HTML titles from data/10k_raw/MET/10-K/0000937834-18-000005/primary-document.html
2026-02-23 15:17:15,794 [src.preprocess] DEBUG: Filtered 1 / 108 HTML titles against item_1a text
2026-02-23 15:17:16,429 [src.preprocess] DEBUG: Extracted 102 HTML titles from data/10k_raw/MET/10-K/0001099219-19-000008/primary-document.html
2026-02-23 15:17:16,431 [src.preprocess] DEBUG: Filtered 1 / 102 HTML titles against item_1a text
2026-02-23 15:17:17,205 [src.preprocess] DEBUG: Extracted 91 HTML titles from data/10k_raw/MET/10-K/0001099219-20-000064/primary-document.html
2026-02-23 15:17:17,207 [src.preprocess] DEBUG: Filtered 1 / 91 HTML titles against item_1a text
2026-02-23 15:17:17,776 [src.preprocess] DEBUG: Extracted 106 HTML titles from data/10k_raw/MET/10-K/0001099219-21-000050/primary-document.html
2026-02-23 15:17:17,778 [src.preprocess] DEBUG: Filtered 1 / 106 HTML titles against item_1a text
2026-02-23 15:17:18,339 [src.preprocess] DEBUG: Extracted 109 HTML titles from data/10k_raw/MET/10-K/0001099219-22-000014/primary-document.html
2026-02-23 15:17:18,341 [src.preprocess] DEBUG: Filtered 1 / 109 HTML titles against item_1a text
2026-02-23 15:17:18,930 [src.preprocess] DEBUG: Extracted 111 HTML titles from data/10k_raw/MET/10-K/0001099219-23-000045/primary-document.html
2026-02-23 15:17:18,932 [src.preprocess] DEBUG: Filtered 1 / 111 HTML titles against item_1a text
2026-02-23 15:17:19,495 [src.preprocess] DEBUG: Extracted 109 HTML titles from data/10k_raw/MET/10-K/0001099219-24-000035/primary-document.html
2026-02-23 15:17:19,497 [src.preprocess] DEBUG: Filtered 1 / 109 HTML titles against item_1a text
2026-02-23 15:17:19,602 [src.preprocess] DEBUG: Extracted 35 HTML titles from data/10k_raw/META/10-K/0001326801-15-000006/primary-document.html
2026-02-23 15:17:19,602 [src.preprocess] DEBUG: Filtered 2 / 35 HTML titles against item_1a text
2026-02-23 15:17:19,700 [src.preprocess] DEBUG: Extracted 37 HTML titles from data/10k_raw/META/10-K/0001326801-16-000043/primary-document.html
2026-02-23 15:17:19,700 [src.preprocess] DEBUG: Filtered 2 / 37 HTML titles against item_1a text
2026-02-23 15:17:19,801 [src.preprocess] DEBUG: Extracted 35 HTML titles from data/10k_raw/META/10-K/0001326801-17-000007/primary-document.html
2026-02-23 15:17:19,801 [src.preprocess] DEBUG: Filtered 2 / 35 HTML titles against item_1a text
2026-02-23 15:17:19,934 [src.preprocess] DEBUG: Extracted 38 HTML titles from data/10k_raw/META/10-K/0001326801-18-000009/primary-document.html
2026-02-23 15:17:19,935 [src.preprocess] DEBUG: Filtered 3 / 38 HTML titles against item_1a text
2026-02-23 15:17:20,035 [src.preprocess] DEBUG: Extracted 37 HTML titles from data/10k_raw/META/10-K/0001326801-19-000009/primary-document.html
2026-02-23 15:17:20,036 [src.preprocess] DEBUG: Filtered 3 / 37 HTML titles against item_1a text
2026-02-23 15:17:20,171 [src.preprocess] DEBUG: Extracted 34 HTML titles from data/10k_raw/META/10-K/0001326801-20-000013/primary-document.html
2026-02-23 15:17:20,172 [src.preprocess] DEBUG: Filtered 3 / 34 HTML titles against item_1a text
2026-02-23 15:17:20,292 [src.preprocess] DEBUG: Extracted 42 HTML titles from data/10k_raw/META/10-K/0001326801-21-000014/primary-document.html
2026-02-23 15:17:20,292 [src.preprocess] DEBUG: Filtered 2 / 42 HTML titles against item_1a text
2026-02-23 15:17:20,442 [src.preprocess] DEBUG: Extracted 43 HTML titles from data/10k_raw/META/10-K/0001326801-22-000018/primary-document.html
2026-02-23 15:17:20,443 [src.preprocess] DEBUG: Filtered 3 / 43 HTML titles against item_1a text
2026-02-23 15:17:20,564 [src.preprocess] DEBUG: Extracted 36 HTML titles from data/10k_raw/META/10-K/0001326801-23-000013/primary-document.html
2026-02-23 15:17:20,564 [src.preprocess] DEBUG: Filtered 3 / 36 HTML titles against item_1a text
2026-02-23 15:17:20,679 [src.preprocess] DEBUG: Extracted 38 HTML titles from data/10k_raw/META/10-K/0001326801-24-000012/primary-document.html
2026-02-23 15:17:20,679 [src.preprocess] DEBUG: Filtered 3 / 38 HTML titles against item_1a text
2026-02-23 15:17:20,868 [src.preprocess] DEBUG: Extracted 61 HTML titles from data/10k_raw/MGM/10-K/0000789570-22-000005/primary-document.html
2026-02-23 15:17:20,868 [src.preprocess] DEBUG: Filtered 1 / 61 HTML titles against item_1a text
2026-02-23 15:17:21,006 [src.preprocess] DEBUG: Extracted 52 HTML titles from data/10k_raw/MGM/10-K/0000789570-23-000008/primary-document.html
2026-02-23 15:17:21,007 [src.preprocess] DEBUG: Filtered 1 / 52 HTML titles against item_1a text
2026-02-23 15:17:21,121 [src.preprocess] DEBUG: Extracted 50 HTML titles from data/10k_raw/MGM/10-K/0000789570-24-000005/primary-document.html
2026-02-23 15:17:21,121 [src.preprocess] DEBUG: Filtered 1 / 50 HTML titles against item_1a text
2026-02-23 15:17:22,778 [src.preprocess] DEBUG: Extracted 192 HTML titles from data/10k_raw/MGM/10-K/0001564590-15-001180/primary-document.html
2026-02-23 15:17:22,788 [src.preprocess] DEBUG: Filtered 19 / 192 HTML titles against item_1a text
2026-02-23 15:17:24,672 [src.preprocess] DEBUG: Extracted 207 HTML titles from data/10k_raw/MGM/10-K/0001564590-16-013639/primary-document.html
2026-02-23 15:17:24,683 [src.preprocess] DEBUG: Filtered 18 / 207 HTML titles against item_1a text
2026-02-23 15:17:26,828 [src.preprocess] DEBUG: Extracted 236 HTML titles from data/10k_raw/MGM/10-K/0001564590-17-003007/primary-document.html
2026-02-23 15:17:26,841 [src.preprocess] DEBUG: Filtered 26 / 236 HTML titles against item_1a text
2026-02-23 15:17:28,893 [src.preprocess] DEBUG: Extracted 243 HTML titles from data/10k_raw/MGM/10-K/0001564590-18-003942/primary-document.html
2026-02-23 15:17:28,905 [src.preprocess] DEBUG: Filtered 31 / 243 HTML titles against item_1a text
2026-02-23 15:17:29,219 [src.preprocess] DEBUG: Extracted 0 HTML titles from data/10k_raw/MGM/10-K/0001564590-19-004807/primary-document.html
2026-02-23 15:17:29,472 [src.preprocess] DEBUG: Extracted 0 HTML titles from data/10k_raw/MGM/10-K/0001564590-20-007393/primary-document.html
2026-02-23 15:17:29,653 [src.preprocess] DEBUG: Extracted 0 HTML titles from data/10k_raw/MGM/10-K/0001564590-21-009205/primary-document.html
2026-02-23 15:17:29,730 [src.preprocess] DEBUG: Extracted 18 HTML titles from data/10k_raw/MHK/10-K/0000851968-15-000022/primary-document.html
2026-02-23 15:17:29,902 [src.preprocess] DEBUG: Extracted 18 HTML titles from data/10k_raw/MHK/10-K/0000851968-16-000120/primary-document.html
2026-02-23 15:17:29,979 [src.preprocess] DEBUG: Extracted 20 HTML titles from data/10k_raw/MHK/10-K/0000851968-17-000020/primary-document.html
2026-02-23 15:17:30,058 [src.preprocess] DEBUG: Extracted 20 HTML titles from data/10k_raw/MHK/10-K/0000851968-18-000038/primary-document.html
2026-02-23 15:17:30,140 [src.preprocess] DEBUG: Extracted 23 HTML titles from data/10k_raw/MHK/10-K/0000851968-19-000020/primary-document.html
2026-02-23 15:17:30,249 [src.preprocess] DEBUG: Extracted 23 HTML titles from data/10k_raw/MHK/10-K/0000851968-20-000020/primary-document.html
2026-02-23 15:17:30,344 [src.preprocess] DEBUG: Extracted 27 HTML titles from data/10k_raw/MHK/10-K/0000851968-21-000019/primary-document.html
2026-02-23 15:17:30,437 [src.preprocess] DEBUG: Extracted 27 HTML titles from data/10k_raw/MHK/10-K/0000851968-22-000026/primary-document.html
2026-02-23 15:17:30,530 [src.preprocess] DEBUG: Extracted 28 HTML titles from data/10k_raw/MHK/10-K/0000851968-23-000033/primary-document.html
2026-02-23 15:17:30,607 [src.preprocess] DEBUG: Extracted 27 HTML titles from data/10k_raw/MHK/10-K/0000851968-24-000027/primary-document.html
2026-02-23 15:17:30,667 [src.preprocess] DEBUG: Extracted 22 HTML titles from data/10k_raw/MKC/10-K/0000063754-15-000013/primary-document.html
2026-02-23 15:17:30,667 [src.preprocess] DEBUG: Filtered 1 / 22 HTML titles against item_1a text
2026-02-23 15:17:30,730 [src.preprocess] DEBUG: Extracted 22 HTML titles from data/10k_raw/MKC/10-K/0000063754-16-000063/primary-document.html
2026-02-23 15:17:30,730 [src.preprocess] DEBUG: Filtered 1 / 22 HTML titles against item_1a text
2026-02-23 15:17:30,796 [src.preprocess] DEBUG: Extracted 23 HTML titles from data/10k_raw/MKC/10-K/0000063754-17-000014/primary-document.html
2026-02-23 15:17:30,796 [src.preprocess] DEBUG: Filtered 1 / 23 HTML titles against item_1a text
2026-02-23 15:17:30,873 [src.preprocess] DEBUG: Extracted 31 HTML titles from data/10k_raw/MKC/10-K/0000063754-18-000008/primary-document.html
2026-02-23 15:17:30,873 [src.preprocess] DEBUG: Filtered 1 / 31 HTML titles against item_1a text
2026-02-23 15:17:30,948 [src.preprocess] DEBUG: Extracted 30 HTML titles from data/10k_raw/MKC/10-K/0000063754-19-000017/primary-document.html
2026-02-23 15:17:30,948 [src.preprocess] DEBUG: Filtered 1 / 30 HTML titles against item_1a text
2026-02-23 15:17:31,048 [src.preprocess] DEBUG: Extracted 28 HTML titles from data/10k_raw/MKC/10-K/0000063754-20-000022/primary-document.html
2026-02-23 15:17:31,049 [src.preprocess] DEBUG: Filtered 1 / 28 HTML titles against item_1a text
2026-02-23 15:17:31,167 [src.preprocess] DEBUG: Extracted 32 HTML titles from data/10k_raw/MKC/10-K/0000063754-21-000020/primary-document.html
2026-02-23 15:17:31,167 [src.preprocess] DEBUG: Filtered 1 / 32 HTML titles against item_1a text
2026-02-23 15:17:31,266 [src.preprocess] DEBUG: Extracted 35 HTML titles from data/10k_raw/MKC/10-K/0000063754-22-000005/primary-document.html
2026-02-23 15:17:31,266 [src.preprocess] DEBUG: Filtered 1 / 35 HTML titles against item_1a text
2026-02-23 15:17:31,368 [src.preprocess] DEBUG: Extracted 34 HTML titles from data/10k_raw/MKC/10-K/0000063754-23-000005/primary-document.html
2026-02-23 15:17:31,369 [src.preprocess] DEBUG: Filtered 1 / 34 HTML titles against item_1a text
2026-02-23 15:17:31,451 [src.preprocess] DEBUG: Extracted 32 HTML titles from data/10k_raw/MKC/10-K/0000063754-24-000027/primary-document.html
2026-02-23 15:17:31,451 [src.preprocess] DEBUG: Filtered 1 / 32 HTML titles against item_1a text
2026-02-23 15:17:31,695 [src.preprocess] DEBUG: Extracted 53 HTML titles from data/10k_raw/MLM/10-K/0000950170-23-004361/primary-document.html
2026-02-23 15:17:31,884 [src.preprocess] DEBUG: Extracted 54 HTML titles from data/10k_raw/MLM/10-K/0000950170-24-019275/primary-document.html
2026-02-23 15:17:31,917 [src.preprocess] DEBUG: Extracted 0 HTML titles from data/10k_raw/MLM/10-K/0001193125-15-060008/primary-document.html
2026-02-23 15:17:31,933 [src.preprocess] DEBUG: Extracted 0 HTML titles from data/10k_raw/MLM/10-K/0001193125-16-473754/primary-document.html
2026-02-23 15:17:31,960 [src.preprocess] DEBUG: Extracted 0 HTML titles from data/10k_raw/MLM/10-K/0001193125-17-056282/primary-document.html
2026-02-23 15:17:31,988 [src.preprocess] DEBUG: Extracted 0 HTML titles from data/10k_raw/MLM/10-K/0001193125-18-055887/primary-document.html
2026-02-23 15:17:32,035 [src.preprocess] DEBUG: Extracted 0 HTML titles from data/10k_raw/MLM/10-K/0001193125-19-049961/primary-document.html
2026-02-23 15:17:33,710 [src.preprocess] DEBUG: Extracted 347 HTML titles from data/10k_raw/MLM/10-K/0001564590-20-005784/primary-document.html
2026-02-23 15:17:33,726 [src.preprocess] DEBUG: Filtered 47 / 347 HTML titles against item_1a text
2026-02-23 15:17:35,353 [src.preprocess] DEBUG: Extracted 346 HTML titles from data/10k_raw/MLM/10-K/0001564590-21-006959/primary-document.html
2026-02-23 15:17:35,369 [src.preprocess] DEBUG: Filtered 43 / 346 HTML titles against item_1a text
2026-02-23 15:17:36,940 [src.preprocess] DEBUG: Extracted 337 HTML titles from data/10k_raw/MLM/10-K/0001564590-22-005965/primary-document.html
2026-02-23 15:17:36,957 [src.preprocess] DEBUG: Filtered 43 / 337 HTML titles against item_1a text
2026-02-23 15:17:37,137 [src.preprocess] DEBUG: Extracted 1 HTML titles from data/10k_raw/MMC/10-K/0000062709-15-000005/primary-document.html
2026-02-23 15:17:37,228 [src.preprocess] DEBUG: Extracted 1 HTML titles from data/10k_raw/MMC/10-K/0000062709-16-000040/primary-document.html
2026-02-23 15:17:37,316 [src.preprocess] DEBUG: Extracted 1 HTML titles from data/10k_raw/MMC/10-K/0000062709-17-000008/primary-document.html
2026-02-23 15:17:37,405 [src.preprocess] DEBUG: Extracted 1 HTML titles from data/10k_raw/MMC/10-K/0000062709-18-000007/primary-document.html
2026-02-23 15:17:37,503 [src.preprocess] DEBUG: Extracted 1 HTML titles from data/10k_raw/MMC/10-K/0000062709-19-000010/primary-document.html
2026-02-23 15:17:37,635 [src.preprocess] DEBUG: Extracted 1 HTML titles from data/10k_raw/MMC/10-K/0000062709-20-000010/primary-document.html
2026-02-23 15:17:37,754 [src.preprocess] DEBUG: Extracted 1 HTML titles from data/10k_raw/MMC/10-K/0000062709-21-000008/primary-document.html
2026-02-23 15:17:37,873 [src.preprocess] DEBUG: Extracted 1 HTML titles from data/10k_raw/MMC/10-K/0000062709-22-000009/primary-document.html
2026-02-23 15:17:37,989 [src.preprocess] DEBUG: Extracted 1 HTML titles from data/10k_raw/MMC/10-K/0000062709-23-000014/primary-document.html
2026-02-23 15:17:38,082 [src.preprocess] DEBUG: Extracted 1 HTML titles from data/10k_raw/MMC/10-K/0000062709-24-000016/primary-document.html
2026-02-23 15:17:38,254 [src.preprocess] DEBUG: Extracted 6 HTML titles from data/10k_raw/MMM/10-K/0000066740-22-000010/primary-document.html
2026-02-23 15:17:38,422 [src.preprocess] DEBUG: Extracted 8 HTML titles from data/10k_raw/MMM/10-K/0000066740-23-000014/primary-document.html
2026-02-23 15:17:38,537 [src.preprocess] DEBUG: Extracted 8 HTML titles from data/10k_raw/MMM/10-K/0000066740-24-000016/primary-document.html
2026-02-23 15:17:38,661 [src.preprocess] DEBUG: Extracted 1 HTML titles from data/10k_raw/MMM/10-K/0001104659-15-009560/primary-document.html
2026-02-23 15:17:38,661 [src.preprocess] DEBUG: Filtered 1 / 1 HTML titles against item_1a text
2026-02-23 15:17:38,871 [src.preprocess] DEBUG: Extracted 1 HTML titles from data/10k_raw/MMM/10-K/0001558370-16-003162/primary-document.html
2026-02-23 15:17:39,095 [src.preprocess] DEBUG: Extracted 1 HTML titles from data/10k_raw/MMM/10-K/0001558370-17-000479/primary-document.html
2026-02-23 15:17:39,095 [src.preprocess] DEBUG: Filtered 1 / 1 HTML titles against item_1a text
2026-02-23 15:17:39,343 [src.preprocess] DEBUG: Extracted 1 HTML titles from data/10k_raw/MMM/10-K/0001558370-18-000535/primary-document.html
2026-02-23 15:17:39,343 [src.preprocess] DEBUG: Filtered 1 / 1 HTML titles against item_1a text
2026-02-23 15:17:39,590 [src.preprocess] DEBUG: Extracted 1 HTML titles from data/10k_raw/MMM/10-K/0001558370-19-000470/primary-document.html
2026-02-23 15:17:39,819 [src.preprocess] DEBUG: Extracted 0 HTML titles from data/10k_raw/MMM/10-K/0001558370-20-000581/primary-document.html
2026-02-23 15:17:40,064 [src.preprocess] DEBUG: Extracted 0 HTML titles from data/10k_raw/MMM/10-K/0001558370-21-000737/primary-document.html
2026-02-23 15:17:40,171 [src.preprocess] DEBUG: Extracted 15 HTML titles from data/10k_raw/MNST/10-K/0001104659-15-015731/primary-document.html
2026-02-23 15:17:40,171 [src.preprocess] DEBUG: Filtered 1 / 15 HTML titles against item_1a text
2026-02-23 15:17:40,297 [src.preprocess] DEBUG: Extracted 18 HTML titles from data/10k_raw/MNST/10-K/0001104659-16-100960/primary-document.html
2026-02-23 15:17:40,297 [src.preprocess] DEBUG: Filtered 1 / 18 HTML titles against item_1a text
2026-02-23 15:17:40,514 [src.preprocess] DEBUG: Extracted 17 HTML titles from data/10k_raw/MNST/10-K/0001104659-17-013048/primary-document.html
2026-02-23 15:17:40,644 [src.preprocess] DEBUG: Extracted 18 HTML titles from data/10k_raw/MNST/10-K/0001104659-18-014057/primary-document.html
2026-02-23 15:17:40,762 [src.preprocess] DEBUG: Extracted 16 HTML titles from data/10k_raw/MNST/10-K/0001104659-19-011581/primary-document.html
2026-02-23 15:17:40,883 [src.preprocess] DEBUG: Extracted 17 HTML titles from data/10k_raw/MNST/10-K/0001104659-20-027209/primary-document.html
2026-02-23 15:17:40,883 [src.preprocess] DEBUG: Filtered 5 / 17 HTML titles against item_1a text
2026-02-23 15:17:41,019 [src.preprocess] DEBUG: Extracted 17 HTML titles from data/10k_raw/MNST/10-K/0001104659-21-029943/primary-document.html
2026-02-23 15:17:41,019 [src.preprocess] DEBUG: Filtered 5 / 17 HTML titles against item_1a text
2026-02-23 15:17:41,184 [src.preprocess] DEBUG: Extracted 16 HTML titles from data/10k_raw/MNST/10-K/0001104659-22-028182/primary-document.html
2026-02-23 15:17:41,185 [src.preprocess] DEBUG: Filtered 5 / 16 HTML titles against item_1a text
2026-02-23 15:17:41,319 [src.preprocess] DEBUG: Extracted 17 HTML titles from data/10k_raw/MNST/10-K/0001104659-23-027245/primary-document.html
2026-02-23 15:17:41,319 [src.preprocess] DEBUG: Filtered 5 / 17 HTML titles against item_1a text
2026-02-23 15:17:41,459 [src.preprocess] DEBUG: Extracted 17 HTML titles from data/10k_raw/MNST/10-K/0001104659-24-029425/primary-document.html
2026-02-23 15:17:41,459 [src.preprocess] DEBUG: Filtered 5 / 17 HTML titles against item_1a text
2026-02-23 15:17:41,582 [src.preprocess] DEBUG: Extracted 23 HTML titles from data/10k_raw/MO/10-K/0000764180-15-000022/primary-document.html
2026-02-23 15:17:41,699 [src.preprocess] DEBUG: Extracted 21 HTML titles from data/10k_raw/MO/10-K/0000764180-16-000128/primary-document.html
2026-02-23 15:17:41,822 [src.preprocess] DEBUG: Extracted 21 HTML titles from data/10k_raw/MO/10-K/0000764180-17-000028/primary-document.html
2026-02-23 15:17:41,944 [src.preprocess] DEBUG: Extracted 20 HTML titles from data/10k_raw/MO/10-K/0000764180-18-000028/primary-document.html
2026-02-23 15:17:42,068 [src.preprocess] DEBUG: Extracted 18 HTML titles from data/10k_raw/MO/10-K/0000764180-19-000023/primary-document.html
2026-02-23 15:17:42,238 [src.preprocess] DEBUG: Extracted 20 HTML titles from data/10k_raw/MO/10-K/0000764180-20-000018/primary-document.html
2026-02-23 15:17:42,378 [src.preprocess] DEBUG: Extracted 25 HTML titles from data/10k_raw/MO/10-K/0000764180-21-000037/primary-document.html
2026-02-23 15:17:42,512 [src.preprocess] DEBUG: Extracted 23 HTML titles from data/10k_raw/MO/10-K/0000764180-22-000019/primary-document.html
2026-02-23 15:17:42,513 [src.preprocess] DEBUG: Filtered 1 / 23 HTML titles against item_1a text
2026-02-23 15:17:42,635 [src.preprocess] DEBUG: Extracted 27 HTML titles from data/10k_raw/MO/10-K/0000764180-23-000020/primary-document.html
2026-02-23 15:17:42,635 [src.preprocess] DEBUG: Filtered 1 / 27 HTML titles against item_1a text
2026-02-23 15:17:42,732 [src.preprocess] DEBUG: Extracted 24 HTML titles from data/10k_raw/MO/10-K/0000764180-24-000018/primary-document.html
2026-02-23 15:17:42,732 [src.preprocess] DEBUG: Filtered 1 / 24 HTML titles against item_1a text
2026-02-23 15:17:42,828 [src.preprocess] DEBUG: Extracted 0 HTML titles from data/10k_raw/MOH/10-K/0001179929-15-000007/primary-document.html
2026-02-23 15:17:42,923 [src.preprocess] DEBUG: Extracted 0 HTML titles from data/10k_raw/MOH/10-K/0001179929-16-000231/primary-document.html
2026-02-23 15:17:45,002 [src.preprocess] DEBUG: Extracted 281 HTML titles from data/10k_raw/MOH/10-K/0001179929-17-000046/primary-document.html
2026-02-23 15:17:45,015 [src.preprocess] DEBUG: Filtered 21 / 281 HTML titles against item_1a text
2026-02-23 15:17:47,795 [src.preprocess] DEBUG: Extracted 317 HTML titles from data/10k_raw/MOH/10-K/0001179929-18-000040/primary-document.html
2026-02-23 15:17:47,810 [src.preprocess] DEBUG: Filtered 21 / 317 HTML titles against item_1a text
2026-02-23 15:17:50,476 [src.preprocess] DEBUG: Extracted 262 HTML titles from data/10k_raw/MOH/10-K/0001179929-19-000032/primary-document.html
2026-02-23 15:17:50,491 [src.preprocess] DEBUG: Filtered 21 / 262 HTML titles against item_1a text
2026-02-23 15:17:51,593 [src.preprocess] DEBUG: Extracted 260 HTML titles from data/10k_raw/MOH/10-K/0001179929-20-000026/primary-document.html
2026-02-23 15:17:51,604 [src.preprocess] DEBUG: Filtered 24 / 260 HTML titles against item_1a text
2026-02-23 15:17:52,251 [src.preprocess] DEBUG: Extracted 239 HTML titles from data/10k_raw/MOH/10-K/0001179929-21-000024/primary-document.html
2026-02-23 15:17:52,262 [src.preprocess] DEBUG: Filtered 25 / 239 HTML titles against item_1a text
2026-02-23 15:17:52,860 [src.preprocess] DEBUG: Extracted 223 HTML titles from data/10k_raw/MOH/10-K/0001179929-22-000025/primary-document.html
2026-02-23 15:17:52,869 [src.preprocess] DEBUG: Filtered 23 / 223 HTML titles against item_1a text
2026-02-23 15:17:53,451 [src.preprocess] DEBUG: Extracted 281 HTML titles from data/10k_raw/MOH/10-K/0001179929-23-000025/primary-document.html
2026-02-23 15:17:53,463 [src.preprocess] DEBUG: Filtered 39 / 281 HTML titles against item_1a text
2026-02-23 15:17:53,956 [src.preprocess] DEBUG: Extracted 246 HTML titles from data/10k_raw/MOH/10-K/0001179929-24-000033/primary-document.html
2026-02-23 15:17:53,964 [src.preprocess] DEBUG: Filtered 39 / 246 HTML titles against item_1a text
2026-02-23 15:17:54,969 [src.preprocess] DEBUG: Extracted 241 HTML titles from data/10k_raw/MOS/10-K/0001618034-15-000005/primary-document.html
2026-02-23 15:17:54,976 [src.preprocess] DEBUG: Filtered 18 / 241 HTML titles against item_1a text
2026-02-23 15:17:56,046 [src.preprocess] DEBUG: Extracted 240 HTML titles from data/10k_raw/MOS/10-K/0001618034-16-000025/primary-document.html
2026-02-23 15:17:56,053 [src.preprocess] DEBUG: Filtered 18 / 240 HTML titles against item_1a text
2026-02-23 15:17:57,055 [src.preprocess] DEBUG: Extracted 260 HTML titles from data/10k_raw/MOS/10-K/0001618034-17-000005/primary-document.html
2026-02-23 15:17:57,063 [src.preprocess] DEBUG: Filtered 22 / 260 HTML titles against item_1a text
2026-02-23 15:17:58,715 [src.preprocess] DEBUG: Extracted 415 HTML titles from data/10k_raw/MOS/10-K/0001618034-18-000003/primary-document.html
2026-02-23 15:17:58,741 [src.preprocess] DEBUG: Filtered 55 / 415 HTML titles against item_1a text
2026-02-23 15:18:00,603 [src.preprocess] DEBUG: Extracted 436 HTML titles from data/10k_raw/MOS/10-K/0001618034-19-000004/primary-document.html
2026-02-23 15:18:00,632 [src.preprocess] DEBUG: Filtered 50 / 436 HTML titles against item_1a text
2026-02-23 15:18:02,295 [src.preprocess] DEBUG: Extracted 446 HTML titles from data/10k_raw/MOS/10-K/0001618034-20-000003/primary-document.html
2026-02-23 15:18:02,326 [src.preprocess] DEBUG: Filtered 76 / 446 HTML titles against item_1a text
2026-02-23 15:18:03,218 [src.preprocess] DEBUG: Extracted 353 HTML titles from data/10k_raw/MOS/10-K/0001618034-21-000003/primary-document.html
2026-02-23 15:18:03,237 [src.preprocess] DEBUG: Filtered 94 / 353 HTML titles against item_1a text
2026-02-23 15:18:04,201 [src.preprocess] DEBUG: Extracted 464 HTML titles from data/10k_raw/MOS/10-K/0001618034-22-000004/primary-document.html
2026-02-23 15:18:04,229 [src.preprocess] DEBUG: Filtered 92 / 464 HTML titles against item_1a text
2026-02-23 15:18:05,249 [src.preprocess] DEBUG: Extracted 458 HTML titles from data/10k_raw/MOS/10-K/0001618034-23-000003/primary-document.html
2026-02-23 15:18:05,276 [src.preprocess] DEBUG: Filtered 92 / 458 HTML titles against item_1a text
2026-02-23 15:18:06,204 [src.preprocess] DEBUG: Extracted 455 HTML titles from data/10k_raw/MOS/10-K/0001618034-24-000004/primary-document.html
2026-02-23 15:18:06,230 [src.preprocess] DEBUG: Filtered 81 / 455 HTML titles against item_1a text
2026-02-23 15:18:08,473 [src.preprocess] DEBUG: Extracted 258 HTML titles from data/10k_raw/MPC/10-K/0001510295-15-000007/primary-document.html
2026-02-23 15:18:08,488 [src.preprocess] DEBUG: Filtered 34 / 258 HTML titles against item_1a text
2026-02-23 15:18:10,057 [src.preprocess] DEBUG: Extracted 183 HTML titles from data/10k_raw/MPC/10-K/0001510295-16-000078/primary-document.html
2026-02-23 15:18:10,062 [src.preprocess] DEBUG: Filtered 19 / 183 HTML titles against item_1a text
2026-02-23 15:18:12,762 [src.preprocess] DEBUG: Extracted 302 HTML titles from data/10k_raw/MPC/10-K/0001510295-17-000017/primary-document.html
2026-02-23 15:18:12,781 [src.preprocess] DEBUG: Filtered 43 / 302 HTML titles against item_1a text
2026-02-23 15:18:15,552 [src.preprocess] DEBUG: Extracted 307 HTML titles from data/10k_raw/MPC/10-K/0001510295-18-000024/primary-document.html
2026-02-23 15:18:15,570 [src.preprocess] DEBUG: Filtered 35 / 307 HTML titles against item_1a text
2026-02-23 15:18:15,744 [src.preprocess] DEBUG: Extracted 0 HTML titles from data/10k_raw/MPC/10-K/0001510295-19-000014/primary-document.html
2026-02-23 15:18:15,904 [src.preprocess] DEBUG: Extracted 0 HTML titles from data/10k_raw/MPC/10-K/0001510295-20-000006/primary-document.html
2026-02-23 15:18:16,044 [src.preprocess] DEBUG: Extracted 0 HTML titles from data/10k_raw/MPC/10-K/0001510295-21-000027/primary-document.html
2026-02-23 15:18:16,168 [src.preprocess] DEBUG: Extracted 0 HTML titles from data/10k_raw/MPC/10-K/0001510295-22-000011/primary-document.html
2026-02-23 15:18:16,294 [src.preprocess] DEBUG: Extracted 0 HTML titles from data/10k_raw/MPC/10-K/0001510295-23-000012/primary-document.html
2026-02-23 15:18:16,390 [src.preprocess] DEBUG: Extracted 0 HTML titles from data/10k_raw/MPC/10-K/0001510295-24-000015/primary-document.html
2026-02-23 15:18:16,630 [src.preprocess] DEBUG: Extracted 0 HTML titles from data/10k_raw/MPWR/10-K/0001437749-15-003820/primary-document.html
2026-02-23 15:18:16,769 [src.preprocess] DEBUG: Extracted 0 HTML titles from data/10k_raw/MPWR/10-K/0001437749-16-026344/primary-document.html
2026-02-23 15:18:16,922 [src.preprocess] DEBUG: Extracted 0 HTML titles from data/10k_raw/MPWR/10-K/0001437749-17-003558/primary-document.html
2026-02-23 15:18:17,081 [src.preprocess] DEBUG: Extracted 0 HTML titles from data/10k_raw/MPWR/10-K/0001437749-18-003639/primary-document.html
2026-02-23 15:18:17,200 [src.preprocess] DEBUG: Extracted 0 HTML titles from data/10k_raw/MPWR/10-K/0001437749-19-003798/primary-document.html
2026-02-23 15:18:17,333 [src.preprocess] DEBUG: Extracted 0 HTML titles from data/10k_raw/MPWR/10-K/0001437749-20-003943/primary-document.html
2026-02-23 15:18:17,494 [src.preprocess] DEBUG: Extracted 0 HTML titles from data/10k_raw/MPWR/10-K/0001437749-21-004587/primary-document.html
2026-02-23 15:18:17,615 [src.preprocess] DEBUG: Extracted 0 HTML titles from data/10k_raw/MPWR/10-K/0001437749-22-004460/primary-document.html
2026-02-23 15:18:17,735 [src.preprocess] DEBUG: Extracted 0 HTML titles from data/10k_raw/MPWR/10-K/0001437749-23-004540/primary-document.html
2026-02-23 15:18:17,886 [src.preprocess] DEBUG: Extracted 0 HTML titles from data/10k_raw/MPWR/10-K/0001437749-24-006133/primary-document.html
2026-02-23 15:18:18,017 [src.preprocess] DEBUG: Extracted 27 HTML titles from data/10k_raw/MRK/10-K/0000310158-15-000005/primary-document.html
2026-02-23 15:18:18,143 [src.preprocess] DEBUG: Extracted 25 HTML titles from data/10k_raw/MRK/10-K/0000310158-16-000063/primary-document.html
2026-02-23 15:18:18,264 [src.preprocess] DEBUG: Extracted 26 HTML titles from data/10k_raw/MRK/10-K/0000310158-17-000010/primary-document.html
2026-02-23 15:18:18,398 [src.preprocess] DEBUG: Extracted 25 HTML titles from data/10k_raw/MRK/10-K/0000310158-18-000005/primary-document.html
2026-02-23 15:18:18,526 [src.preprocess] DEBUG: Extracted 25 HTML titles from data/10k_raw/MRK/10-K/0000310158-19-000014/primary-document.html
2026-02-23 15:18:18,721 [src.preprocess] DEBUG: Extracted 28 HTML titles from data/10k_raw/MRK/10-K/0000310158-20-000005/primary-document.html
2026-02-23 15:18:18,908 [src.preprocess] DEBUG: Extracted 33 HTML titles from data/10k_raw/MRK/10-K/0000310158-21-000004/primary-document.html
2026-02-23 15:18:19,095 [src.preprocess] DEBUG: Extracted 32 HTML titles from data/10k_raw/MRK/10-K/0000310158-22-000003/primary-document.html
2026-02-23 15:18:19,278 [src.preprocess] DEBUG: Extracted 40 HTML titles from data/10k_raw/MRK/10-K/0001628280-23-005061/primary-document.html
2026-02-23 15:18:19,423 [src.preprocess] DEBUG: Extracted 38 HTML titles from data/10k_raw/MRK/10-K/0001628280-24-006850/primary-document.html
2026-02-23 15:18:22,881 [src.preprocess] DEBUG: Extracted 767 HTML titles from data/10k_raw/MS/10-K/0000895421-20-000265/primary-document.html
2026-02-23 15:18:22,935 [src.preprocess] DEBUG: Filtered 18 / 767 HTML titles against item_1a text
2026-02-23 15:18:25,612 [src.preprocess] DEBUG: Extracted 798 HTML titles from data/10k_raw/MS/10-K/0000895421-21-000286/primary-document.html
2026-02-23 15:18:25,674 [src.preprocess] DEBUG: Filtered 27 / 798 HTML titles against item_1a text
2026-02-23 15:18:28,315 [src.preprocess] DEBUG: Extracted 810 HTML titles from data/10k_raw/MS/10-K/0000895421-22-000400/primary-document.html
2026-02-23 15:18:28,373 [src.preprocess] DEBUG: Filtered 30 / 810 HTML titles against item_1a text
2026-02-23 15:18:31,022 [src.preprocess] DEBUG: Extracted 811 HTML titles from data/10k_raw/MS/10-K/0000895421-23-000284/primary-document.html
2026-02-23 15:18:31,081 [src.preprocess] DEBUG: Filtered 28 / 811 HTML titles against item_1a text
2026-02-23 15:18:33,607 [src.preprocess] DEBUG: Extracted 814 HTML titles from data/10k_raw/MS/10-K/0000895421-24-000300/primary-document.html
2026-02-23 15:18:33,668 [src.preprocess] DEBUG: Filtered 26 / 814 HTML titles against item_1a text
2026-02-23 15:18:34,139 [src.preprocess] DEBUG: Extracted 0 HTML titles from data/10k_raw/MS/10-K/0001193125-15-071980/primary-document.html
2026-02-23 15:18:34,372 [src.preprocess] DEBUG: Extracted 0 HTML titles from data/10k_raw/MS/10-K/0001193125-16-473553/primary-document.html
2026-02-23 15:18:34,566 [src.preprocess] DEBUG: Extracted 0 HTML titles from data/10k_raw/MS/10-K/0001193125-17-059212/primary-document.html
2026-02-23 15:18:38,916 [src.preprocess] DEBUG: Extracted 0 HTML titles from data/10k_raw/MS/10-K/0001193125-18-060831/primary-document.html
2026-02-23 15:18:43,794 [src.preprocess] DEBUG: Extracted 0 HTML titles from data/10k_raw/MS/10-K/0001193125-19-051943/primary-document.html
2026-02-23 15:18:43,975 [src.preprocess] DEBUG: Extracted 0 HTML titles from data/10k_raw/MSCI/10-K/0001193125-15-069699/primary-document.html
2026-02-23 15:18:44,092 [src.preprocess] DEBUG: Extracted 0 HTML titles from data/10k_raw/MSCI/10-K/0001193125-16-482334/primary-document.html
2026-02-23 15:18:44,205 [src.preprocess] DEBUG: Extracted 45 HTML titles from data/10k_raw/MSCI/10-K/0001408198-23-000011/primary-document.html
2026-02-23 15:18:44,205 [src.preprocess] DEBUG: Filtered 1 / 45 HTML titles against item_1a text
2026-02-23 15:18:44,306 [src.preprocess] DEBUG: Extracted 45 HTML titles from data/10k_raw/MSCI/10-K/0001408198-24-000030/primary-document.html
2026-02-23 15:18:44,307 [src.preprocess] DEBUG: Filtered 1 / 45 HTML titles against item_1a text
2026-02-23 15:18:46,132 [src.preprocess] DEBUG: Extracted 301 HTML titles from data/10k_raw/MSCI/10-K/0001564590-17-002336/primary-document.html
2026-02-23 15:18:46,147 [src.preprocess] DEBUG: Filtered 28 / 301 HTML titles against item_1a text
2026-02-23 15:18:47,875 [src.preprocess] DEBUG: Extracted 289 HTML titles from data/10k_raw/MSCI/10-K/0001564590-18-003147/primary-document.html
2026-02-23 15:18:47,890 [src.preprocess] DEBUG: Filtered 27 / 289 HTML titles against item_1a text
2026-02-23 15:18:49,651 [src.preprocess] DEBUG: Extracted 286 HTML titles from data/10k_raw/MSCI/10-K/0001564590-19-003885/primary-document.html
2026-02-23 15:18:49,666 [src.preprocess] DEBUG: Filtered 28 / 286 HTML titles against item_1a text
2026-02-23 15:18:51,123 [src.preprocess] DEBUG: Extracted 270 HTML titles from data/10k_raw/MSCI/10-K/0001564590-20-004992/primary-document.html
2026-02-23 15:18:51,134 [src.preprocess] DEBUG: Filtered 17 / 270 HTML titles against item_1a text
2026-02-23 15:18:52,646 [src.preprocess] DEBUG: Extracted 291 HTML titles from data/10k_raw/MSCI/10-K/0001564590-21-005811/primary-document.html
2026-02-23 15:18:52,659 [src.preprocess] DEBUG: Filtered 16 / 291 HTML titles against item_1a text
2026-02-23 15:18:54,418 [src.preprocess] DEBUG: Extracted 294 HTML titles from data/10k_raw/MSCI/10-K/0001564590-22-004803/primary-document.html
2026-02-23 15:18:54,434 [src.preprocess] DEBUG: Filtered 15 / 294 HTML titles against item_1a text
2026-02-23 15:18:54,805 [src.preprocess] DEBUG: Extracted 71 HTML titles from data/10k_raw/MSFT/10-K/0000950170-23-035122/primary-document.html
2026-02-23 15:18:55,016 [src.preprocess] DEBUG: Extracted 68 HTML titles from data/10k_raw/MSFT/10-K/0000950170-24-087843/primary-document.html
2026-02-23 15:18:55,213 [src.preprocess] DEBUG: Extracted 0 HTML titles from data/10k_raw/MSFT/10-K/0001193125-15-272806/primary-document.html
2026-02-23 15:18:55,305 [src.preprocess] DEBUG: Extracted 0 HTML titles from data/10k_raw/MSFT/10-K/0001193125-16-662209/primary-document.html
2026-02-23 15:18:55,460 [src.preprocess] DEBUG: Extracted 6 HTML titles from data/10k_raw/MSFT/10-K/0001564590-17-014900/primary-document.html
2026-02-23 15:18:55,460 [src.preprocess] DEBUG: Filtered 2 / 6 HTML titles against item_1a text
2026-02-23 15:18:55,627 [src.preprocess] DEBUG: Extracted 24 HTML titles from data/10k_raw/MSFT/10-K/0001564590-18-019062/primary-document.html
2026-02-23 15:18:55,627 [src.preprocess] DEBUG: Filtered 3 / 24 HTML titles against item_1a text
2026-02-23 15:18:55,787 [src.preprocess] DEBUG: Extracted 20 HTML titles from data/10k_raw/MSFT/10-K/0001564590-19-027952/primary-document.html
2026-02-23 15:18:55,787 [src.preprocess] DEBUG: Filtered 3 / 20 HTML titles against item_1a text
2026-02-23 15:18:55,962 [src.preprocess] DEBUG: Extracted 18 HTML titles from data/10k_raw/MSFT/10-K/0001564590-20-034944/primary-document.html
2026-02-23 15:18:55,963 [src.preprocess] DEBUG: Filtered 2 / 18 HTML titles against item_1a text
2026-02-23 15:18:56,133 [src.preprocess] DEBUG: Extracted 17 HTML titles from data/10k_raw/MSFT/10-K/0001564590-21-039151/primary-document.html
2026-02-23 15:18:56,134 [src.preprocess] DEBUG: Filtered 1 / 17 HTML titles against item_1a text
2026-02-23 15:18:56,305 [src.preprocess] DEBUG: Extracted 14 HTML titles from data/10k_raw/MSFT/10-K/0001564590-22-026876/primary-document.html
2026-02-23 15:18:56,305 [src.preprocess] DEBUG: Filtered 2 / 14 HTML titles against item_1a text
2026-02-23 15:18:57,626 [src.preprocess] DEBUG: Extracted 241 HTML titles from data/10k_raw/MSI/10-K/0000068505-15-000003/primary-document.html
2026-02-23 15:18:57,637 [src.preprocess] DEBUG: Filtered 38 / 241 HTML titles against item_1a text
2026-02-23 15:18:59,016 [src.preprocess] DEBUG: Extracted 242 HTML titles from data/10k_raw/MSI/10-K/0000068505-16-000017/primary-document.html
2026-02-23 15:18:59,028 [src.preprocess] DEBUG: Filtered 35 / 242 HTML titles against item_1a text
2026-02-23 15:19:00,412 [src.preprocess] DEBUG: Extracted 241 HTML titles from data/10k_raw/MSI/10-K/0000068505-17-000002/primary-document.html
2026-02-23 15:19:00,424 [src.preprocess] DEBUG: Filtered 35 / 241 HTML titles against item_1a text
2026-02-23 15:19:01,801 [src.preprocess] DEBUG: Extracted 245 HTML titles from data/10k_raw/MSI/10-K/0000068505-18-000009/primary-document.html
2026-02-23 15:19:01,813 [src.preprocess] DEBUG: Filtered 39 / 245 HTML titles against item_1a text
2026-02-23 15:19:03,287 [src.preprocess] DEBUG: Extracted 251 HTML titles from data/10k_raw/MSI/10-K/0000068505-19-000006/primary-document.html
2026-02-23 15:19:03,300 [src.preprocess] DEBUG: Filtered 36 / 251 HTML titles against item_1a text
2026-02-23 15:19:04,509 [src.preprocess] DEBUG: Extracted 249 HTML titles from data/10k_raw/MSI/10-K/0000068505-20-000006/primary-document.html
2026-02-23 15:19:04,521 [src.preprocess] DEBUG: Filtered 36 / 249 HTML titles against item_1a text
2026-02-23 15:19:05,402 [src.preprocess] DEBUG: Extracted 279 HTML titles from data/10k_raw/MSI/10-K/0000068505-21-000008/primary-document.html
2026-02-23 15:19:05,417 [src.preprocess] DEBUG: Filtered 38 / 279 HTML titles against item_1a text
2026-02-23 15:19:06,222 [src.preprocess] DEBUG: Extracted 262 HTML titles from data/10k_raw/MSI/10-K/0000068505-22-000010/primary-document.html
2026-02-23 15:19:06,235 [src.preprocess] DEBUG: Filtered 38 / 262 HTML titles against item_1a text
2026-02-23 15:19:07,067 [src.preprocess] DEBUG: Extracted 276 HTML titles from data/10k_raw/MSI/10-K/0000068505-23-000015/primary-document.html
2026-02-23 15:19:07,082 [src.preprocess] DEBUG: Filtered 39 / 276 HTML titles against item_1a text
2026-02-23 15:19:07,849 [src.preprocess] DEBUG: Extracted 276 HTML titles from data/10k_raw/MSI/10-K/0000068505-24-000008/primary-document.html
2026-02-23 15:19:07,864 [src.preprocess] DEBUG: Filtered 40 / 276 HTML titles against item_1a text
2026-02-23 15:19:08,501 [src.preprocess] DEBUG: Extracted 11 HTML titles from data/10k_raw/MTB/10-K/0000950170-23-003804/primary-document.html
2026-02-23 15:19:08,891 [src.preprocess] DEBUG: Extracted 9 HTML titles from data/10k_raw/MTB/10-K/0000950170-24-017990/primary-document.html
2026-02-23 15:19:09,030 [src.preprocess] DEBUG: Extracted 0 HTML titles from data/10k_raw/MTB/10-K/0001193125-15-056342/primary-document.html
2026-02-23 15:19:09,172 [src.preprocess] DEBUG: Extracted 0 HTML titles from data/10k_raw/MTB/10-K/0001193125-16-469957/primary-document.html
2026-02-23 15:19:13,750 [src.preprocess] DEBUG: Extracted 415 HTML titles from data/10k_raw/MTB/10-K/0001564590-17-002016/primary-document.html
2026-02-23 15:19:13,790 [src.preprocess] DEBUG: Filtered 76 / 415 HTML titles against item_1a text
2026-02-23 15:19:18,786 [src.preprocess] DEBUG: Extracted 422 HTML titles from data/10k_raw/MTB/10-K/0001564590-18-002855/primary-document.html
2026-02-23 15:19:18,824 [src.preprocess] DEBUG: Filtered 78 / 422 HTML titles against item_1a text
2026-02-23 15:19:23,906 [src.preprocess] DEBUG: Extracted 424 HTML titles from data/10k_raw/MTB/10-K/0001564590-19-003467/primary-document.html
2026-02-23 15:19:23,946 [src.preprocess] DEBUG: Filtered 67 / 424 HTML titles against item_1a text
2026-02-23 15:19:28,840 [src.preprocess] DEBUG: Extracted 424 HTML titles from data/10k_raw/MTB/10-K/0001564590-20-005365/primary-document.html
2026-02-23 15:19:28,878 [src.preprocess] DEBUG: Filtered 65 / 424 HTML titles against item_1a text
2026-02-23 15:19:34,069 [src.preprocess] DEBUG: Extracted 439 HTML titles from data/10k_raw/MTB/10-K/0001564590-21-007188/primary-document.html
2026-02-23 15:19:34,110 [src.preprocess] DEBUG: Filtered 69 / 439 HTML titles against item_1a text
2026-02-23 15:19:39,531 [src.preprocess] DEBUG: Extracted 435 HTML titles from data/10k_raw/MTB/10-K/0001564590-22-005400/primary-document.html
2026-02-23 15:19:39,575 [src.preprocess] DEBUG: Filtered 68 / 435 HTML titles against item_1a text
2026-02-23 15:19:41,881 [src.preprocess] DEBUG: Extracted 324 HTML titles from data/10k_raw/MTCH/10-K/0000891103-15-000004/primary-document.html
2026-02-23 15:19:41,896 [src.preprocess] DEBUG: Filtered 55 / 324 HTML titles against item_1a text
2026-02-23 15:19:43,804 [src.preprocess] DEBUG: Extracted 353 HTML titles from data/10k_raw/MTCH/10-K/0000891103-16-000023/primary-document.html
2026-02-23 15:19:43,822 [src.preprocess] DEBUG: Filtered 58 / 353 HTML titles against item_1a text
2026-02-23 15:19:45,994 [src.preprocess] DEBUG: Extracted 391 HTML titles from data/10k_raw/MTCH/10-K/0000891103-17-000003/primary-document.html
2026-02-23 15:19:46,013 [src.preprocess] DEBUG: Filtered 62 / 391 HTML titles against item_1a text
2026-02-23 15:19:48,263 [src.preprocess] DEBUG: Extracted 394 HTML titles from data/10k_raw/MTCH/10-K/0000891103-18-000003/primary-document.html
2026-02-23 15:19:48,285 [src.preprocess] DEBUG: Filtered 59 / 394 HTML titles against item_1a text
2026-02-23 15:19:50,698 [src.preprocess] DEBUG: Extracted 417 HTML titles from data/10k_raw/MTCH/10-K/0000891103-19-000006/primary-document.html
2026-02-23 15:19:50,719 [src.preprocess] DEBUG: Filtered 60 / 417 HTML titles against item_1a text
2026-02-23 15:19:52,228 [src.preprocess] DEBUG: Extracted 404 HTML titles from data/10k_raw/MTCH/10-K/0000891103-20-000004/primary-document.html
2026-02-23 15:19:52,250 [src.preprocess] DEBUG: Filtered 77 / 404 HTML titles against item_1a text
2026-02-23 15:19:52,395 [src.preprocess] DEBUG: Extracted 47 HTML titles from data/10k_raw/MTCH/10-K/0000891103-21-000014/primary-document.html
2026-02-23 15:19:52,396 [src.preprocess] DEBUG: Filtered 2 / 47 HTML titles against item_1a text
2026-02-23 15:19:52,515 [src.preprocess] DEBUG: Extracted 46 HTML titles from data/10k_raw/MTCH/10-K/0000891103-22-000020/primary-document.html
2026-02-23 15:19:52,515 [src.preprocess] DEBUG: Filtered 2 / 46 HTML titles against item_1a text
2026-02-23 15:19:52,625 [src.preprocess] DEBUG: Extracted 46 HTML titles from data/10k_raw/MTCH/10-K/0000891103-23-000013/primary-document.html
2026-02-23 15:19:52,625 [src.preprocess] DEBUG: Filtered 2 / 46 HTML titles against item_1a text
2026-02-23 15:19:52,714 [src.preprocess] DEBUG: Extracted 43 HTML titles from data/10k_raw/MTCH/10-K/0000891103-24-000014/primary-document.html
2026-02-23 15:19:52,715 [src.preprocess] DEBUG: Filtered 2 / 43 HTML titles against item_1a text
2026-02-23 15:19:52,793 [src.preprocess] DEBUG: Extracted 2 HTML titles from data/10k_raw/MTD/10-K/0001037646-15-000008/primary-document.html
2026-02-23 15:19:52,867 [src.preprocess] DEBUG: Extracted 2 HTML titles from data/10k_raw/MTD/10-K/0001037646-16-000043/primary-document.html
2026-02-23 15:19:52,944 [src.preprocess] DEBUG: Extracted 2 HTML titles from data/10k_raw/MTD/10-K/0001037646-17-000004/primary-document.html
2026-02-23 15:19:53,022 [src.preprocess] DEBUG: Extracted 2 HTML titles from data/10k_raw/MTD/10-K/0001037646-18-000006/primary-document.html
2026-02-23 15:19:53,102 [src.preprocess] DEBUG: Extracted 2 HTML titles from data/10k_raw/MTD/10-K/0001037646-19-000010/primary-document.html
2026-02-23 15:19:53,206 [src.preprocess] DEBUG: Extracted 2 HTML titles from data/10k_raw/MTD/10-K/0001037646-20-000005/primary-document.html
2026-02-23 15:19:53,301 [src.preprocess] DEBUG: Extracted 8 HTML titles from data/10k_raw/MTD/10-K/0001037646-21-000008/primary-document.html
2026-02-23 15:19:53,396 [src.preprocess] DEBUG: Extracted 8 HTML titles from data/10k_raw/MTD/10-K/0001037646-22-000008/primary-document.html
2026-02-23 15:19:53,489 [src.preprocess] DEBUG: Extracted 8 HTML titles from data/10k_raw/MTD/10-K/0001037646-23-000005/primary-document.html
2026-02-23 15:19:53,564 [src.preprocess] DEBUG: Extracted 8 HTML titles from data/10k_raw/MTD/10-K/0001037646-24-000007/primary-document.html
2026-02-23 15:19:53,802 [src.preprocess] DEBUG: Extracted 49 HTML titles from data/10k_raw/MU/10-K/0000723125-15-000112/primary-document.html
2026-02-23 15:19:53,803 [src.preprocess] DEBUG: Filtered 1 / 49 HTML titles against item_1a text
2026-02-23 15:19:53,953 [src.preprocess] DEBUG: Extracted 56 HTML titles from data/10k_raw/MU/10-K/0000723125-16-000269/primary-document.html
2026-02-23 15:19:53,954 [src.preprocess] DEBUG: Filtered 1 / 56 HTML titles against item_1a text
2026-02-23 15:19:54,094 [src.preprocess] DEBUG: Extracted 54 HTML titles from data/10k_raw/MU/10-K/0000723125-17-000131/primary-document.html
2026-02-23 15:19:54,277 [src.preprocess] DEBUG: Extracted 62 HTML titles from data/10k_raw/MU/10-K/0000723125-18-000092/primary-document.html
2026-02-23 15:19:54,418 [src.preprocess] DEBUG: Extracted 61 HTML titles from data/10k_raw/MU/10-K/0000723125-19-000094/primary-document.html
2026-02-23 15:19:54,548 [src.preprocess] DEBUG: Extracted 72 HTML titles from data/10k_raw/MU/10-K/0000723125-20-000082/primary-document.html
2026-02-23 15:19:54,703 [src.preprocess] DEBUG: Extracted 84 HTML titles from data/10k_raw/MU/10-K/0000723125-21-000065/primary-document.html
2026-02-23 15:19:54,819 [src.preprocess] DEBUG: Extracted 78 HTML titles from data/10k_raw/MU/10-K/0000723125-22-000048/primary-document.html
2026-02-23 15:19:54,923 [src.preprocess] DEBUG: Extracted 72 HTML titles from data/10k_raw/MU/10-K/0000723125-23-000054/primary-document.html
2026-02-23 15:19:55,026 [src.preprocess] DEBUG: Extracted 72 HTML titles from data/10k_raw/MU/10-K/0000723125-24-000027/primary-document.html
2026-02-23 15:19:55,128 [src.preprocess] DEBUG: Extracted 1 HTML titles from data/10k_raw/NCLH/10-K/0001144204-18-011097/primary-document.html
2026-02-23 15:19:55,128 [src.preprocess] DEBUG: Filtered 1 / 1 HTML titles against item_1a text
2026-02-23 15:19:55,192 [src.preprocess] DEBUG: Extracted 0 HTML titles from data/10k_raw/NCLH/10-K/0001144204-19-010508/primary-document.html
2026-02-23 15:19:55,292 [src.preprocess] DEBUG: Extracted 15 HTML titles from data/10k_raw/NCLH/10-K/0001558370-20-001661/primary-document.html
2026-02-23 15:19:55,415 [src.preprocess] DEBUG: Extracted 23 HTML titles from data/10k_raw/NCLH/10-K/0001558370-21-001998/primary-document.html
2026-02-23 15:19:55,565 [src.preprocess] DEBUG: Extracted 44 HTML titles from data/10k_raw/NCLH/10-K/0001558370-22-002516/primary-document.html
2026-02-23 15:19:55,709 [src.preprocess] DEBUG: Extracted 43 HTML titles from data/10k_raw/NCLH/10-K/0001558370-23-002361/primary-document.html
2026-02-23 15:19:55,861 [src.preprocess] DEBUG: Extracted 22 HTML titles from data/10k_raw/NCLH/10-K/0001558370-24-001935/primary-document.html
2026-02-23 15:19:55,954 [src.preprocess] DEBUG: Extracted 0 HTML titles from data/10k_raw/NCLH/10-K/0001571049-15-001498/primary-document.html
2026-02-23 15:19:56,043 [src.preprocess] DEBUG: Extracted 3 HTML titles from data/10k_raw/NCLH/10-K/0001571049-16-012414/primary-document.html
2026-02-23 15:19:56,043 [src.preprocess] DEBUG: Filtered 2 / 3 HTML titles against item_1a text
2026-02-23 15:19:56,140 [src.preprocess] DEBUG: Extracted 1 HTML titles from data/10k_raw/NCLH/10-K/0001571049-17-001650/primary-document.html
2026-02-23 15:19:56,140 [src.preprocess] DEBUG: Filtered 1 / 1 HTML titles against item_1a text
2026-02-23 15:19:56,348 [src.preprocess] DEBUG: Extracted 37 HTML titles from data/10k_raw/NDAQ/10-K/0001120193-15-000003/primary-document.html
2026-02-23 15:19:56,514 [src.preprocess] DEBUG: Extracted 32 HTML titles from data/10k_raw/NDAQ/10-K/0001120193-16-000020/primary-document.html
2026-02-23 15:19:58,046 [src.preprocess] DEBUG: Extracted 468 HTML titles from data/10k_raw/NDAQ/10-K/0001120193-17-000003/primary-document.html
2026-02-23 15:19:58,075 [src.preprocess] DEBUG: Filtered 34 / 468 HTML titles against item_1a text
2026-02-23 15:19:59,773 [src.preprocess] DEBUG: Extracted 476 HTML titles from data/10k_raw/NDAQ/10-K/0001120193-18-000003/primary-document.html
2026-02-23 15:19:59,803 [src.preprocess] DEBUG: Filtered 28 / 476 HTML titles against item_1a text
2026-02-23 15:20:00,048 [src.preprocess] DEBUG: Extracted 74 HTML titles from data/10k_raw/NDAQ/10-K/0001120193-19-000002/primary-document.html
2026-02-23 15:20:00,214 [src.preprocess] DEBUG: Extracted 80 HTML titles from data/10k_raw/NDAQ/10-K/0001120193-20-000004/primary-document.html
2026-02-23 15:20:00,357 [src.preprocess] DEBUG: Extracted 88 HTML titles from data/10k_raw/NDAQ/10-K/0001120193-21-000011/primary-document.html
2026-02-23 15:20:00,500 [src.preprocess] DEBUG: Extracted 88 HTML titles from data/10k_raw/NDAQ/10-K/0001120193-22-000007/primary-document.html
2026-02-23 15:20:00,677 [src.preprocess] DEBUG: Extracted 83 HTML titles from data/10k_raw/NDAQ/10-K/0001120193-23-000014/primary-document.html
2026-02-23 15:20:00,803 [src.preprocess] DEBUG: Extracted 83 HTML titles from data/10k_raw/NDAQ/10-K/0001120193-24-000006/primary-document.html
2026-02-23 15:20:00,914 [src.preprocess] DEBUG: Extracted 50 HTML titles from data/10k_raw/NDSN/10-K/0000072331-20-000024/primary-document.html
2026-02-23 15:20:00,915 [src.preprocess] DEBUG: Filtered 2 / 50 HTML titles against item_1a text
2026-02-23 15:20:01,014 [src.preprocess] DEBUG: Extracted 47 HTML titles from data/10k_raw/NDSN/10-K/0000072331-21-000079/primary-document.html
2026-02-23 15:20:01,014 [src.preprocess] DEBUG: Filtered 1 / 47 HTML titles against item_1a text
2026-02-23 15:20:01,107 [src.preprocess] DEBUG: Extracted 32 HTML titles from data/10k_raw/NDSN/10-K/0000072331-22-000185/primary-document.html
2026-02-23 15:20:01,107 [src.preprocess] DEBUG: Filtered 1 / 32 HTML titles against item_1a text
2026-02-23 15:20:01,185 [src.preprocess] DEBUG: Extracted 31 HTML titles from data/10k_raw/NDSN/10-K/0000072331-23-000242/primary-document.html
2026-02-23 15:20:01,185 [src.preprocess] DEBUG: Filtered 1 / 31 HTML titles against item_1a text
2026-02-23 15:20:01,265 [src.preprocess] DEBUG: Extracted 30 HTML titles from data/10k_raw/NDSN/10-K/0000072331-24-000177/primary-document.html
2026-02-23 15:20:01,265 [src.preprocess] DEBUG: Filtered 1 / 30 HTML titles against item_1a text
2026-02-23 15:20:01,415 [src.preprocess] DEBUG: Extracted 29 HTML titles from data/10k_raw/NDSN/10-K/0001564590-15-011507/primary-document.html
2026-02-23 15:20:01,415 [src.preprocess] DEBUG: Filtered 4 / 29 HTML titles against item_1a text
2026-02-23 15:20:01,566 [src.preprocess] DEBUG: Extracted 28 HTML titles from data/10k_raw/NDSN/10-K/0001564590-16-030237/primary-document.html
2026-02-23 15:20:01,566 [src.preprocess] DEBUG: Filtered 4 / 28 HTML titles against item_1a text
2026-02-23 15:20:01,719 [src.preprocess] DEBUG: Extracted 27 HTML titles from data/10k_raw/NDSN/10-K/0001564590-17-024983/primary-document.html
2026-02-23 15:20:01,719 [src.preprocess] DEBUG: Filtered 4 / 27 HTML titles against item_1a text
2026-02-23 15:20:01,870 [src.preprocess] DEBUG: Extracted 28 HTML titles from data/10k_raw/NDSN/10-K/0001564590-18-030928/primary-document.html
2026-02-23 15:20:01,870 [src.preprocess] DEBUG: Filtered 3 / 28 HTML titles against item_1a text
2026-02-23 15:20:02,047 [src.preprocess] DEBUG: Extracted 28 HTML titles from data/10k_raw/NDSN/10-K/0001564590-19-045927/primary-document.html
2026-02-23 15:20:02,047 [src.preprocess] DEBUG: Filtered 3 / 28 HTML titles against item_1a text
2026-02-23 15:20:02,296 [src.preprocess] DEBUG: Extracted 49 HTML titles from data/10k_raw/NEE/10-K/0000753308-15-000079/primary-document.html
2026-02-23 15:20:02,535 [src.preprocess] DEBUG: Extracted 47 HTML titles from data/10k_raw/NEE/10-K/0000753308-16-000337/primary-document.html
2026-02-23 15:20:02,536 [src.preprocess] DEBUG: Filtered 1 / 47 HTML titles against item_1a text
2026-02-23 15:20:02,781 [src.preprocess] DEBUG: Extracted 38 HTML titles from data/10k_raw/NEE/10-K/0000753308-17-000060/primary-document.html
2026-02-23 15:20:02,781 [src.preprocess] DEBUG: Filtered 1 / 38 HTML titles against item_1a text
2026-02-23 15:20:02,988 [src.preprocess] DEBUG: Extracted 38 HTML titles from data/10k_raw/NEE/10-K/0000753308-18-000013/primary-document.html
2026-02-23 15:20:02,989 [src.preprocess] DEBUG: Filtered 1 / 38 HTML titles against item_1a text
2026-02-23 15:20:03,242 [src.preprocess] DEBUG: Extracted 40 HTML titles from data/10k_raw/NEE/10-K/0000753308-19-000039/primary-document.html
2026-02-23 15:20:03,243 [src.preprocess] DEBUG: Filtered 1 / 40 HTML titles against item_1a text
2026-02-23 15:20:03,502 [src.preprocess] DEBUG: Extracted 39 HTML titles from data/10k_raw/NEE/10-K/0000753308-20-000021/primary-document.html
2026-02-23 15:20:03,503 [src.preprocess] DEBUG: Filtered 1 / 39 HTML titles against item_1a text
2026-02-23 15:20:03,705 [src.preprocess] DEBUG: Extracted 41 HTML titles from data/10k_raw/NEE/10-K/0000753308-21-000014/primary-document.html
2026-02-23 15:20:03,705 [src.preprocess] DEBUG: Filtered 1 / 41 HTML titles against item_1a text
2026-02-23 15:20:03,949 [src.preprocess] DEBUG: Extracted 47 HTML titles from data/10k_raw/NEE/10-K/0000753308-22-000014/primary-document.html
2026-02-23 15:20:03,950 [src.preprocess] DEBUG: Filtered 1 / 47 HTML titles against item_1a text
2026-02-23 15:20:04,145 [src.preprocess] DEBUG: Extracted 46 HTML titles from data/10k_raw/NEE/10-K/0000753308-23-000019/primary-document.html
2026-02-23 15:20:04,145 [src.preprocess] DEBUG: Filtered 1 / 46 HTML titles against item_1a text
2026-02-23 15:20:04,317 [src.preprocess] DEBUG: Extracted 44 HTML titles from data/10k_raw/NEE/10-K/0000753308-24-000008/primary-document.html
2026-02-23 15:20:04,318 [src.preprocess] DEBUG: Filtered 2 / 44 HTML titles against item_1a text
2026-02-23 15:20:06,292 [src.preprocess] DEBUG: Extracted 412 HTML titles from data/10k_raw/NEM/10-K/0001164727-21-000027/primary-document.html
2026-02-23 15:20:06,329 [src.preprocess] DEBUG: Filtered 100 / 412 HTML titles against item_1a text
2026-02-23 15:20:08,461 [src.preprocess] DEBUG: Extracted 441 HTML titles from data/10k_raw/NEM/10-K/0001164727-22-000007/primary-document.html
2026-02-23 15:20:08,501 [src.preprocess] DEBUG: Filtered 113 / 441 HTML titles against item_1a text
2026-02-23 15:20:10,692 [src.preprocess] DEBUG: Extracted 445 HTML titles from data/10k_raw/NEM/10-K/0001164727-23-000011/primary-document.html
2026-02-23 15:20:10,733 [src.preprocess] DEBUG: Filtered 109 / 445 HTML titles against item_1a text
2026-02-23 15:20:12,857 [src.preprocess] DEBUG: Extracted 499 HTML titles from data/10k_raw/NEM/10-K/0001164727-24-000016/primary-document.html
2026-02-23 15:20:12,907 [src.preprocess] DEBUG: Filtered 112 / 499 HTML titles against item_1a text
2026-02-23 15:20:13,346 [src.preprocess] DEBUG: Extracted 1 HTML titles from data/10k_raw/NEM/10-K/0001558370-16-003258/primary-document.html
2026-02-23 15:20:13,766 [src.preprocess] DEBUG: Extracted 1 HTML titles from data/10k_raw/NEM/10-K/0001558370-17-000729/primary-document.html
2026-02-23 15:20:13,766 [src.preprocess] DEBUG: Filtered 1 / 1 HTML titles against item_1a text
2026-02-23 15:20:14,373 [src.preprocess] DEBUG: Extracted 16 HTML titles from data/10k_raw/NEM/10-K/0001558370-18-000894/primary-document.html
2026-02-23 15:20:14,373 [src.preprocess] DEBUG: Filtered 3 / 16 HTML titles against item_1a text
2026-02-23 15:20:14,866 [src.preprocess] DEBUG: Extracted 16 HTML titles from data/10k_raw/NEM/10-K/0001558370-19-000806/primary-document.html
2026-02-23 15:20:14,866 [src.preprocess] DEBUG: Filtered 3 / 16 HTML titles against item_1a text
2026-02-23 15:20:15,286 [src.preprocess] DEBUG: Extracted 4 HTML titles from data/10k_raw/NEM/10-K/0001558370-20-001041/primary-document.html
2026-02-23 15:20:19,813 [src.preprocess] DEBUG: Extracted 347 HTML titles from data/10k_raw/NEM/10-K/0001564590-15-000777/primary-document.html
2026-02-23 15:20:19,838 [src.preprocess] DEBUG: Filtered 53 / 347 HTML titles against item_1a text
2026-02-23 15:20:20,199 [src.preprocess] DEBUG: Extracted 33 HTML titles from data/10k_raw/NFLX/10-K/0001065280-15-000006/primary-document.html
2026-02-23 15:20:20,261 [src.preprocess] DEBUG: Extracted 33 HTML titles from data/10k_raw/NFLX/10-K/0001065280-16-000047/primary-document.html
2026-02-23 15:20:20,328 [src.preprocess] DEBUG: Extracted 34 HTML titles from data/10k_raw/NFLX/10-K/0001065280-18-000069/primary-document.html
2026-02-23 15:20:20,410 [src.preprocess] DEBUG: Extracted 34 HTML titles from data/10k_raw/NFLX/10-K/0001065280-19-000043/primary-document.html
2026-02-23 15:20:20,487 [src.preprocess] DEBUG: Extracted 33 HTML titles from data/10k_raw/NFLX/10-K/0001065280-20-000040/primary-document.html
2026-02-23 15:20:20,554 [src.preprocess] DEBUG: Extracted 43 HTML titles from data/10k_raw/NFLX/10-K/0001065280-21-000040/primary-document.html
2026-02-23 15:20:20,619 [src.preprocess] DEBUG: Extracted 40 HTML titles from data/10k_raw/NFLX/10-K/0001065280-22-000036/primary-document.html
2026-02-23 15:20:20,684 [src.preprocess] DEBUG: Extracted 40 HTML titles from data/10k_raw/NFLX/10-K/0001065280-23-000035/primary-document.html
2026-02-23 15:20:20,685 [src.preprocess] DEBUG: Filtered 1 / 40 HTML titles against item_1a text
2026-02-23 15:20:20,745 [src.preprocess] DEBUG: Extracted 40 HTML titles from data/10k_raw/NFLX/10-K/0001065280-24-000030/primary-document.html
2026-02-23 15:20:20,812 [src.preprocess] DEBUG: Extracted 33 HTML titles from data/10k_raw/NFLX/10-K/0001628280-17-000496/primary-document.html
2026-02-23 15:20:20,981 [src.preprocess] DEBUG: Extracted 21 HTML titles from data/10k_raw/NI/10-K/0001111711-15-000008/primary-document.html
2026-02-23 15:20:21,130 [src.preprocess] DEBUG: Extracted 19 HTML titles from data/10k_raw/NI/10-K/0001111711-16-000049/primary-document.html
2026-02-23 15:20:23,054 [src.preprocess] DEBUG: Extracted 291 HTML titles from data/10k_raw/NI/10-K/0001111711-17-000011/primary-document.html
2026-02-23 15:20:23,065 [src.preprocess] DEBUG: Filtered 40 / 291 HTML titles against item_1a text
2026-02-23 15:20:24,861 [src.preprocess] DEBUG: Extracted 294 HTML titles from data/10k_raw/NI/10-K/0001111711-18-000008/primary-document.html
2026-02-23 15:20:24,872 [src.preprocess] DEBUG: Filtered 35 / 294 HTML titles against item_1a text
2026-02-23 15:20:26,536 [src.preprocess] DEBUG: Extracted 276 HTML titles from data/10k_raw/NI/10-K/0001111711-19-000008/primary-document.html
2026-02-23 15:20:26,545 [src.preprocess] DEBUG: Filtered 32 / 276 HTML titles against item_1a text
2026-02-23 15:20:27,893 [src.preprocess] DEBUG: Extracted 284 HTML titles from data/10k_raw/NI/10-K/0001111711-20-000013/primary-document.html
2026-02-23 15:20:27,902 [src.preprocess] DEBUG: Filtered 32 / 284 HTML titles against item_1a text
2026-02-23 15:20:28,966 [src.preprocess] DEBUG: Extracted 339 HTML titles from data/10k_raw/NI/10-K/0001111711-21-000010/primary-document.html
2026-02-23 15:20:28,987 [src.preprocess] DEBUG: Filtered 61 / 339 HTML titles against item_1a text
2026-02-23 15:20:30,015 [src.preprocess] DEBUG: Extracted 370 HTML titles from data/10k_raw/NI/10-K/0001111711-22-000007/primary-document.html
2026-02-23 15:20:30,040 [src.preprocess] DEBUG: Filtered 64 / 370 HTML titles against item_1a text
2026-02-23 15:20:31,063 [src.preprocess] DEBUG: Extracted 375 HTML titles from data/10k_raw/NI/10-K/0001111711-23-000006/primary-document.html
2026-02-23 15:20:31,083 [src.preprocess] DEBUG: Filtered 57 / 375 HTML titles against item_1a text
2026-02-23 15:20:32,090 [src.preprocess] DEBUG: Extracted 376 HTML titles from data/10k_raw/NI/10-K/0001111711-24-000011/primary-document.html
2026-02-23 15:20:32,111 [src.preprocess] DEBUG: Filtered 54 / 376 HTML titles against item_1a text
2026-02-23 15:20:33,628 [src.preprocess] DEBUG: Extracted 400 HTML titles from data/10k_raw/NKE/10-K/0000320187-15-000113/primary-document.html
2026-02-23 15:20:33,646 [src.preprocess] DEBUG: Filtered 68 / 400 HTML titles against item_1a text
2026-02-23 15:20:35,024 [src.preprocess] DEBUG: Extracted 361 HTML titles from data/10k_raw/NKE/10-K/0000320187-16-000336/primary-document.html
2026-02-23 15:20:35,041 [src.preprocess] DEBUG: Filtered 74 / 361 HTML titles against item_1a text
2026-02-23 15:20:36,424 [src.preprocess] DEBUG: Extracted 360 HTML titles from data/10k_raw/NKE/10-K/0000320187-17-000090/primary-document.html
2026-02-23 15:20:36,441 [src.preprocess] DEBUG: Filtered 74 / 360 HTML titles against item_1a text
2026-02-23 15:20:37,694 [src.preprocess] DEBUG: Extracted 354 HTML titles from data/10k_raw/NKE/10-K/0000320187-18-000142/primary-document.html
2026-02-23 15:20:37,709 [src.preprocess] DEBUG: Filtered 72 / 354 HTML titles against item_1a text
2026-02-23 15:20:37,882 [src.preprocess] DEBUG: Extracted 50 HTML titles from data/10k_raw/NKE/10-K/0000320187-19-000051/primary-document.html
2026-02-23 15:20:38,009 [src.preprocess] DEBUG: Extracted 53 HTML titles from data/10k_raw/NKE/10-K/0000320187-20-000047/primary-document.html
2026-02-23 15:20:38,124 [src.preprocess] DEBUG: Extracted 63 HTML titles from data/10k_raw/NKE/10-K/0000320187-21-000028/primary-document.html
2026-02-23 15:20:38,237 [src.preprocess] DEBUG: Extracted 65 HTML titles from data/10k_raw/NKE/10-K/0000320187-22-000038/primary-document.html
2026-02-23 15:20:38,331 [src.preprocess] DEBUG: Extracted 65 HTML titles from data/10k_raw/NKE/10-K/0000320187-23-000039/primary-document.html
2026-02-23 15:20:38,426 [src.preprocess] DEBUG: Extracted 65 HTML titles from data/10k_raw/NKE/10-K/0000320187-24-000044/primary-document.html
2026-02-23 15:20:38,532 [src.preprocess] DEBUG: Extracted 14 HTML titles from data/10k_raw/NOC/10-K/0001133421-15-000008/primary-document.html
2026-02-23 15:20:38,612 [src.preprocess] DEBUG: Extracted 14 HTML titles from data/10k_raw/NOC/10-K/0001133421-16-000065/primary-document.html
2026-02-23 15:20:38,732 [src.preprocess] DEBUG: Extracted 31 HTML titles from data/10k_raw/NOC/10-K/0001133421-17-000008/primary-document.html
2026-02-23 15:20:38,859 [src.preprocess] DEBUG: Extracted 32 HTML titles from data/10k_raw/NOC/10-K/0001133421-18-000005/primary-document.html
2026-02-23 15:20:40,743 [src.preprocess] DEBUG: Extracted 263 HTML titles from data/10k_raw/NOC/10-K/0001133421-19-000007/primary-document.html
2026-02-23 15:20:40,753 [src.preprocess] DEBUG: Filtered 33 / 263 HTML titles against item_1a text
2026-02-23 15:20:41,977 [src.preprocess] DEBUG: Extracted 247 HTML titles from data/10k_raw/NOC/10-K/0001133421-20-000006/primary-document.html
2026-02-23 15:20:41,986 [src.preprocess] DEBUG: Filtered 32 / 247 HTML titles against item_1a text
2026-02-23 15:20:42,115 [src.preprocess] DEBUG: Extracted 15 HTML titles from data/10k_raw/NOC/10-K/0001133421-21-000006/primary-document.html
2026-02-23 15:20:42,223 [src.preprocess] DEBUG: Extracted 16 HTML titles from data/10k_raw/NOC/10-K/0001133421-22-000004/primary-document.html
2026-02-23 15:20:42,331 [src.preprocess] DEBUG: Extracted 17 HTML titles from data/10k_raw/NOC/10-K/0001133421-23-000006/primary-document.html
2026-02-23 15:20:42,420 [src.preprocess] DEBUG: Extracted 17 HTML titles from data/10k_raw/NOC/10-K/0001133421-24-000006/primary-document.html
2026-02-23 15:20:42,529 [src.preprocess] DEBUG: Extracted 91 HTML titles from data/10k_raw/NOW/10-K/0001373715-15-000067/primary-document.html
2026-02-23 15:20:42,644 [src.preprocess] DEBUG: Extracted 93 HTML titles from data/10k_raw/NOW/10-K/0001373715-16-000324/primary-document.html
2026-02-23 15:20:42,844 [src.preprocess] DEBUG: Extracted 58 HTML titles from data/10k_raw/NOW/10-K/0001373715-17-000026/primary-document.html
2026-02-23 15:20:42,919 [src.preprocess] DEBUG: Extracted 0 HTML titles from data/10k_raw/NOW/10-K/0001373715-18-000058/primary-document.html
2026-02-23 15:20:43,011 [src.preprocess] DEBUG: Extracted 0 HTML titles from data/10k_raw/NOW/10-K/0001373715-19-000070/primary-document.html
2026-02-23 15:20:43,083 [src.preprocess] DEBUG: Extracted 0 HTML titles from data/10k_raw/NOW/10-K/0001373715-20-000072/primary-document.html
2026-02-23 15:20:43,147 [src.preprocess] DEBUG: Extracted 0 HTML titles from data/10k_raw/NOW/10-K/0001373715-21-000061/primary-document.html
2026-02-23 15:20:43,207 [src.preprocess] DEBUG: Extracted 0 HTML titles from data/10k_raw/NOW/10-K/0001373715-22-000024/primary-document.html
2026-02-23 15:20:43,266 [src.preprocess] DEBUG: Extracted 0 HTML titles from data/10k_raw/NOW/10-K/0001373715-23-000035/primary-document.html
2026-02-23 15:20:43,313 [src.preprocess] DEBUG: Extracted 0 HTML titles from data/10k_raw/NOW/10-K/0001373715-24-000030/primary-document.html
2026-02-23 15:20:49,533 [src.preprocess] DEBUG: Extracted 756 HTML titles from data/10k_raw/NRG/10-K/0001013871-15-000004/primary-document.html
2026-02-23 15:20:49,600 [src.preprocess] DEBUG: Filtered 51 / 756 HTML titles against item_1a text
2026-02-23 15:20:56,567 [src.preprocess] DEBUG: Extracted 727 HTML titles from data/10k_raw/NRG/10-K/0001013871-16-000022/primary-document.html
2026-02-23 15:20:56,628 [src.preprocess] DEBUG: Filtered 45 / 727 HTML titles against item_1a text
2026-02-23 15:21:05,496 [src.preprocess] DEBUG: Extracted 715 HTML titles from data/10k_raw/NRG/10-K/0001013871-17-000007/primary-document.html
2026-02-23 15:21:05,561 [src.preprocess] DEBUG: Filtered 54 / 715 HTML titles against item_1a text
2026-02-23 15:21:13,387 [src.preprocess] DEBUG: Extracted 711 HTML titles from data/10k_raw/NRG/10-K/0001013871-18-000011/primary-document.html
2026-02-23 15:21:13,444 [src.preprocess] DEBUG: Filtered 57 / 711 HTML titles against item_1a text
2026-02-23 15:21:19,352 [src.preprocess] DEBUG: Extracted 681 HTML titles from data/10k_raw/NRG/10-K/0001013871-19-000007/primary-document.html
2026-02-23 15:21:19,397 [src.preprocess] DEBUG: Filtered 52 / 681 HTML titles against item_1a text
2026-02-23 15:21:21,859 [src.preprocess] DEBUG: Extracted 633 HTML titles from data/10k_raw/NRG/10-K/0001013871-20-000013/primary-document.html
2026-02-23 15:21:21,901 [src.preprocess] DEBUG: Filtered 51 / 633 HTML titles against item_1a text
2026-02-23 15:21:23,292 [src.preprocess] DEBUG: Extracted 564 HTML titles from data/10k_raw/NRG/10-K/0001013871-21-000005/primary-document.html
2026-02-23 15:21:23,332 [src.preprocess] DEBUG: Filtered 43 / 564 HTML titles against item_1a text
2026-02-23 15:21:24,514 [src.preprocess] DEBUG: Extracted 481 HTML titles from data/10k_raw/NRG/10-K/0001013871-22-000010/primary-document.html
2026-02-23 15:21:24,532 [src.preprocess] DEBUG: Filtered 35 / 481 HTML titles against item_1a text
2026-02-23 15:21:25,661 [src.preprocess] DEBUG: Extracted 450 HTML titles from data/10k_raw/NRG/10-K/0001013871-23-000004/primary-document.html
2026-02-23 15:21:25,677 [src.preprocess] DEBUG: Filtered 37 / 450 HTML titles against item_1a text
2026-02-23 15:21:27,027 [src.preprocess] DEBUG: Extracted 585 HTML titles from data/10k_raw/NRG/10-K/0001013871-24-000005/primary-document.html
2026-02-23 15:21:27,068 [src.preprocess] DEBUG: Filtered 47 / 585 HTML titles against item_1a text
2026-02-23 15:21:27,197 [src.preprocess] DEBUG: Extracted 23 HTML titles from data/10k_raw/NSC/10-K/0000702165-15-000023/primary-document.html
2026-02-23 15:21:27,270 [src.preprocess] DEBUG: Extracted 23 HTML titles from data/10k_raw/NSC/10-K/0000702165-16-000162/primary-document.html
2026-02-23 15:21:27,346 [src.preprocess] DEBUG: Extracted 16 HTML titles from data/10k_raw/NSC/10-K/0000702165-17-000018/primary-document.html
2026-02-23 15:21:27,423 [src.preprocess] DEBUG: Extracted 16 HTML titles from data/10k_raw/NSC/10-K/0000702165-18-000011/primary-document.html
2026-02-23 15:21:27,500 [src.preprocess] DEBUG: Extracted 16 HTML titles from data/10k_raw/NSC/10-K/0000702165-19-000012/primary-document.html
2026-02-23 15:21:27,612 [src.preprocess] DEBUG: Extracted 16 HTML titles from data/10k_raw/NSC/10-K/0000702165-20-000011/primary-document.html
2026-02-23 15:21:27,689 [src.preprocess] DEBUG: Extracted 24 HTML titles from data/10k_raw/NSC/10-K/0000702165-21-000006/primary-document.html
2026-02-23 15:21:27,765 [src.preprocess] DEBUG: Extracted 25 HTML titles from data/10k_raw/NSC/10-K/0000702165-22-000007/primary-document.html
2026-02-23 15:21:27,913 [src.preprocess] DEBUG: Extracted 26 HTML titles from data/10k_raw/NSC/10-K/0000702165-23-000010/primary-document.html
2026-02-23 15:21:27,977 [src.preprocess] DEBUG: Extracted 27 HTML titles from data/10k_raw/NSC/10-K/0000702165-24-000005/primary-document.html
2026-02-23 15:21:28,136 [src.preprocess] DEBUG: Extracted 0 HTML titles from data/10k_raw/NTAP/10-K/0000950170-22-011708/primary-document.html
2026-02-23 15:21:28,298 [src.preprocess] DEBUG: Extracted 0 HTML titles from data/10k_raw/NTAP/10-K/0000950170-23-027948/primary-document.html
2026-02-23 15:21:28,404 [src.preprocess] DEBUG: Extracted 0 HTML titles from data/10k_raw/NTAP/10-K/0000950170-24-071327/primary-document.html
2026-02-23 15:21:28,531 [src.preprocess] DEBUG: Extracted 0 HTML titles from data/10k_raw/NTAP/10-K/0001564590-15-005051/primary-document.html
2026-02-23 15:21:28,658 [src.preprocess] DEBUG: Extracted 0 HTML titles from data/10k_raw/NTAP/10-K/0001564590-16-020754/primary-document.html
2026-02-23 15:21:28,781 [src.preprocess] DEBUG: Extracted 0 HTML titles from data/10k_raw/NTAP/10-K/0001564590-17-012758/primary-document.html
2026-02-23 15:21:28,904 [src.preprocess] DEBUG: Extracted 0 HTML titles from data/10k_raw/NTAP/10-K/0001564590-18-015820/primary-document.html
2026-02-23 15:21:29,037 [src.preprocess] DEBUG: Extracted 0 HTML titles from data/10k_raw/NTAP/10-K/0001564590-19-022779/primary-document.html
2026-02-23 15:21:29,175 [src.preprocess] DEBUG: Extracted 0 HTML titles from data/10k_raw/NTAP/10-K/0001564590-20-029349/primary-document.html
2026-02-23 15:21:29,303 [src.preprocess] DEBUG: Extracted 0 HTML titles from data/10k_raw/NTAP/10-K/0001564590-21-033645/primary-document.html
2026-02-23 15:21:34,795 [src.preprocess] DEBUG: Extracted 671 HTML titles from data/10k_raw/NTRS/10-K/0000073124-16-000324/primary-document.html
2026-02-23 15:21:34,831 [src.preprocess] DEBUG: Filtered 65 / 671 HTML titles against item_1a text
2026-02-23 15:21:40,672 [src.preprocess] DEBUG: Extracted 688 HTML titles from data/10k_raw/NTRS/10-K/0000073124-17-000117/primary-document.html
2026-02-23 15:21:40,710 [src.preprocess] DEBUG: Filtered 67 / 688 HTML titles against item_1a text
2026-02-23 15:21:46,647 [src.preprocess] DEBUG: Extracted 685 HTML titles from data/10k_raw/NTRS/10-K/0000073124-18-000141/primary-document.html
2026-02-23 15:21:46,685 [src.preprocess] DEBUG: Filtered 66 / 685 HTML titles against item_1a text
2026-02-23 15:21:52,625 [src.preprocess] DEBUG: Extracted 678 HTML titles from data/10k_raw/NTRS/10-K/0000073124-19-000088/primary-document.html
2026-02-23 15:21:52,665 [src.preprocess] DEBUG: Filtered 66 / 678 HTML titles against item_1a text
2026-02-23 15:21:55,944 [src.preprocess] DEBUG: Extracted 668 HTML titles from data/10k_raw/NTRS/10-K/0000073124-20-000101/primary-document.html
2026-02-23 15:21:55,980 [src.preprocess] DEBUG: Filtered 102 / 668 HTML titles against item_1a text
2026-02-23 15:21:58,105 [src.preprocess] DEBUG: Extracted 713 HTML titles from data/10k_raw/NTRS/10-K/0000073124-21-000071/primary-document.html
2026-02-23 15:21:58,148 [src.preprocess] DEBUG: Filtered 124 / 713 HTML titles against item_1a text
2026-02-23 15:22:00,041 [src.preprocess] DEBUG: Extracted 603 HTML titles from data/10k_raw/NTRS/10-K/0000073124-22-000071/primary-document.html
2026-02-23 15:22:00,071 [src.preprocess] DEBUG: Filtered 118 / 603 HTML titles against item_1a text
2026-02-23 15:22:01,999 [src.preprocess] DEBUG: Extracted 595 HTML titles from data/10k_raw/NTRS/10-K/0000073124-23-000049/primary-document.html
2026-02-23 15:22:02,028 [src.preprocess] DEBUG: Filtered 112 / 595 HTML titles against item_1a text
2026-02-23 15:22:03,836 [src.preprocess] DEBUG: Extracted 601 HTML titles from data/10k_raw/NTRS/10-K/0000073124-24-000073/primary-document.html
2026-02-23 15:22:03,867 [src.preprocess] DEBUG: Filtered 108 / 601 HTML titles against item_1a text
2026-02-23 15:22:04,080 [src.preprocess] DEBUG: Extracted 0 HTML titles from data/10k_raw/NTRS/10-K/0001193125-15-065963/primary-document.html
2026-02-23 15:22:04,202 [src.preprocess] DEBUG: Extracted 6 HTML titles from data/10k_raw/NUE/10-K/0000950170-24-021195/primary-document.html
2026-02-23 15:22:04,215 [src.preprocess] DEBUG: Extracted 0 HTML titles from data/10k_raw/NUE/10-K/0001193125-15-068895/primary-document.html
2026-02-23 15:22:04,228 [src.preprocess] DEBUG: Extracted 0 HTML titles from data/10k_raw/NUE/10-K/0001193125-16-481119/primary-document.html
2026-02-23 15:22:04,239 [src.preprocess] DEBUG: Extracted 0 HTML titles from data/10k_raw/NUE/10-K/0001193125-17-062124/primary-document.html
2026-02-23 15:22:04,250 [src.preprocess] DEBUG: Extracted 0 HTML titles from data/10k_raw/NUE/10-K/0001193125-18-064018/primary-document.html
2026-02-23 15:22:04,261 [src.preprocess] DEBUG: Extracted 0 HTML titles from data/10k_raw/NUE/10-K/0001193125-19-057744/primary-document.html
2026-02-23 15:22:05,125 [src.preprocess] DEBUG: Extracted 189 HTML titles from data/10k_raw/NUE/10-K/0001564590-20-007794/primary-document.html
2026-02-23 15:22:05,129 [src.preprocess] DEBUG: Filtered 47 / 189 HTML titles against item_1a text
2026-02-23 15:22:05,974 [src.preprocess] DEBUG: Extracted 187 HTML titles from data/10k_raw/NUE/10-K/0001564590-21-009503/primary-document.html
2026-02-23 15:22:05,978 [src.preprocess] DEBUG: Filtered 48 / 187 HTML titles against item_1a text
2026-02-23 15:22:06,845 [src.preprocess] DEBUG: Extracted 193 HTML titles from data/10k_raw/NUE/10-K/0001564590-22-007679/primary-document.html
2026-02-23 15:22:06,849 [src.preprocess] DEBUG: Filtered 49 / 193 HTML titles against item_1a text
2026-02-23 15:22:07,789 [src.preprocess] DEBUG: Extracted 194 HTML titles from data/10k_raw/NUE/10-K/0001564590-23-002793/primary-document.html
2026-02-23 15:22:07,793 [src.preprocess] DEBUG: Filtered 48 / 194 HTML titles against item_1a text
2026-02-23 15:22:07,829 [src.preprocess] INFO: Processed 3000 / 4420 files (588154 paragraphs so far)
2026-02-23 15:22:07,916 [src.preprocess] DEBUG: Extracted 19 HTML titles from data/10k_raw/NVDA/10-K/0001045810-15-000036/primary-document.html
2026-02-23 15:22:07,916 [src.preprocess] DEBUG: Filtered 1 / 19 HTML titles against item_1a text
2026-02-23 15:22:08,004 [src.preprocess] DEBUG: Extracted 22 HTML titles from data/10k_raw/NVDA/10-K/0001045810-16-000205/primary-document.html
2026-02-23 15:22:08,004 [src.preprocess] DEBUG: Filtered 1 / 22 HTML titles against item_1a text
2026-02-23 15:22:08,095 [src.preprocess] DEBUG: Extracted 19 HTML titles from data/10k_raw/NVDA/10-K/0001045810-17-000027/primary-document.html
2026-02-23 15:22:08,173 [src.preprocess] DEBUG: Extracted 21 HTML titles from data/10k_raw/NVDA/10-K/0001045810-18-000010/primary-document.html
2026-02-23 15:22:08,246 [src.preprocess] DEBUG: Extracted 13 HTML titles from data/10k_raw/NVDA/10-K/0001045810-19-000023/primary-document.html
2026-02-23 15:22:08,330 [src.preprocess] DEBUG: Extracted 13 HTML titles from data/10k_raw/NVDA/10-K/0001045810-20-000010/primary-document.html
2026-02-23 15:22:08,407 [src.preprocess] DEBUG: Extracted 31 HTML titles from data/10k_raw/NVDA/10-K/0001045810-21-000010/primary-document.html
2026-02-23 15:22:08,487 [src.preprocess] DEBUG: Extracted 37 HTML titles from data/10k_raw/NVDA/10-K/0001045810-22-000036/primary-document.html
2026-02-23 15:22:08,642 [src.preprocess] DEBUG: Extracted 40 HTML titles from data/10k_raw/NVDA/10-K/0001045810-23-000017/primary-document.html
2026-02-23 15:22:08,717 [src.preprocess] DEBUG: Extracted 37 HTML titles from data/10k_raw/NVDA/10-K/0001045810-24-000029/primary-document.html
2026-02-23 15:22:09,618 [src.preprocess] DEBUG: Extracted 261 HTML titles from data/10k_raw/NVR/10-K/0000906163-18-000007/primary-document.html
2026-02-23 15:22:09,627 [src.preprocess] DEBUG: Filtered 62 / 261 HTML titles against item_1a text
2026-02-23 15:22:10,586 [src.preprocess] DEBUG: Extracted 263 HTML titles from data/10k_raw/NVR/10-K/0000906163-19-000029/primary-document.html
2026-02-23 15:22:10,594 [src.preprocess] DEBUG: Filtered 61 / 263 HTML titles against item_1a text
2026-02-23 15:22:11,484 [src.preprocess] DEBUG: Extracted 270 HTML titles from data/10k_raw/NVR/10-K/0000906163-20-000026/primary-document.html
2026-02-23 15:22:11,492 [src.preprocess] DEBUG: Filtered 60 / 270 HTML titles against item_1a text
2026-02-23 15:22:12,056 [src.preprocess] DEBUG: Extracted 269 HTML titles from data/10k_raw/NVR/10-K/0000906163-21-000017/primary-document.html
2026-02-23 15:22:12,064 [src.preprocess] DEBUG: Filtered 68 / 269 HTML titles against item_1a text
2026-02-23 15:22:12,564 [src.preprocess] DEBUG: Extracted 243 HTML titles from data/10k_raw/NVR/10-K/0000906163-22-000008/primary-document.html
2026-02-23 15:22:12,571 [src.preprocess] DEBUG: Filtered 64 / 243 HTML titles against item_1a text
2026-02-23 15:22:13,084 [src.preprocess] DEBUG: Extracted 245 HTML titles from data/10k_raw/NVR/10-K/0000906163-23-000023/primary-document.html
2026-02-23 15:22:13,091 [src.preprocess] DEBUG: Filtered 64 / 245 HTML titles against item_1a text
2026-02-23 15:22:13,499 [src.preprocess] DEBUG: Extracted 204 HTML titles from data/10k_raw/NVR/10-K/0000906163-24-000033/primary-document.html
2026-02-23 15:22:13,503 [src.preprocess] DEBUG: Filtered 61 / 204 HTML titles against item_1a text
2026-02-23 15:22:14,500 [src.preprocess] DEBUG: Extracted 241 HTML titles from data/10k_raw/NVR/10-K/0001564590-15-000764/primary-document.html
2026-02-23 15:22:14,509 [src.preprocess] DEBUG: Filtered 27 / 241 HTML titles against item_1a text
2026-02-23 15:22:15,553 [src.preprocess] DEBUG: Extracted 263 HTML titles from data/10k_raw/NVR/10-K/0001564590-16-012809/primary-document.html
2026-02-23 15:22:15,561 [src.preprocess] DEBUG: Filtered 32 / 263 HTML titles against item_1a text
2026-02-23 15:22:16,634 [src.preprocess] DEBUG: Extracted 261 HTML titles from data/10k_raw/NVR/10-K/0001564590-17-001623/primary-document.html
2026-02-23 15:22:16,643 [src.preprocess] DEBUG: Filtered 30 / 261 HTML titles against item_1a text
2026-02-23 15:22:16,864 [src.preprocess] DEBUG: Extracted 0 HTML titles from data/10k_raw/NWS/10-K/0001193125-15-288946/primary-document.html
2026-02-23 15:22:16,968 [src.preprocess] DEBUG: Extracted 0 HTML titles from data/10k_raw/NWS/10-K/0001193125-16-679975/primary-document.html
2026-02-23 15:22:17,091 [src.preprocess] DEBUG: Extracted 0 HTML titles from data/10k_raw/NWS/10-K/0001193125-17-257248/primary-document.html
2026-02-23 15:22:17,229 [src.preprocess] DEBUG: Extracted 0 HTML titles from data/10k_raw/NWS/10-K/0001193125-18-249117/primary-document.html
2026-02-23 15:22:17,377 [src.preprocess] DEBUG: Extracted 0 HTML titles from data/10k_raw/NWS/10-K/0001193125-19-219463/primary-document.html
2026-02-23 15:22:18,433 [src.preprocess] DEBUG: Extracted 343 HTML titles from data/10k_raw/NWS/10-K/0001564708-20-000022/primary-document.html
2026-02-23 15:22:18,457 [src.preprocess] DEBUG: Filtered 43 / 343 HTML titles against item_1a text
2026-02-23 15:22:19,346 [src.preprocess] DEBUG: Extracted 341 HTML titles from data/10k_raw/NWS/10-K/0001564708-21-000029/primary-document.html
2026-02-23 15:22:19,366 [src.preprocess] DEBUG: Filtered 46 / 341 HTML titles against item_1a text
2026-02-23 15:22:20,242 [src.preprocess] DEBUG: Extracted 352 HTML titles from data/10k_raw/NWS/10-K/0001564708-22-000265/primary-document.html
2026-02-23 15:22:20,264 [src.preprocess] DEBUG: Filtered 47 / 352 HTML titles against item_1a text
2026-02-23 15:22:21,110 [src.preprocess] DEBUG: Extracted 346 HTML titles from data/10k_raw/NWS/10-K/0001564708-23-000368/primary-document.html
2026-02-23 15:22:21,131 [src.preprocess] DEBUG: Filtered 47 / 346 HTML titles against item_1a text
2026-02-23 15:22:21,970 [src.preprocess] DEBUG: Extracted 335 HTML titles from data/10k_raw/NWS/10-K/0001564708-24-000408/primary-document.html
2026-02-23 15:22:21,990 [src.preprocess] DEBUG: Filtered 46 / 335 HTML titles against item_1a text
2026-02-23 15:22:22,176 [src.preprocess] DEBUG: Extracted 0 HTML titles from data/10k_raw/NWSA/10-K/0001193125-15-288946/primary-document.html
2026-02-23 15:22:22,279 [src.preprocess] DEBUG: Extracted 0 HTML titles from data/10k_raw/NWSA/10-K/0001193125-16-679975/primary-document.html
2026-02-23 15:22:22,403 [src.preprocess] DEBUG: Extracted 0 HTML titles from data/10k_raw/NWSA/10-K/0001193125-17-257248/primary-document.html
2026-02-23 15:22:22,541 [src.preprocess] DEBUG: Extracted 0 HTML titles from data/10k_raw/NWSA/10-K/0001193125-18-249117/primary-document.html
2026-02-23 15:22:22,685 [src.preprocess] DEBUG: Extracted 0 HTML titles from data/10k_raw/NWSA/10-K/0001193125-19-219463/primary-document.html
2026-02-23 15:22:23,767 [src.preprocess] DEBUG: Extracted 343 HTML titles from data/10k_raw/NWSA/10-K/0001564708-20-000022/primary-document.html
2026-02-23 15:22:23,791 [src.preprocess] DEBUG: Filtered 43 / 343 HTML titles against item_1a text
2026-02-23 15:22:24,676 [src.preprocess] DEBUG: Extracted 341 HTML titles from data/10k_raw/NWSA/10-K/0001564708-21-000029/primary-document.html
2026-02-23 15:22:24,697 [src.preprocess] DEBUG: Filtered 46 / 341 HTML titles against item_1a text
2026-02-23 15:22:25,574 [src.preprocess] DEBUG: Extracted 352 HTML titles from data/10k_raw/NWSA/10-K/0001564708-22-000265/primary-document.html
2026-02-23 15:22:25,596 [src.preprocess] DEBUG: Filtered 47 / 352 HTML titles against item_1a text
2026-02-23 15:22:26,436 [src.preprocess] DEBUG: Extracted 346 HTML titles from data/10k_raw/NWSA/10-K/0001564708-23-000368/primary-document.html
2026-02-23 15:22:26,457 [src.preprocess] DEBUG: Filtered 47 / 346 HTML titles against item_1a text
2026-02-23 15:22:27,302 [src.preprocess] DEBUG: Extracted 335 HTML titles from data/10k_raw/NWSA/10-K/0001564708-24-000408/primary-document.html
2026-02-23 15:22:27,322 [src.preprocess] DEBUG: Filtered 46 / 335 HTML titles against item_1a text
2026-02-23 15:22:28,163 [src.preprocess] DEBUG: Extracted 29 HTML titles from data/10k_raw/O/10-K/0000726728-19-000038/primary-document.html
2026-02-23 15:22:28,164 [src.preprocess] DEBUG: Filtered 2 / 29 HTML titles against item_1a text
2026-02-23 15:22:28,319 [src.preprocess] DEBUG: Extracted 32 HTML titles from data/10k_raw/O/10-K/0000726728-20-000033/primary-document.html
2026-02-23 15:22:28,319 [src.preprocess] DEBUG: Filtered 2 / 32 HTML titles against item_1a text
2026-02-23 15:22:28,644 [src.preprocess] DEBUG: Extracted 109 HTML titles from data/10k_raw/O/10-K/0000726728-21-000043/primary-document.html
2026-02-23 15:22:28,646 [src.preprocess] DEBUG: Filtered 16 / 109 HTML titles against item_1a text
2026-02-23 15:22:28,936 [src.preprocess] DEBUG: Extracted 105 HTML titles from data/10k_raw/O/10-K/0000726728-22-000046/primary-document.html
2026-02-23 15:22:28,937 [src.preprocess] DEBUG: Filtered 9 / 105 HTML titles against item_1a text
2026-02-23 15:22:29,146 [src.preprocess] DEBUG: Extracted 59 HTML titles from data/10k_raw/O/10-K/0000726728-23-000044/primary-document.html
2026-02-23 15:22:29,146 [src.preprocess] DEBUG: Filtered 1 / 59 HTML titles against item_1a text
2026-02-23 15:22:29,264 [src.preprocess] DEBUG: Extracted 33 HTML titles from data/10k_raw/O/10-K/0000726728-24-000047/primary-document.html
2026-02-23 15:22:30,104 [src.preprocess] DEBUG: Extracted 26 HTML titles from data/10k_raw/O/10-K/0001104659-15-011630/primary-document.html
2026-02-23 15:22:30,105 [src.preprocess] DEBUG: Filtered 2 / 26 HTML titles against item_1a text
2026-02-23 15:22:30,935 [src.preprocess] DEBUG: Extracted 27 HTML titles from data/10k_raw/O/10-K/0001104659-16-095923/primary-document.html
2026-02-23 15:22:30,935 [src.preprocess] DEBUG: Filtered 2 / 27 HTML titles against item_1a text
2026-02-23 15:22:31,856 [src.preprocess] DEBUG: Extracted 27 HTML titles from data/10k_raw/O/10-K/0001104659-17-011170/primary-document.html
2026-02-23 15:22:31,856 [src.preprocess] DEBUG: Filtered 2 / 27 HTML titles against item_1a text
2026-02-23 15:22:32,825 [src.preprocess] DEBUG: Extracted 27 HTML titles from data/10k_raw/O/10-K/0001104659-18-011376/primary-document.html
2026-02-23 15:22:32,826 [src.preprocess] DEBUG: Filtered 2 / 27 HTML titles against item_1a text
2026-02-23 15:22:32,865 [src.preprocess] DEBUG: Extracted 0 HTML titles from data/10k_raw/ODFL/10-K/0000878927-15-000006/primary-document.html
2026-02-23 15:22:32,900 [src.preprocess] DEBUG: Extracted 0 HTML titles from data/10k_raw/ODFL/10-K/0000878927-16-000055/primary-document.html
2026-02-23 15:22:32,937 [src.preprocess] DEBUG: Extracted 0 HTML titles from data/10k_raw/ODFL/10-K/0000878927-17-000005/primary-document.html
2026-02-23 15:22:32,974 [src.preprocess] DEBUG: Extracted 0 HTML titles from data/10k_raw/ODFL/10-K/0000878927-18-000005/primary-document.html
2026-02-23 15:22:33,057 [src.preprocess] DEBUG: Extracted 35 HTML titles from data/10k_raw/ODFL/10-K/0000950170-23-003783/primary-document.html
2026-02-23 15:22:33,124 [src.preprocess] DEBUG: Extracted 35 HTML titles from data/10k_raw/ODFL/10-K/0000950170-24-020176/primary-document.html
2026-02-23 15:22:33,190 [src.preprocess] DEBUG: Extracted 0 HTML titles from data/10k_raw/ODFL/10-K/0001564590-19-004755/primary-document.html
2026-02-23 15:22:33,256 [src.preprocess] DEBUG: Extracted 0 HTML titles from data/10k_raw/ODFL/10-K/0001564590-20-006626/primary-document.html
2026-02-23 15:22:33,314 [src.preprocess] DEBUG: Extracted 0 HTML titles from data/10k_raw/ODFL/10-K/0001564590-21-008056/primary-document.html
2026-02-23 15:22:33,371 [src.preprocess] DEBUG: Extracted 0 HTML titles from data/10k_raw/ODFL/10-K/0001564590-22-006303/primary-document.html
2026-02-23 15:22:33,569 [src.preprocess] DEBUG: Extracted 85 HTML titles from data/10k_raw/OKE/10-K/0001039684-15-000017/primary-document.html
2026-02-23 15:22:33,570 [src.preprocess] DEBUG: Filtered 2 / 85 HTML titles against item_1a text
2026-02-23 15:22:33,809 [src.preprocess] DEBUG: Extracted 93 HTML titles from data/10k_raw/OKE/10-K/0001039684-16-000113/primary-document.html
2026-02-23 15:22:33,810 [src.preprocess] DEBUG: Filtered 2 / 93 HTML titles against item_1a text
2026-02-23 15:22:34,028 [src.preprocess] DEBUG: Extracted 93 HTML titles from data/10k_raw/OKE/10-K/0001039684-17-000019/primary-document.html
2026-02-23 15:22:34,029 [src.preprocess] DEBUG: Filtered 2 / 93 HTML titles against item_1a text
2026-02-23 15:22:34,297 [src.preprocess] DEBUG: Extracted 83 HTML titles from data/10k_raw/OKE/10-K/0001039684-18-000021/primary-document.html
2026-02-23 15:22:34,298 [src.preprocess] DEBUG: Filtered 2 / 83 HTML titles against item_1a text
2026-02-23 15:22:34,524 [src.preprocess] DEBUG: Extracted 96 HTML titles from data/10k_raw/OKE/10-K/0001039684-19-000016/primary-document.html
2026-02-23 15:22:34,525 [src.preprocess] DEBUG: Filtered 2 / 96 HTML titles against item_1a text
2026-02-23 15:22:34,805 [src.preprocess] DEBUG: Extracted 69 HTML titles from data/10k_raw/OKE/10-K/0001039684-20-000012/primary-document.html
2026-02-23 15:22:34,805 [src.preprocess] DEBUG: Filtered 2 / 69 HTML titles against item_1a text
2026-02-23 15:22:34,968 [src.preprocess] DEBUG: Extracted 77 HTML titles from data/10k_raw/OKE/10-K/0001039684-21-000015/primary-document.html
2026-02-23 15:22:34,969 [src.preprocess] DEBUG: Filtered 2 / 77 HTML titles against item_1a text
2026-02-23 15:22:35,127 [src.preprocess] DEBUG: Extracted 79 HTML titles from data/10k_raw/OKE/10-K/0001039684-22-000015/primary-document.html
2026-02-23 15:22:35,128 [src.preprocess] DEBUG: Filtered 2 / 79 HTML titles against item_1a text
2026-02-23 15:22:35,322 [src.preprocess] DEBUG: Extracted 79 HTML titles from data/10k_raw/OKE/10-K/0001039684-23-000016/primary-document.html
2026-02-23 15:22:35,323 [src.preprocess] DEBUG: Filtered 2 / 79 HTML titles against item_1a text
2026-02-23 15:22:35,461 [src.preprocess] DEBUG: Extracted 84 HTML titles from data/10k_raw/OKE/10-K/0001039684-24-000015/primary-document.html
2026-02-23 15:22:35,462 [src.preprocess] DEBUG: Filtered 2 / 84 HTML titles against item_1a text
2026-02-23 15:22:35,541 [src.preprocess] DEBUG: Extracted 18 HTML titles from data/10k_raw/OMC/10-K/0000029989-15-000003/primary-document.html
2026-02-23 15:22:35,612 [src.preprocess] DEBUG: Extracted 15 HTML titles from data/10k_raw/OMC/10-K/0000029989-16-000015/primary-document.html
2026-02-23 15:22:35,683 [src.preprocess] DEBUG: Extracted 15 HTML titles from data/10k_raw/OMC/10-K/0000029989-17-000004/primary-document.html
2026-02-23 15:22:35,753 [src.preprocess] DEBUG: Extracted 15 HTML titles from data/10k_raw/OMC/10-K/0000029989-18-000004/primary-document.html
2026-02-23 15:22:35,823 [src.preprocess] DEBUG: Extracted 14 HTML titles from data/10k_raw/OMC/10-K/0000029989-19-000007/primary-document.html
2026-02-23 15:22:35,925 [src.preprocess] DEBUG: Extracted 14 HTML titles from data/10k_raw/OMC/10-K/0000029989-20-000005/primary-document.html
2026-02-23 15:22:35,995 [src.preprocess] DEBUG: Extracted 20 HTML titles from data/10k_raw/OMC/10-K/0000029989-21-000004/primary-document.html
2026-02-23 15:22:36,094 [src.preprocess] DEBUG: Extracted 20 HTML titles from data/10k_raw/OMC/10-K/0000029989-22-000012/primary-document.html
2026-02-23 15:22:36,165 [src.preprocess] DEBUG: Extracted 21 HTML titles from data/10k_raw/OMC/10-K/0000029989-23-000005/primary-document.html
2026-02-23 15:22:36,227 [src.preprocess] DEBUG: Extracted 24 HTML titles from data/10k_raw/OMC/10-K/0000029989-24-000007/primary-document.html
2026-02-23 15:22:36,341 [src.preprocess] DEBUG: Extracted 0 HTML titles from data/10k_raw/ON/10-K/0001193125-15-069358/primary-document.html
2026-02-23 15:22:36,448 [src.preprocess] DEBUG: Extracted 0 HTML titles from data/10k_raw/ON/10-K/0001193125-16-475009/primary-document.html
2026-02-23 15:22:36,527 [src.preprocess] DEBUG: Extracted 0 HTML titles from data/10k_raw/ON/10-K/0001193125-17-062207/primary-document.html
2026-02-23 15:22:36,603 [src.preprocess] DEBUG: Extracted 0 HTML titles from data/10k_raw/ON/10-K/0001193125-18-051397/primary-document.html
2026-02-23 15:22:36,710 [src.preprocess] DEBUG: Extracted 0 HTML titles from data/10k_raw/ON/10-K/0001193125-19-045025/primary-document.html
2026-02-23 15:22:36,828 [src.preprocess] DEBUG: Extracted 0 HTML titles from data/10k_raw/ON/10-K/0001193125-20-041751/primary-document.html
2026-02-23 15:22:36,917 [src.preprocess] DEBUG: Extracted 0 HTML titles from data/10k_raw/ON/10-K/0001628280-21-002219/primary-document.html
2026-02-23 15:22:37,003 [src.preprocess] DEBUG: Extracted 0 HTML titles from data/10k_raw/ON/10-K/0001628280-22-002416/primary-document.html
2026-02-23 15:22:37,092 [src.preprocess] DEBUG: Extracted 0 HTML titles from data/10k_raw/ON/10-K/0001628280-23-002350/primary-document.html
2026-02-23 15:22:37,160 [src.preprocess] DEBUG: Extracted 0 HTML titles from data/10k_raw/ON/10-K/0001628280-24-003201/primary-document.html
2026-02-23 15:22:37,361 [src.preprocess] DEBUG: Extracted 44 HTML titles from data/10k_raw/ORCL/10-K/0000950170-23-028914/primary-document.html
2026-02-23 15:22:37,361 [src.preprocess] DEBUG: Filtered 1 / 44 HTML titles against item_1a text
2026-02-23 15:22:37,523 [src.preprocess] DEBUG: Extracted 45 HTML titles from data/10k_raw/ORCL/10-K/0000950170-24-075605/primary-document.html
2026-02-23 15:22:37,523 [src.preprocess] DEBUG: Filtered 1 / 45 HTML titles against item_1a text
2026-02-23 15:22:37,624 [src.preprocess] DEBUG: Extracted 0 HTML titles from data/10k_raw/ORCL/10-K/0001193125-15-235239/primary-document.html
2026-02-23 15:22:37,724 [src.preprocess] DEBUG: Extracted 0 HTML titles from data/10k_raw/ORCL/10-K/0001193125-16-628942/primary-document.html
2026-02-23 15:22:37,821 [src.preprocess] DEBUG: Extracted 0 HTML titles from data/10k_raw/ORCL/10-K/0001193125-17-214833/primary-document.html
2026-02-23 15:22:37,939 [src.preprocess] DEBUG: Extracted 0 HTML titles from data/10k_raw/ORCL/10-K/0001193125-18-201034/primary-document.html
2026-02-23 15:22:38,116 [src.preprocess] DEBUG: Extracted 21 HTML titles from data/10k_raw/ORCL/10-K/0001564590-19-023119/primary-document.html
2026-02-23 15:22:38,117 [src.preprocess] DEBUG: Filtered 2 / 21 HTML titles against item_1a text
2026-02-23 15:22:38,319 [src.preprocess] DEBUG: Extracted 28 HTML titles from data/10k_raw/ORCL/10-K/0001564590-20-030125/primary-document.html
2026-02-23 15:22:38,319 [src.preprocess] DEBUG: Filtered 2 / 28 HTML titles against item_1a text
2026-02-23 15:22:38,524 [src.preprocess] DEBUG: Extracted 45 HTML titles from data/10k_raw/ORCL/10-K/0001564590-21-033616/primary-document.html
2026-02-23 15:22:38,759 [src.preprocess] DEBUG: Extracted 43 HTML titles from data/10k_raw/ORCL/10-K/0001564590-22-023675/primary-document.html
2026-02-23 15:22:38,759 [src.preprocess] DEBUG: Filtered 3 / 43 HTML titles against item_1a text
2026-02-23 15:22:38,904 [src.preprocess] DEBUG: Extracted 39 HTML titles from data/10k_raw/ORLY/10-K/0000898173-15-000076/primary-document.html
2026-02-23 15:22:38,905 [src.preprocess] DEBUG: Filtered 4 / 39 HTML titles against item_1a text
2026-02-23 15:22:39,052 [src.preprocess] DEBUG: Extracted 37 HTML titles from data/10k_raw/ORLY/10-K/0000898173-16-000276/primary-document.html
2026-02-23 15:22:39,052 [src.preprocess] DEBUG: Filtered 3 / 37 HTML titles against item_1a text
2026-02-23 15:22:39,246 [src.preprocess] DEBUG: Extracted 37 HTML titles from data/10k_raw/ORLY/10-K/0000898173-17-000091/primary-document.html
2026-02-23 15:22:39,246 [src.preprocess] DEBUG: Filtered 3 / 37 HTML titles against item_1a text
2026-02-23 15:22:39,439 [src.preprocess] DEBUG: Extracted 36 HTML titles from data/10k_raw/ORLY/10-K/0000898173-18-000077/primary-document.html
2026-02-23 15:22:39,439 [src.preprocess] DEBUG: Filtered 3 / 36 HTML titles against item_1a text
2026-02-23 15:22:39,598 [src.preprocess] DEBUG: Extracted 36 HTML titles from data/10k_raw/ORLY/10-K/0000898173-19-000060/primary-document.html
2026-02-23 15:22:39,598 [src.preprocess] DEBUG: Filtered 2 / 36 HTML titles against item_1a text
2026-02-23 15:22:39,686 [src.preprocess] DEBUG: Extracted 11 HTML titles from data/10k_raw/ORLY/10-K/0000898173-20-000007/primary-document.html
2026-02-23 15:22:39,771 [src.preprocess] DEBUG: Extracted 12 HTML titles from data/10k_raw/ORLY/10-K/0000898173-21-000012/primary-document.html
2026-02-23 15:22:39,852 [src.preprocess] DEBUG: Extracted 11 HTML titles from data/10k_raw/ORLY/10-K/0000898173-22-000012/primary-document.html
2026-02-23 15:22:39,927 [src.preprocess] DEBUG: Extracted 0 HTML titles from data/10k_raw/ORLY/10-K/0000898173-23-000011/primary-document.html
2026-02-23 15:22:40,007 [src.preprocess] DEBUG: Extracted 12 HTML titles from data/10k_raw/ORLY/10-K/0000898173-24-000009/primary-document.html
2026-02-23 15:22:40,139 [src.preprocess] DEBUG: Extracted 11 HTML titles from data/10k_raw/OXY/10-K/0000797468-15-000003/primary-document.html
2026-02-23 15:22:40,273 [src.preprocess] DEBUG: Extracted 11 HTML titles from data/10k_raw/OXY/10-K/0000797468-16-000017/primary-document.html
2026-02-23 15:22:40,415 [src.preprocess] DEBUG: Extracted 10 HTML titles from data/10k_raw/OXY/10-K/0000797468-17-000003/primary-document.html
2026-02-23 15:22:40,544 [src.preprocess] DEBUG: Extracted 11 HTML titles from data/10k_raw/OXY/10-K/0000797468-18-000005/primary-document.html
2026-02-23 15:22:40,679 [src.preprocess] DEBUG: Extracted 10 HTML titles from data/10k_raw/OXY/10-K/0000797468-19-000004/primary-document.html
2026-02-23 15:22:40,876 [src.preprocess] DEBUG: Extracted 19 HTML titles from data/10k_raw/OXY/10-K/0000797468-20-000004/primary-document.html
2026-02-23 15:22:41,083 [src.preprocess] DEBUG: Extracted 19 HTML titles from data/10k_raw/OXY/10-K/0000797468-21-000009/primary-document.html
2026-02-23 15:22:41,083 [src.preprocess] DEBUG: Filtered 1 / 19 HTML titles against item_1a text
2026-02-23 15:22:41,240 [src.preprocess] DEBUG: Extracted 21 HTML titles from data/10k_raw/OXY/10-K/0000797468-22-000008/primary-document.html
2026-02-23 15:22:41,240 [src.preprocess] DEBUG: Filtered 1 / 21 HTML titles against item_1a text
2026-02-23 15:22:41,413 [src.preprocess] DEBUG: Extracted 41 HTML titles from data/10k_raw/OXY/10-K/0000797468-23-000011/primary-document.html
2026-02-23 15:22:41,413 [src.preprocess] DEBUG: Filtered 1 / 41 HTML titles against item_1a text
2026-02-23 15:22:41,564 [src.preprocess] DEBUG: Extracted 47 HTML titles from data/10k_raw/OXY/10-K/0000797468-24-000034/primary-document.html
2026-02-23 15:22:41,564 [src.preprocess] DEBUG: Filtered 1 / 47 HTML titles against item_1a text
2026-02-23 15:22:41,664 [src.preprocess] DEBUG: Extracted 46 HTML titles from data/10k_raw/PANW/10-K/0001327567-15-000027/primary-document.html
2026-02-23 15:22:41,764 [src.preprocess] DEBUG: Extracted 37 HTML titles from data/10k_raw/PANW/10-K/0001327567-16-000064/primary-document.html
2026-02-23 15:22:41,905 [src.preprocess] DEBUG: Extracted 43 HTML titles from data/10k_raw/PANW/10-K/0001327567-17-000027/primary-document.html
2026-02-23 15:22:42,021 [src.preprocess] DEBUG: Extracted 43 HTML titles from data/10k_raw/PANW/10-K/0001327567-18-000024/primary-document.html
2026-02-23 15:22:42,147 [src.preprocess] DEBUG: Extracted 43 HTML titles from data/10k_raw/PANW/10-K/0001327567-19-000032/primary-document.html
2026-02-23 15:22:42,294 [src.preprocess] DEBUG: Extracted 78 HTML titles from data/10k_raw/PANW/10-K/0001327567-20-000032/primary-document.html
2026-02-23 15:22:42,295 [src.preprocess] DEBUG: Filtered 1 / 78 HTML titles against item_1a text
2026-02-23 15:22:42,416 [src.preprocess] DEBUG: Extracted 45 HTML titles from data/10k_raw/PANW/10-K/0001327567-21-000029/primary-document.html
2026-02-23 15:22:42,571 [src.preprocess] DEBUG: Extracted 44 HTML titles from data/10k_raw/PANW/10-K/0001327567-22-000028/primary-document.html
2026-02-23 15:22:42,663 [src.preprocess] DEBUG: Extracted 37 HTML titles from data/10k_raw/PANW/10-K/0001327567-23-000024/primary-document.html
2026-02-23 15:22:42,664 [src.preprocess] DEBUG: Filtered 1 / 37 HTML titles against item_1a text
2026-02-23 15:22:42,761 [src.preprocess] DEBUG: Extracted 58 HTML titles from data/10k_raw/PANW/10-K/0001327567-24-000029/primary-document.html
2026-02-23 15:22:42,930 [src.preprocess] DEBUG: Extracted 69 HTML titles from data/10k_raw/PAYC/10-K/0000950170-23-003049/primary-document.html
2026-02-23 15:22:43,109 [src.preprocess] DEBUG: Extracted 74 HTML titles from data/10k_raw/PAYC/10-K/0000950170-24-015863/primary-document.html
2026-02-23 15:22:43,191 [src.preprocess] DEBUG: Extracted 0 HTML titles from data/10k_raw/PAYC/10-K/0001193125-15-065707/primary-document.html
2026-02-23 15:22:44,159 [src.preprocess] DEBUG: Extracted 285 HTML titles from data/10k_raw/PAYC/10-K/0001564590-16-013001/primary-document.html
2026-02-23 15:22:44,169 [src.preprocess] DEBUG: Filtered 23 / 285 HTML titles against item_1a text
2026-02-23 15:22:45,186 [src.preprocess] DEBUG: Extracted 254 HTML titles from data/10k_raw/PAYC/10-K/0001564590-17-001891/primary-document.html
2026-02-23 15:22:45,195 [src.preprocess] DEBUG: Filtered 20 / 254 HTML titles against item_1a text
2026-02-23 15:22:46,011 [src.preprocess] DEBUG: Extracted 234 HTML titles from data/10k_raw/PAYC/10-K/0001564590-18-002088/primary-document.html
2026-02-23 15:22:46,018 [src.preprocess] DEBUG: Filtered 21 / 234 HTML titles against item_1a text
2026-02-23 15:22:46,876 [src.preprocess] DEBUG: Extracted 247 HTML titles from data/10k_raw/PAYC/10-K/0001564590-19-002998/primary-document.html
2026-02-23 15:22:46,884 [src.preprocess] DEBUG: Filtered 15 / 247 HTML titles against item_1a text
2026-02-23 15:22:47,655 [src.preprocess] DEBUG: Extracted 243 HTML titles from data/10k_raw/PAYC/10-K/0001564590-20-004636/primary-document.html
2026-02-23 15:22:47,663 [src.preprocess] DEBUG: Filtered 10 / 243 HTML titles against item_1a text
2026-02-23 15:22:48,380 [src.preprocess] DEBUG: Extracted 234 HTML titles from data/10k_raw/PAYC/10-K/0001564590-21-006660/primary-document.html
2026-02-23 15:22:48,389 [src.preprocess] DEBUG: Filtered 12 / 234 HTML titles against item_1a text
2026-02-23 15:22:49,062 [src.preprocess] DEBUG: Extracted 225 HTML titles from data/10k_raw/PAYC/10-K/0001564590-22-005562/primary-document.html
2026-02-23 15:22:49,071 [src.preprocess] DEBUG: Filtered 13 / 225 HTML titles against item_1a text
2026-02-23 15:22:49,909 [src.preprocess] DEBUG: Extracted 280 HTML titles from data/10k_raw/PAYX/10-K/0000723531-15-000011/primary-document.html
2026-02-23 15:22:49,916 [src.preprocess] DEBUG: Filtered 30 / 280 HTML titles against item_1a text
2026-02-23 15:22:50,029 [src.preprocess] DEBUG: Extracted 36 HTML titles from data/10k_raw/PAYX/10-K/0000723531-16-000046/primary-document.html
2026-02-23 15:22:50,136 [src.preprocess] DEBUG: Extracted 38 HTML titles from data/10k_raw/PAYX/10-K/0000723531-17-000023/primary-document.html
2026-02-23 15:22:50,136 [src.preprocess] DEBUG: Filtered 1 / 38 HTML titles against item_1a text
2026-02-23 15:22:50,243 [src.preprocess] DEBUG: Extracted 37 HTML titles from data/10k_raw/PAYX/10-K/0000723531-18-000026/primary-document.html
2026-02-23 15:22:50,424 [src.preprocess] DEBUG: Extracted 40 HTML titles from data/10k_raw/PAYX/10-K/0000723531-19-000032/primary-document.html
2026-02-23 15:22:51,598 [src.preprocess] DEBUG: Extracted 326 HTML titles from data/10k_raw/PAYX/10-K/0000723531-20-000048/primary-document.html
2026-02-23 15:22:51,610 [src.preprocess] DEBUG: Filtered 32 / 326 HTML titles against item_1a text
2026-02-23 15:22:52,670 [src.preprocess] DEBUG: Extracted 335 HTML titles from data/10k_raw/PAYX/10-K/0000723531-21-000035/primary-document.html
2026-02-23 15:22:52,681 [src.preprocess] DEBUG: Filtered 29 / 335 HTML titles against item_1a text
2026-02-23 15:22:52,875 [src.preprocess] DEBUG: Extracted 61 HTML titles from data/10k_raw/PAYX/10-K/0000950170-22-012734/primary-document.html
2026-02-23 15:22:53,050 [src.preprocess] DEBUG: Extracted 61 HTML titles from data/10k_raw/PAYX/10-K/0000950170-23-032988/primary-document.html
2026-02-23 15:22:53,244 [src.preprocess] DEBUG: Extracted 60 HTML titles from data/10k_raw/PAYX/10-K/0000950170-24-082958/primary-document.html
2026-02-23 15:22:53,422 [src.preprocess] DEBUG: Extracted 33 HTML titles from data/10k_raw/PCAR/10-K/0000950170-24-017900/primary-document.html
2026-02-23 15:22:53,477 [src.preprocess] DEBUG: Extracted 0 HTML titles from data/10k_raw/PCAR/10-K/0001193125-15-065702/primary-document.html
2026-02-23 15:22:53,531 [src.preprocess] DEBUG: Extracted 0 HTML titles from data/10k_raw/PCAR/10-K/0001193125-16-465258/primary-document.html
2026-02-23 15:22:53,586 [src.preprocess] DEBUG: Extracted 0 HTML titles from data/10k_raw/PCAR/10-K/0001193125-17-050405/primary-document.html
2026-02-23 15:22:53,791 [src.preprocess] DEBUG: Extracted 4 HTML titles from data/10k_raw/PCAR/10-K/0001564590-18-002675/primary-document.html
2026-02-23 15:22:54,002 [src.preprocess] DEBUG: Extracted 5 HTML titles from data/10k_raw/PCAR/10-K/0001564590-19-003670/primary-document.html
2026-02-23 15:22:54,209 [src.preprocess] DEBUG: Extracted 3 HTML titles from data/10k_raw/PCAR/10-K/0001564590-20-005276/primary-document.html
2026-02-23 15:22:54,427 [src.preprocess] DEBUG: Extracted 5 HTML titles from data/10k_raw/PCAR/10-K/0001564590-21-006370/primary-document.html
2026-02-23 15:22:54,649 [src.preprocess] DEBUG: Extracted 4 HTML titles from data/10k_raw/PCAR/10-K/0001564590-22-006237/primary-document.html
2026-02-23 15:22:54,891 [src.preprocess] DEBUG: Extracted 10 HTML titles from data/10k_raw/PCAR/10-K/0001564590-23-002203/primary-document.html
2026-02-23 15:22:55,117 [src.preprocess] DEBUG: Extracted 42 HTML titles from data/10k_raw/PCG/10-K/0001004980-15-000010/primary-document.html
2026-02-23 15:22:55,118 [src.preprocess] DEBUG: Filtered 2 / 42 HTML titles against item_1a text
2026-02-23 15:22:55,420 [src.preprocess] DEBUG: Extracted 61 HTML titles from data/10k_raw/PCG/10-K/0001004980-16-000065/primary-document.html
2026-02-23 15:22:55,740 [src.preprocess] DEBUG: Extracted 74 HTML titles from data/10k_raw/PCG/10-K/0001004980-17-000006/primary-document.html
2026-02-23 15:22:55,741 [src.preprocess] DEBUG: Filtered 2 / 74 HTML titles against item_1a text
2026-02-23 15:22:56,052 [src.preprocess] DEBUG: Extracted 113 HTML titles from data/10k_raw/PCG/10-K/0001004980-18-000003/primary-document.html
2026-02-23 15:22:56,054 [src.preprocess] DEBUG: Filtered 1 / 113 HTML titles against item_1a text
2026-02-23 15:22:56,294 [src.preprocess] DEBUG: Extracted 56 HTML titles from data/10k_raw/PCG/10-K/0001004980-19-000004/primary-document.html
2026-02-23 15:22:56,618 [src.preprocess] DEBUG: Extracted 60 HTML titles from data/10k_raw/PCG/10-K/0001004980-20-000009/primary-document.html
2026-02-23 15:22:56,862 [src.preprocess] DEBUG: Extracted 69 HTML titles from data/10k_raw/PCG/10-K/0001004980-21-000007/primary-document.html
2026-02-23 15:22:57,100 [src.preprocess] DEBUG: Extracted 83 HTML titles from data/10k_raw/PCG/10-K/0001004980-22-000009/primary-document.html
2026-02-23 15:22:57,384 [src.preprocess] DEBUG: Extracted 84 HTML titles from data/10k_raw/PCG/10-K/0001004980-23-000029/primary-document.html
2026-02-23 15:22:57,596 [src.preprocess] DEBUG: Extracted 82 HTML titles from data/10k_raw/PCG/10-K/0001004980-24-000014/primary-document.html
2026-02-23 15:23:04,231 [src.preprocess] DEBUG: Extracted 721 HTML titles from data/10k_raw/PEG/10-K/0000788784-15-000002/primary-document.html
2026-02-23 15:23:04,281 [src.preprocess] DEBUG: Filtered 74 / 721 HTML titles against item_1a text
2026-02-23 15:23:11,164 [src.preprocess] DEBUG: Extracted 724 HTML titles from data/10k_raw/PEG/10-K/0000788784-16-000014/primary-document.html
2026-02-23 15:23:11,216 [src.preprocess] DEBUG: Filtered 69 / 724 HTML titles against item_1a text
2026-02-23 15:23:17,498 [src.preprocess] DEBUG: Extracted 650 HTML titles from data/10k_raw/PEG/10-K/0000788784-17-000003/primary-document.html
2026-02-23 15:23:17,539 [src.preprocess] DEBUG: Filtered 60 / 650 HTML titles against item_1a text
2026-02-23 15:23:23,821 [src.preprocess] DEBUG: Extracted 675 HTML titles from data/10k_raw/PEG/10-K/0000788784-18-000004/primary-document.html
2026-02-23 15:23:23,870 [src.preprocess] DEBUG: Filtered 60 / 675 HTML titles against item_1a text
2026-02-23 15:23:30,239 [src.preprocess] DEBUG: Extracted 698 HTML titles from data/10k_raw/PEG/10-K/0000788784-19-000005/primary-document.html
2026-02-23 15:23:30,289 [src.preprocess] DEBUG: Filtered 57 / 698 HTML titles against item_1a text
2026-02-23 15:23:34,491 [src.preprocess] DEBUG: Extracted 690 HTML titles from data/10k_raw/PEG/10-K/0000788784-20-000004/primary-document.html
2026-02-23 15:23:34,541 [src.preprocess] DEBUG: Filtered 64 / 690 HTML titles against item_1a text
2026-02-23 15:23:36,870 [src.preprocess] DEBUG: Extracted 668 HTML titles from data/10k_raw/PEG/10-K/0000788784-21-000007/primary-document.html
2026-02-23 15:23:36,919 [src.preprocess] DEBUG: Filtered 97 / 668 HTML titles against item_1a text
2026-02-23 15:23:38,634 [src.preprocess] DEBUG: Extracted 621 HTML titles from data/10k_raw/PEG/10-K/0001628280-22-003860/primary-document.html
2026-02-23 15:23:38,677 [src.preprocess] DEBUG: Filtered 91 / 621 HTML titles against item_1a text
2026-02-23 15:23:40,273 [src.preprocess] DEBUG: Extracted 598 HTML titles from data/10k_raw/PEG/10-K/0001628280-23-004411/primary-document.html
2026-02-23 15:23:40,311 [src.preprocess] DEBUG: Filtered 86 / 598 HTML titles against item_1a text
2026-02-23 15:23:41,784 [src.preprocess] DEBUG: Extracted 594 HTML titles from data/10k_raw/PEG/10-K/0001628280-24-006885/primary-document.html
2026-02-23 15:23:41,819 [src.preprocess] DEBUG: Filtered 81 / 594 HTML titles against item_1a text
2026-02-23 15:23:44,083 [src.preprocess] DEBUG: Extracted 306 HTML titles from data/10k_raw/PEP/10-K/0000077476-15-000012/primary-document.html
2026-02-23 15:23:44,097 [src.preprocess] DEBUG: Filtered 27 / 306 HTML titles against item_1a text
2026-02-23 15:23:46,279 [src.preprocess] DEBUG: Extracted 304 HTML titles from data/10k_raw/PEP/10-K/0000077476-16-000066/primary-document.html
2026-02-23 15:23:46,294 [src.preprocess] DEBUG: Filtered 26 / 304 HTML titles against item_1a text
2026-02-23 15:23:48,633 [src.preprocess] DEBUG: Extracted 334 HTML titles from data/10k_raw/PEP/10-K/0000077476-17-000010/primary-document.html
2026-02-23 15:23:48,651 [src.preprocess] DEBUG: Filtered 40 / 334 HTML titles against item_1a text
2026-02-23 15:23:50,984 [src.preprocess] DEBUG: Extracted 356 HTML titles from data/10k_raw/PEP/10-K/0000077476-18-000012/primary-document.html
2026-02-23 15:23:51,004 [src.preprocess] DEBUG: Filtered 46 / 356 HTML titles against item_1a text
2026-02-23 15:23:53,222 [src.preprocess] DEBUG: Extracted 344 HTML titles from data/10k_raw/PEP/10-K/0000077476-19-000017/primary-document.html
2026-02-23 15:23:53,241 [src.preprocess] DEBUG: Filtered 38 / 344 HTML titles against item_1a text
2026-02-23 15:23:54,940 [src.preprocess] DEBUG: Extracted 353 HTML titles from data/10k_raw/PEP/10-K/0000077476-20-000015/primary-document.html
2026-02-23 15:23:54,960 [src.preprocess] DEBUG: Filtered 52 / 353 HTML titles against item_1a text
2026-02-23 15:23:55,931 [src.preprocess] DEBUG: Extracted 365 HTML titles from data/10k_raw/PEP/10-K/0000077476-21-000007/primary-document.html
2026-02-23 15:23:55,946 [src.preprocess] DEBUG: Filtered 55 / 365 HTML titles against item_1a text
2026-02-23 15:23:56,823 [src.preprocess] DEBUG: Extracted 361 HTML titles from data/10k_raw/PEP/10-K/0000077476-22-000010/primary-document.html
2026-02-23 15:23:56,838 [src.preprocess] DEBUG: Filtered 52 / 361 HTML titles against item_1a text
2026-02-23 15:23:57,778 [src.preprocess] DEBUG: Extracted 376 HTML titles from data/10k_raw/PEP/10-K/0000077476-23-000007/primary-document.html
2026-02-23 15:23:57,794 [src.preprocess] DEBUG: Filtered 54 / 376 HTML titles against item_1a text
2026-02-23 15:23:58,714 [src.preprocess] DEBUG: Extracted 374 HTML titles from data/10k_raw/PEP/10-K/0000077476-24-000008/primary-document.html
2026-02-23 15:23:58,730 [src.preprocess] DEBUG: Filtered 54 / 374 HTML titles against item_1a text
2026-02-23 15:23:58,949 [src.preprocess] DEBUG: Extracted 103 HTML titles from data/10k_raw/PFE/10-K/0000078003-15-000014/primary-document.html
2026-02-23 15:23:58,952 [src.preprocess] DEBUG: Filtered 10 / 103 HTML titles against item_1a text
2026-02-23 15:23:59,151 [src.preprocess] DEBUG: Extracted 127 HTML titles from data/10k_raw/PFE/10-K/0000078003-16-000077/primary-document.html
2026-02-23 15:23:59,154 [src.preprocess] DEBUG: Filtered 9 / 127 HTML titles against item_1a text
2026-02-23 15:23:59,320 [src.preprocess] DEBUG: Extracted 123 HTML titles from data/10k_raw/PFE/10-K/0000078003-17-000014/primary-document.html
2026-02-23 15:23:59,322 [src.preprocess] DEBUG: Filtered 9 / 123 HTML titles against item_1a text
2026-02-23 15:23:59,531 [src.preprocess] DEBUG: Extracted 121 HTML titles from data/10k_raw/PFE/10-K/0000078003-18-000027/primary-document.html
2026-02-23 15:23:59,534 [src.preprocess] DEBUG: Filtered 9 / 121 HTML titles against item_1a text
2026-02-23 15:23:59,753 [src.preprocess] DEBUG: Extracted 124 HTML titles from data/10k_raw/PFE/10-K/0000078003-19-000015/primary-document.html
2026-02-23 15:23:59,756 [src.preprocess] DEBUG: Filtered 6 / 124 HTML titles against item_1a text
2026-02-23 15:24:00,031 [src.preprocess] DEBUG: Extracted 115 HTML titles from data/10k_raw/PFE/10-K/0000078003-20-000014/primary-document.html
2026-02-23 15:24:00,034 [src.preprocess] DEBUG: Filtered 6 / 115 HTML titles against item_1a text
2026-02-23 15:24:01,427 [src.preprocess] DEBUG: Extracted 283 HTML titles from data/10k_raw/PFE/10-K/0000078003-21-000038/primary-document.html
2026-02-23 15:24:01,444 [src.preprocess] DEBUG: Filtered 30 / 283 HTML titles against item_1a text
2026-02-23 15:24:02,856 [src.preprocess] DEBUG: Extracted 270 HTML titles from data/10k_raw/PFE/10-K/0000078003-22-000027/primary-document.html
2026-02-23 15:24:02,871 [src.preprocess] DEBUG: Filtered 23 / 270 HTML titles against item_1a text
2026-02-23 15:24:04,173 [src.preprocess] DEBUG: Extracted 282 HTML titles from data/10k_raw/PFE/10-K/0000078003-23-000024/primary-document.html
2026-02-23 15:24:04,190 [src.preprocess] DEBUG: Filtered 26 / 282 HTML titles against item_1a text
2026-02-23 15:24:05,483 [src.preprocess] DEBUG: Extracted 293 HTML titles from data/10k_raw/PFE/10-K/0000078003-24-000039/primary-document.html
2026-02-23 15:24:05,502 [src.preprocess] DEBUG: Filtered 26 / 293 HTML titles against item_1a text
2026-02-23 15:24:05,776 [src.preprocess] DEBUG: Extracted 0 HTML titles from data/10k_raw/PFG/10-K/0001047469-15-000727/primary-document.html
2026-02-23 15:24:06,019 [src.preprocess] DEBUG: Extracted 0 HTML titles from data/10k_raw/PFG/10-K/0001047469-16-010094/primary-document.html
2026-02-23 15:24:06,356 [src.preprocess] DEBUG: Extracted 0 HTML titles from data/10k_raw/PFG/10-K/0001047469-17-000589/primary-document.html
2026-02-23 15:24:06,611 [src.preprocess] DEBUG: Extracted 0 HTML titles from data/10k_raw/PFG/10-K/0001047469-18-000695/primary-document.html
2026-02-23 15:24:06,872 [src.preprocess] DEBUG: Extracted 0 HTML titles from data/10k_raw/PFG/10-K/0001047469-19-000469/primary-document.html
2026-02-23 15:24:07,357 [src.preprocess] DEBUG: Extracted 47 HTML titles from data/10k_raw/PFG/10-K/0001104659-20-021174/primary-document.html
2026-02-23 15:24:07,358 [src.preprocess] DEBUG: Filtered 2 / 47 HTML titles against item_1a text
2026-02-23 15:24:07,806 [src.preprocess] DEBUG: Extracted 44 HTML titles from data/10k_raw/PFG/10-K/0001104659-21-022074/primary-document.html
2026-02-23 15:24:07,806 [src.preprocess] DEBUG: Filtered 2 / 44 HTML titles against item_1a text
2026-02-23 15:24:08,239 [src.preprocess] DEBUG: Extracted 45 HTML titles from data/10k_raw/PFG/10-K/0001104659-22-020401/primary-document.html
2026-02-23 15:24:08,239 [src.preprocess] DEBUG: Filtered 2 / 45 HTML titles against item_1a text
2026-02-23 15:24:08,641 [src.preprocess] DEBUG: Extracted 43 HTML titles from data/10k_raw/PFG/10-K/0001104659-23-022860/primary-document.html
2026-02-23 15:24:08,641 [src.preprocess] DEBUG: Filtered 2 / 43 HTML titles against item_1a text
2026-02-23 15:24:09,152 [src.preprocess] DEBUG: Extracted 44 HTML titles from data/10k_raw/PFG/10-K/0001104659-24-025516/primary-document.html
2026-02-23 15:24:09,153 [src.preprocess] DEBUG: Filtered 2 / 44 HTML titles against item_1a text
2026-02-23 15:24:10,377 [src.preprocess] DEBUG: Extracted 386 HTML titles from data/10k_raw/PG/10-K/0000080424-15-000070/primary-document.html
2026-02-23 15:24:10,388 [src.preprocess] DEBUG: Filtered 32 / 386 HTML titles against item_1a text
2026-02-23 15:24:10,486 [src.preprocess] DEBUG: Extracted 0 HTML titles from data/10k_raw/PG/10-K/0000080424-16-000212/primary-document.html
2026-02-23 15:24:10,561 [src.preprocess] DEBUG: Extracted 0 HTML titles from data/10k_raw/PG/10-K/0000080424-17-000047/primary-document.html
2026-02-23 15:24:10,657 [src.preprocess] DEBUG: Extracted 0 HTML titles from data/10k_raw/PG/10-K/0000080424-18-000055/primary-document.html
2026-02-23 15:24:10,750 [src.preprocess] DEBUG: Extracted 0 HTML titles from data/10k_raw/PG/10-K/0000080424-19-000050/primary-document.html
2026-02-23 15:24:10,857 [src.preprocess] DEBUG: Extracted 0 HTML titles from data/10k_raw/PG/10-K/0000080424-20-000053/primary-document.html
2026-02-23 15:24:10,941 [src.preprocess] DEBUG: Extracted 16 HTML titles from data/10k_raw/PG/10-K/0000080424-21-000100/primary-document.html
2026-02-23 15:24:11,031 [src.preprocess] DEBUG: Extracted 18 HTML titles from data/10k_raw/PG/10-K/0000080424-22-000064/primary-document.html
2026-02-23 15:24:11,097 [src.preprocess] DEBUG: Extracted 12 HTML titles from data/10k_raw/PG/10-K/0000080424-23-000073/primary-document.html
2026-02-23 15:24:11,161 [src.preprocess] DEBUG: Extracted 13 HTML titles from data/10k_raw/PG/10-K/0000080424-24-000083/primary-document.html
2026-02-23 15:24:11,578 [src.preprocess] DEBUG: Extracted 144 HTML titles from data/10k_raw/PGR/10-K/0000080661-15-000010/primary-document.html
2026-02-23 15:24:11,580 [src.preprocess] DEBUG: Filtered 47 / 144 HTML titles against item_1a text
2026-02-23 15:24:12,011 [src.preprocess] DEBUG: Extracted 145 HTML titles from data/10k_raw/PGR/10-K/0000080661-16-000080/primary-document.html
2026-02-23 15:24:12,013 [src.preprocess] DEBUG: Filtered 47 / 145 HTML titles against item_1a text
2026-02-23 15:24:12,398 [src.preprocess] DEBUG: Extracted 138 HTML titles from data/10k_raw/PGR/10-K/0000080661-17-000012/primary-document.html
2026-02-23 15:24:12,400 [src.preprocess] DEBUG: Filtered 44 / 138 HTML titles against item_1a text
2026-02-23 15:24:12,836 [src.preprocess] DEBUG: Extracted 150 HTML titles from data/10k_raw/PGR/10-K/0000080661-18-000011/primary-document.html
2026-02-23 15:24:12,839 [src.preprocess] DEBUG: Filtered 46 / 150 HTML titles against item_1a text
2026-02-23 15:24:13,205 [src.preprocess] DEBUG: Extracted 146 HTML titles from data/10k_raw/PGR/10-K/0000080661-19-000008/primary-document.html
2026-02-23 15:24:13,207 [src.preprocess] DEBUG: Filtered 46 / 146 HTML titles against item_1a text
2026-02-23 15:24:13,536 [src.preprocess] DEBUG: Extracted 148 HTML titles from data/10k_raw/PGR/10-K/0000080661-20-000006/primary-document.html
2026-02-23 15:24:13,538 [src.preprocess] DEBUG: Filtered 45 / 148 HTML titles against item_1a text
2026-02-23 15:24:13,790 [src.preprocess] DEBUG: Extracted 130 HTML titles from data/10k_raw/PGR/10-K/0000080661-21-000014/primary-document.html
2026-02-23 15:24:13,792 [src.preprocess] DEBUG: Filtered 40 / 130 HTML titles against item_1a text
2026-02-23 15:24:14,038 [src.preprocess] DEBUG: Extracted 128 HTML titles from data/10k_raw/PGR/10-K/0000080661-22-000046/primary-document.html
2026-02-23 15:24:14,041 [src.preprocess] DEBUG: Filtered 39 / 128 HTML titles against item_1a text
2026-02-23 15:24:14,283 [src.preprocess] DEBUG: Extracted 133 HTML titles from data/10k_raw/PGR/10-K/0000080661-23-000006/primary-document.html
2026-02-23 15:24:14,286 [src.preprocess] DEBUG: Filtered 38 / 133 HTML titles against item_1a text
2026-02-23 15:24:14,521 [src.preprocess] DEBUG: Extracted 137 HTML titles from data/10k_raw/PGR/10-K/0000080661-24-000007/primary-document.html
2026-02-23 15:24:14,524 [src.preprocess] DEBUG: Filtered 41 / 137 HTML titles against item_1a text
2026-02-23 15:24:14,636 [src.preprocess] DEBUG: Extracted 90 HTML titles from data/10k_raw/PH/10-K/0000076334-15-000079/primary-document.html
2026-02-23 15:24:14,636 [src.preprocess] DEBUG: Filtered 21 / 90 HTML titles against item_1a text
2026-02-23 15:24:14,698 [src.preprocess] DEBUG: Extracted 0 HTML titles from data/10k_raw/PH/10-K/0000076334-16-000196/primary-document.html
2026-02-23 15:24:14,755 [src.preprocess] DEBUG: Extracted 0 HTML titles from data/10k_raw/PH/10-K/0000076334-17-000095/primary-document.html
2026-02-23 15:24:14,813 [src.preprocess] DEBUG: Extracted 0 HTML titles from data/10k_raw/PH/10-K/0000076334-18-000087/primary-document.html
2026-02-23 15:24:14,888 [src.preprocess] DEBUG: Extracted 0 HTML titles from data/10k_raw/PH/10-K/0000076334-19-000096/primary-document.html
2026-02-23 15:24:14,966 [src.preprocess] DEBUG: Extracted 0 HTML titles from data/10k_raw/PH/10-K/0000076334-20-000099/primary-document.html
2026-02-23 15:24:15,047 [src.preprocess] DEBUG: Extracted 0 HTML titles from data/10k_raw/PH/10-K/0000076334-21-000187/primary-document.html
2026-02-23 15:24:15,119 [src.preprocess] DEBUG: Extracted 0 HTML titles from data/10k_raw/PH/10-K/0000076334-22-000034/primary-document.html
2026-02-23 15:24:15,180 [src.preprocess] DEBUG: Extracted 0 HTML titles from data/10k_raw/PH/10-K/0000076334-23-000042/primary-document.html
2026-02-23 15:24:15,239 [src.preprocess] DEBUG: Extracted 0 HTML titles from data/10k_raw/PH/10-K/0000076334-24-000044/primary-document.html
2026-02-23 15:24:17,123 [src.preprocess] DEBUG: Extracted 205 HTML titles from data/10k_raw/PHM/10-K/0000822416-15-000007/primary-document.html
2026-02-23 15:24:17,129 [src.preprocess] DEBUG: Filtered 56 / 205 HTML titles against item_1a text
2026-02-23 15:24:19,003 [src.preprocess] DEBUG: Extracted 203 HTML titles from data/10k_raw/PHM/10-K/0000822416-16-000048/primary-document.html
2026-02-23 15:24:19,009 [src.preprocess] DEBUG: Filtered 55 / 203 HTML titles against item_1a text
2026-02-23 15:24:20,924 [src.preprocess] DEBUG: Extracted 204 HTML titles from data/10k_raw/PHM/10-K/0000822416-17-000008/primary-document.html
2026-02-23 15:24:20,931 [src.preprocess] DEBUG: Filtered 35 / 204 HTML titles against item_1a text
2026-02-23 15:24:22,846 [src.preprocess] DEBUG: Extracted 210 HTML titles from data/10k_raw/PHM/10-K/0000822416-18-000009/primary-document.html
2026-02-23 15:24:22,853 [src.preprocess] DEBUG: Filtered 35 / 210 HTML titles against item_1a text
2026-02-23 15:24:24,304 [src.preprocess] DEBUG: Extracted 211 HTML titles from data/10k_raw/PHM/10-K/0000822416-19-000008/primary-document.html
2026-02-23 15:24:24,311 [src.preprocess] DEBUG: Filtered 49 / 211 HTML titles against item_1a text
2026-02-23 15:24:25,668 [src.preprocess] DEBUG: Extracted 205 HTML titles from data/10k_raw/PHM/10-K/0000822416-20-000007/primary-document.html
2026-02-23 15:24:25,675 [src.preprocess] DEBUG: Filtered 43 / 205 HTML titles against item_1a text
2026-02-23 15:24:26,352 [src.preprocess] DEBUG: Extracted 202 HTML titles from data/10k_raw/PHM/10-K/0000822416-21-000007/primary-document.html
2026-02-23 15:24:26,359 [src.preprocess] DEBUG: Filtered 52 / 202 HTML titles against item_1a text
2026-02-23 15:24:26,847 [src.preprocess] DEBUG: Extracted 173 HTML titles from data/10k_raw/PHM/10-K/0000822416-22-000007/primary-document.html
2026-02-23 15:24:26,852 [src.preprocess] DEBUG: Filtered 47 / 173 HTML titles against item_1a text
2026-02-23 15:24:27,383 [src.preprocess] DEBUG: Extracted 174 HTML titles from data/10k_raw/PHM/10-K/0000822416-23-000007/primary-document.html
2026-02-23 15:24:27,388 [src.preprocess] DEBUG: Filtered 46 / 174 HTML titles against item_1a text
2026-02-23 15:24:27,833 [src.preprocess] DEBUG: Extracted 146 HTML titles from data/10k_raw/PHM/10-K/0000822416-24-000010/primary-document.html
2026-02-23 15:24:27,836 [src.preprocess] DEBUG: Filtered 42 / 146 HTML titles against item_1a text
2026-02-23 15:24:27,924 [src.preprocess] DEBUG: Extracted 14 HTML titles from data/10k_raw/PKG/10-K/0000075677-15-000007/primary-document.html
2026-02-23 15:24:27,924 [src.preprocess] DEBUG: Filtered 5 / 14 HTML titles against item_1a text
2026-02-23 15:24:28,002 [src.preprocess] DEBUG: Extracted 11 HTML titles from data/10k_raw/PKG/10-K/0000075677-16-000030/primary-document.html
2026-02-23 15:24:28,002 [src.preprocess] DEBUG: Filtered 6 / 11 HTML titles against item_1a text
2026-02-23 15:24:28,077 [src.preprocess] DEBUG: Extracted 12 HTML titles from data/10k_raw/PKG/10-K/0000075677-17-000004/primary-document.html
2026-02-23 15:24:28,077 [src.preprocess] DEBUG: Filtered 6 / 12 HTML titles against item_1a text
2026-02-23 15:24:28,225 [src.preprocess] DEBUG: Extracted 0 HTML titles from data/10k_raw/PKG/10-K/0000950170-22-001913/primary-document.html
2026-02-23 15:24:28,381 [src.preprocess] DEBUG: Extracted 0 HTML titles from data/10k_raw/PKG/10-K/0000950170-23-003990/primary-document.html
2026-02-23 15:24:28,485 [src.preprocess] DEBUG: Extracted 0 HTML titles from data/10k_raw/PKG/10-K/0000950170-24-022794/primary-document.html
2026-02-23 15:24:29,540 [src.preprocess] DEBUG: Extracted 254 HTML titles from data/10k_raw/PKG/10-K/0001564590-18-003690/primary-document.html
2026-02-23 15:24:29,549 [src.preprocess] DEBUG: Filtered 44 / 254 HTML titles against item_1a text
2026-02-23 15:24:30,706 [src.preprocess] DEBUG: Extracted 257 HTML titles from data/10k_raw/PKG/10-K/0001564590-19-005284/primary-document.html
2026-02-23 15:24:30,715 [src.preprocess] DEBUG: Filtered 43 / 257 HTML titles against item_1a text
2026-02-23 15:24:31,879 [src.preprocess] DEBUG: Extracted 245 HTML titles from data/10k_raw/PKG/10-K/0001564590-20-006774/primary-document.html
2026-02-23 15:24:31,887 [src.preprocess] DEBUG: Filtered 33 / 245 HTML titles against item_1a text
2026-02-23 15:24:33,082 [src.preprocess] DEBUG: Extracted 240 HTML titles from data/10k_raw/PKG/10-K/0001564590-21-008051/primary-document.html
2026-02-23 15:24:33,090 [src.preprocess] DEBUG: Filtered 32 / 240 HTML titles against item_1a text
2026-02-23 15:24:33,487 [src.preprocess] DEBUG: Extracted 59 HTML titles from data/10k_raw/PLD/10-K/0000950170-24-014539/primary-document.html
2026-02-23 15:24:33,648 [src.preprocess] DEBUG: Extracted 0 HTML titles from data/10k_raw/PLD/10-K/0001193125-15-062622/primary-document.html
2026-02-23 15:24:38,795 [src.preprocess] DEBUG: Extracted 421 HTML titles from data/10k_raw/PLD/10-K/0001564590-16-012933/primary-document.html
2026-02-23 15:24:38,817 [src.preprocess] DEBUG: Filtered 36 / 421 HTML titles against item_1a text
2026-02-23 15:24:44,944 [src.preprocess] DEBUG: Extracted 499 HTML titles from data/10k_raw/PLD/10-K/0001564590-17-001559/primary-document.html
2026-02-23 15:24:44,967 [src.preprocess] DEBUG: Filtered 16 / 499 HTML titles against item_1a text
2026-02-23 15:24:50,333 [src.preprocess] DEBUG: Extracted 465 HTML titles from data/10k_raw/PLD/10-K/0001564590-18-002228/primary-document.html
2026-02-23 15:24:50,353 [src.preprocess] DEBUG: Filtered 14 / 465 HTML titles against item_1a text
2026-02-23 15:24:53,793 [src.preprocess] DEBUG: Extracted 446 HTML titles from data/10k_raw/PLD/10-K/0001564590-19-002872/primary-document.html
2026-02-23 15:24:53,812 [src.preprocess] DEBUG: Filtered 24 / 446 HTML titles against item_1a text
2026-02-23 15:24:56,690 [src.preprocess] DEBUG: Extracted 442 HTML titles from data/10k_raw/PLD/10-K/0001564590-20-004096/primary-document.html
2026-02-23 15:24:56,710 [src.preprocess] DEBUG: Filtered 19 / 442 HTML titles against item_1a text
2026-02-23 15:24:59,629 [src.preprocess] DEBUG: Extracted 444 HTML titles from data/10k_raw/PLD/10-K/0001564590-21-005312/primary-document.html
2026-02-23 15:24:59,651 [src.preprocess] DEBUG: Filtered 24 / 444 HTML titles against item_1a text
2026-02-23 15:25:02,578 [src.preprocess] DEBUG: Extracted 432 HTML titles from data/10k_raw/PLD/10-K/0001564590-22-004436/primary-document.html
2026-02-23 15:25:02,598 [src.preprocess] DEBUG: Filtered 17 / 432 HTML titles against item_1a text
2026-02-23 15:25:05,544 [src.preprocess] DEBUG: Extracted 434 HTML titles from data/10k_raw/PLD/10-K/0001564590-23-001902/primary-document.html
2026-02-23 15:25:05,564 [src.preprocess] DEBUG: Filtered 19 / 434 HTML titles against item_1a text
2026-02-23 15:25:05,856 [src.preprocess] DEBUG: Extracted 15 HTML titles from data/10k_raw/PM/10-K/0001413329-15-000016/primary-document.html
2026-02-23 15:25:05,981 [src.preprocess] DEBUG: Extracted 15 HTML titles from data/10k_raw/PM/10-K/0001413329-16-000076/primary-document.html
2026-02-23 15:25:06,108 [src.preprocess] DEBUG: Extracted 15 HTML titles from data/10k_raw/PM/10-K/0001413329-17-000014/primary-document.html
2026-02-23 15:25:06,226 [src.preprocess] DEBUG: Extracted 15 HTML titles from data/10k_raw/PM/10-K/0001413329-18-000007/primary-document.html
2026-02-23 15:25:06,339 [src.preprocess] DEBUG: Extracted 17 HTML titles from data/10k_raw/PM/10-K/0001413329-19-000007/primary-document.html
2026-02-23 15:25:06,477 [src.preprocess] DEBUG: Extracted 16 HTML titles from data/10k_raw/PM/10-K/0001413329-20-000007/primary-document.html
2026-02-23 15:25:06,603 [src.preprocess] DEBUG: Extracted 15 HTML titles from data/10k_raw/PM/10-K/0001413329-21-000007/primary-document.html
2026-02-23 15:25:06,737 [src.preprocess] DEBUG: Extracted 18 HTML titles from data/10k_raw/PM/10-K/0001413329-22-000011/primary-document.html
2026-02-23 15:25:06,885 [src.preprocess] DEBUG: Extracted 20 HTML titles from data/10k_raw/PM/10-K/0001413329-23-000025/primary-document.html
2026-02-23 15:25:07,015 [src.preprocess] DEBUG: Extracted 23 HTML titles from data/10k_raw/PM/10-K/0001413329-24-000013/primary-document.html
2026-02-23 15:25:13,757 [src.preprocess] DEBUG: Extracted 420 HTML titles from data/10k_raw/PNC/10-K/0000713676-18-000032/primary-document.html
2026-02-23 15:25:13,789 [src.preprocess] DEBUG: Filtered 51 / 420 HTML titles against item_1a text
2026-02-23 15:25:20,563 [src.preprocess] DEBUG: Extracted 466 HTML titles from data/10k_raw/PNC/10-K/0000713676-19-000015/primary-document.html
2026-02-23 15:25:20,603 [src.preprocess] DEBUG: Filtered 42 / 466 HTML titles against item_1a text
2026-02-23 15:25:24,221 [src.preprocess] DEBUG: Extracted 460 HTML titles from data/10k_raw/PNC/10-K/0000713676-20-000042/primary-document.html
2026-02-23 15:25:24,259 [src.preprocess] DEBUG: Filtered 45 / 460 HTML titles against item_1a text
2026-02-23 15:25:26,647 [src.preprocess] DEBUG: Extracted 508 HTML titles from data/10k_raw/PNC/10-K/0000713676-21-000025/primary-document.html
2026-02-23 15:25:26,691 [src.preprocess] DEBUG: Filtered 48 / 508 HTML titles against item_1a text
2026-02-23 15:25:28,931 [src.preprocess] DEBUG: Extracted 493 HTML titles from data/10k_raw/PNC/10-K/0000713676-22-000019/primary-document.html
2026-02-23 15:25:28,973 [src.preprocess] DEBUG: Filtered 47 / 493 HTML titles against item_1a text
2026-02-23 15:25:31,166 [src.preprocess] DEBUG: Extracted 510 HTML titles from data/10k_raw/PNC/10-K/0000713676-23-000020/primary-document.html
2026-02-23 15:25:31,208 [src.preprocess] DEBUG: Filtered 46 / 510 HTML titles against item_1a text
2026-02-23 15:25:33,317 [src.preprocess] DEBUG: Extracted 504 HTML titles from data/10k_raw/PNC/10-K/0000713676-24-000028/primary-document.html
2026-02-23 15:25:33,358 [src.preprocess] DEBUG: Filtered 42 / 504 HTML titles against item_1a text
2026-02-23 15:25:33,748 [src.preprocess] DEBUG: Extracted 0 HTML titles from data/10k_raw/PNC/10-K/0001193125-15-070443/primary-document.html
2026-02-23 15:25:33,956 [src.preprocess] DEBUG: Extracted 0 HTML titles from data/10k_raw/PNC/10-K/0001193125-16-482577/primary-document.html
2026-02-23 15:25:34,148 [src.preprocess] DEBUG: Extracted 0 HTML titles from data/10k_raw/PNC/10-K/0001193125-17-062524/primary-document.html
2026-02-23 15:25:34,237 [src.preprocess] DEBUG: Extracted 0 HTML titles from data/10k_raw/PNR/10-K/0000077360-15-000007/primary-document.html
2026-02-23 15:25:34,318 [src.preprocess] DEBUG: Extracted 0 HTML titles from data/10k_raw/PNR/10-K/0000077360-16-000058/primary-document.html
2026-02-23 15:25:34,397 [src.preprocess] DEBUG: Extracted 0 HTML titles from data/10k_raw/PNR/10-K/0000077360-17-000008/primary-document.html
2026-02-23 15:25:34,473 [src.preprocess] DEBUG: Extracted 0 HTML titles from data/10k_raw/PNR/10-K/0000077360-18-000007/primary-document.html
2026-02-23 15:25:34,545 [src.preprocess] DEBUG: Extracted 0 HTML titles from data/10k_raw/PNR/10-K/0000077360-19-000006/primary-document.html
2026-02-23 15:25:34,643 [src.preprocess] DEBUG: Extracted 0 HTML titles from data/10k_raw/PNR/10-K/0000077360-20-000006/primary-document.html
2026-02-23 15:25:34,713 [src.preprocess] DEBUG: Extracted 0 HTML titles from data/10k_raw/PNR/10-K/0000077360-21-000005/primary-document.html
2026-02-23 15:25:34,777 [src.preprocess] DEBUG: Extracted 0 HTML titles from data/10k_raw/PNR/10-K/0000077360-22-000006/primary-document.html
2026-02-23 15:25:34,846 [src.preprocess] DEBUG: Extracted 0 HTML titles from data/10k_raw/PNR/10-K/0000077360-23-000006/primary-document.html
2026-02-23 15:25:34,900 [src.preprocess] DEBUG: Extracted 0 HTML titles from data/10k_raw/PNR/10-K/0000077360-24-000007/primary-document.html
2026-02-23 15:25:35,176 [src.preprocess] DEBUG: Extracted 93 HTML titles from data/10k_raw/PNW/10-K/0000764622-15-000013/primary-document.html
2026-02-23 15:25:35,178 [src.preprocess] DEBUG: Filtered 8 / 93 HTML titles against item_1a text
2026-02-23 15:25:35,429 [src.preprocess] DEBUG: Extracted 92 HTML titles from data/10k_raw/PNW/10-K/0000764622-16-000087/primary-document.html
2026-02-23 15:25:35,431 [src.preprocess] DEBUG: Filtered 8 / 92 HTML titles against item_1a text
2026-02-23 15:25:35,724 [src.preprocess] DEBUG: Extracted 96 HTML titles from data/10k_raw/PNW/10-K/0000764622-17-000010/primary-document.html
2026-02-23 15:25:35,726 [src.preprocess] DEBUG: Filtered 8 / 96 HTML titles against item_1a text
2026-02-23 15:25:35,985 [src.preprocess] DEBUG: Extracted 93 HTML titles from data/10k_raw/PNW/10-K/0000764622-18-000018/primary-document.html
2026-02-23 15:25:35,986 [src.preprocess] DEBUG: Filtered 8 / 93 HTML titles against item_1a text
2026-02-23 15:25:36,315 [src.preprocess] DEBUG: Extracted 98 HTML titles from data/10k_raw/PNW/10-K/0000764622-19-000019/primary-document.html
2026-02-23 15:25:36,317 [src.preprocess] DEBUG: Filtered 8 / 98 HTML titles against item_1a text
2026-02-23 15:25:36,614 [src.preprocess] DEBUG: Extracted 98 HTML titles from data/10k_raw/PNW/10-K/0000764622-20-000017/primary-document.html
2026-02-23 15:25:36,615 [src.preprocess] DEBUG: Filtered 8 / 98 HTML titles against item_1a text
2026-02-23 15:25:36,886 [src.preprocess] DEBUG: Extracted 105 HTML titles from data/10k_raw/PNW/10-K/0000764622-21-000013/primary-document.html
2026-02-23 15:25:36,888 [src.preprocess] DEBUG: Filtered 10 / 105 HTML titles against item_1a text
2026-02-23 15:25:37,127 [src.preprocess] DEBUG: Extracted 110 HTML titles from data/10k_raw/PNW/10-K/0000764622-22-000014/primary-document.html
2026-02-23 15:25:37,128 [src.preprocess] DEBUG: Filtered 9 / 110 HTML titles against item_1a text
2026-02-23 15:25:37,373 [src.preprocess] DEBUG: Extracted 110 HTML titles from data/10k_raw/PNW/10-K/0000764622-23-000023/primary-document.html
2026-02-23 15:25:37,374 [src.preprocess] DEBUG: Filtered 9 / 110 HTML titles against item_1a text
2026-02-23 15:25:37,624 [src.preprocess] DEBUG: Extracted 107 HTML titles from data/10k_raw/PNW/10-K/0000764622-24-000016/primary-document.html
2026-02-23 15:25:37,625 [src.preprocess] DEBUG: Filtered 12 / 107 HTML titles against item_1a text
2026-02-23 15:25:37,691 [src.preprocess] DEBUG: Extracted 0 HTML titles from data/10k_raw/PODD/10-K/0001145197-15-000020/primary-document.html
2026-02-23 15:25:37,773 [src.preprocess] DEBUG: Extracted 23 HTML titles from data/10k_raw/PODD/10-K/0001145197-16-000083/primary-document.html
2026-02-23 15:25:37,868 [src.preprocess] DEBUG: Extracted 25 HTML titles from data/10k_raw/PODD/10-K/0001145197-17-000005/primary-document.html
2026-02-23 15:25:37,966 [src.preprocess] DEBUG: Extracted 25 HTML titles from data/10k_raw/PODD/10-K/0001145197-18-000004/primary-document.html
2026-02-23 15:25:38,104 [src.preprocess] DEBUG: Extracted 26 HTML titles from data/10k_raw/PODD/10-K/0001145197-19-000003/primary-document.html
2026-02-23 15:25:38,209 [src.preprocess] DEBUG: Extracted 26 HTML titles from data/10k_raw/PODD/10-K/0001145197-20-000004/primary-document.html
2026-02-23 15:25:38,284 [src.preprocess] DEBUG: Extracted 35 HTML titles from data/10k_raw/PODD/10-K/0001145197-21-000009/primary-document.html
2026-02-23 15:25:38,359 [src.preprocess] DEBUG: Extracted 36 HTML titles from data/10k_raw/PODD/10-K/0001145197-22-000012/primary-document.html
2026-02-23 15:25:38,436 [src.preprocess] DEBUG: Extracted 35 HTML titles from data/10k_raw/PODD/10-K/0001145197-23-000020/primary-document.html
2026-02-23 15:25:38,505 [src.preprocess] DEBUG: Extracted 36 HTML titles from data/10k_raw/PODD/10-K/0001145197-24-000011/primary-document.html
2026-02-23 15:25:38,575 [src.preprocess] DEBUG: Extracted 14 HTML titles from data/10k_raw/POOL/10-K/0000945841-15-000034/primary-document.html
2026-02-23 15:25:38,575 [src.preprocess] DEBUG: Filtered 2 / 14 HTML titles against item_1a text
2026-02-23 15:25:38,643 [src.preprocess] DEBUG: Extracted 15 HTML titles from data/10k_raw/POOL/10-K/0000945841-16-000190/primary-document.html
2026-02-23 15:25:38,643 [src.preprocess] DEBUG: Filtered 3 / 15 HTML titles against item_1a text
2026-02-23 15:25:38,711 [src.preprocess] DEBUG: Extracted 15 HTML titles from data/10k_raw/POOL/10-K/0000945841-17-000028/primary-document.html
2026-02-23 15:25:38,711 [src.preprocess] DEBUG: Filtered 3 / 15 HTML titles against item_1a text
2026-02-23 15:25:38,780 [src.preprocess] DEBUG: Extracted 16 HTML titles from data/10k_raw/POOL/10-K/0000945841-18-000020/primary-document.html
2026-02-23 15:25:38,780 [src.preprocess] DEBUG: Filtered 3 / 16 HTML titles against item_1a text
2026-02-23 15:25:38,850 [src.preprocess] DEBUG: Extracted 16 HTML titles from data/10k_raw/POOL/10-K/0000945841-19-000013/primary-document.html
2026-02-23 15:25:38,851 [src.preprocess] DEBUG: Filtered 3 / 16 HTML titles against item_1a text
2026-02-23 15:25:38,941 [src.preprocess] DEBUG: Extracted 15 HTML titles from data/10k_raw/POOL/10-K/0000945841-20-000041/primary-document.html
2026-02-23 15:25:38,941 [src.preprocess] DEBUG: Filtered 2 / 15 HTML titles against item_1a text
2026-02-23 15:25:39,012 [src.preprocess] DEBUG: Extracted 21 HTML titles from data/10k_raw/POOL/10-K/0000945841-21-000022/primary-document.html
2026-02-23 15:25:39,013 [src.preprocess] DEBUG: Filtered 3 / 21 HTML titles against item_1a text
2026-02-23 15:25:39,089 [src.preprocess] DEBUG: Extracted 23 HTML titles from data/10k_raw/POOL/10-K/0000945841-22-000023/primary-document.html
2026-02-23 15:25:39,089 [src.preprocess] DEBUG: Filtered 3 / 23 HTML titles against item_1a text
2026-02-23 15:25:39,192 [src.preprocess] DEBUG: Extracted 26 HTML titles from data/10k_raw/POOL/10-K/0000945841-23-000015/primary-document.html
2026-02-23 15:25:39,192 [src.preprocess] DEBUG: Filtered 2 / 26 HTML titles against item_1a text
2026-02-23 15:25:39,255 [src.preprocess] DEBUG: Extracted 27 HTML titles from data/10k_raw/POOL/10-K/0000945841-24-000021/primary-document.html
2026-02-23 15:25:39,255 [src.preprocess] DEBUG: Filtered 2 / 27 HTML titles against item_1a text
2026-02-23 15:25:40,690 [src.preprocess] DEBUG: Extracted 208 HTML titles from data/10k_raw/PPG/10-K/0000079879-15-000009/primary-document.html
2026-02-23 15:25:40,699 [src.preprocess] DEBUG: Filtered 39 / 208 HTML titles against item_1a text
2026-02-23 15:25:42,198 [src.preprocess] DEBUG: Extracted 209 HTML titles from data/10k_raw/PPG/10-K/0000079879-16-000065/primary-document.html
2026-02-23 15:25:42,205 [src.preprocess] DEBUG: Filtered 35 / 209 HTML titles against item_1a text
2026-02-23 15:25:43,723 [src.preprocess] DEBUG: Extracted 199 HTML titles from data/10k_raw/PPG/10-K/0000079879-17-000009/primary-document.html
2026-02-23 15:25:43,731 [src.preprocess] DEBUG: Filtered 34 / 199 HTML titles against item_1a text
2026-02-23 15:25:45,175 [src.preprocess] DEBUG: Extracted 312 HTML titles from data/10k_raw/PPG/10-K/0000079879-18-000010/primary-document.html
2026-02-23 15:25:45,186 [src.preprocess] DEBUG: Filtered 47 / 312 HTML titles against item_1a text
2026-02-23 15:25:46,834 [src.preprocess] DEBUG: Extracted 323 HTML titles from data/10k_raw/PPG/10-K/0000079879-19-000008/primary-document.html
2026-02-23 15:25:46,845 [src.preprocess] DEBUG: Filtered 41 / 323 HTML titles against item_1a text
2026-02-23 15:25:48,024 [src.preprocess] DEBUG: Extracted 305 HTML titles from data/10k_raw/PPG/10-K/0000079879-20-000008/primary-document.html
2026-02-23 15:25:48,033 [src.preprocess] DEBUG: Filtered 35 / 305 HTML titles against item_1a text
2026-02-23 15:25:48,765 [src.preprocess] DEBUG: Extracted 303 HTML titles from data/10k_raw/PPG/10-K/0000079879-21-000008/primary-document.html
2026-02-23 15:25:48,776 [src.preprocess] DEBUG: Filtered 56 / 303 HTML titles against item_1a text
2026-02-23 15:25:49,489 [src.preprocess] DEBUG: Extracted 306 HTML titles from data/10k_raw/PPG/10-K/0000079879-22-000009/primary-document.html
2026-02-23 15:25:49,499 [src.preprocess] DEBUG: Filtered 56 / 306 HTML titles against item_1a text
2026-02-23 15:25:50,174 [src.preprocess] DEBUG: Extracted 285 HTML titles from data/10k_raw/PPG/10-K/0000079879-23-000007/primary-document.html
2026-02-23 15:25:50,184 [src.preprocess] DEBUG: Filtered 57 / 285 HTML titles against item_1a text
2026-02-23 15:25:50,779 [src.preprocess] DEBUG: Extracted 251 HTML titles from data/10k_raw/PPG/10-K/0000079879-24-000040/primary-document.html
2026-02-23 15:25:50,787 [src.preprocess] DEBUG: Filtered 52 / 251 HTML titles against item_1a text
2026-02-23 15:25:51,451 [src.preprocess] DEBUG: Extracted 89 HTML titles from data/10k_raw/PPL/10-K/0000922224-15-000016/primary-document.html
2026-02-23 15:25:51,700 [src.preprocess] DEBUG: Extracted 0 HTML titles from data/10k_raw/PPL/10-K/0000922224-16-000130/primary-document.html
2026-02-23 15:25:52,155 [src.preprocess] DEBUG: Extracted 71 HTML titles from data/10k_raw/PPL/10-K/0000922224-17-000010/primary-document.html
2026-02-23 15:25:52,156 [src.preprocess] DEBUG: Filtered 1 / 71 HTML titles against item_1a text
2026-02-23 15:25:52,634 [src.preprocess] DEBUG: Extracted 88 HTML titles from data/10k_raw/PPL/10-K/0000922224-18-000023/primary-document.html
2026-02-23 15:25:52,635 [src.preprocess] DEBUG: Filtered 1 / 88 HTML titles against item_1a text
2026-02-23 15:25:53,129 [src.preprocess] DEBUG: Extracted 88 HTML titles from data/10k_raw/PPL/10-K/0000922224-19-000015/primary-document.html
2026-02-23 15:25:53,130 [src.preprocess] DEBUG: Filtered 1 / 88 HTML titles against item_1a text
2026-02-23 15:25:53,606 [src.preprocess] DEBUG: Extracted 90 HTML titles from data/10k_raw/PPL/10-K/0000922224-20-000005/primary-document.html
2026-02-23 15:25:53,607 [src.preprocess] DEBUG: Filtered 1 / 90 HTML titles against item_1a text
2026-02-23 15:25:54,045 [src.preprocess] DEBUG: Extracted 89 HTML titles from data/10k_raw/PPL/10-K/0000922224-21-000006/primary-document.html
2026-02-23 15:25:54,046 [src.preprocess] DEBUG: Filtered 3 / 89 HTML titles against item_1a text
2026-02-23 15:25:54,337 [src.preprocess] DEBUG: Extracted 57 HTML titles from data/10k_raw/PPL/10-K/0000922224-22-000005/primary-document.html
2026-02-23 15:25:54,338 [src.preprocess] DEBUG: Filtered 3 / 57 HTML titles against item_1a text
2026-02-23 15:25:54,649 [src.preprocess] DEBUG: Extracted 64 HTML titles from data/10k_raw/PPL/10-K/0000922224-23-000010/primary-document.html
2026-02-23 15:25:54,650 [src.preprocess] DEBUG: Filtered 3 / 64 HTML titles against item_1a text
2026-02-23 15:25:54,906 [src.preprocess] DEBUG: Extracted 59 HTML titles from data/10k_raw/PPL/10-K/0000922224-24-000008/primary-document.html
2026-02-23 15:25:54,907 [src.preprocess] DEBUG: Filtered 3 / 59 HTML titles against item_1a text
2026-02-23 15:25:55,261 [src.preprocess] DEBUG: Extracted 0 HTML titles from data/10k_raw/PRU/10-K/0001137774-16-000226/primary-document.html
2026-02-23 15:25:55,605 [src.preprocess] DEBUG: Extracted 0 HTML titles from data/10k_raw/PRU/10-K/0001137774-17-000084/primary-document.html
2026-02-23 15:25:55,927 [src.preprocess] DEBUG: Extracted 0 HTML titles from data/10k_raw/PRU/10-K/0001137774-18-000063/primary-document.html
2026-02-23 15:25:56,273 [src.preprocess] DEBUG: Extracted 0 HTML titles from data/10k_raw/PRU/10-K/0001137774-19-000058/primary-document.html
2026-02-23 15:25:56,745 [src.preprocess] DEBUG: Extracted 0 HTML titles from data/10k_raw/PRU/10-K/0001137774-20-000065/primary-document.html
2026-02-23 15:25:57,143 [src.preprocess] DEBUG: Extracted 0 HTML titles from data/10k_raw/PRU/10-K/0001137774-21-000049/primary-document.html
2026-02-23 15:25:57,540 [src.preprocess] DEBUG: Extracted 0 HTML titles from data/10k_raw/PRU/10-K/0001137774-22-000038/primary-document.html
2026-02-23 15:25:57,933 [src.preprocess] DEBUG: Extracted 0 HTML titles from data/10k_raw/PRU/10-K/0001137774-23-000040/primary-document.html
2026-02-23 15:25:58,343 [src.preprocess] DEBUG: Extracted 0 HTML titles from data/10k_raw/PRU/10-K/0001137774-24-000045/primary-document.html
2026-02-23 15:25:58,590 [src.preprocess] DEBUG: Extracted 0 HTML titles from data/10k_raw/PRU/10-K/0001193125-15-056366/primary-document.html
2026-02-23 15:25:59,029 [src.preprocess] DEBUG: Extracted 45 HTML titles from data/10k_raw/PSA/10-K/0001393311-15-000005/primary-document.html
2026-02-23 15:25:59,224 [src.preprocess] DEBUG: Extracted 47 HTML titles from data/10k_raw/PSA/10-K/0001393311-16-000036/primary-document.html
2026-02-23 15:25:59,420 [src.preprocess] DEBUG: Extracted 49 HTML titles from data/10k_raw/PSA/10-K/0001393311-17-000008/primary-document.html
2026-02-23 15:25:59,621 [src.preprocess] DEBUG: Extracted 50 HTML titles from data/10k_raw/PSA/10-K/0001393311-18-000004/primary-document.html
2026-02-23 15:25:59,870 [src.preprocess] DEBUG: Extracted 51 HTML titles from data/10k_raw/PSA/10-K/0001393311-19-000004/primary-document.html
2026-02-23 15:26:00,181 [src.preprocess] DEBUG: Extracted 48 HTML titles from data/10k_raw/PSA/10-K/0001393311-20-000008/primary-document.html
2026-02-23 15:26:00,295 [src.preprocess] DEBUG: Extracted 48 HTML titles from data/10k_raw/PSA/10-K/0001393311-22-000010/primary-document.html
2026-02-23 15:26:00,416 [src.preprocess] DEBUG: Extracted 58 HTML titles from data/10k_raw/PSA/10-K/0001393311-23-000012/primary-document.html
2026-02-23 15:26:00,516 [src.preprocess] DEBUG: Extracted 57 HTML titles from data/10k_raw/PSA/10-K/0001393311-24-000043/primary-document.html
2026-02-23 15:26:00,812 [src.preprocess] DEBUG: Extracted 48 HTML titles from data/10k_raw/PSA/10-K/0001562762-21-000058/primary-document.html
2026-02-23 15:26:00,950 [src.preprocess] DEBUG: Extracted 14 HTML titles from data/10k_raw/PSX/10-K/0001534701-15-000038/primary-document.html
2026-02-23 15:26:01,084 [src.preprocess] DEBUG: Extracted 15 HTML titles from data/10k_raw/PSX/10-K/0001534701-16-000119/primary-document.html
2026-02-23 15:26:01,216 [src.preprocess] DEBUG: Extracted 15 HTML titles from data/10k_raw/PSX/10-K/0001534701-17-000051/primary-document.html
2026-02-23 15:26:01,352 [src.preprocess] DEBUG: Extracted 15 HTML titles from data/10k_raw/PSX/10-K/0001534701-18-000065/primary-document.html
2026-02-23 15:26:01,487 [src.preprocess] DEBUG: Extracted 13 HTML titles from data/10k_raw/PSX/10-K/0001534701-19-000063/primary-document.html
2026-02-23 15:26:01,665 [src.preprocess] DEBUG: Extracted 12 HTML titles from data/10k_raw/PSX/10-K/0001534701-20-000070/primary-document.html
2026-02-23 15:26:01,829 [src.preprocess] DEBUG: Extracted 28 HTML titles from data/10k_raw/PSX/10-K/0001534701-21-000074/primary-document.html
2026-02-23 15:26:01,970 [src.preprocess] DEBUG: Extracted 27 HTML titles from data/10k_raw/PSX/10-K/0001534701-22-000078/primary-document.html
2026-02-23 15:26:02,130 [src.preprocess] DEBUG: Extracted 25 HTML titles from data/10k_raw/PSX/10-K/0001534701-23-000053/primary-document.html
2026-02-23 15:26:02,267 [src.preprocess] DEBUG: Extracted 22 HTML titles from data/10k_raw/PSX/10-K/0001534701-24-000078/primary-document.html
2026-02-23 15:26:02,354 [src.preprocess] DEBUG: Extracted 19 HTML titles from data/10k_raw/PTC/10-K/0000857005-15-000042/primary-document.html
2026-02-23 15:26:02,443 [src.preprocess] DEBUG: Extracted 19 HTML titles from data/10k_raw/PTC/10-K/0000857005-16-000071/primary-document.html
2026-02-23 15:26:02,536 [src.preprocess] DEBUG: Extracted 20 HTML titles from data/10k_raw/PTC/10-K/0000857005-17-000021/primary-document.html
2026-02-23 15:26:02,630 [src.preprocess] DEBUG: Extracted 21 HTML titles from data/10k_raw/PTC/10-K/0000857005-18-000025/primary-document.html
2026-02-23 15:26:02,758 [src.preprocess] DEBUG: Extracted 21 HTML titles from data/10k_raw/PTC/10-K/0000857005-19-000040/primary-document.html
2026-02-23 15:26:02,902 [src.preprocess] DEBUG: Extracted 47 HTML titles from data/10k_raw/PTC/10-K/0000950123-23-011049/primary-document.html
2026-02-23 15:26:03,075 [src.preprocess] DEBUG: Extracted 46 HTML titles from data/10k_raw/PTC/10-K/0000950170-22-025211/primary-document.html
2026-02-23 15:26:03,204 [src.preprocess] DEBUG: Extracted 42 HTML titles from data/10k_raw/PTC/10-K/0000950170-24-127231/primary-document.html
2026-02-23 15:26:03,365 [src.preprocess] DEBUG: Extracted 31 HTML titles from data/10k_raw/PTC/10-K/0001564590-20-054803/primary-document.html
2026-02-23 15:26:03,365 [src.preprocess] DEBUG: Filtered 9 / 31 HTML titles against item_1a text
2026-02-23 15:26:03,534 [src.preprocess] DEBUG: Extracted 31 HTML titles from data/10k_raw/PTC/10-K/0001564590-21-057806/primary-document.html
2026-02-23 15:26:03,534 [src.preprocess] DEBUG: Filtered 9 / 31 HTML titles against item_1a text
2026-02-23 15:26:03,636 [src.preprocess] DEBUG: Extracted 43 HTML titles from data/10k_raw/PWR/10-K/0001050915-18-000003/primary-document.html
2026-02-23 15:26:03,764 [src.preprocess] DEBUG: Extracted 41 HTML titles from data/10k_raw/PWR/10-K/0001050915-19-000014/primary-document.html
2026-02-23 15:26:03,894 [src.preprocess] DEBUG: Extracted 46 HTML titles from data/10k_raw/PWR/10-K/0001050915-20-000020/primary-document.html
2026-02-23 15:26:04,011 [src.preprocess] DEBUG: Extracted 49 HTML titles from data/10k_raw/PWR/10-K/0001050915-21-000009/primary-document.html
2026-02-23 15:26:04,152 [src.preprocess] DEBUG: Extracted 68 HTML titles from data/10k_raw/PWR/10-K/0001050915-22-000008/primary-document.html
2026-02-23 15:26:04,317 [src.preprocess] DEBUG: Extracted 63 HTML titles from data/10k_raw/PWR/10-K/0001050915-23-000010/primary-document.html
2026-02-23 15:26:04,433 [src.preprocess] DEBUG: Extracted 63 HTML titles from data/10k_raw/PWR/10-K/0001050915-24-000009/primary-document.html
2026-02-23 15:26:04,512 [src.preprocess] DEBUG: Extracted 0 HTML titles from data/10k_raw/PWR/10-K/0001193125-15-073003/primary-document.html
2026-02-23 15:26:04,585 [src.preprocess] DEBUG: Extracted 0 HTML titles from data/10k_raw/PWR/10-K/0001193125-16-485494/primary-document.html
2026-02-23 15:26:04,666 [src.preprocess] DEBUG: Extracted 0 HTML titles from data/10k_raw/PWR/10-K/0001193125-17-064821/primary-document.html
2026-02-23 15:26:04,732 [src.preprocess] DEBUG: Extracted 0 HTML titles from data/10k_raw/QCOM/10-K/0000804328-22-000021/primary-document.html
2026-02-23 15:26:04,779 [src.preprocess] DEBUG: Extracted 0 HTML titles from data/10k_raw/QCOM/10-K/0000804328-23-000055/primary-document.html
2026-02-23 15:26:04,827 [src.preprocess] DEBUG: Extracted 0 HTML titles from data/10k_raw/QCOM/10-K/0000804328-24-000075/primary-document.html
2026-02-23 15:26:04,892 [src.preprocess] DEBUG: Extracted 0 HTML titles from data/10k_raw/QCOM/10-K/0001234452-15-000271/primary-document.html
2026-02-23 15:26:04,955 [src.preprocess] DEBUG: Extracted 0 HTML titles from data/10k_raw/QCOM/10-K/0001234452-16-000552/primary-document.html
2026-02-23 15:26:05,023 [src.preprocess] DEBUG: Extracted 0 HTML titles from data/10k_raw/QCOM/10-K/0001234452-17-000190/primary-document.html
2026-02-23 15:26:05,094 [src.preprocess] DEBUG: Extracted 0 HTML titles from data/10k_raw/QCOM/10-K/0001728949-18-000095/primary-document.html
2026-02-23 15:26:05,177 [src.preprocess] DEBUG: Extracted 0 HTML titles from data/10k_raw/QCOM/10-K/0001728949-19-000072/primary-document.html
2026-02-23 15:26:05,246 [src.preprocess] DEBUG: Extracted 0 HTML titles from data/10k_raw/QCOM/10-K/0001728949-20-000067/primary-document.html
2026-02-23 15:26:05,307 [src.preprocess] DEBUG: Extracted 0 HTML titles from data/10k_raw/QCOM/10-K/0001728949-21-000076/primary-document.html
2026-02-23 15:26:05,376 [src.preprocess] DEBUG: Extracted 24 HTML titles from data/10k_raw/RCL/10-K/0000884887-15-000025/primary-document.html
2026-02-23 15:26:05,452 [src.preprocess] DEBUG: Extracted 23 HTML titles from data/10k_raw/RCL/10-K/0000884887-16-000126/primary-document.html
2026-02-23 15:26:05,625 [src.preprocess] DEBUG: Extracted 43 HTML titles from data/10k_raw/RCL/10-K/0000884887-17-000020/primary-document.html
2026-02-23 15:26:05,625 [src.preprocess] DEBUG: Filtered 4 / 43 HTML titles against item_1a text
2026-02-23 15:26:05,772 [src.preprocess] DEBUG: Extracted 42 HTML titles from data/10k_raw/RCL/10-K/0000884887-18-000017/primary-document.html
2026-02-23 15:26:05,773 [src.preprocess] DEBUG: Filtered 5 / 42 HTML titles against item_1a text
2026-02-23 15:26:05,968 [src.preprocess] DEBUG: Extracted 42 HTML titles from data/10k_raw/RCL/10-K/0000884887-19-000017/primary-document.html
2026-02-23 15:26:05,968 [src.preprocess] DEBUG: Filtered 5 / 42 HTML titles against item_1a text
2026-02-23 15:26:06,166 [src.preprocess] DEBUG: Extracted 46 HTML titles from data/10k_raw/RCL/10-K/0000884887-20-000009/primary-document.html
2026-02-23 15:26:06,166 [src.preprocess] DEBUG: Filtered 3 / 46 HTML titles against item_1a text
2026-02-23 15:26:06,353 [src.preprocess] DEBUG: Extracted 71 HTML titles from data/10k_raw/RCL/10-K/0000884887-21-000006/primary-document.html
2026-02-23 15:26:06,354 [src.preprocess] DEBUG: Filtered 4 / 71 HTML titles against item_1a text
2026-02-23 15:26:06,569 [src.preprocess] DEBUG: Extracted 76 HTML titles from data/10k_raw/RCL/10-K/0000884887-22-000008/primary-document.html
2026-02-23 15:26:06,571 [src.preprocess] DEBUG: Filtered 4 / 76 HTML titles against item_1a text
2026-02-23 15:26:06,731 [src.preprocess] DEBUG: Extracted 73 HTML titles from data/10k_raw/RCL/10-K/0000884887-23-000006/primary-document.html
2026-02-23 15:26:06,732 [src.preprocess] DEBUG: Filtered 5 / 73 HTML titles against item_1a text
2026-02-23 15:26:06,861 [src.preprocess] DEBUG: Extracted 61 HTML titles from data/10k_raw/RCL/10-K/0000884887-24-000075/primary-document.html
2026-02-23 15:26:06,861 [src.preprocess] DEBUG: Filtered 4 / 61 HTML titles against item_1a text
2026-02-23 15:26:07,155 [src.preprocess] DEBUG: Extracted 56 HTML titles from data/10k_raw/REG/10-K/0000910606-15-000006/primary-document.html
2026-02-23 15:26:07,155 [src.preprocess] DEBUG: Filtered 1 / 56 HTML titles against item_1a text
2026-02-23 15:26:07,377 [src.preprocess] DEBUG: Extracted 56 HTML titles from data/10k_raw/REG/10-K/0000910606-16-000047/primary-document.html
2026-02-23 15:26:07,378 [src.preprocess] DEBUG: Filtered 1 / 56 HTML titles against item_1a text
2026-02-23 15:26:07,615 [src.preprocess] DEBUG: Extracted 68 HTML titles from data/10k_raw/REG/10-K/0000910606-17-000006/primary-document.html
2026-02-23 15:26:07,615 [src.preprocess] DEBUG: Filtered 1 / 68 HTML titles against item_1a text
2026-02-23 15:26:07,873 [src.preprocess] DEBUG: Extracted 54 HTML titles from data/10k_raw/REG/10-K/0000910606-18-000010/primary-document.html
2026-02-23 15:26:07,873 [src.preprocess] DEBUG: Filtered 2 / 54 HTML titles against item_1a text
2026-02-23 15:26:08,123 [src.preprocess] DEBUG: Extracted 56 HTML titles from data/10k_raw/REG/10-K/0000910606-19-000006/primary-document.html
2026-02-23 15:26:08,123 [src.preprocess] DEBUG: Filtered 2 / 56 HTML titles against item_1a text
2026-02-23 15:26:08,652 [src.preprocess] DEBUG: Extracted 61 HTML titles from data/10k_raw/REG/10-K/0000950170-22-001418/primary-document.html
2026-02-23 15:26:08,653 [src.preprocess] DEBUG: Filtered 1 / 61 HTML titles against item_1a text
2026-02-23 15:26:09,218 [src.preprocess] DEBUG: Extracted 61 HTML titles from data/10k_raw/REG/10-K/0000950170-23-003160/primary-document.html
2026-02-23 15:26:09,218 [src.preprocess] DEBUG: Filtered 1 / 61 HTML titles against item_1a text
2026-02-23 15:26:09,643 [src.preprocess] DEBUG: Extracted 67 HTML titles from data/10k_raw/REG/10-K/0000950170-24-016260/primary-document.html
2026-02-23 15:26:09,643 [src.preprocess] DEBUG: Filtered 1 / 67 HTML titles against item_1a text
2026-02-23 15:26:10,207 [src.preprocess] DEBUG: Extracted 64 HTML titles from data/10k_raw/REG/10-K/0001564590-20-004859/primary-document.html
2026-02-23 15:26:10,208 [src.preprocess] DEBUG: Filtered 1 / 64 HTML titles against item_1a text
2026-02-23 15:26:10,795 [src.preprocess] DEBUG: Extracted 63 HTML titles from data/10k_raw/REG/10-K/0001564590-21-006390/primary-document.html
2026-02-23 15:26:10,795 [src.preprocess] DEBUG: Filtered 3 / 63 HTML titles against item_1a text
2026-02-23 15:26:10,961 [src.preprocess] DEBUG: Extracted 92 HTML titles from data/10k_raw/REGN/10-K/0001532176-15-000008/primary-document.html
2026-02-23 15:26:10,963 [src.preprocess] DEBUG: Filtered 1 / 92 HTML titles against item_1a text
2026-02-23 15:26:11,139 [src.preprocess] DEBUG: Extracted 107 HTML titles from data/10k_raw/REGN/10-K/0001532176-16-000045/primary-document.html
2026-02-23 15:26:11,141 [src.preprocess] DEBUG: Filtered 1 / 107 HTML titles against item_1a text
2026-02-23 15:26:11,369 [src.preprocess] DEBUG: Extracted 109 HTML titles from data/10k_raw/REGN/10-K/0001532176-17-000008/primary-document.html
2026-02-23 15:26:11,371 [src.preprocess] DEBUG: Filtered 1 / 109 HTML titles against item_1a text
2026-02-23 15:26:11,657 [src.preprocess] DEBUG: Extracted 108 HTML titles from data/10k_raw/REGN/10-K/0001532176-18-000013/primary-document.html
2026-02-23 15:26:11,659 [src.preprocess] DEBUG: Filtered 2 / 108 HTML titles against item_1a text
2026-02-23 15:26:11,999 [src.preprocess] DEBUG: Extracted 126 HTML titles from data/10k_raw/REGN/10-K/0001532176-19-000009/primary-document.html
2026-02-23 15:26:12,001 [src.preprocess] DEBUG: Filtered 3 / 126 HTML titles against item_1a text
2026-02-23 15:26:12,319 [src.preprocess] DEBUG: Extracted 98 HTML titles from data/10k_raw/REGN/10-K/0001532176-20-000008/primary-document.html
2026-02-23 15:26:12,320 [src.preprocess] DEBUG: Filtered 1 / 98 HTML titles against item_1a text
2026-02-23 15:26:12,592 [src.preprocess] DEBUG: Extracted 119 HTML titles from data/10k_raw/REGN/10-K/0001804220-21-000008/primary-document.html
2026-02-23 15:26:12,594 [src.preprocess] DEBUG: Filtered 1 / 119 HTML titles against item_1a text
2026-02-23 15:26:12,891 [src.preprocess] DEBUG: Extracted 120 HTML titles from data/10k_raw/REGN/10-K/0001804220-22-000007/primary-document.html
2026-02-23 15:26:12,893 [src.preprocess] DEBUG: Filtered 1 / 120 HTML titles against item_1a text
2026-02-23 15:26:13,202 [src.preprocess] DEBUG: Extracted 124 HTML titles from data/10k_raw/REGN/10-K/0001804220-23-000008/primary-document.html
2026-02-23 15:26:13,205 [src.preprocess] DEBUG: Filtered 1 / 124 HTML titles against item_1a text
2026-02-23 15:26:13,450 [src.preprocess] DEBUG: Extracted 120 HTML titles from data/10k_raw/REGN/10-K/0001804220-24-000009/primary-document.html
2026-02-23 15:26:13,710 [src.preprocess] DEBUG: Extracted 0 HTML titles from data/10k_raw/RF/10-K/0001281761-15-000022/primary-document.html
2026-02-23 15:26:13,904 [src.preprocess] DEBUG: Extracted 0 HTML titles from data/10k_raw/RF/10-K/0001281761-16-000108/primary-document.html
2026-02-23 15:26:14,099 [src.preprocess] DEBUG: Extracted 0 HTML titles from data/10k_raw/RF/10-K/0001281761-17-000026/primary-document.html
2026-02-23 15:26:14,286 [src.preprocess] DEBUG: Extracted 0 HTML titles from data/10k_raw/RF/10-K/0001281761-18-000016/primary-document.html
2026-02-23 15:26:14,480 [src.preprocess] DEBUG: Extracted 0 HTML titles from data/10k_raw/RF/10-K/0001281761-19-000019/primary-document.html
2026-02-23 15:26:14,731 [src.preprocess] DEBUG: Extracted 0 HTML titles from data/10k_raw/RF/10-K/0001281761-20-000010/primary-document.html
2026-02-23 15:26:14,963 [src.preprocess] DEBUG: Extracted 0 HTML titles from data/10k_raw/RF/10-K/0001281761-21-000012/primary-document.html
2026-02-23 15:26:15,193 [src.preprocess] DEBUG: Extracted 0 HTML titles from data/10k_raw/RF/10-K/0001281761-22-000016/primary-document.html
2026-02-23 15:26:15,420 [src.preprocess] DEBUG: Extracted 0 HTML titles from data/10k_raw/RF/10-K/0001281761-23-000012/primary-document.html
2026-02-23 15:26:15,601 [src.preprocess] DEBUG: Extracted 0 HTML titles from data/10k_raw/RF/10-K/0001281761-24-000010/primary-document.html
2026-02-23 15:26:15,815 [src.preprocess] DEBUG: Extracted 33 HTML titles from data/10k_raw/RJF/10-K/0000720005-15-000075/primary-document.html
2026-02-23 15:26:16,043 [src.preprocess] DEBUG: Extracted 37 HTML titles from data/10k_raw/RJF/10-K/0000720005-16-000169/primary-document.html
2026-02-23 15:26:16,252 [src.preprocess] DEBUG: Extracted 37 HTML titles from data/10k_raw/RJF/10-K/0000720005-17-000089/primary-document.html
2026-02-23 15:26:16,448 [src.preprocess] DEBUG: Extracted 37 HTML titles from data/10k_raw/RJF/10-K/0000720005-18-000083/primary-document.html
2026-02-23 15:26:16,694 [src.preprocess] DEBUG: Extracted 42 HTML titles from data/10k_raw/RJF/10-K/0000720005-19-000086/primary-document.html
2026-02-23 15:26:16,908 [src.preprocess] DEBUG: Extracted 44 HTML titles from data/10k_raw/RJF/10-K/0000720005-20-000063/primary-document.html
2026-02-23 15:26:17,155 [src.preprocess] DEBUG: Extracted 56 HTML titles from data/10k_raw/RJF/10-K/0000720005-21-000106/primary-document.html
2026-02-23 15:26:17,396 [src.preprocess] DEBUG: Extracted 55 HTML titles from data/10k_raw/RJF/10-K/0000720005-22-000066/primary-document.html
2026-02-23 15:26:17,607 [src.preprocess] DEBUG: Extracted 53 HTML titles from data/10k_raw/RJF/10-K/0000720005-23-000079/primary-document.html
2026-02-23 15:26:17,812 [src.preprocess] DEBUG: Extracted 66 HTML titles from data/10k_raw/RJF/10-K/0000720005-24-000069/primary-document.html
2026-02-23 15:26:17,813 [src.preprocess] DEBUG: Filtered 1 / 66 HTML titles against item_1a text
2026-02-23 15:26:19,125 [src.preprocess] DEBUG: Extracted 318 HTML titles from data/10k_raw/RL/10-K/0001037038-15-000006/primary-document.html
2026-02-23 15:26:19,138 [src.preprocess] DEBUG: Filtered 21 / 318 HTML titles against item_1a text
2026-02-23 15:26:20,558 [src.preprocess] DEBUG: Extracted 319 HTML titles from data/10k_raw/RL/10-K/0001037038-16-000019/primary-document.html
2026-02-23 15:26:20,573 [src.preprocess] DEBUG: Filtered 21 / 319 HTML titles against item_1a text
2026-02-23 15:26:22,054 [src.preprocess] DEBUG: Extracted 327 HTML titles from data/10k_raw/RL/10-K/0001037038-17-000004/primary-document.html
2026-02-23 15:26:22,070 [src.preprocess] DEBUG: Filtered 21 / 327 HTML titles against item_1a text
2026-02-23 15:26:23,655 [src.preprocess] DEBUG: Extracted 329 HTML titles from data/10k_raw/RL/10-K/0001037038-18-000007/primary-document.html
2026-02-23 15:26:23,672 [src.preprocess] DEBUG: Filtered 19 / 329 HTML titles against item_1a text
2026-02-23 15:26:25,303 [src.preprocess] DEBUG: Extracted 343 HTML titles from data/10k_raw/RL/10-K/0001037038-19-000005/primary-document.html
2026-02-23 15:26:25,321 [src.preprocess] DEBUG: Filtered 18 / 343 HTML titles against item_1a text
2026-02-23 15:26:26,684 [src.preprocess] DEBUG: Extracted 348 HTML titles from data/10k_raw/RL/10-K/0001037038-20-000014/primary-document.html
2026-02-23 15:26:26,704 [src.preprocess] DEBUG: Filtered 18 / 348 HTML titles against item_1a text
2026-02-23 15:26:27,533 [src.preprocess] DEBUG: Extracted 327 HTML titles from data/10k_raw/RL/10-K/0001037038-21-000022/primary-document.html
2026-02-23 15:26:27,551 [src.preprocess] DEBUG: Filtered 51 / 327 HTML titles against item_1a text
2026-02-23 15:26:27,676 [src.preprocess] DEBUG: Extracted 0 HTML titles from data/10k_raw/RL/10-K/0001037038-22-000014/primary-document.html
2026-02-23 15:26:27,769 [src.preprocess] DEBUG: Extracted 0 HTML titles from data/10k_raw/RL/10-K/0001037038-23-000015/primary-document.html
2026-02-23 15:26:27,845 [src.preprocess] DEBUG: Extracted 0 HTML titles from data/10k_raw/RL/10-K/0001037038-24-000014/primary-document.html
2026-02-23 15:26:28,076 [src.preprocess] DEBUG: Extracted 66 HTML titles from data/10k_raw/RMD/10-K/0000943819-18-000013/primary-document.html
2026-02-23 15:26:28,266 [src.preprocess] DEBUG: Extracted 68 HTML titles from data/10k_raw/RMD/10-K/0000943819-19-000017/primary-document.html
2026-02-23 15:26:28,444 [src.preprocess] DEBUG: Extracted 0 HTML titles from data/10k_raw/RMD/10-K/0000943819-20-000013/primary-document.html
2026-02-23 15:26:28,608 [src.preprocess] DEBUG: Extracted 0 HTML titles from data/10k_raw/RMD/10-K/0000943819-21-000017/primary-document.html
2026-02-23 15:26:28,718 [src.preprocess] DEBUG: Extracted 92 HTML titles from data/10k_raw/RMD/10-K/0000943819-22-000010/primary-document.html
2026-02-23 15:26:28,720 [src.preprocess] DEBUG: Filtered 3 / 92 HTML titles against item_1a text
2026-02-23 15:26:28,872 [src.preprocess] DEBUG: Extracted 93 HTML titles from data/10k_raw/RMD/10-K/0000943819-23-000011/primary-document.html
2026-02-23 15:26:28,873 [src.preprocess] DEBUG: Filtered 3 / 93 HTML titles against item_1a text
2026-02-23 15:26:28,986 [src.preprocess] DEBUG: Extracted 92 HTML titles from data/10k_raw/RMD/10-K/0000943819-24-000013/primary-document.html
2026-02-23 15:26:28,987 [src.preprocess] DEBUG: Filtered 2 / 92 HTML titles against item_1a text
2026-02-23 15:26:29,035 [src.preprocess] DEBUG: Extracted 0 HTML titles from data/10k_raw/RMD/10-K/0001193125-15-281887/primary-document.html
2026-02-23 15:26:29,074 [src.preprocess] DEBUG: Extracted 0 HTML titles from data/10k_raw/RMD/10-K/0001193125-16-673607/primary-document.html
2026-02-23 15:26:29,114 [src.preprocess] DEBUG: Extracted 0 HTML titles from data/10k_raw/RMD/10-K/0001193125-17-248016/primary-document.html
2026-02-23 15:26:30,477 [src.preprocess] DEBUG: Extracted 216 HTML titles from data/10k_raw/ROK/10-K/0001024478-15-000028/primary-document.html
2026-02-23 15:26:30,481 [src.preprocess] DEBUG: Filtered 9 / 216 HTML titles against item_1a text
2026-02-23 15:26:31,895 [src.preprocess] DEBUG: Extracted 262 HTML titles from data/10k_raw/ROK/10-K/0001024478-16-000071/primary-document.html
2026-02-23 15:26:31,902 [src.preprocess] DEBUG: Filtered 9 / 262 HTML titles against item_1a text
2026-02-23 15:26:33,426 [src.preprocess] DEBUG: Extracted 264 HTML titles from data/10k_raw/ROK/10-K/0001024478-17-000034/primary-document.html
2026-02-23 15:26:33,433 [src.preprocess] DEBUG: Filtered 11 / 264 HTML titles against item_1a text
2026-02-23 15:26:34,993 [src.preprocess] DEBUG: Extracted 271 HTML titles from data/10k_raw/ROK/10-K/0001024478-18-000032/primary-document.html
2026-02-23 15:26:35,001 [src.preprocess] DEBUG: Filtered 13 / 271 HTML titles against item_1a text
2026-02-23 15:26:36,382 [src.preprocess] DEBUG: Extracted 274 HTML titles from data/10k_raw/ROK/10-K/0001024478-19-000044/primary-document.html
2026-02-23 15:26:36,389 [src.preprocess] DEBUG: Filtered 26 / 274 HTML titles against item_1a text
2026-02-23 15:26:37,674 [src.preprocess] DEBUG: Extracted 273 HTML titles from data/10k_raw/ROK/10-K/0001024478-20-000038/primary-document.html
2026-02-23 15:26:37,683 [src.preprocess] DEBUG: Filtered 29 / 273 HTML titles against item_1a text
2026-02-23 15:26:38,493 [src.preprocess] DEBUG: Extracted 272 HTML titles from data/10k_raw/ROK/10-K/0001024478-21-000083/primary-document.html
2026-02-23 15:26:38,502 [src.preprocess] DEBUG: Filtered 44 / 272 HTML titles against item_1a text
2026-02-23 15:26:39,260 [src.preprocess] DEBUG: Extracted 263 HTML titles from data/10k_raw/ROK/10-K/0001024478-22-000093/primary-document.html
2026-02-23 15:26:39,268 [src.preprocess] DEBUG: Filtered 47 / 263 HTML titles against item_1a text
2026-02-23 15:26:39,968 [src.preprocess] DEBUG: Extracted 207 HTML titles from data/10k_raw/ROK/10-K/0001024478-23-000126/primary-document.html
2026-02-23 15:26:39,975 [src.preprocess] DEBUG: Filtered 43 / 207 HTML titles against item_1a text
2026-02-23 15:26:40,656 [src.preprocess] DEBUG: Extracted 242 HTML titles from data/10k_raw/ROK/10-K/0001024478-24-000107/primary-document.html
2026-02-23 15:26:40,663 [src.preprocess] DEBUG: Filtered 47 / 242 HTML titles against item_1a text
2026-02-23 15:26:41,468 [src.preprocess] DEBUG: Extracted 200 HTML titles from data/10k_raw/ROL/10-K/0000084839-18-000065/primary-document.html
2026-02-23 15:26:41,472 [src.preprocess] DEBUG: Filtered 38 / 200 HTML titles against item_1a text
2026-02-23 15:26:41,551 [src.preprocess] DEBUG: Extracted 4 HTML titles from data/10k_raw/ROL/10-K/0000084839-22-000011/primary-document.html
2026-02-23 15:26:41,551 [src.preprocess] DEBUG: Filtered 1 / 4 HTML titles against item_1a text
2026-02-23 15:26:41,623 [src.preprocess] DEBUG: Extracted 4 HTML titles from data/10k_raw/ROL/10-K/0000084839-23-000006/primary-document.html
2026-02-23 15:26:41,623 [src.preprocess] DEBUG: Filtered 1 / 4 HTML titles against item_1a text
2026-02-23 15:26:41,980 [src.preprocess] DEBUG: Extracted 186 HTML titles from data/10k_raw/ROL/10-K/0000084839-24-000025/primary-document.html
2026-02-23 15:26:41,985 [src.preprocess] DEBUG: Filtered 39 / 186 HTML titles against item_1a text
2026-02-23 15:26:42,578 [src.preprocess] DEBUG: Extracted 18 HTML titles from data/10k_raw/ROL/10-K/0001171200-17-000077/primary-document.html
2026-02-23 15:26:42,579 [src.preprocess] DEBUG: Filtered 8 / 18 HTML titles against item_1a text
2026-02-23 15:26:43,190 [src.preprocess] DEBUG: Extracted 0 HTML titles from data/10k_raw/ROL/10-K/0001171200-19-000087/primary-document.html
2026-02-23 15:26:43,728 [src.preprocess] DEBUG: Extracted 38 HTML titles from data/10k_raw/ROL/10-K/0001171200-20-000103/primary-document.html
2026-02-23 15:26:43,729 [src.preprocess] DEBUG: Filtered 8 / 38 HTML titles against item_1a text
2026-02-23 15:26:44,278 [src.preprocess] DEBUG: Extracted 39 HTML titles from data/10k_raw/ROL/10-K/0001171200-21-000076/primary-document.html
2026-02-23 15:26:44,279 [src.preprocess] DEBUG: Filtered 14 / 39 HTML titles against item_1a text
2026-02-23 15:26:44,900 [src.preprocess] DEBUG: Extracted 49 HTML titles from data/10k_raw/ROL/10-K/0001552781-15-000273/primary-document.html
2026-02-23 15:26:44,901 [src.preprocess] DEBUG: Filtered 9 / 49 HTML titles against item_1a text
2026-02-23 15:26:45,307 [src.preprocess] DEBUG: Extracted 55 HTML titles from data/10k_raw/ROL/10-K/0001552781-16-001318/primary-document.html
2026-02-23 15:26:45,308 [src.preprocess] DEBUG: Filtered 5 / 55 HTML titles against item_1a text
2026-02-23 15:26:45,326 [src.preprocess] INFO: Processed 3500 / 4420 files (685010 paragraphs so far)
2026-02-23 15:26:45,385 [src.preprocess] DEBUG: Extracted 30 HTML titles from data/10k_raw/ROP/10-K/0000882835-15-000009/primary-document.html
2026-02-23 15:26:45,505 [src.preprocess] DEBUG: Extracted 30 HTML titles from data/10k_raw/ROP/10-K/0000882835-16-000035/primary-document.html
2026-02-23 15:26:45,571 [src.preprocess] DEBUG: Extracted 31 HTML titles from data/10k_raw/ROP/10-K/0000882835-17-000006/primary-document.html
2026-02-23 15:26:45,642 [src.preprocess] DEBUG: Extracted 31 HTML titles from data/10k_raw/ROP/10-K/0000882835-18-000011/primary-document.html
2026-02-23 15:26:45,713 [src.preprocess] DEBUG: Extracted 33 HTML titles from data/10k_raw/ROP/10-K/0000882835-19-000010/primary-document.html
2026-02-23 15:26:45,807 [src.preprocess] DEBUG: Extracted 33 HTML titles from data/10k_raw/ROP/10-K/0000882835-20-000006/primary-document.html
2026-02-23 15:26:45,894 [src.preprocess] DEBUG: Extracted 42 HTML titles from data/10k_raw/ROP/10-K/0000882835-21-000011/primary-document.html
2026-02-23 15:26:45,895 [src.preprocess] DEBUG: Filtered 2 / 42 HTML titles against item_1a text
2026-02-23 15:26:45,986 [src.preprocess] DEBUG: Extracted 43 HTML titles from data/10k_raw/ROP/10-K/0000882835-22-000012/primary-document.html
2026-02-23 15:26:45,986 [src.preprocess] DEBUG: Filtered 2 / 43 HTML titles against item_1a text
2026-02-23 15:26:46,079 [src.preprocess] DEBUG: Extracted 45 HTML titles from data/10k_raw/ROP/10-K/0000882835-23-000016/primary-document.html
2026-02-23 15:26:46,080 [src.preprocess] DEBUG: Filtered 2 / 45 HTML titles against item_1a text
2026-02-23 15:26:46,154 [src.preprocess] DEBUG: Extracted 43 HTML titles from data/10k_raw/ROP/10-K/0000882835-24-000008/primary-document.html
2026-02-23 15:26:46,154 [src.preprocess] DEBUG: Filtered 2 / 43 HTML titles against item_1a text
2026-02-23 15:26:46,213 [src.preprocess] DEBUG: Extracted 2 HTML titles from data/10k_raw/ROST/10-K/0000745732-15-000009/primary-document.html
2026-02-23 15:26:46,262 [src.preprocess] DEBUG: Extracted 17 HTML titles from data/10k_raw/ROST/10-K/0000745732-16-000037/primary-document.html
2026-02-23 15:26:46,314 [src.preprocess] DEBUG: Extracted 18 HTML titles from data/10k_raw/ROST/10-K/0000745732-17-000009/primary-document.html
2026-02-23 15:26:46,394 [src.preprocess] DEBUG: Extracted 17 HTML titles from data/10k_raw/ROST/10-K/0000745732-18-000004/primary-document.html
2026-02-23 15:26:46,448 [src.preprocess] DEBUG: Extracted 17 HTML titles from data/10k_raw/ROST/10-K/0000745732-19-000009/primary-document.html
2026-02-23 15:26:46,521 [src.preprocess] DEBUG: Extracted 15 HTML titles from data/10k_raw/ROST/10-K/0000745732-20-000016/primary-document.html
2026-02-23 15:26:46,582 [src.preprocess] DEBUG: Extracted 14 HTML titles from data/10k_raw/ROST/10-K/0000745732-21-000017/primary-document.html
2026-02-23 15:26:46,637 [src.preprocess] DEBUG: Extracted 15 HTML titles from data/10k_raw/ROST/10-K/0000745732-22-000014/primary-document.html
2026-02-23 15:26:46,683 [src.preprocess] DEBUG: Extracted 20 HTML titles from data/10k_raw/ROST/10-K/0000745732-23-000013/primary-document.html
2026-02-23 15:26:46,726 [src.preprocess] DEBUG: Extracted 18 HTML titles from data/10k_raw/ROST/10-K/0000745732-24-000009/primary-document.html
2026-02-23 15:26:46,831 [src.preprocess] DEBUG: Extracted 28 HTML titles from data/10k_raw/RSG/10-K/0001060391-15-000010/primary-document.html
2026-02-23 15:26:46,937 [src.preprocess] DEBUG: Extracted 28 HTML titles from data/10k_raw/RSG/10-K/0001060391-16-000060/primary-document.html
2026-02-23 15:26:46,937 [src.preprocess] DEBUG: Filtered 1 / 28 HTML titles against item_1a text
2026-02-23 15:26:47,046 [src.preprocess] DEBUG: Extracted 30 HTML titles from data/10k_raw/RSG/10-K/0001060391-17-000012/primary-document.html
2026-02-23 15:26:47,046 [src.preprocess] DEBUG: Filtered 1 / 30 HTML titles against item_1a text
2026-02-23 15:26:47,159 [src.preprocess] DEBUG: Extracted 31 HTML titles from data/10k_raw/RSG/10-K/0001060391-18-000005/primary-document.html
2026-02-23 15:26:47,160 [src.preprocess] DEBUG: Filtered 1 / 31 HTML titles against item_1a text
2026-02-23 15:26:47,299 [src.preprocess] DEBUG: Extracted 31 HTML titles from data/10k_raw/RSG/10-K/0001060391-19-000008/primary-document.html
2026-02-23 15:26:47,299 [src.preprocess] DEBUG: Filtered 1 / 31 HTML titles against item_1a text
2026-02-23 15:26:47,446 [src.preprocess] DEBUG: Extracted 31 HTML titles from data/10k_raw/RSG/10-K/0001060391-20-000016/primary-document.html
2026-02-23 15:26:47,564 [src.preprocess] DEBUG: Extracted 38 HTML titles from data/10k_raw/RSG/10-K/0001060391-21-000014/primary-document.html
2026-02-23 15:26:47,564 [src.preprocess] DEBUG: Filtered 1 / 38 HTML titles against item_1a text
2026-02-23 15:26:47,678 [src.preprocess] DEBUG: Extracted 39 HTML titles from data/10k_raw/RSG/10-K/0001060391-22-000007/primary-document.html
2026-02-23 15:26:47,798 [src.preprocess] DEBUG: Extracted 39 HTML titles from data/10k_raw/RSG/10-K/0001060391-23-000008/primary-document.html
2026-02-23 15:26:47,895 [src.preprocess] DEBUG: Extracted 39 HTML titles from data/10k_raw/RSG/10-K/0001060391-24-000142/primary-document.html
2026-02-23 15:26:47,923 [src.preprocess] DEBUG: Extracted 10 HTML titles from data/10k_raw/RTX/10-K/0000101829-15-000005/primary-document.html
2026-02-23 15:26:47,950 [src.preprocess] DEBUG: Extracted 12 HTML titles from data/10k_raw/RTX/10-K/0000101829-16-000050/primary-document.html
2026-02-23 15:26:47,978 [src.preprocess] DEBUG: Extracted 14 HTML titles from data/10k_raw/RTX/10-K/0000101829-17-000007/primary-document.html
2026-02-23 15:26:48,023 [src.preprocess] DEBUG: Extracted 12 HTML titles from data/10k_raw/RTX/10-K/0000101829-18-000005/primary-document.html
2026-02-23 15:26:48,057 [src.preprocess] DEBUG: Extracted 13 HTML titles from data/10k_raw/RTX/10-K/0000101829-19-000007/primary-document.html
2026-02-23 15:26:48,087 [src.preprocess] DEBUG: Extracted 14 HTML titles from data/10k_raw/RTX/10-K/0000101829-20-000013/primary-document.html
2026-02-23 15:26:48,088 [src.preprocess] DEBUG: Filtered 1 / 14 HTML titles against item_1a text
2026-02-23 15:26:48,267 [src.preprocess] DEBUG: Extracted 41 HTML titles from data/10k_raw/RTX/10-K/0000101829-21-000008/primary-document.html
2026-02-23 15:26:48,427 [src.preprocess] DEBUG: Extracted 45 HTML titles from data/10k_raw/RTX/10-K/0000101829-22-000005/primary-document.html
2026-02-23 15:26:48,578 [src.preprocess] DEBUG: Extracted 41 HTML titles from data/10k_raw/RTX/10-K/0000101829-23-000009/primary-document.html
2026-02-23 15:26:48,691 [src.preprocess] DEBUG: Extracted 35 HTML titles from data/10k_raw/RTX/10-K/0000101829-24-000008/primary-document.html
2026-02-23 15:26:50,484 [src.preprocess] DEBUG: Extracted 250 HTML titles from data/10k_raw/RVTY/10-K/0000031791-15-000003/primary-document.html
2026-02-23 15:26:50,495 [src.preprocess] DEBUG: Filtered 28 / 250 HTML titles against item_1a text
2026-02-23 15:26:52,251 [src.preprocess] DEBUG: Extracted 255 HTML titles from data/10k_raw/RVTY/10-K/0000031791-16-000014/primary-document.html
2026-02-23 15:26:52,263 [src.preprocess] DEBUG: Filtered 25 / 255 HTML titles against item_1a text
2026-02-23 15:26:54,095 [src.preprocess] DEBUG: Extracted 247 HTML titles from data/10k_raw/RVTY/10-K/0000031791-17-000003/primary-document.html
2026-02-23 15:26:54,106 [src.preprocess] DEBUG: Filtered 19 / 247 HTML titles against item_1a text
2026-02-23 15:26:56,018 [src.preprocess] DEBUG: Extracted 265 HTML titles from data/10k_raw/RVTY/10-K/0000031791-18-000004/primary-document.html
2026-02-23 15:26:56,032 [src.preprocess] DEBUG: Filtered 26 / 265 HTML titles against item_1a text
2026-02-23 15:26:58,026 [src.preprocess] DEBUG: Extracted 286 HTML titles from data/10k_raw/RVTY/10-K/0000031791-19-000003/primary-document.html
2026-02-23 15:26:58,041 [src.preprocess] DEBUG: Filtered 29 / 286 HTML titles against item_1a text
2026-02-23 15:26:59,573 [src.preprocess] DEBUG: Extracted 287 HTML titles from data/10k_raw/RVTY/10-K/0000031791-20-000003/primary-document.html
2026-02-23 15:26:59,587 [src.preprocess] DEBUG: Filtered 28 / 287 HTML titles against item_1a text
2026-02-23 15:27:00,499 [src.preprocess] DEBUG: Extracted 281 HTML titles from data/10k_raw/RVTY/10-K/0000031791-21-000003/primary-document.html
2026-02-23 15:27:00,513 [src.preprocess] DEBUG: Filtered 68 / 281 HTML titles against item_1a text
2026-02-23 15:27:01,233 [src.preprocess] DEBUG: Extracted 238 HTML titles from data/10k_raw/RVTY/10-K/0000031791-22-000003/primary-document.html
2026-02-23 15:27:01,242 [src.preprocess] DEBUG: Filtered 58 / 238 HTML titles against item_1a text
2026-02-23 15:27:01,979 [src.preprocess] DEBUG: Extracted 236 HTML titles from data/10k_raw/RVTY/10-K/0000031791-23-000004/primary-document.html
2026-02-23 15:27:01,988 [src.preprocess] DEBUG: Filtered 64 / 236 HTML titles against item_1a text
2026-02-23 15:27:02,602 [src.preprocess] DEBUG: Extracted 218 HTML titles from data/10k_raw/RVTY/10-K/0000031791-24-000004/primary-document.html
2026-02-23 15:27:02,609 [src.preprocess] DEBUG: Filtered 55 / 218 HTML titles against item_1a text
2026-02-23 15:27:04,200 [src.preprocess] DEBUG: Extracted 252 HTML titles from data/10k_raw/SBAC/10-K/0001034054-15-000004/primary-document.html
2026-02-23 15:27:04,210 [src.preprocess] DEBUG: Filtered 1 / 252 HTML titles against item_1a text
2026-02-23 15:27:05,883 [src.preprocess] DEBUG: Extracted 259 HTML titles from data/10k_raw/SBAC/10-K/0001034054-16-000018/primary-document.html
2026-02-23 15:27:05,894 [src.preprocess] DEBUG: Filtered 2 / 259 HTML titles against item_1a text
2026-02-23 15:27:07,674 [src.preprocess] DEBUG: Extracted 292 HTML titles from data/10k_raw/SBAC/10-K/0001034054-17-000003/primary-document.html
2026-02-23 15:27:07,686 [src.preprocess] DEBUG: Filtered 2 / 292 HTML titles against item_1a text
2026-02-23 15:27:09,601 [src.preprocess] DEBUG: Extracted 305 HTML titles from data/10k_raw/SBAC/10-K/0001034054-18-000003/primary-document.html
2026-02-23 15:27:09,615 [src.preprocess] DEBUG: Filtered 2 / 305 HTML titles against item_1a text
2026-02-23 15:27:11,572 [src.preprocess] DEBUG: Extracted 301 HTML titles from data/10k_raw/SBAC/10-K/0001034054-19-000002/primary-document.html
2026-02-23 15:27:11,585 [src.preprocess] DEBUG: Filtered 3 / 301 HTML titles against item_1a text
2026-02-23 15:27:13,424 [src.preprocess] DEBUG: Extracted 290 HTML titles from data/10k_raw/SBAC/10-K/0001034054-20-000003/primary-document.html
2026-02-23 15:27:13,434 [src.preprocess] DEBUG: Filtered 2 / 290 HTML titles against item_1a text
2026-02-23 15:27:13,841 [src.preprocess] DEBUG: Extracted 42 HTML titles from data/10k_raw/SBAC/10-K/0001034054-21-000003/primary-document.html
2026-02-23 15:27:13,841 [src.preprocess] DEBUG: Filtered 1 / 42 HTML titles against item_1a text
2026-02-23 15:27:14,125 [src.preprocess] DEBUG: Extracted 45 HTML titles from data/10k_raw/SBAC/10-K/0001034054-22-000002/primary-document.html
2026-02-23 15:27:14,125 [src.preprocess] DEBUG: Filtered 1 / 45 HTML titles against item_1a text
2026-02-23 15:27:14,413 [src.preprocess] DEBUG: Extracted 44 HTML titles from data/10k_raw/SBAC/10-K/0001034054-23-000002/primary-document.html
2026-02-23 15:27:14,414 [src.preprocess] DEBUG: Filtered 1 / 44 HTML titles against item_1a text
2026-02-23 15:27:14,710 [src.preprocess] DEBUG: Extracted 43 HTML titles from data/10k_raw/SBAC/10-K/0001034054-24-000002/primary-document.html
2026-02-23 15:27:14,711 [src.preprocess] DEBUG: Filtered 1 / 43 HTML titles against item_1a text
2026-02-23 15:27:14,957 [src.preprocess] DEBUG: Extracted 47 HTML titles from data/10k_raw/SBUX/10-K/0000829224-15-000038/primary-document.html
2026-02-23 15:27:14,958 [src.preprocess] DEBUG: Filtered 6 / 47 HTML titles against item_1a text
2026-02-23 15:27:15,177 [src.preprocess] DEBUG: Extracted 47 HTML titles from data/10k_raw/SBUX/10-K/0000829224-16-000083/primary-document.html
2026-02-23 15:27:15,177 [src.preprocess] DEBUG: Filtered 6 / 47 HTML titles against item_1a text
2026-02-23 15:27:15,437 [src.preprocess] DEBUG: Extracted 48 HTML titles from data/10k_raw/SBUX/10-K/0000829224-17-000049/primary-document.html
2026-02-23 15:27:15,438 [src.preprocess] DEBUG: Filtered 6 / 48 HTML titles against item_1a text
2026-02-23 15:27:15,652 [src.preprocess] DEBUG: Extracted 48 HTML titles from data/10k_raw/SBUX/10-K/0000829224-18-000052/primary-document.html
2026-02-23 15:27:15,652 [src.preprocess] DEBUG: Filtered 6 / 48 HTML titles against item_1a text
2026-02-23 15:27:15,912 [src.preprocess] DEBUG: Extracted 53 HTML titles from data/10k_raw/SBUX/10-K/0000829224-19-000051/primary-document.html
2026-02-23 15:27:15,913 [src.preprocess] DEBUG: Filtered 6 / 53 HTML titles against item_1a text
2026-02-23 15:27:16,102 [src.preprocess] DEBUG: Extracted 60 HTML titles from data/10k_raw/SBUX/10-K/0000829224-20-000078/primary-document.html
2026-02-23 15:27:16,103 [src.preprocess] DEBUG: Filtered 4 / 60 HTML titles against item_1a text
2026-02-23 15:27:16,848 [src.preprocess] DEBUG: Extracted 302 HTML titles from data/10k_raw/SBUX/10-K/0000829224-21-000086/primary-document.html
2026-02-23 15:27:16,860 [src.preprocess] DEBUG: Filtered 62 / 302 HTML titles against item_1a text
2026-02-23 15:27:17,612 [src.preprocess] DEBUG: Extracted 302 HTML titles from data/10k_raw/SBUX/10-K/0000829224-22-000058/primary-document.html
2026-02-23 15:27:17,624 [src.preprocess] DEBUG: Filtered 63 / 302 HTML titles against item_1a text
2026-02-23 15:27:18,371 [src.preprocess] DEBUG: Extracted 313 HTML titles from data/10k_raw/SBUX/10-K/0000829224-23-000058/primary-document.html
2026-02-23 15:27:18,383 [src.preprocess] DEBUG: Filtered 65 / 313 HTML titles against item_1a text
2026-02-23 15:27:19,051 [src.preprocess] DEBUG: Extracted 282 HTML titles from data/10k_raw/SBUX/10-K/0000829224-24-000057/primary-document.html
2026-02-23 15:27:19,063 [src.preprocess] DEBUG: Filtered 55 / 282 HTML titles against item_1a text
2026-02-23 15:27:19,338 [src.preprocess] DEBUG: Extracted 20 HTML titles from data/10k_raw/SCHW/10-K/0000316709-15-000014/primary-document.html
2026-02-23 15:27:19,593 [src.preprocess] DEBUG: Extracted 21 HTML titles from data/10k_raw/SCHW/10-K/0000316709-16-000067/primary-document.html
2026-02-23 15:27:19,855 [src.preprocess] DEBUG: Extracted 20 HTML titles from data/10k_raw/SCHW/10-K/0000316709-17-000010/primary-document.html
2026-02-23 15:27:20,032 [src.preprocess] DEBUG: Extracted 20 HTML titles from data/10k_raw/SCHW/10-K/0000316709-18-000009/primary-document.html
2026-02-23 15:27:20,159 [src.preprocess] DEBUG: Extracted 22 HTML titles from data/10k_raw/SCHW/10-K/0000316709-19-000008/primary-document.html
2026-02-23 15:27:20,329 [src.preprocess] DEBUG: Extracted 30 HTML titles from data/10k_raw/SCHW/10-K/0000316709-20-000012/primary-document.html
2026-02-23 15:27:20,501 [src.preprocess] DEBUG: Extracted 35 HTML titles from data/10k_raw/SCHW/10-K/0000316709-21-000012/primary-document.html
2026-02-23 15:27:20,671 [src.preprocess] DEBUG: Extracted 35 HTML titles from data/10k_raw/SCHW/10-K/0000316709-22-000009/primary-document.html
2026-02-23 15:27:20,851 [src.preprocess] DEBUG: Extracted 35 HTML titles from data/10k_raw/SCHW/10-K/0000316709-23-000009/primary-document.html
2026-02-23 15:27:21,003 [src.preprocess] DEBUG: Extracted 30 HTML titles from data/10k_raw/SCHW/10-K/0000316709-24-000018/primary-document.html
2026-02-23 15:27:21,189 [src.preprocess] DEBUG: Extracted 71 HTML titles from data/10k_raw/SHW/10-K/0000089800-15-000004/primary-document.html
2026-02-23 15:27:21,190 [src.preprocess] DEBUG: Filtered 22 / 71 HTML titles against item_1a text
2026-02-23 15:27:21,355 [src.preprocess] DEBUG: Extracted 72 HTML titles from data/10k_raw/SHW/10-K/0000089800-16-000026/primary-document.html
2026-02-23 15:27:21,355 [src.preprocess] DEBUG: Filtered 22 / 72 HTML titles against item_1a text
2026-02-23 15:27:21,568 [src.preprocess] DEBUG: Extracted 75 HTML titles from data/10k_raw/SHW/10-K/0000089800-17-000005/primary-document.html
2026-02-23 15:27:21,569 [src.preprocess] DEBUG: Filtered 23 / 75 HTML titles against item_1a text
2026-02-23 15:27:21,760 [src.preprocess] DEBUG: Extracted 69 HTML titles from data/10k_raw/SHW/10-K/0000089800-18-000004/primary-document.html
2026-02-23 15:27:21,761 [src.preprocess] DEBUG: Filtered 23 / 69 HTML titles against item_1a text
2026-02-23 15:27:21,970 [src.preprocess] DEBUG: Extracted 67 HTML titles from data/10k_raw/SHW/10-K/0000089800-19-000004/primary-document.html
2026-02-23 15:27:21,970 [src.preprocess] DEBUG: Filtered 23 / 67 HTML titles against item_1a text
2026-02-23 15:27:23,160 [src.preprocess] DEBUG: Extracted 115 HTML titles from data/10k_raw/SHW/10-K/0000089800-20-000005/primary-document.html
2026-02-23 15:27:23,164 [src.preprocess] DEBUG: Filtered 49 / 115 HTML titles against item_1a text
2026-02-23 15:27:23,821 [src.preprocess] DEBUG: Extracted 90 HTML titles from data/10k_raw/SHW/10-K/0000089800-21-000010/primary-document.html
2026-02-23 15:27:23,824 [src.preprocess] DEBUG: Filtered 47 / 90 HTML titles against item_1a text
2026-02-23 15:27:24,463 [src.preprocess] DEBUG: Extracted 94 HTML titles from data/10k_raw/SHW/10-K/0000089800-22-000007/primary-document.html
2026-02-23 15:27:24,466 [src.preprocess] DEBUG: Filtered 48 / 94 HTML titles against item_1a text
2026-02-23 15:27:25,139 [src.preprocess] DEBUG: Extracted 89 HTML titles from data/10k_raw/SHW/10-K/0000089800-23-000007/primary-document.html
2026-02-23 15:27:25,142 [src.preprocess] DEBUG: Filtered 47 / 89 HTML titles against item_1a text
2026-02-23 15:27:25,789 [src.preprocess] DEBUG: Extracted 95 HTML titles from data/10k_raw/SHW/10-K/0000089800-24-000033/primary-document.html
2026-02-23 15:27:25,791 [src.preprocess] DEBUG: Filtered 52 / 95 HTML titles against item_1a text
2026-02-23 15:27:25,829 [src.preprocess] DEBUG: Extracted 0 HTML titles from data/10k_raw/SJM/10-K/0000091419-16-000007/primary-document.html
2026-02-23 15:27:25,854 [src.preprocess] DEBUG: Extracted 0 HTML titles from data/10k_raw/SJM/10-K/0000091419-17-000005/primary-document.html
2026-02-23 15:27:25,878 [src.preprocess] DEBUG: Extracted 0 HTML titles from data/10k_raw/SJM/10-K/0000091419-18-000005/primary-document.html
2026-02-23 15:27:25,954 [src.preprocess] DEBUG: Extracted 19 HTML titles from data/10k_raw/SJM/10-K/0000091419-19-000005/primary-document.html
2026-02-23 15:27:26,080 [src.preprocess] DEBUG: Extracted 21 HTML titles from data/10k_raw/SJM/10-K/0000091419-20-000065/primary-document.html
2026-02-23 15:27:26,179 [src.preprocess] DEBUG: Extracted 27 HTML titles from data/10k_raw/SJM/10-K/0000091419-21-000048/primary-document.html
2026-02-23 15:27:26,280 [src.preprocess] DEBUG: Extracted 28 HTML titles from data/10k_raw/SJM/10-K/0000091419-22-000049/primary-document.html
2026-02-23 15:27:26,381 [src.preprocess] DEBUG: Extracted 29 HTML titles from data/10k_raw/SJM/10-K/0000091419-23-000072/primary-document.html
2026-02-23 15:27:26,519 [src.preprocess] DEBUG: Extracted 28 HTML titles from data/10k_raw/SJM/10-K/0000091419-24-000054/primary-document.html
2026-02-23 15:27:26,541 [src.preprocess] DEBUG: Extracted 0 HTML titles from data/10k_raw/SJM/10-K/0001193125-15-235197/primary-document.html
2026-02-23 15:27:26,674 [src.preprocess] DEBUG: Extracted 13 HTML titles from data/10k_raw/SLB/10-K/0000950170-24-006884/primary-document.html
2026-02-23 15:27:26,782 [src.preprocess] DEBUG: Extracted 0 HTML titles from data/10k_raw/SLB/10-K/0001564590-15-000337/primary-document.html
2026-02-23 15:27:26,937 [src.preprocess] DEBUG: Extracted 0 HTML titles from data/10k_raw/SLB/10-K/0001564590-16-012009/primary-document.html
2026-02-23 15:27:27,098 [src.preprocess] DEBUG: Extracted 0 HTML titles from data/10k_raw/SLB/10-K/0001564590-17-000589/primary-document.html
2026-02-23 15:27:27,256 [src.preprocess] DEBUG: Extracted 0 HTML titles from data/10k_raw/SLB/10-K/0001564590-18-000821/primary-document.html
2026-02-23 15:27:27,413 [src.preprocess] DEBUG: Extracted 0 HTML titles from data/10k_raw/SLB/10-K/0001564590-19-000928/primary-document.html
2026-02-23 15:27:27,589 [src.preprocess] DEBUG: Extracted 0 HTML titles from data/10k_raw/SLB/10-K/0001564590-20-001578/primary-document.html
2026-02-23 15:27:27,778 [src.preprocess] DEBUG: Extracted 0 HTML titles from data/10k_raw/SLB/10-K/0001564590-21-002477/primary-document.html
2026-02-23 15:27:27,948 [src.preprocess] DEBUG: Extracted 0 HTML titles from data/10k_raw/SLB/10-K/0001564590-22-002421/primary-document.html
2026-02-23 15:27:28,108 [src.preprocess] DEBUG: Extracted 0 HTML titles from data/10k_raw/SLB/10-K/0001564590-23-000762/primary-document.html
2026-02-23 15:27:30,312 [src.preprocess] DEBUG: Extracted 162 HTML titles from data/10k_raw/SNA/10-K/0000091440-19-000003/primary-document.html
2026-02-23 15:27:30,321 [src.preprocess] DEBUG: Filtered 25 / 162 HTML titles against item_1a text
2026-02-23 15:27:31,610 [src.preprocess] DEBUG: Extracted 180 HTML titles from data/10k_raw/SNA/10-K/0000091440-20-000004/primary-document.html
2026-02-23 15:27:31,619 [src.preprocess] DEBUG: Filtered 40 / 180 HTML titles against item_1a text
2026-02-23 15:27:32,732 [src.preprocess] DEBUG: Extracted 192 HTML titles from data/10k_raw/SNA/10-K/0000091440-21-000005/primary-document.html
2026-02-23 15:27:32,741 [src.preprocess] DEBUG: Filtered 41 / 192 HTML titles against item_1a text
2026-02-23 15:27:33,791 [src.preprocess] DEBUG: Extracted 187 HTML titles from data/10k_raw/SNA/10-K/0000091440-22-000005/primary-document.html
2026-02-23 15:27:33,800 [src.preprocess] DEBUG: Filtered 41 / 187 HTML titles against item_1a text
2026-02-23 15:27:34,844 [src.preprocess] DEBUG: Extracted 185 HTML titles from data/10k_raw/SNA/10-K/0000091440-23-000005/primary-document.html
2026-02-23 15:27:34,852 [src.preprocess] DEBUG: Filtered 41 / 185 HTML titles against item_1a text
2026-02-23 15:27:35,858 [src.preprocess] DEBUG: Extracted 187 HTML titles from data/10k_raw/SNA/10-K/0000091440-24-000005/primary-document.html
2026-02-23 15:27:35,867 [src.preprocess] DEBUG: Filtered 41 / 187 HTML titles against item_1a text
2026-02-23 15:27:35,998 [src.preprocess] DEBUG: Extracted 0 HTML titles from data/10k_raw/SNA/10-K/0001193125-15-046309/primary-document.html
2026-02-23 15:27:36,107 [src.preprocess] DEBUG: Extracted 0 HTML titles from data/10k_raw/SNA/10-K/0001193125-16-459788/primary-document.html
2026-02-23 15:27:36,223 [src.preprocess] DEBUG: Extracted 0 HTML titles from data/10k_raw/SNA/10-K/0001193125-17-036139/primary-document.html
2026-02-23 15:27:36,419 [src.preprocess] DEBUG: Extracted 0 HTML titles from data/10k_raw/SNA/10-K/0001193125-18-047130/primary-document.html
2026-02-23 15:27:37,400 [src.preprocess] DEBUG: Extracted 184 HTML titles from data/10k_raw/SNPS/10-K/0000883241-15-000014/primary-document.html
2026-02-23 15:27:37,405 [src.preprocess] DEBUG: Filtered 39 / 184 HTML titles against item_1a text
2026-02-23 15:27:38,441 [src.preprocess] DEBUG: Extracted 183 HTML titles from data/10k_raw/SNPS/10-K/0000883241-16-000027/primary-document.html
2026-02-23 15:27:38,447 [src.preprocess] DEBUG: Filtered 39 / 183 HTML titles against item_1a text
2026-02-23 15:27:39,405 [src.preprocess] DEBUG: Extracted 191 HTML titles from data/10k_raw/SNPS/10-K/0000883241-17-000014/primary-document.html
2026-02-23 15:27:39,411 [src.preprocess] DEBUG: Filtered 38 / 191 HTML titles against item_1a text
2026-02-23 15:27:40,372 [src.preprocess] DEBUG: Extracted 191 HTML titles from data/10k_raw/SNPS/10-K/0000883241-18-000012/primary-document.html
2026-02-23 15:27:40,378 [src.preprocess] DEBUG: Filtered 39 / 191 HTML titles against item_1a text
2026-02-23 15:27:41,462 [src.preprocess] DEBUG: Extracted 274 HTML titles from data/10k_raw/SNPS/10-K/0000883241-19-000019/primary-document.html
2026-02-23 15:27:41,474 [src.preprocess] DEBUG: Filtered 44 / 274 HTML titles against item_1a text
2026-02-23 15:27:42,441 [src.preprocess] DEBUG: Extracted 203 HTML titles from data/10k_raw/SNPS/10-K/0000883241-20-000015/primary-document.html
2026-02-23 15:27:42,446 [src.preprocess] DEBUG: Filtered 41 / 203 HTML titles against item_1a text
2026-02-23 15:27:43,051 [src.preprocess] DEBUG: Extracted 184 HTML titles from data/10k_raw/SNPS/10-K/0000883241-21-000022/primary-document.html
2026-02-23 15:27:43,056 [src.preprocess] DEBUG: Filtered 56 / 184 HTML titles against item_1a text
2026-02-23 15:27:43,666 [src.preprocess] DEBUG: Extracted 239 HTML titles from data/10k_raw/SNPS/10-K/0000883241-22-000017/primary-document.html
2026-02-23 15:27:43,676 [src.preprocess] DEBUG: Filtered 60 / 239 HTML titles against item_1a text
2026-02-23 15:27:44,302 [src.preprocess] DEBUG: Extracted 264 HTML titles from data/10k_raw/SNPS/10-K/0000883241-23-000019/primary-document.html
2026-02-23 15:27:44,314 [src.preprocess] DEBUG: Filtered 59 / 264 HTML titles against item_1a text
2026-02-23 15:27:45,004 [src.preprocess] DEBUG: Extracted 282 HTML titles from data/10k_raw/SNPS/10-K/0000883241-24-000024/primary-document.html
2026-02-23 15:27:45,017 [src.preprocess] DEBUG: Filtered 58 / 282 HTML titles against item_1a text
2026-02-23 15:27:45,497 [src.preprocess] DEBUG: Extracted 65 HTML titles from data/10k_raw/SO/10-K/0000092122-15-000015/primary-document.html
2026-02-23 15:27:45,498 [src.preprocess] DEBUG: Filtered 1 / 65 HTML titles against item_1a text
2026-02-23 15:27:45,975 [src.preprocess] DEBUG: Extracted 68 HTML titles from data/10k_raw/SO/10-K/0000092122-16-000126/primary-document.html
2026-02-23 15:27:45,976 [src.preprocess] DEBUG: Filtered 1 / 68 HTML titles against item_1a text
2026-02-23 15:27:46,633 [src.preprocess] DEBUG: Extracted 49 HTML titles from data/10k_raw/SO/10-K/0000092122-17-000007/primary-document.html
2026-02-23 15:27:46,634 [src.preprocess] DEBUG: Filtered 1 / 49 HTML titles against item_1a text
2026-02-23 15:27:47,229 [src.preprocess] DEBUG: Extracted 49 HTML titles from data/10k_raw/SO/10-K/0000092122-18-000012/primary-document.html
2026-02-23 15:27:47,229 [src.preprocess] DEBUG: Filtered 1 / 49 HTML titles against item_1a text
2026-02-23 15:27:47,718 [src.preprocess] DEBUG: Extracted 55 HTML titles from data/10k_raw/SO/10-K/0000092122-19-000006/primary-document.html
2026-02-23 15:27:47,719 [src.preprocess] DEBUG: Filtered 1 / 55 HTML titles against item_1a text
2026-02-23 15:27:48,348 [src.preprocess] DEBUG: Extracted 46 HTML titles from data/10k_raw/SO/10-K/0000092122-20-000017/primary-document.html
2026-02-23 15:27:48,348 [src.preprocess] DEBUG: Filtered 1 / 46 HTML titles against item_1a text
2026-02-23 15:27:48,867 [src.preprocess] DEBUG: Extracted 74 HTML titles from data/10k_raw/SO/10-K/0000092122-21-000006/primary-document.html
2026-02-23 15:27:48,868 [src.preprocess] DEBUG: Filtered 1 / 74 HTML titles against item_1a text
2026-02-23 15:27:49,389 [src.preprocess] DEBUG: Extracted 72 HTML titles from data/10k_raw/SO/10-K/0000092122-22-000003/primary-document.html
2026-02-23 15:27:49,390 [src.preprocess] DEBUG: Filtered 1 / 72 HTML titles against item_1a text
2026-02-23 15:27:49,945 [src.preprocess] DEBUG: Extracted 73 HTML titles from data/10k_raw/SO/10-K/0000092122-23-000012/primary-document.html
2026-02-23 15:27:49,946 [src.preprocess] DEBUG: Filtered 1 / 73 HTML titles against item_1a text
2026-02-23 15:27:50,336 [src.preprocess] DEBUG: Extracted 43 HTML titles from data/10k_raw/SO/10-K/0000092122-24-000009/primary-document.html
2026-02-23 15:27:50,336 [src.preprocess] DEBUG: Filtered 1 / 43 HTML titles against item_1a text
2026-02-23 15:27:50,425 [src.preprocess] DEBUG: Extracted 0 HTML titles from data/10k_raw/SPG/10-K/0001047469-15-001339/primary-document.html
2026-02-23 15:27:50,513 [src.preprocess] DEBUG: Extracted 0 HTML titles from data/10k_raw/SPG/10-K/0001047469-16-010465/primary-document.html
2026-02-23 15:27:50,809 [src.preprocess] DEBUG: Extracted 34 HTML titles from data/10k_raw/SPG/10-K/0001558370-17-000934/primary-document.html
2026-02-23 15:27:51,129 [src.preprocess] DEBUG: Extracted 35 HTML titles from data/10k_raw/SPG/10-K/0001558370-18-000981/primary-document.html
2026-02-23 15:27:51,443 [src.preprocess] DEBUG: Extracted 33 HTML titles from data/10k_raw/SPG/10-K/0001558370-19-000875/primary-document.html
2026-02-23 15:27:51,443 [src.preprocess] DEBUG: Filtered 1 / 33 HTML titles against item_1a text
2026-02-23 15:27:51,698 [src.preprocess] DEBUG: Extracted 25 HTML titles from data/10k_raw/SPG/10-K/0001558370-20-001135/primary-document.html
2026-02-23 15:27:51,979 [src.preprocess] DEBUG: Extracted 22 HTML titles from data/10k_raw/SPG/10-K/0001558370-21-001700/primary-document.html
2026-02-23 15:27:52,256 [src.preprocess] DEBUG: Extracted 22 HTML titles from data/10k_raw/SPG/10-K/0001558370-22-001845/primary-document.html
2026-02-23 15:27:52,567 [src.preprocess] DEBUG: Extracted 28 HTML titles from data/10k_raw/SPG/10-K/0001558370-23-001840/primary-document.html
2026-02-23 15:27:52,854 [src.preprocess] DEBUG: Extracted 27 HTML titles from data/10k_raw/SPG/10-K/0001558370-24-001532/primary-document.html
2026-02-23 15:27:54,389 [src.preprocess] DEBUG: Extracted 233 HTML titles from data/10k_raw/SPGI/10-K/0000064040-15-000004/primary-document.html
2026-02-23 15:27:54,399 [src.preprocess] DEBUG: Filtered 8 / 233 HTML titles against item_1a text
2026-02-23 15:27:56,833 [src.preprocess] DEBUG: Extracted 272 HTML titles from data/10k_raw/SPGI/10-K/0000064040-16-000042/primary-document.html
2026-02-23 15:27:56,844 [src.preprocess] DEBUG: Filtered 12 / 272 HTML titles against item_1a text
2026-02-23 15:27:59,216 [src.preprocess] DEBUG: Extracted 282 HTML titles from data/10k_raw/SPGI/10-K/0000064040-17-000015/primary-document.html
2026-02-23 15:27:59,228 [src.preprocess] DEBUG: Filtered 11 / 282 HTML titles against item_1a text
2026-02-23 15:28:01,483 [src.preprocess] DEBUG: Extracted 267 HTML titles from data/10k_raw/SPGI/10-K/0000064040-18-000061/primary-document.html
2026-02-23 15:28:01,494 [src.preprocess] DEBUG: Filtered 11 / 267 HTML titles against item_1a text
2026-02-23 15:28:04,048 [src.preprocess] DEBUG: Extracted 267 HTML titles from data/10k_raw/SPGI/10-K/0000064040-19-000059/primary-document.html
2026-02-23 15:28:04,061 [src.preprocess] DEBUG: Filtered 11 / 267 HTML titles against item_1a text
2026-02-23 15:28:05,929 [src.preprocess] DEBUG: Extracted 277 HTML titles from data/10k_raw/SPGI/10-K/0000064040-20-000055/primary-document.html
2026-02-23 15:28:05,943 [src.preprocess] DEBUG: Filtered 23 / 277 HTML titles against item_1a text
2026-02-23 15:28:06,911 [src.preprocess] DEBUG: Extracted 277 HTML titles from data/10k_raw/SPGI/10-K/0000064040-21-000063/primary-document.html
2026-02-23 15:28:06,927 [src.preprocess] DEBUG: Filtered 34 / 277 HTML titles against item_1a text
2026-02-23 15:28:07,823 [src.preprocess] DEBUG: Extracted 270 HTML titles from data/10k_raw/SPGI/10-K/0000064040-22-000055/primary-document.html
2026-02-23 15:28:07,837 [src.preprocess] DEBUG: Filtered 26 / 270 HTML titles against item_1a text
2026-02-23 15:28:08,854 [src.preprocess] DEBUG: Extracted 274 HTML titles from data/10k_raw/SPGI/10-K/0000064040-23-000058/primary-document.html
2026-02-23 15:28:08,871 [src.preprocess] DEBUG: Filtered 31 / 274 HTML titles against item_1a text
2026-02-23 15:28:09,815 [src.preprocess] DEBUG: Extracted 272 HTML titles from data/10k_raw/SPGI/10-K/0000064040-24-000071/primary-document.html
2026-02-23 15:28:09,831 [src.preprocess] DEBUG: Filtered 31 / 272 HTML titles against item_1a text
2026-02-23 15:28:09,925 [src.preprocess] DEBUG: Extracted 24 HTML titles from data/10k_raw/SRE/10-K/0000086521-15-000011/primary-document.html
2026-02-23 15:28:10,006 [src.preprocess] DEBUG: Extracted 26 HTML titles from data/10k_raw/SRE/10-K/0000086521-16-000091/primary-document.html
2026-02-23 15:28:10,144 [src.preprocess] DEBUG: Extracted 27 HTML titles from data/10k_raw/SRE/10-K/0000086521-17-000017/primary-document.html
2026-02-23 15:28:10,595 [src.preprocess] DEBUG: Extracted 93 HTML titles from data/10k_raw/SRE/10-K/0000086521-18-000019/primary-document.html
2026-02-23 15:28:11,165 [src.preprocess] DEBUG: Extracted 89 HTML titles from data/10k_raw/SRE/10-K/0000086521-19-000014/primary-document.html
2026-02-23 15:28:11,685 [src.preprocess] DEBUG: Extracted 86 HTML titles from data/10k_raw/SRE/10-K/0001032208-20-000006/primary-document.html
2026-02-23 15:28:12,090 [src.preprocess] DEBUG: Extracted 86 HTML titles from data/10k_raw/SRE/10-K/0001032208-21-000007/primary-document.html
2026-02-23 15:28:12,539 [src.preprocess] DEBUG: Extracted 108 HTML titles from data/10k_raw/SRE/10-K/0001032208-22-000007/primary-document.html
2026-02-23 15:28:12,966 [src.preprocess] DEBUG: Extracted 108 HTML titles from data/10k_raw/SRE/10-K/0001032208-23-000008/primary-document.html
2026-02-23 15:28:13,282 [src.preprocess] DEBUG: Extracted 109 HTML titles from data/10k_raw/SRE/10-K/0001032208-24-000007/primary-document.html
2026-02-23 15:28:13,399 [src.preprocess] DEBUG: Extracted 0 HTML titles from data/10k_raw/STLD/10-K/0001047469-15-001486/primary-document.html
2026-02-23 15:28:13,545 [src.preprocess] DEBUG: Extracted 0 HTML titles from data/10k_raw/STLD/10-K/0001047469-16-010496/primary-document.html
2026-02-23 15:28:13,682 [src.preprocess] DEBUG: Extracted 0 HTML titles from data/10k_raw/STLD/10-K/0001144204-17-011732/primary-document.html
2026-02-23 15:28:13,810 [src.preprocess] DEBUG: Extracted 0 HTML titles from data/10k_raw/STLD/10-K/0001144204-18-011155/primary-document.html
2026-02-23 15:28:13,942 [src.preprocess] DEBUG: Extracted 0 HTML titles from data/10k_raw/STLD/10-K/0001144204-19-010579/primary-document.html
2026-02-23 15:28:14,768 [src.preprocess] DEBUG: Extracted 120 HTML titles from data/10k_raw/STLD/10-K/0001558370-20-001641/primary-document.html
2026-02-23 15:28:14,770 [src.preprocess] DEBUG: Filtered 40 / 120 HTML titles against item_1a text
2026-02-23 15:28:14,885 [src.preprocess] DEBUG: Extracted 11 HTML titles from data/10k_raw/STLD/10-K/0001558370-21-002129/primary-document.html
2026-02-23 15:28:14,978 [src.preprocess] DEBUG: Extracted 10 HTML titles from data/10k_raw/STLD/10-K/0001558370-22-002377/primary-document.html
2026-02-23 15:28:15,069 [src.preprocess] DEBUG: Extracted 11 HTML titles from data/10k_raw/STLD/10-K/0001558370-23-002303/primary-document.html
2026-02-23 15:28:15,163 [src.preprocess] DEBUG: Extracted 12 HTML titles from data/10k_raw/STLD/10-K/0001558370-24-002152/primary-document.html
2026-02-23 15:28:15,409 [src.preprocess] DEBUG: Extracted 50 HTML titles from data/10k_raw/STT/10-K/0000093751-15-000042/primary-document.html
2026-02-23 15:28:15,410 [src.preprocess] DEBUG: Filtered 1 / 50 HTML titles against item_1a text
2026-02-23 15:28:22,470 [src.preprocess] DEBUG: Extracted 677 HTML titles from data/10k_raw/STT/10-K/0000093751-16-000446/primary-document.html
2026-02-23 15:28:22,537 [src.preprocess] DEBUG: Filtered 74 / 677 HTML titles against item_1a text
2026-02-23 15:28:29,613 [src.preprocess] DEBUG: Extracted 681 HTML titles from data/10k_raw/STT/10-K/0000093751-17-000249/primary-document.html
2026-02-23 15:28:29,683 [src.preprocess] DEBUG: Filtered 66 / 681 HTML titles against item_1a text
2026-02-23 15:28:36,398 [src.preprocess] DEBUG: Extracted 680 HTML titles from data/10k_raw/STT/10-K/0000093751-18-000308/primary-document.html
2026-02-23 15:28:36,466 [src.preprocess] DEBUG: Filtered 66 / 680 HTML titles against item_1a text
2026-02-23 15:28:42,644 [src.preprocess] DEBUG: Extracted 624 HTML titles from data/10k_raw/STT/10-K/0000093751-19-000336/primary-document.html
2026-02-23 15:28:42,699 [src.preprocess] DEBUG: Filtered 51 / 624 HTML titles against item_1a text
2026-02-23 15:28:43,067 [src.preprocess] DEBUG: Extracted 0 HTML titles from data/10k_raw/STT/10-K/0000093751-20-000684/primary-document.html
2026-02-23 15:28:43,328 [src.preprocess] DEBUG: Extracted 28 HTML titles from data/10k_raw/STT/10-K/0000093751-21-000476/primary-document.html
2026-02-23 15:28:43,592 [src.preprocess] DEBUG: Extracted 27 HTML titles from data/10k_raw/STT/10-K/0000093751-22-000424/primary-document.html
2026-02-23 15:28:43,593 [src.preprocess] DEBUG: Filtered 1 / 27 HTML titles against item_1a text
2026-02-23 15:28:43,855 [src.preprocess] DEBUG: Extracted 27 HTML titles from data/10k_raw/STT/10-K/0000093751-23-000489/primary-document.html
2026-02-23 15:28:44,252 [src.preprocess] DEBUG: Extracted 24 HTML titles from data/10k_raw/STT/10-K/0000093751-24-000498/primary-document.html
2026-02-23 15:28:44,369 [src.preprocess] DEBUG: Extracted 0 HTML titles from data/10k_raw/STX/10-K/0001047469-15-006787/primary-document.html
2026-02-23 15:28:44,481 [src.preprocess] DEBUG: Extracted 0 HTML titles from data/10k_raw/STX/10-K/0001047469-16-014732/primary-document.html
2026-02-23 15:28:44,634 [src.preprocess] DEBUG: Extracted 49 HTML titles from data/10k_raw/STX/10-K/0001137789-20-000057/primary-document.html
2026-02-23 15:28:44,763 [src.preprocess] DEBUG: Extracted 61 HTML titles from data/10k_raw/STX/10-K/0001137789-21-000049/primary-document.html
2026-02-23 15:28:44,925 [src.preprocess] DEBUG: Extracted 61 HTML titles from data/10k_raw/STX/10-K/0001137789-22-000055/primary-document.html
2026-02-23 15:28:45,033 [src.preprocess] DEBUG: Extracted 57 HTML titles from data/10k_raw/STX/10-K/0001137789-23-000049/primary-document.html
2026-02-23 15:28:45,135 [src.preprocess] DEBUG: Extracted 61 HTML titles from data/10k_raw/STX/10-K/0001137789-24-000068/primary-document.html
2026-02-23 15:28:45,230 [src.preprocess] DEBUG: Extracted 0 HTML titles from data/10k_raw/STX/10-K/0001193125-17-248796/primary-document.html
2026-02-23 15:28:45,376 [src.preprocess] DEBUG: Extracted 0 HTML titles from data/10k_raw/STX/10-K/0001193125-18-238271/primary-document.html
2026-02-23 15:28:45,473 [src.preprocess] DEBUG: Extracted 0 HTML titles from data/10k_raw/STX/10-K/0001193125-19-212028/primary-document.html
2026-02-23 15:28:45,605 [src.preprocess] DEBUG: Extracted 24 HTML titles from data/10k_raw/STZ/10-K/0000016918-15-000016/primary-document.html
2026-02-23 15:28:45,729 [src.preprocess] DEBUG: Extracted 24 HTML titles from data/10k_raw/STZ/10-K/0000016918-16-000075/primary-document.html
2026-02-23 15:28:45,852 [src.preprocess] DEBUG: Extracted 23 HTML titles from data/10k_raw/STZ/10-K/0000016918-17-000029/primary-document.html
2026-02-23 15:28:45,976 [src.preprocess] DEBUG: Extracted 21 HTML titles from data/10k_raw/STZ/10-K/0000016918-18-000033/primary-document.html
2026-02-23 15:28:46,111 [src.preprocess] DEBUG: Extracted 26 HTML titles from data/10k_raw/STZ/10-K/0000016918-19-000024/primary-document.html
2026-02-23 15:28:47,735 [src.preprocess] DEBUG: Extracted 147 HTML titles from data/10k_raw/STZ/10-K/0000016918-20-000078/primary-document.html
2026-02-23 15:28:47,741 [src.preprocess] DEBUG: Filtered 25 / 147 HTML titles against item_1a text
2026-02-23 15:28:48,736 [src.preprocess] DEBUG: Extracted 141 HTML titles from data/10k_raw/STZ/10-K/0000016918-21-000060/primary-document.html
2026-02-23 15:28:48,741 [src.preprocess] DEBUG: Filtered 26 / 141 HTML titles against item_1a text
2026-02-23 15:28:49,754 [src.preprocess] DEBUG: Extracted 150 HTML titles from data/10k_raw/STZ/10-K/0000016918-22-000069/primary-document.html
2026-02-23 15:28:49,759 [src.preprocess] DEBUG: Filtered 25 / 150 HTML titles against item_1a text
2026-02-23 15:28:50,760 [src.preprocess] DEBUG: Extracted 147 HTML titles from data/10k_raw/STZ/10-K/0000016918-23-000045/primary-document.html
2026-02-23 15:28:50,765 [src.preprocess] DEBUG: Filtered 25 / 147 HTML titles against item_1a text
2026-02-23 15:28:51,674 [src.preprocess] DEBUG: Extracted 149 HTML titles from data/10k_raw/STZ/10-K/0000016918-24-000054/primary-document.html
2026-02-23 15:28:51,679 [src.preprocess] DEBUG: Filtered 25 / 149 HTML titles against item_1a text
2026-02-23 15:28:51,777 [src.preprocess] DEBUG: Extracted 0 HTML titles from data/10k_raw/SWK/10-K/0000093556-15-000005/primary-document.html
2026-02-23 15:28:51,856 [src.preprocess] DEBUG: Extracted 0 HTML titles from data/10k_raw/SWK/10-K/0000093556-16-000051/primary-document.html
2026-02-23 15:28:51,934 [src.preprocess] DEBUG: Extracted 0 HTML titles from data/10k_raw/SWK/10-K/0000093556-17-000006/primary-document.html
2026-02-23 15:28:52,015 [src.preprocess] DEBUG: Extracted 0 HTML titles from data/10k_raw/SWK/10-K/0000093556-18-000008/primary-document.html
2026-02-23 15:28:52,101 [src.preprocess] DEBUG: Extracted 0 HTML titles from data/10k_raw/SWK/10-K/0000093556-19-000011/primary-document.html
2026-02-23 15:28:52,217 [src.preprocess] DEBUG: Extracted 0 HTML titles from data/10k_raw/SWK/10-K/0000093556-20-000006/primary-document.html
2026-02-23 15:28:52,328 [src.preprocess] DEBUG: Extracted 0 HTML titles from data/10k_raw/SWK/10-K/0000093556-21-000008/primary-document.html
2026-02-23 15:28:52,448 [src.preprocess] DEBUG: Extracted 0 HTML titles from data/10k_raw/SWK/10-K/0000093556-22-000015/primary-document.html
2026-02-23 15:28:52,566 [src.preprocess] DEBUG: Extracted 0 HTML titles from data/10k_raw/SWK/10-K/0000093556-23-000007/primary-document.html
2026-02-23 15:28:52,649 [src.preprocess] DEBUG: Extracted 0 HTML titles from data/10k_raw/SWK/10-K/0000093556-24-000032/primary-document.html
2026-02-23 15:28:52,723 [src.preprocess] DEBUG: Extracted 29 HTML titles from data/10k_raw/SWKS/10-K/0000004127-15-000037/primary-document.html
2026-02-23 15:28:52,801 [src.preprocess] DEBUG: Extracted 23 HTML titles from data/10k_raw/SWKS/10-K/0000004127-16-000068/primary-document.html
2026-02-23 15:28:52,879 [src.preprocess] DEBUG: Extracted 21 HTML titles from data/10k_raw/SWKS/10-K/0000004127-17-000033/primary-document.html
2026-02-23 15:28:52,957 [src.preprocess] DEBUG: Extracted 21 HTML titles from data/10k_raw/SWKS/10-K/0000004127-18-000046/primary-document.html
2026-02-23 15:28:53,044 [src.preprocess] DEBUG: Extracted 21 HTML titles from data/10k_raw/SWKS/10-K/0000004127-19-000049/primary-document.html
2026-02-23 15:28:53,200 [src.preprocess] DEBUG: Extracted 48 HTML titles from data/10k_raw/SWKS/10-K/0000004127-20-000058/primary-document.html
2026-02-23 15:28:53,284 [src.preprocess] DEBUG: Extracted 52 HTML titles from data/10k_raw/SWKS/10-K/0000004127-21-000058/primary-document.html
2026-02-23 15:28:53,366 [src.preprocess] DEBUG: Extracted 51 HTML titles from data/10k_raw/SWKS/10-K/0000004127-22-000038/primary-document.html
2026-02-23 15:28:53,437 [src.preprocess] DEBUG: Extracted 51 HTML titles from data/10k_raw/SWKS/10-K/0000004127-23-000030/primary-document.html
2026-02-23 15:28:53,506 [src.preprocess] DEBUG: Extracted 52 HTML titles from data/10k_raw/SWKS/10-K/0000004127-24-000131/primary-document.html
2026-02-23 15:28:53,721 [src.preprocess] DEBUG: Extracted 153 HTML titles from data/10k_raw/SYF/10-K/0001601712-15-000007/primary-document.html
2026-02-23 15:28:53,889 [src.preprocess] DEBUG: Extracted 109 HTML titles from data/10k_raw/SYF/10-K/0001601712-16-000069/primary-document.html
2026-02-23 15:28:54,048 [src.preprocess] DEBUG: Extracted 107 HTML titles from data/10k_raw/SYF/10-K/0001601712-17-000031/primary-document.html
2026-02-23 15:28:54,245 [src.preprocess] DEBUG: Extracted 107 HTML titles from data/10k_raw/SYF/10-K/0001601712-18-000107/primary-document.html
2026-02-23 15:28:54,353 [src.preprocess] DEBUG: Extracted 0 HTML titles from data/10k_raw/SYF/10-K/0001601712-19-000053/primary-document.html
2026-02-23 15:28:54,461 [src.preprocess] DEBUG: Extracted 0 HTML titles from data/10k_raw/SYF/10-K/0001601712-20-000038/primary-document.html
2026-02-23 15:28:54,552 [src.preprocess] DEBUG: Extracted 0 HTML titles from data/10k_raw/SYF/10-K/0001601712-21-000057/primary-document.html
2026-02-23 15:28:54,646 [src.preprocess] DEBUG: Extracted 0 HTML titles from data/10k_raw/SYF/10-K/0001601712-22-000053/primary-document.html
2026-02-23 15:28:54,740 [src.preprocess] DEBUG: Extracted 0 HTML titles from data/10k_raw/SYF/10-K/0001601712-23-000037/primary-document.html
2026-02-23 15:28:54,821 [src.preprocess] DEBUG: Extracted 0 HTML titles from data/10k_raw/SYF/10-K/0001601712-24-000047/primary-document.html
2026-02-23 15:28:54,881 [src.preprocess] DEBUG: Extracted 0 HTML titles from data/10k_raw/SYK/10-K/0000310764-15-000022/primary-document.html
2026-02-23 15:28:54,943 [src.preprocess] DEBUG: Extracted 0 HTML titles from data/10k_raw/SYK/10-K/0000310764-16-000226/primary-document.html
2026-02-23 15:28:55,001 [src.preprocess] DEBUG: Extracted 0 HTML titles from data/10k_raw/SYK/10-K/0000310764-17-000034/primary-document.html
2026-02-23 15:28:55,058 [src.preprocess] DEBUG: Extracted 0 HTML titles from data/10k_raw/SYK/10-K/0000310764-18-000031/primary-document.html
2026-02-23 15:28:55,121 [src.preprocess] DEBUG: Extracted 0 HTML titles from data/10k_raw/SYK/10-K/0000310764-19-000014/primary-document.html
2026-02-23 15:28:55,207 [src.preprocess] DEBUG: Extracted 0 HTML titles from data/10k_raw/SYK/10-K/0000310764-20-000014/primary-document.html
2026-02-23 15:28:55,289 [src.preprocess] DEBUG: Extracted 0 HTML titles from data/10k_raw/SYK/10-K/0000310764-21-000027/primary-document.html
2026-02-23 15:28:55,368 [src.preprocess] DEBUG: Extracted 0 HTML titles from data/10k_raw/SYK/10-K/0000310764-22-000028/primary-document.html
2026-02-23 15:28:55,448 [src.preprocess] DEBUG: Extracted 0 HTML titles from data/10k_raw/SYK/10-K/0000310764-23-000017/primary-document.html
2026-02-23 15:28:55,514 [src.preprocess] DEBUG: Extracted 0 HTML titles from data/10k_raw/SYK/10-K/0000310764-24-000024/primary-document.html
2026-02-23 15:28:55,621 [src.preprocess] DEBUG: Extracted 3 HTML titles from data/10k_raw/SYY/10-K/0000096021-15-000057/primary-document.html
2026-02-23 15:28:55,733 [src.preprocess] DEBUG: Extracted 21 HTML titles from data/10k_raw/SYY/10-K/0000096021-16-000275/primary-document.html
2026-02-23 15:28:55,869 [src.preprocess] DEBUG: Extracted 22 HTML titles from data/10k_raw/SYY/10-K/0000096021-17-000120/primary-document.html
2026-02-23 15:28:56,004 [src.preprocess] DEBUG: Extracted 23 HTML titles from data/10k_raw/SYY/10-K/0000096021-18-000126/primary-document.html
2026-02-23 15:28:56,162 [src.preprocess] DEBUG: Extracted 24 HTML titles from data/10k_raw/SYY/10-K/0000096021-19-000093/primary-document.html
2026-02-23 15:28:56,331 [src.preprocess] DEBUG: Extracted 23 HTML titles from data/10k_raw/SYY/10-K/0000096021-20-000100/primary-document.html
2026-02-23 15:28:56,464 [src.preprocess] DEBUG: Extracted 24 HTML titles from data/10k_raw/SYY/10-K/0000096021-21-000093/primary-document.html
2026-02-23 15:28:56,606 [src.preprocess] DEBUG: Extracted 27 HTML titles from data/10k_raw/SYY/10-K/0000096021-22-000151/primary-document.html
2026-02-23 15:28:56,720 [src.preprocess] DEBUG: Extracted 20 HTML titles from data/10k_raw/SYY/10-K/0000096021-23-000117/primary-document.html
2026-02-23 15:28:56,832 [src.preprocess] DEBUG: Extracted 23 HTML titles from data/10k_raw/SYY/10-K/0000096021-24-000128/primary-document.html
2026-02-23 15:28:56,926 [src.preprocess] DEBUG: Extracted 60 HTML titles from data/10k_raw/T/10-K/0000732717-15-000016/primary-document.html
2026-02-23 15:28:56,926 [src.preprocess] DEBUG: Filtered 3 / 60 HTML titles against item_1a text
2026-02-23 15:28:56,995 [src.preprocess] DEBUG: Extracted 48 HTML titles from data/10k_raw/T/10-K/0000732717-16-000147/primary-document.html
2026-02-23 15:28:56,995 [src.preprocess] DEBUG: Filtered 3 / 48 HTML titles against item_1a text
2026-02-23 15:28:57,063 [src.preprocess] DEBUG: Extracted 65 HTML titles from data/10k_raw/T/10-K/0000732717-17-000021/primary-document.html
2026-02-23 15:28:57,064 [src.preprocess] DEBUG: Filtered 3 / 65 HTML titles against item_1a text
2026-02-23 15:28:57,183 [src.preprocess] DEBUG: Extracted 46 HTML titles from data/10k_raw/T/10-K/0000732717-18-000009/primary-document.html
2026-02-23 15:28:57,183 [src.preprocess] DEBUG: Filtered 3 / 46 HTML titles against item_1a text
2026-02-23 15:28:58,342 [src.preprocess] DEBUG: Extracted 350 HTML titles from data/10k_raw/T/10-K/0000732717-21-000012/primary-document.html
2026-02-23 15:28:58,354 [src.preprocess] DEBUG: Filtered 8 / 350 HTML titles against item_1a text
2026-02-23 15:28:59,546 [src.preprocess] DEBUG: Extracted 325 HTML titles from data/10k_raw/T/10-K/0000732717-22-000015/primary-document.html
2026-02-23 15:28:59,557 [src.preprocess] DEBUG: Filtered 9 / 325 HTML titles against item_1a text
2026-02-23 15:28:59,737 [src.preprocess] DEBUG: Extracted 18 HTML titles from data/10k_raw/T/10-K/0000732717-23-000011/primary-document.html
2026-02-23 15:28:59,854 [src.preprocess] DEBUG: Extracted 17 HTML titles from data/10k_raw/T/10-K/0000732717-24-000009/primary-document.html
2026-02-23 15:28:59,934 [src.preprocess] DEBUG: Extracted 0 HTML titles from data/10k_raw/T/10-K/0001193125-19-045608/primary-document.html
2026-02-23 15:29:02,001 [src.preprocess] DEBUG: Extracted 339 HTML titles from data/10k_raw/T/10-K/0001562762-20-000064/primary-document.html
2026-02-23 15:29:02,012 [src.preprocess] DEBUG: Filtered 9 / 339 HTML titles against item_1a text
2026-02-23 15:29:02,322 [src.preprocess] DEBUG: Extracted 30 HTML titles from data/10k_raw/TAP/10-K/0000024545-15-000004/primary-document.html
2026-02-23 15:29:02,322 [src.preprocess] DEBUG: Filtered 1 / 30 HTML titles against item_1a text
2026-02-23 15:29:02,480 [src.preprocess] DEBUG: Extracted 39 HTML titles from data/10k_raw/TAP/10-K/0000024545-16-000054/primary-document.html
2026-02-23 15:29:02,481 [src.preprocess] DEBUG: Filtered 1 / 39 HTML titles against item_1a text
2026-02-23 15:29:02,653 [src.preprocess] DEBUG: Extracted 34 HTML titles from data/10k_raw/TAP/10-K/0000024545-17-000005/primary-document.html
2026-02-23 15:29:02,654 [src.preprocess] DEBUG: Filtered 1 / 34 HTML titles against item_1a text
2026-02-23 15:29:02,836 [src.preprocess] DEBUG: Extracted 35 HTML titles from data/10k_raw/TAP/10-K/0000024545-18-000009/primary-document.html
2026-02-23 15:29:02,836 [src.preprocess] DEBUG: Filtered 1 / 35 HTML titles against item_1a text
2026-02-23 15:29:03,019 [src.preprocess] DEBUG: Extracted 44 HTML titles from data/10k_raw/TAP/10-K/0000024545-19-000007/primary-document.html
2026-02-23 15:29:03,020 [src.preprocess] DEBUG: Filtered 2 / 44 HTML titles against item_1a text
2026-02-23 15:29:03,245 [src.preprocess] DEBUG: Extracted 38 HTML titles from data/10k_raw/TAP/10-K/0000024545-20-000005/primary-document.html
2026-02-23 15:29:03,246 [src.preprocess] DEBUG: Filtered 1 / 38 HTML titles against item_1a text
2026-02-23 15:29:03,428 [src.preprocess] DEBUG: Extracted 56 HTML titles from data/10k_raw/TAP/10-K/0000024545-21-000004/primary-document.html
2026-02-23 15:29:03,429 [src.preprocess] DEBUG: Filtered 2 / 56 HTML titles against item_1a text
2026-02-23 15:29:03,651 [src.preprocess] DEBUG: Extracted 56 HTML titles from data/10k_raw/TAP/10-K/0000024545-22-000005/primary-document.html
2026-02-23 15:29:03,652 [src.preprocess] DEBUG: Filtered 2 / 56 HTML titles against item_1a text
2026-02-23 15:29:03,803 [src.preprocess] DEBUG: Extracted 57 HTML titles from data/10k_raw/TAP/10-K/0000024545-23-000006/primary-document.html
2026-02-23 15:29:03,804 [src.preprocess] DEBUG: Filtered 2 / 57 HTML titles against item_1a text
2026-02-23 15:29:03,927 [src.preprocess] DEBUG: Extracted 54 HTML titles from data/10k_raw/TAP/10-K/0000024545-24-000005/primary-document.html
2026-02-23 15:29:03,928 [src.preprocess] DEBUG: Filtered 2 / 54 HTML titles against item_1a text
2026-02-23 15:29:05,534 [src.preprocess] DEBUG: Extracted 279 HTML titles from data/10k_raw/TDG/10-K/0001260221-15-000013/primary-document.html
2026-02-23 15:29:05,546 [src.preprocess] DEBUG: Filtered 65 / 279 HTML titles against item_1a text
2026-02-23 15:29:07,263 [src.preprocess] DEBUG: Extracted 296 HTML titles from data/10k_raw/TDG/10-K/0001260221-16-000107/primary-document.html
2026-02-23 15:29:07,276 [src.preprocess] DEBUG: Filtered 67 / 296 HTML titles against item_1a text
2026-02-23 15:29:09,100 [src.preprocess] DEBUG: Extracted 311 HTML titles from data/10k_raw/TDG/10-K/0001260221-17-000060/primary-document.html
2026-02-23 15:29:09,113 [src.preprocess] DEBUG: Filtered 67 / 311 HTML titles against item_1a text
2026-02-23 15:29:11,051 [src.preprocess] DEBUG: Extracted 318 HTML titles from data/10k_raw/TDG/10-K/0001260221-18-000070/primary-document.html
2026-02-23 15:29:11,067 [src.preprocess] DEBUG: Filtered 70 / 318 HTML titles against item_1a text
2026-02-23 15:29:12,989 [src.preprocess] DEBUG: Extracted 364 HTML titles from data/10k_raw/TDG/10-K/0001260221-19-000043/primary-document.html
2026-02-23 15:29:13,008 [src.preprocess] DEBUG: Filtered 71 / 364 HTML titles against item_1a text
2026-02-23 15:29:14,013 [src.preprocess] DEBUG: Extracted 362 HTML titles from data/10k_raw/TDG/10-K/0001260221-20-000099/primary-document.html
2026-02-23 15:29:14,033 [src.preprocess] DEBUG: Filtered 87 / 362 HTML titles against item_1a text
2026-02-23 15:29:14,932 [src.preprocess] DEBUG: Extracted 352 HTML titles from data/10k_raw/TDG/10-K/0001260221-21-000134/primary-document.html
2026-02-23 15:29:14,950 [src.preprocess] DEBUG: Filtered 75 / 352 HTML titles against item_1a text
2026-02-23 15:29:15,852 [src.preprocess] DEBUG: Extracted 334 HTML titles from data/10k_raw/TDG/10-K/0001260221-22-000065/primary-document.html
2026-02-23 15:29:15,868 [src.preprocess] DEBUG: Filtered 66 / 334 HTML titles against item_1a text
2026-02-23 15:29:16,727 [src.preprocess] DEBUG: Extracted 334 HTML titles from data/10k_raw/TDG/10-K/0001260221-23-000081/primary-document.html
2026-02-23 15:29:16,744 [src.preprocess] DEBUG: Filtered 63 / 334 HTML titles against item_1a text
2026-02-23 15:29:17,608 [src.preprocess] DEBUG: Extracted 326 HTML titles from data/10k_raw/TDG/10-K/0001260221-24-000083/primary-document.html
2026-02-23 15:29:17,625 [src.preprocess] DEBUG: Filtered 64 / 326 HTML titles against item_1a text
2026-02-23 15:29:17,741 [src.preprocess] DEBUG: Extracted 0 HTML titles from data/10k_raw/TDY/10-K/0001094285-15-000037/primary-document.html
2026-02-23 15:29:17,829 [src.preprocess] DEBUG: Extracted 0 HTML titles from data/10k_raw/TDY/10-K/0001094285-16-000177/primary-document.html
2026-02-23 15:29:17,918 [src.preprocess] DEBUG: Extracted 0 HTML titles from data/10k_raw/TDY/10-K/0001094285-17-000031/primary-document.html
2026-02-23 15:29:18,007 [src.preprocess] DEBUG: Extracted 0 HTML titles from data/10k_raw/TDY/10-K/0001094285-18-000053/primary-document.html
2026-02-23 15:29:18,093 [src.preprocess] DEBUG: Extracted 0 HTML titles from data/10k_raw/TDY/10-K/0001094285-19-000064/primary-document.html
2026-02-23 15:29:18,231 [src.preprocess] DEBUG: Extracted 0 HTML titles from data/10k_raw/TDY/10-K/0001094285-20-000045/primary-document.html
2026-02-23 15:29:18,339 [src.preprocess] DEBUG: Extracted 0 HTML titles from data/10k_raw/TDY/10-K/0001094285-21-000066/primary-document.html
2026-02-23 15:29:18,438 [src.preprocess] DEBUG: Extracted 0 HTML titles from data/10k_raw/TDY/10-K/0001094285-22-000049/primary-document.html
2026-02-23 15:29:18,531 [src.preprocess] DEBUG: Extracted 0 HTML titles from data/10k_raw/TDY/10-K/0001094285-23-000053/primary-document.html
2026-02-23 15:29:18,604 [src.preprocess] DEBUG: Extracted 0 HTML titles from data/10k_raw/TDY/10-K/0001094285-24-000044/primary-document.html
2026-02-23 15:29:18,677 [src.preprocess] DEBUG: Extracted 0 HTML titles from data/10k_raw/TECH/10-K/0001437749-15-016645/primary-document.html
2026-02-23 15:29:18,756 [src.preprocess] DEBUG: Extracted 0 HTML titles from data/10k_raw/TECH/10-K/0001437749-16-038182/primary-document.html
2026-02-23 15:29:18,898 [src.preprocess] DEBUG: Extracted 0 HTML titles from data/10k_raw/TECH/10-K/0001437749-17-015711/primary-document.html
2026-02-23 15:29:18,977 [src.preprocess] DEBUG: Extracted 0 HTML titles from data/10k_raw/TECH/10-K/0001437749-18-016190/primary-document.html
2026-02-23 15:29:19,052 [src.preprocess] DEBUG: Extracted 0 HTML titles from data/10k_raw/TECH/10-K/0001437749-19-017565/primary-document.html
2026-02-23 15:29:19,140 [src.preprocess] DEBUG: Extracted 0 HTML titles from data/10k_raw/TECH/10-K/0001437749-20-018754/primary-document.html
2026-02-23 15:29:19,238 [src.preprocess] DEBUG: Extracted 0 HTML titles from data/10k_raw/TECH/10-K/0001437749-21-020980/primary-document.html
2026-02-23 15:29:19,332 [src.preprocess] DEBUG: Extracted 16 HTML titles from data/10k_raw/TECH/10-K/0001558370-22-013935/primary-document.html
2026-02-23 15:29:19,332 [src.preprocess] DEBUG: Filtered 1 / 16 HTML titles against item_1a text
2026-02-23 15:29:19,432 [src.preprocess] DEBUG: Extracted 16 HTML titles from data/10k_raw/TECH/10-K/0001558370-23-015226/primary-document.html
2026-02-23 15:29:19,433 [src.preprocess] DEBUG: Filtered 1 / 16 HTML titles against item_1a text
2026-02-23 15:29:19,540 [src.preprocess] DEBUG: Extracted 16 HTML titles from data/10k_raw/TECH/10-K/0001558370-24-012430/primary-document.html
2026-02-23 15:29:19,540 [src.preprocess] DEBUG: Filtered 1 / 16 HTML titles against item_1a text
2026-02-23 15:29:22,470 [src.preprocess] DEBUG: Extracted 0 HTML titles from data/10k_raw/TEL/10-K/0001047469-15-008508/primary-document.html
2026-02-23 15:29:25,398 [src.preprocess] DEBUG: Extracted 0 HTML titles from data/10k_raw/TEL/10-K/0001047469-16-016719/primary-document.html
2026-02-23 15:29:28,379 [src.preprocess] DEBUG: Extracted 0 HTML titles from data/10k_raw/TEL/10-K/0001047469-17-007037/primary-document.html
2026-02-23 15:29:31,375 [src.preprocess] DEBUG: Extracted 0 HTML titles from data/10k_raw/TEL/10-K/0001047469-18-007210/primary-document.html
2026-02-23 15:29:31,575 [src.preprocess] DEBUG: Extracted 0 HTML titles from data/10k_raw/TEL/10-K/0001558370-19-010758/primary-document.html
2026-02-23 15:29:31,744 [src.preprocess] DEBUG: Extracted 38 HTML titles from data/10k_raw/TEL/10-K/0001558370-20-013511/primary-document.html
2026-02-23 15:29:31,915 [src.preprocess] DEBUG: Extracted 38 HTML titles from data/10k_raw/TEL/10-K/0001558370-21-015228/primary-document.html
2026-02-23 15:29:32,069 [src.preprocess] DEBUG: Extracted 35 HTML titles from data/10k_raw/TEL/10-K/0001558370-22-017931/primary-document.html
2026-02-23 15:29:32,365 [src.preprocess] DEBUG: Extracted 35 HTML titles from data/10k_raw/TEL/10-K/0001558370-23-018833/primary-document.html
2026-02-23 15:29:32,517 [src.preprocess] DEBUG: Extracted 36 HTML titles from data/10k_raw/TEL/10-K/0001558370-24-015227/primary-document.html
2026-02-23 15:29:32,690 [src.preprocess] DEBUG: Extracted 46 HTML titles from data/10k_raw/TER/10-K/0000950170-24-018701/primary-document.html
2026-02-23 15:29:32,773 [src.preprocess] DEBUG: Extracted 0 HTML titles from data/10k_raw/TER/10-K/0001193125-15-067671/primary-document.html
2026-02-23 15:29:32,860 [src.preprocess] DEBUG: Extracted 0 HTML titles from data/10k_raw/TER/10-K/0001193125-16-484381/primary-document.html
2026-02-23 15:29:32,949 [src.preprocess] DEBUG: Extracted 0 HTML titles from data/10k_raw/TER/10-K/0001193125-17-064638/primary-document.html
2026-02-23 15:29:33,073 [src.preprocess] DEBUG: Extracted 0 HTML titles from data/10k_raw/TER/10-K/0001193125-18-066579/primary-document.html
2026-02-23 15:29:33,166 [src.preprocess] DEBUG: Extracted 0 HTML titles from data/10k_raw/TER/10-K/0001193125-19-059974/primary-document.html
2026-02-23 15:29:35,065 [src.preprocess] DEBUG: Extracted 323 HTML titles from data/10k_raw/TER/10-K/0001193125-20-058676/primary-document.html
2026-02-23 15:29:35,082 [src.preprocess] DEBUG: Filtered 98 / 323 HTML titles against item_1a text
2026-02-23 15:29:37,334 [src.preprocess] DEBUG: Extracted 340 HTML titles from data/10k_raw/TER/10-K/0001193125-21-050735/primary-document.html
2026-02-23 15:29:37,352 [src.preprocess] DEBUG: Filtered 88 / 340 HTML titles against item_1a text
2026-02-23 15:29:39,150 [src.preprocess] DEBUG: Extracted 334 HTML titles from data/10k_raw/TER/10-K/0001193125-22-049828/primary-document.html
2026-02-23 15:29:39,166 [src.preprocess] DEBUG: Filtered 91 / 334 HTML titles against item_1a text
2026-02-23 15:29:40,760 [src.preprocess] DEBUG: Extracted 313 HTML titles from data/10k_raw/TER/10-K/0001193125-23-044711/primary-document.html
2026-02-23 15:29:40,774 [src.preprocess] DEBUG: Filtered 57 / 313 HTML titles against item_1a text
2026-02-23 15:29:41,034 [src.preprocess] DEBUG: Extracted 0 HTML titles from data/10k_raw/TFC/10-K/0000092230-15-000021/primary-document.html
2026-02-23 15:29:41,116 [src.preprocess] DEBUG: Extracted 0 HTML titles from data/10k_raw/TFC/10-K/0000092230-16-000125/primary-document.html
2026-02-23 15:29:41,302 [src.preprocess] DEBUG: Extracted 0 HTML titles from data/10k_raw/TFC/10-K/0000092230-17-000021/primary-document.html
2026-02-23 15:29:41,470 [src.preprocess] DEBUG: Extracted 0 HTML titles from data/10k_raw/TFC/10-K/0000092230-18-000021/primary-document.html
2026-02-23 15:29:41,625 [src.preprocess] DEBUG: Extracted 0 HTML titles from data/10k_raw/TFC/10-K/0000092230-19-000017/primary-document.html
2026-02-23 15:29:41,901 [src.preprocess] DEBUG: Extracted 0 HTML titles from data/10k_raw/TFC/10-K/0000092230-20-000045/primary-document.html
2026-02-23 15:29:42,117 [src.preprocess] DEBUG: Extracted 0 HTML titles from data/10k_raw/TFC/10-K/0000092230-21-000032/primary-document.html
2026-02-23 15:29:42,331 [src.preprocess] DEBUG: Extracted 0 HTML titles from data/10k_raw/TFC/10-K/0000092230-22-000008/primary-document.html
2026-02-23 15:29:42,546 [src.preprocess] DEBUG: Extracted 0 HTML titles from data/10k_raw/TFC/10-K/0000092230-23-000034/primary-document.html
2026-02-23 15:29:42,723 [src.preprocess] DEBUG: Extracted 0 HTML titles from data/10k_raw/TFC/10-K/0000092230-24-000010/primary-document.html
2026-02-23 15:29:43,900 [src.preprocess] DEBUG: Extracted 226 HTML titles from data/10k_raw/TGT/10-K/0000027419-15-000012/primary-document.html
2026-02-23 15:29:43,906 [src.preprocess] DEBUG: Filtered 47 / 226 HTML titles against item_1a text
2026-02-23 15:29:45,083 [src.preprocess] DEBUG: Extracted 232 HTML titles from data/10k_raw/TGT/10-K/0000027419-16-000043/primary-document.html
2026-02-23 15:29:45,089 [src.preprocess] DEBUG: Filtered 44 / 232 HTML titles against item_1a text
2026-02-23 15:29:46,152 [src.preprocess] DEBUG: Extracted 223 HTML titles from data/10k_raw/TGT/10-K/0000027419-17-000008/primary-document.html
2026-02-23 15:29:46,158 [src.preprocess] DEBUG: Filtered 43 / 223 HTML titles against item_1a text
2026-02-23 15:29:47,140 [src.preprocess] DEBUG: Extracted 214 HTML titles from data/10k_raw/TGT/10-K/0000027419-18-000010/primary-document.html
2026-02-23 15:29:47,146 [src.preprocess] DEBUG: Filtered 40 / 214 HTML titles against item_1a text
2026-02-23 15:29:48,220 [src.preprocess] DEBUG: Extracted 203 HTML titles from data/10k_raw/TGT/10-K/0000027419-19-000006/primary-document.html
2026-02-23 15:29:48,225 [src.preprocess] DEBUG: Filtered 37 / 203 HTML titles against item_1a text
2026-02-23 15:29:48,974 [src.preprocess] DEBUG: Extracted 231 HTML titles from data/10k_raw/TGT/10-K/0000027419-20-000008/primary-document.html
2026-02-23 15:29:48,980 [src.preprocess] DEBUG: Filtered 67 / 231 HTML titles against item_1a text
2026-02-23 15:29:49,554 [src.preprocess] DEBUG: Extracted 226 HTML titles from data/10k_raw/TGT/10-K/0000027419-21-000010/primary-document.html
2026-02-23 15:29:49,559 [src.preprocess] DEBUG: Filtered 64 / 226 HTML titles against item_1a text
2026-02-23 15:29:50,126 [src.preprocess] DEBUG: Extracted 226 HTML titles from data/10k_raw/TGT/10-K/0000027419-22-000007/primary-document.html
2026-02-23 15:29:50,132 [src.preprocess] DEBUG: Filtered 65 / 226 HTML titles against item_1a text
2026-02-23 15:29:50,639 [src.preprocess] DEBUG: Extracted 203 HTML titles from data/10k_raw/TGT/10-K/0000027419-23-000015/primary-document.html
2026-02-23 15:29:50,644 [src.preprocess] DEBUG: Filtered 61 / 203 HTML titles against item_1a text
2026-02-23 15:29:51,133 [src.preprocess] DEBUG: Extracted 220 HTML titles from data/10k_raw/TGT/10-K/0000027419-24-000032/primary-document.html
2026-02-23 15:29:51,138 [src.preprocess] DEBUG: Filtered 63 / 220 HTML titles against item_1a text
2026-02-23 15:29:51,246 [src.preprocess] DEBUG: Extracted 2 HTML titles from data/10k_raw/TJX/10-K/0000109198-20-000004/primary-document.html
2026-02-23 15:29:51,324 [src.preprocess] DEBUG: Extracted 2 HTML titles from data/10k_raw/TJX/10-K/0000109198-21-000006/primary-document.html
2026-02-23 15:29:51,399 [src.preprocess] DEBUG: Extracted 2 HTML titles from data/10k_raw/TJX/10-K/0000109198-22-000008/primary-document.html
2026-02-23 15:29:51,459 [src.preprocess] DEBUG: Extracted 2 HTML titles from data/10k_raw/TJX/10-K/0000109198-23-000004/primary-document.html
2026-02-23 15:29:51,517 [src.preprocess] DEBUG: Extracted 2 HTML titles from data/10k_raw/TJX/10-K/0000109198-24-000014/primary-document.html
2026-02-23 15:29:51,654 [src.preprocess] DEBUG: Extracted 0 HTML titles from data/10k_raw/TJX/10-K/0001193125-15-114276/primary-document.html
2026-02-23 15:29:51,859 [src.preprocess] DEBUG: Extracted 0 HTML titles from data/10k_raw/TJX/10-K/0001193125-16-521424/primary-document.html
2026-02-23 15:29:52,018 [src.preprocess] DEBUG: Extracted 0 HTML titles from data/10k_raw/TJX/10-K/0001193125-17-099642/primary-document.html
2026-02-23 15:29:52,237 [src.preprocess] DEBUG: Extracted 0 HTML titles from data/10k_raw/TJX/10-K/0001193125-18-107423/primary-document.html
2026-02-23 15:29:53,196 [src.preprocess] DEBUG: Extracted 190 HTML titles from data/10k_raw/TJX/10-K/0001628280-19-003834/primary-document.html
2026-02-23 15:29:53,202 [src.preprocess] DEBUG: Filtered 25 / 190 HTML titles against item_1a text
2026-02-23 15:29:53,385 [src.preprocess] DEBUG: Extracted 24 HTML titles from data/10k_raw/TMO/10-K/0000097745-15-000007/primary-document.html
2026-02-23 15:29:53,385 [src.preprocess] DEBUG: Filtered 1 / 24 HTML titles against item_1a text
2026-02-23 15:29:53,581 [src.preprocess] DEBUG: Extracted 24 HTML titles from data/10k_raw/TMO/10-K/0000097745-16-000043/primary-document.html
2026-02-23 15:29:53,715 [src.preprocess] DEBUG: Extracted 24 HTML titles from data/10k_raw/TMO/10-K/0000097745-17-000007/primary-document.html
2026-02-23 15:29:53,844 [src.preprocess] DEBUG: Extracted 40 HTML titles from data/10k_raw/TMO/10-K/0000097745-18-000006/primary-document.html
2026-02-23 15:29:53,983 [src.preprocess] DEBUG: Extracted 39 HTML titles from data/10k_raw/TMO/10-K/0000097745-19-000007/primary-document.html
2026-02-23 15:29:54,145 [src.preprocess] DEBUG: Extracted 40 HTML titles from data/10k_raw/TMO/10-K/0000097745-20-000009/primary-document.html
2026-02-23 15:29:54,146 [src.preprocess] DEBUG: Filtered 1 / 40 HTML titles against item_1a text
2026-02-23 15:29:54,262 [src.preprocess] DEBUG: Extracted 41 HTML titles from data/10k_raw/TMO/10-K/0000097745-21-000011/primary-document.html
2026-02-23 15:29:54,262 [src.preprocess] DEBUG: Filtered 1 / 41 HTML titles against item_1a text
2026-02-23 15:29:54,383 [src.preprocess] DEBUG: Extracted 45 HTML titles from data/10k_raw/TMO/10-K/0000097745-22-000011/primary-document.html
2026-02-23 15:29:54,384 [src.preprocess] DEBUG: Filtered 1 / 45 HTML titles against item_1a text
2026-02-23 15:29:54,535 [src.preprocess] DEBUG: Extracted 43 HTML titles from data/10k_raw/TMO/10-K/0000097745-23-000008/primary-document.html
2026-02-23 15:29:54,536 [src.preprocess] DEBUG: Filtered 1 / 43 HTML titles against item_1a text
2026-02-23 15:29:54,626 [src.preprocess] DEBUG: Extracted 42 HTML titles from data/10k_raw/TMO/10-K/0000097745-24-000007/primary-document.html
2026-02-23 15:29:54,627 [src.preprocess] DEBUG: Filtered 1 / 42 HTML titles against item_1a text
2026-02-23 15:29:54,748 [src.preprocess] DEBUG: Extracted 40 HTML titles from data/10k_raw/TMUS/10-K/0001283699-15-000010/primary-document.html
2026-02-23 15:29:54,748 [src.preprocess] DEBUG: Filtered 1 / 40 HTML titles against item_1a text
2026-02-23 15:29:54,873 [src.preprocess] DEBUG: Extracted 31 HTML titles from data/10k_raw/TMUS/10-K/0001283699-16-000073/primary-document.html
2026-02-23 15:29:54,874 [src.preprocess] DEBUG: Filtered 1 / 31 HTML titles against item_1a text
2026-02-23 15:29:55,026 [src.preprocess] DEBUG: Extracted 38 HTML titles from data/10k_raw/TMUS/10-K/0001283699-17-000010/primary-document.html
2026-02-23 15:29:55,027 [src.preprocess] DEBUG: Filtered 1 / 38 HTML titles against item_1a text
2026-02-23 15:29:55,192 [src.preprocess] DEBUG: Extracted 34 HTML titles from data/10k_raw/TMUS/10-K/0001283699-18-000011/primary-document.html
2026-02-23 15:29:55,400 [src.preprocess] DEBUG: Extracted 42 HTML titles from data/10k_raw/TMUS/10-K/0001283699-19-000015/primary-document.html
2026-02-23 15:29:55,622 [src.preprocess] DEBUG: Extracted 40 HTML titles from data/10k_raw/TMUS/10-K/0001283699-20-000026/primary-document.html
2026-02-23 15:29:55,790 [src.preprocess] DEBUG: Extracted 39 HTML titles from data/10k_raw/TMUS/10-K/0001283699-21-000039/primary-document.html
2026-02-23 15:29:55,947 [src.preprocess] DEBUG: Extracted 44 HTML titles from data/10k_raw/TMUS/10-K/0001283699-22-000018/primary-document.html
2026-02-23 15:29:56,097 [src.preprocess] DEBUG: Extracted 43 HTML titles from data/10k_raw/TMUS/10-K/0001283699-23-000016/primary-document.html
2026-02-23 15:29:56,258 [src.preprocess] DEBUG: Extracted 42 HTML titles from data/10k_raw/TMUS/10-K/0001283699-24-000008/primary-document.html
2026-02-23 15:29:56,350 [src.preprocess] DEBUG: Extracted 27 HTML titles from data/10k_raw/TPR/10-K/0001116132-15-000010/primary-document.html
2026-02-23 15:29:56,441 [src.preprocess] DEBUG: Extracted 28 HTML titles from data/10k_raw/TPR/10-K/0001116132-16-000026/primary-document.html
2026-02-23 15:29:56,529 [src.preprocess] DEBUG: Extracted 28 HTML titles from data/10k_raw/TPR/10-K/0001116132-17-000011/primary-document.html
2026-02-23 15:29:56,628 [src.preprocess] DEBUG: Extracted 28 HTML titles from data/10k_raw/TPR/10-K/0001116132-18-000021/primary-document.html
2026-02-23 15:29:56,745 [src.preprocess] DEBUG: Extracted 28 HTML titles from data/10k_raw/TPR/10-K/0001116132-19-000016/primary-document.html
2026-02-23 15:29:56,870 [src.preprocess] DEBUG: Extracted 30 HTML titles from data/10k_raw/TPR/10-K/0001116132-20-000022/primary-document.html
2026-02-23 15:29:56,871 [src.preprocess] DEBUG: Filtered 1 / 30 HTML titles against item_1a text
2026-02-23 15:29:56,975 [src.preprocess] DEBUG: Extracted 43 HTML titles from data/10k_raw/TPR/10-K/0001116132-21-000020/primary-document.html
2026-02-23 15:29:57,080 [src.preprocess] DEBUG: Extracted 30 HTML titles from data/10k_raw/TPR/10-K/0001116132-22-000018/primary-document.html
2026-02-23 15:29:57,165 [src.preprocess] DEBUG: Extracted 33 HTML titles from data/10k_raw/TPR/10-K/0001116132-23-000020/primary-document.html
2026-02-23 15:29:57,249 [src.preprocess] DEBUG: Extracted 32 HTML titles from data/10k_raw/TPR/10-K/0001116132-24-000018/primary-document.html
2026-02-23 15:29:57,741 [src.preprocess] DEBUG: Extracted 41 HTML titles from data/10k_raw/TRGP/10-K/0000950170-23-003797/primary-document.html
2026-02-23 15:29:57,742 [src.preprocess] DEBUG: Filtered 8 / 41 HTML titles against item_1a text
2026-02-23 15:29:58,159 [src.preprocess] DEBUG: Extracted 41 HTML titles from data/10k_raw/TRGP/10-K/0000950170-24-015841/primary-document.html
2026-02-23 15:29:58,159 [src.preprocess] DEBUG: Filtered 8 / 41 HTML titles against item_1a text
2026-02-23 15:29:58,510 [src.preprocess] DEBUG: Extracted 45 HTML titles from data/10k_raw/TRGP/10-K/0001140361-15-006704/primary-document.html
2026-02-23 15:29:58,905 [src.preprocess] DEBUG: Extracted 60 HTML titles from data/10k_raw/TRGP/10-K/0001140361-16-055579/primary-document.html
2026-02-23 15:29:59,448 [src.preprocess] DEBUG: Extracted 48 HTML titles from data/10k_raw/TRGP/10-K/0001564590-17-001810/primary-document.html
2026-02-23 15:30:00,000 [src.preprocess] DEBUG: Extracted 55 HTML titles from data/10k_raw/TRGP/10-K/0001564590-18-002330/primary-document.html
2026-02-23 15:30:00,001 [src.preprocess] DEBUG: Filtered 1 / 55 HTML titles against item_1a text
2026-02-23 15:30:00,537 [src.preprocess] DEBUG: Extracted 45 HTML titles from data/10k_raw/TRGP/10-K/0001564590-19-005727/primary-document.html
2026-02-23 15:30:01,014 [src.preprocess] DEBUG: Extracted 48 HTML titles from data/10k_raw/TRGP/10-K/0001564590-20-005592/primary-document.html
2026-02-23 15:30:01,015 [src.preprocess] DEBUG: Filtered 1 / 48 HTML titles against item_1a text
2026-02-23 15:30:01,617 [src.preprocess] DEBUG: Extracted 50 HTML titles from data/10k_raw/TRGP/10-K/0001564590-21-006640/primary-document.html
2026-02-23 15:30:02,108 [src.preprocess] DEBUG: Extracted 44 HTML titles from data/10k_raw/TRGP/10-K/0001564590-22-006563/primary-document.html
2026-02-23 15:30:02,208 [src.preprocess] DEBUG: Extracted 1 HTML titles from data/10k_raw/TRMB/10-K/0000864749-15-000002/primary-document.html
2026-02-23 15:30:02,288 [src.preprocess] DEBUG: Extracted 1 HTML titles from data/10k_raw/TRMB/10-K/0000864749-16-000092/primary-document.html
2026-02-23 15:30:02,368 [src.preprocess] DEBUG: Extracted 1 HTML titles from data/10k_raw/TRMB/10-K/0000864749-17-000007/primary-document.html
2026-02-23 15:30:02,452 [src.preprocess] DEBUG: Extracted 18 HTML titles from data/10k_raw/TRMB/10-K/0000864749-18-000010/primary-document.html
2026-02-23 15:30:02,546 [src.preprocess] DEBUG: Extracted 16 HTML titles from data/10k_raw/TRMB/10-K/0000864749-19-000006/primary-document.html
2026-02-23 15:30:02,652 [src.preprocess] DEBUG: Extracted 16 HTML titles from data/10k_raw/TRMB/10-K/0000864749-20-000029/primary-document.html
2026-02-23 15:30:02,741 [src.preprocess] DEBUG: Extracted 29 HTML titles from data/10k_raw/TRMB/10-K/0000864749-21-000029/primary-document.html
2026-02-23 15:30:02,742 [src.preprocess] DEBUG: Filtered 1 / 29 HTML titles against item_1a text
2026-02-23 15:30:02,826 [src.preprocess] DEBUG: Extracted 32 HTML titles from data/10k_raw/TRMB/10-K/0000864749-22-000044/primary-document.html
2026-02-23 15:30:02,912 [src.preprocess] DEBUG: Extracted 32 HTML titles from data/10k_raw/TRMB/10-K/0000864749-23-000012/primary-document.html
2026-02-23 15:30:03,026 [src.preprocess] DEBUG: Extracted 37 HTML titles from data/10k_raw/TRMB/10-K/0000864749-24-000047/primary-document.html
2026-02-23 15:30:03,026 [src.preprocess] DEBUG: Filtered 1 / 37 HTML titles against item_1a text
2026-02-23 15:30:03,094 [src.preprocess] DEBUG: Extracted 1 HTML titles from data/10k_raw/TROW/10-K/0001113169-15-000007/primary-document.html
2026-02-23 15:30:03,164 [src.preprocess] DEBUG: Extracted 1 HTML titles from data/10k_raw/TROW/10-K/0001113169-16-000033/primary-document.html
2026-02-23 15:30:03,251 [src.preprocess] DEBUG: Extracted 1 HTML titles from data/10k_raw/TROW/10-K/0001113169-17-000014/primary-document.html
2026-02-23 15:30:03,350 [src.preprocess] DEBUG: Extracted 1 HTML titles from data/10k_raw/TROW/10-K/0001113169-18-000009/primary-document.html
2026-02-23 15:30:03,454 [src.preprocess] DEBUG: Extracted 28 HTML titles from data/10k_raw/TROW/10-K/0001113169-19-000011/primary-document.html
2026-02-23 15:30:03,575 [src.preprocess] DEBUG: Extracted 29 HTML titles from data/10k_raw/TROW/10-K/0001113169-20-000008/primary-document.html
2026-02-23 15:30:03,673 [src.preprocess] DEBUG: Extracted 30 HTML titles from data/10k_raw/TROW/10-K/0001113169-21-000006/primary-document.html
2026-02-23 15:30:03,673 [src.preprocess] DEBUG: Filtered 1 / 30 HTML titles against item_1a text
2026-02-23 15:30:03,773 [src.preprocess] DEBUG: Extracted 30 HTML titles from data/10k_raw/TROW/10-K/0001113169-22-000005/primary-document.html
2026-02-23 15:30:03,774 [src.preprocess] DEBUG: Filtered 1 / 30 HTML titles against item_1a text
2026-02-23 15:30:03,914 [src.preprocess] DEBUG: Extracted 42 HTML titles from data/10k_raw/TROW/10-K/0001113169-23-000007/primary-document.html
2026-02-23 15:30:03,915 [src.preprocess] DEBUG: Filtered 1 / 42 HTML titles against item_1a text
2026-02-23 15:30:04,010 [src.preprocess] DEBUG: Extracted 44 HTML titles from data/10k_raw/TROW/10-K/0001113169-24-000007/primary-document.html
2026-02-23 15:30:04,011 [src.preprocess] DEBUG: Filtered 1 / 44 HTML titles against item_1a text
2026-02-23 15:30:10,646 [src.preprocess] DEBUG: Extracted 660 HTML titles from data/10k_raw/TRV/10-K/0000086312-19-000009/primary-document.html
2026-02-23 15:30:10,724 [src.preprocess] DEBUG: Filtered 125 / 660 HTML titles against item_1a text
2026-02-23 15:30:14,556 [src.preprocess] DEBUG: Extracted 662 HTML titles from data/10k_raw/TRV/10-K/0000086312-20-000011/primary-document.html
2026-02-23 15:30:14,632 [src.preprocess] DEBUG: Filtered 124 / 662 HTML titles against item_1a text
2026-02-23 15:30:16,628 [src.preprocess] DEBUG: Extracted 579 HTML titles from data/10k_raw/TRV/10-K/0000086312-21-000011/primary-document.html
2026-02-23 15:30:16,687 [src.preprocess] DEBUG: Filtered 114 / 579 HTML titles against item_1a text
2026-02-23 15:30:18,477 [src.preprocess] DEBUG: Extracted 567 HTML titles from data/10k_raw/TRV/10-K/0000086312-22-000013/primary-document.html
2026-02-23 15:30:18,534 [src.preprocess] DEBUG: Filtered 110 / 567 HTML titles against item_1a text
2026-02-23 15:30:20,321 [src.preprocess] DEBUG: Extracted 574 HTML titles from data/10k_raw/TRV/10-K/0000086312-23-000011/primary-document.html
2026-02-23 15:30:20,379 [src.preprocess] DEBUG: Filtered 110 / 574 HTML titles against item_1a text
2026-02-23 15:30:22,060 [src.preprocess] DEBUG: Extracted 577 HTML titles from data/10k_raw/TRV/10-K/0000086312-24-000012/primary-document.html
2026-02-23 15:30:22,119 [src.preprocess] DEBUG: Filtered 110 / 577 HTML titles against item_1a text
2026-02-23 15:30:22,658 [src.preprocess] DEBUG: Extracted 0 HTML titles from data/10k_raw/TRV/10-K/0001047469-15-000743/primary-document.html
2026-02-23 15:30:23,134 [src.preprocess] DEBUG: Extracted 0 HTML titles from data/10k_raw/TRV/10-K/0001047469-16-010107/primary-document.html
2026-02-23 15:30:23,464 [src.preprocess] DEBUG: Extracted 0 HTML titles from data/10k_raw/TRV/10-K/0001047469-17-000695/primary-document.html
2026-02-23 15:30:23,865 [src.preprocess] DEBUG: Extracted 0 HTML titles from data/10k_raw/TRV/10-K/0001047469-18-000812/primary-document.html
2026-02-23 15:30:23,949 [src.preprocess] DEBUG: Extracted 10 HTML titles from data/10k_raw/TSCO/10-K/0000916365-15-000042/primary-document.html
2026-02-23 15:30:24,065 [src.preprocess] DEBUG: Extracted 10 HTML titles from data/10k_raw/TSCO/10-K/0000916365-16-000140/primary-document.html
2026-02-23 15:30:24,148 [src.preprocess] DEBUG: Extracted 10 HTML titles from data/10k_raw/TSCO/10-K/0000916365-17-000031/primary-document.html
2026-02-23 15:30:24,234 [src.preprocess] DEBUG: Extracted 10 HTML titles from data/10k_raw/TSCO/10-K/0000916365-18-000031/primary-document.html
2026-02-23 15:30:24,327 [src.preprocess] DEBUG: Extracted 11 HTML titles from data/10k_raw/TSCO/10-K/0000916365-19-000035/primary-document.html
2026-02-23 15:30:24,436 [src.preprocess] DEBUG: Extracted 11 HTML titles from data/10k_raw/TSCO/10-K/0000916365-20-000050/primary-document.html
2026-02-23 15:30:24,531 [src.preprocess] DEBUG: Extracted 21 HTML titles from data/10k_raw/TSCO/10-K/0000916365-21-000052/primary-document.html
2026-02-23 15:30:24,664 [src.preprocess] DEBUG: Extracted 21 HTML titles from data/10k_raw/TSCO/10-K/0000916365-22-000049/primary-document.html
2026-02-23 15:30:24,756 [src.preprocess] DEBUG: Extracted 20 HTML titles from data/10k_raw/TSCO/10-K/0000916365-23-000045/primary-document.html
2026-02-23 15:30:24,846 [src.preprocess] DEBUG: Extracted 21 HTML titles from data/10k_raw/TSCO/10-K/0000916365-24-000046/primary-document.html
2026-02-23 15:30:24,846 [src.preprocess] DEBUG: Filtered 2 / 21 HTML titles against item_1a text
2026-02-23 15:30:25,062 [src.preprocess] DEBUG: Extracted 97 HTML titles from data/10k_raw/TSLA/10-K/0000950170-22-000796/primary-document.html
2026-02-23 15:30:25,063 [src.preprocess] DEBUG: Filtered 1 / 97 HTML titles against item_1a text
2026-02-23 15:30:25,285 [src.preprocess] DEBUG: Extracted 87 HTML titles from data/10k_raw/TSLA/10-K/0000950170-23-001409/primary-document.html
2026-02-23 15:30:25,383 [src.preprocess] DEBUG: Extracted 0 HTML titles from data/10k_raw/TSLA/10-K/0001564590-15-001031/primary-document.html
2026-02-23 15:30:25,474 [src.preprocess] DEBUG: Extracted 0 HTML titles from data/10k_raw/TSLA/10-K/0001564590-16-013195/primary-document.html
2026-02-23 15:30:25,632 [src.preprocess] DEBUG: Extracted 0 HTML titles from data/10k_raw/TSLA/10-K/0001564590-17-003118/primary-document.html
2026-02-23 15:30:25,796 [src.preprocess] DEBUG: Extracted 0 HTML titles from data/10k_raw/TSLA/10-K/0001564590-18-002956/primary-document.html
2026-02-23 15:30:25,971 [src.preprocess] DEBUG: Extracted 0 HTML titles from data/10k_raw/TSLA/10-K/0001564590-19-003165/primary-document.html
2026-02-23 15:30:26,154 [src.preprocess] DEBUG: Extracted 0 HTML titles from data/10k_raw/TSLA/10-K/0001564590-20-004475/primary-document.html
2026-02-23 15:30:26,331 [src.preprocess] DEBUG: Extracted 0 HTML titles from data/10k_raw/TSLA/10-K/0001564590-21-004599/primary-document.html
2026-02-23 15:30:26,413 [src.preprocess] DEBUG: Extracted 90 HTML titles from data/10k_raw/TSLA/10-K/0001628280-24-002390/primary-document.html
2026-02-23 15:30:26,524 [src.preprocess] DEBUG: Extracted 0 HTML titles from data/10k_raw/TSN/10-K/0000100493-15-000109/primary-document.html
2026-02-23 15:30:26,608 [src.preprocess] DEBUG: Extracted 0 HTML titles from data/10k_raw/TSN/10-K/0000100493-16-000281/primary-document.html
2026-02-23 15:30:26,697 [src.preprocess] DEBUG: Extracted 0 HTML titles from data/10k_raw/TSN/10-K/0000100493-17-000133/primary-document.html
2026-02-23 15:30:26,785 [src.preprocess] DEBUG: Extracted 0 HTML titles from data/10k_raw/TSN/10-K/0000100493-18-000108/primary-document.html
2026-02-23 15:30:26,898 [src.preprocess] DEBUG: Extracted 0 HTML titles from data/10k_raw/TSN/10-K/0000100493-19-000118/primary-document.html
2026-02-23 15:30:27,011 [src.preprocess] DEBUG: Extracted 0 HTML titles from data/10k_raw/TSN/10-K/0000100493-20-000132/primary-document.html
2026-02-23 15:30:27,104 [src.preprocess] DEBUG: Extracted 0 HTML titles from data/10k_raw/TSN/10-K/0000100493-21-000122/primary-document.html
2026-02-23 15:30:27,195 [src.preprocess] DEBUG: Extracted 0 HTML titles from data/10k_raw/TSN/10-K/0000100493-22-000097/primary-document.html
2026-02-23 15:30:27,272 [src.preprocess] DEBUG: Extracted 0 HTML titles from data/10k_raw/TSN/10-K/0000100493-23-000105/primary-document.html
2026-02-23 15:30:27,351 [src.preprocess] DEBUG: Extracted 0 HTML titles from data/10k_raw/TSN/10-K/0000100493-24-000119/primary-document.html
2026-02-23 15:30:27,458 [src.preprocess] DEBUG: Extracted 0 HTML titles from data/10k_raw/TT/10-K/0001466258-15-000045/primary-document.html
2026-02-23 15:30:27,571 [src.preprocess] DEBUG: Extracted 0 HTML titles from data/10k_raw/TT/10-K/0001466258-16-000319/primary-document.html
2026-02-23 15:30:27,676 [src.preprocess] DEBUG: Extracted 0 HTML titles from data/10k_raw/TT/10-K/0001466258-17-000053/primary-document.html
2026-02-23 15:30:27,784 [src.preprocess] DEBUG: Extracted 0 HTML titles from data/10k_raw/TT/10-K/0001466258-18-000063/primary-document.html
2026-02-23 15:30:27,893 [src.preprocess] DEBUG: Extracted 0 HTML titles from data/10k_raw/TT/10-K/0001466258-19-000073/primary-document.html
2026-02-23 15:30:28,040 [src.preprocess] DEBUG: Extracted 0 HTML titles from data/10k_raw/TT/10-K/0001466258-20-000064/primary-document.html
2026-02-23 15:30:28,138 [src.preprocess] DEBUG: Extracted 0 HTML titles from data/10k_raw/TT/10-K/0001466258-21-000027/primary-document.html
2026-02-23 15:30:28,235 [src.preprocess] DEBUG: Extracted 0 HTML titles from data/10k_raw/TT/10-K/0001466258-22-000031/primary-document.html
2026-02-23 15:30:28,326 [src.preprocess] DEBUG: Extracted 0 HTML titles from data/10k_raw/TT/10-K/0001466258-23-000058/primary-document.html
2026-02-23 15:30:28,398 [src.preprocess] DEBUG: Extracted 0 HTML titles from data/10k_raw/TT/10-K/0001466258-24-000047/primary-document.html
2026-02-23 15:30:28,509 [src.preprocess] DEBUG: Extracted 0 HTML titles from data/10k_raw/TTWO/10-K/0001047469-15-004959/primary-document.html
2026-02-23 15:30:28,589 [src.preprocess] DEBUG: Extracted 0 HTML titles from data/10k_raw/TTWO/10-K/0001047469-16-013278/primary-document.html
2026-02-23 15:30:29,691 [src.preprocess] DEBUG: Extracted 270 HTML titles from data/10k_raw/TTWO/10-K/0001628280-17-005833/primary-document.html
2026-02-23 15:30:29,703 [src.preprocess] DEBUG: Filtered 72 / 270 HTML titles against item_1a text
2026-02-23 15:30:30,889 [src.preprocess] DEBUG: Extracted 281 HTML titles from data/10k_raw/TTWO/10-K/0001628280-18-006877/primary-document.html
2026-02-23 15:30:30,901 [src.preprocess] DEBUG: Filtered 68 / 281 HTML titles against item_1a text
2026-02-23 15:30:32,236 [src.preprocess] DEBUG: Extracted 291 HTML titles from data/10k_raw/TTWO/10-K/0001628280-19-006691/primary-document.html
2026-02-23 15:30:32,249 [src.preprocess] DEBUG: Filtered 64 / 291 HTML titles against item_1a text
2026-02-23 15:30:32,948 [src.preprocess] DEBUG: Extracted 202 HTML titles from data/10k_raw/TTWO/10-K/0001628280-20-008291/primary-document.html
2026-02-23 15:30:32,952 [src.preprocess] DEBUG: Filtered 62 / 202 HTML titles against item_1a text
2026-02-23 15:30:33,502 [src.preprocess] DEBUG: Extracted 187 HTML titles from data/10k_raw/TTWO/10-K/0001628280-21-010627/primary-document.html
2026-02-23 15:30:33,506 [src.preprocess] DEBUG: Filtered 59 / 187 HTML titles against item_1a text
2026-02-23 15:30:34,111 [src.preprocess] DEBUG: Extracted 268 HTML titles from data/10k_raw/TTWO/10-K/0001628280-22-014580/primary-document.html
2026-02-23 15:30:34,123 [src.preprocess] DEBUG: Filtered 73 / 268 HTML titles against item_1a text
2026-02-23 15:30:34,826 [src.preprocess] DEBUG: Extracted 269 HTML titles from data/10k_raw/TTWO/10-K/0001628280-23-019851/primary-document.html
2026-02-23 15:30:34,841 [src.preprocess] DEBUG: Filtered 71 / 269 HTML titles against item_1a text
2026-02-23 15:30:35,497 [src.preprocess] DEBUG: Extracted 258 HTML titles from data/10k_raw/TTWO/10-K/0001628280-24-024623/primary-document.html
2026-02-23 15:30:35,512 [src.preprocess] DEBUG: Filtered 71 / 258 HTML titles against item_1a text
2026-02-23 15:30:35,617 [src.preprocess] DEBUG: Extracted 17 HTML titles from data/10k_raw/TXN/10-K/0000097476-15-000003/primary-document.html
2026-02-23 15:30:35,617 [src.preprocess] DEBUG: Filtered 1 / 17 HTML titles against item_1a text
2026-02-23 15:30:35,712 [src.preprocess] DEBUG: Extracted 0 HTML titles from data/10k_raw/TXN/10-K/0000097476-20-000009/primary-document.html
2026-02-23 15:30:35,786 [src.preprocess] DEBUG: Extracted 3 HTML titles from data/10k_raw/TXN/10-K/0000097476-21-000006/primary-document.html
2026-02-23 15:30:35,851 [src.preprocess] DEBUG: Extracted 3 HTML titles from data/10k_raw/TXN/10-K/0000097476-22-000009/primary-document.html
2026-02-23 15:30:35,922 [src.preprocess] DEBUG: Extracted 3 HTML titles from data/10k_raw/TXN/10-K/0000097476-23-000007/primary-document.html
2026-02-23 15:30:35,975 [src.preprocess] DEBUG: Extracted 3 HTML titles from data/10k_raw/TXN/10-K/0000097476-24-000007/primary-document.html
2026-02-23 15:30:36,136 [src.preprocess] DEBUG: Extracted 16 HTML titles from data/10k_raw/TXN/10-K/0001564590-16-013126/primary-document.html
2026-02-23 15:30:36,136 [src.preprocess] DEBUG: Filtered 1 / 16 HTML titles against item_1a text
2026-02-23 15:30:36,300 [src.preprocess] DEBUG: Extracted 16 HTML titles from data/10k_raw/TXN/10-K/0001564590-17-002142/primary-document.html
2026-02-23 15:30:36,300 [src.preprocess] DEBUG: Filtered 1 / 16 HTML titles against item_1a text
2026-02-23 15:30:36,462 [src.preprocess] DEBUG: Extracted 16 HTML titles from data/10k_raw/TXN/10-K/0001564590-18-002832/primary-document.html
2026-02-23 15:30:36,660 [src.preprocess] DEBUG: Extracted 1 HTML titles from data/10k_raw/TXN/10-K/0001564590-19-003839/primary-document.html
2026-02-23 15:30:36,660 [src.preprocess] DEBUG: Filtered 1 / 1 HTML titles against item_1a text
2026-02-23 15:30:36,768 [src.preprocess] DEBUG: Extracted 39 HTML titles from data/10k_raw/TXT/10-K/0000217346-21-000019/primary-document.html
2026-02-23 15:30:36,769 [src.preprocess] DEBUG: Filtered 3 / 39 HTML titles against item_1a text
2026-02-23 15:30:36,867 [src.preprocess] DEBUG: Extracted 40 HTML titles from data/10k_raw/TXT/10-K/0000217346-22-000005/primary-document.html
2026-02-23 15:30:36,867 [src.preprocess] DEBUG: Filtered 3 / 40 HTML titles against item_1a text
2026-02-23 15:30:36,964 [src.preprocess] DEBUG: Extracted 40 HTML titles from data/10k_raw/TXT/10-K/0000217346-23-000006/primary-document.html
2026-02-23 15:30:36,964 [src.preprocess] DEBUG: Filtered 3 / 40 HTML titles against item_1a text
2026-02-23 15:30:37,041 [src.preprocess] DEBUG: Extracted 36 HTML titles from data/10k_raw/TXT/10-K/0000217346-24-000017/primary-document.html
2026-02-23 15:30:37,041 [src.preprocess] DEBUG: Filtered 3 / 36 HTML titles against item_1a text
2026-02-23 15:30:37,139 [src.preprocess] DEBUG: Extracted 22 HTML titles from data/10k_raw/TXT/10-K/0001104659-15-013784/primary-document.html
2026-02-23 15:30:37,140 [src.preprocess] DEBUG: Filtered 2 / 22 HTML titles against item_1a text
2026-02-23 15:30:37,249 [src.preprocess] DEBUG: Extracted 22 HTML titles from data/10k_raw/TXT/10-K/0001104659-16-099562/primary-document.html
2026-02-23 15:30:37,249 [src.preprocess] DEBUG: Filtered 2 / 22 HTML titles against item_1a text
2026-02-23 15:30:37,335 [src.preprocess] DEBUG: Extracted 22 HTML titles from data/10k_raw/TXT/10-K/0001104659-17-010809/primary-document.html
2026-02-23 15:30:37,335 [src.preprocess] DEBUG: Filtered 2 / 22 HTML titles against item_1a text
2026-02-23 15:30:37,424 [src.preprocess] DEBUG: Extracted 23 HTML titles from data/10k_raw/TXT/10-K/0001104659-18-009905/primary-document.html
2026-02-23 15:30:37,424 [src.preprocess] DEBUG: Filtered 2 / 23 HTML titles against item_1a text
2026-02-23 15:30:37,518 [src.preprocess] DEBUG: Extracted 23 HTML titles from data/10k_raw/TXT/10-K/0001104659-19-008151/primary-document.html
2026-02-23 15:30:37,518 [src.preprocess] DEBUG: Filtered 2 / 23 HTML titles against item_1a text
2026-02-23 15:30:37,632 [src.preprocess] DEBUG: Extracted 27 HTML titles from data/10k_raw/TXT/10-K/0001104659-20-024773/primary-document.html
2026-02-23 15:30:37,632 [src.preprocess] DEBUG: Filtered 4 / 27 HTML titles against item_1a text
2026-02-23 15:30:37,635 [src.preprocess] INFO: Processed 4000 / 4420 files (766903 paragraphs so far)
2026-02-23 15:30:37,697 [src.preprocess] DEBUG: Extracted 4 HTML titles from data/10k_raw/TYL/10-K/0000860731-17-000006/primary-document.html
2026-02-23 15:30:37,757 [src.preprocess] DEBUG: Extracted 4 HTML titles from data/10k_raw/TYL/10-K/0000860731-18-000011/primary-document.html
2026-02-23 15:30:37,823 [src.preprocess] DEBUG: Extracted 4 HTML titles from data/10k_raw/TYL/10-K/0000860731-19-000009/primary-document.html
2026-02-23 15:30:37,904 [src.preprocess] DEBUG: Extracted 4 HTML titles from data/10k_raw/TYL/10-K/0000860731-20-000008/primary-document.html
2026-02-23 15:30:37,971 [src.preprocess] DEBUG: Extracted 4 HTML titles from data/10k_raw/TYL/10-K/0000860731-21-000014/primary-document.html
2026-02-23 15:30:38,048 [src.preprocess] DEBUG: Extracted 5 HTML titles from data/10k_raw/TYL/10-K/0000860731-22-000011/primary-document.html
2026-02-23 15:30:38,131 [src.preprocess] DEBUG: Extracted 5 HTML titles from data/10k_raw/TYL/10-K/0000860731-23-000009/primary-document.html
2026-02-23 15:30:38,196 [src.preprocess] DEBUG: Extracted 5 HTML titles from data/10k_raw/TYL/10-K/0000860731-24-000006/primary-document.html
2026-02-23 15:30:38,315 [src.preprocess] DEBUG: Extracted 0 HTML titles from data/10k_raw/TYL/10-K/0001564590-15-000744/primary-document.html
2026-02-23 15:30:39,108 [src.preprocess] DEBUG: Extracted 7 HTML titles from data/10k_raw/TYL/10-K/0001564590-16-013137/primary-document.html
2026-02-23 15:30:39,108 [src.preprocess] DEBUG: Filtered 1 / 7 HTML titles against item_1a text
2026-02-23 15:30:39,227 [src.preprocess] DEBUG: Extracted 16 HTML titles from data/10k_raw/UAL/10-K/0000100517-19-000009/primary-document.html
2026-02-23 15:30:39,352 [src.preprocess] DEBUG: Extracted 19 HTML titles from data/10k_raw/UAL/10-K/0000100517-20-000010/primary-document.html
2026-02-23 15:30:39,536 [src.preprocess] DEBUG: Extracted 49 HTML titles from data/10k_raw/UAL/10-K/0000100517-21-000016/primary-document.html
2026-02-23 15:30:39,536 [src.preprocess] DEBUG: Filtered 2 / 49 HTML titles against item_1a text
2026-02-23 15:30:39,652 [src.preprocess] DEBUG: Extracted 34 HTML titles from data/10k_raw/UAL/10-K/0000100517-22-000009/primary-document.html
2026-02-23 15:30:39,653 [src.preprocess] DEBUG: Filtered 1 / 34 HTML titles against item_1a text
2026-02-23 15:30:39,766 [src.preprocess] DEBUG: Extracted 35 HTML titles from data/10k_raw/UAL/10-K/0000100517-23-000048/primary-document.html
2026-02-23 15:30:39,766 [src.preprocess] DEBUG: Filtered 1 / 35 HTML titles against item_1a text
2026-02-23 15:30:39,862 [src.preprocess] DEBUG: Extracted 32 HTML titles from data/10k_raw/UAL/10-K/0000100517-24-000027/primary-document.html
2026-02-23 15:30:39,862 [src.preprocess] DEBUG: Filtered 1 / 32 HTML titles against item_1a text
2026-02-23 15:30:39,961 [src.preprocess] DEBUG: Extracted 0 HTML titles from data/10k_raw/UAL/10-K/0001193125-15-056493/primary-document.html
2026-02-23 15:30:40,052 [src.preprocess] DEBUG: Extracted 0 HTML titles from data/10k_raw/UAL/10-K/0001193125-16-468479/primary-document.html
2026-02-23 15:30:40,142 [src.preprocess] DEBUG: Extracted 0 HTML titles from data/10k_raw/UAL/10-K/0001193125-17-054129/primary-document.html
2026-02-23 15:30:40,214 [src.preprocess] DEBUG: Extracted 0 HTML titles from data/10k_raw/UAL/10-K/0001193125-18-054235/primary-document.html
2026-02-23 15:30:45,725 [src.preprocess] DEBUG: Extracted 477 HTML titles from data/10k_raw/UDR/10-K/0000074208-15-000013/primary-document.html
2026-02-23 15:30:45,754 [src.preprocess] DEBUG: Filtered 26 / 477 HTML titles against item_1a text
2026-02-23 15:30:51,764 [src.preprocess] DEBUG: Extracted 496 HTML titles from data/10k_raw/UDR/10-K/0000074208-16-000140/primary-document.html
2026-02-23 15:30:51,793 [src.preprocess] DEBUG: Filtered 25 / 496 HTML titles against item_1a text
2026-02-23 15:30:57,275 [src.preprocess] DEBUG: Extracted 482 HTML titles from data/10k_raw/UDR/10-K/0000074208-17-000030/primary-document.html
2026-02-23 15:30:57,305 [src.preprocess] DEBUG: Filtered 25 / 482 HTML titles against item_1a text
2026-02-23 15:30:57,895 [src.preprocess] DEBUG: Extracted 4 HTML titles from data/10k_raw/UDR/10-K/0000074208-18-000024/primary-document.html
2026-02-23 15:30:58,258 [src.preprocess] DEBUG: Extracted 4 HTML titles from data/10k_raw/UDR/10-K/0000074208-19-000028/primary-document.html
2026-02-23 15:30:58,571 [src.preprocess] DEBUG: Extracted 5 HTML titles from data/10k_raw/UDR/10-K/0000074208-20-000031/primary-document.html
2026-02-23 15:30:58,892 [src.preprocess] DEBUG: Extracted 5 HTML titles from data/10k_raw/UDR/10-K/0000074208-21-000025/primary-document.html
2026-02-23 15:30:59,123 [src.preprocess] DEBUG: Extracted 5 HTML titles from data/10k_raw/UDR/10-K/0000074208-22-000010/primary-document.html
2026-02-23 15:30:59,366 [src.preprocess] DEBUG: Extracted 5 HTML titles from data/10k_raw/UDR/10-K/0000074208-23-000007/primary-document.html
2026-02-23 15:30:59,598 [src.preprocess] DEBUG: Extracted 5 HTML titles from data/10k_raw/UDR/10-K/0000074208-24-000011/primary-document.html
2026-02-23 15:30:59,826 [src.preprocess] DEBUG: Extracted 32 HTML titles from data/10k_raw/UHS/10-K/0000950170-23-004656/primary-document.html
2026-02-23 15:30:59,990 [src.preprocess] DEBUG: Extracted 35 HTML titles from data/10k_raw/UHS/10-K/0000950170-24-021175/primary-document.html
2026-02-23 15:31:00,056 [src.preprocess] DEBUG: Extracted 0 HTML titles from data/10k_raw/UHS/10-K/0001193125-15-065954/primary-document.html
2026-02-23 15:31:02,306 [src.preprocess] DEBUG: Extracted 319 HTML titles from data/10k_raw/UHS/10-K/0001564590-16-013375/primary-document.html
2026-02-23 15:31:02,326 [src.preprocess] DEBUG: Filtered 51 / 319 HTML titles against item_1a text
2026-02-23 15:31:04,216 [src.preprocess] DEBUG: Extracted 316 HTML titles from data/10k_raw/UHS/10-K/0001564590-17-002860/primary-document.html
2026-02-23 15:31:04,235 [src.preprocess] DEBUG: Filtered 42 / 316 HTML titles against item_1a text
2026-02-23 15:31:06,094 [src.preprocess] DEBUG: Extracted 329 HTML titles from data/10k_raw/UHS/10-K/0001564590-18-003808/primary-document.html
2026-02-23 15:31:06,114 [src.preprocess] DEBUG: Filtered 42 / 329 HTML titles against item_1a text
2026-02-23 15:31:08,130 [src.preprocess] DEBUG: Extracted 327 HTML titles from data/10k_raw/UHS/10-K/0001564590-19-004919/primary-document.html
2026-02-23 15:31:08,152 [src.preprocess] DEBUG: Filtered 41 / 327 HTML titles against item_1a text
2026-02-23 15:31:10,243 [src.preprocess] DEBUG: Extracted 331 HTML titles from data/10k_raw/UHS/10-K/0001564590-20-006793/primary-document.html
2026-02-23 15:31:10,266 [src.preprocess] DEBUG: Filtered 38 / 331 HTML titles against item_1a text
2026-02-23 15:31:12,388 [src.preprocess] DEBUG: Extracted 335 HTML titles from data/10k_raw/UHS/10-K/0001564590-21-008851/primary-document.html
2026-02-23 15:31:12,411 [src.preprocess] DEBUG: Filtered 36 / 335 HTML titles against item_1a text
2026-02-23 15:31:13,902 [src.preprocess] DEBUG: Extracted 239 HTML titles from data/10k_raw/UHS/10-K/0001564590-22-006717/primary-document.html
2026-02-23 15:31:13,914 [src.preprocess] DEBUG: Filtered 23 / 239 HTML titles against item_1a text
2026-02-23 15:31:14,138 [src.preprocess] DEBUG: Extracted 0 HTML titles from data/10k_raw/ULTA/10-K/0001193125-15-115602/primary-document.html
2026-02-23 15:31:14,210 [src.preprocess] DEBUG: Extracted 0 HTML titles from data/10k_raw/ULTA/10-K/0001193125-16-523101/primary-document.html
2026-02-23 15:31:14,287 [src.preprocess] DEBUG: Extracted 0 HTML titles from data/10k_raw/ULTA/10-K/0001193125-17-099261/primary-document.html
2026-02-23 15:31:14,387 [src.preprocess] DEBUG: Extracted 13 HTML titles from data/10k_raw/ULTA/10-K/0001558370-18-002733/primary-document.html
2026-02-23 15:31:14,487 [src.preprocess] DEBUG: Extracted 12 HTML titles from data/10k_raw/ULTA/10-K/0001558370-19-002739/primary-document.html
2026-02-23 15:31:14,568 [src.preprocess] DEBUG: Extracted 14 HTML titles from data/10k_raw/ULTA/10-K/0001558370-20-003272/primary-document.html
2026-02-23 15:31:14,659 [src.preprocess] DEBUG: Extracted 9 HTML titles from data/10k_raw/ULTA/10-K/0001558370-21-003523/primary-document.html
2026-02-23 15:31:14,780 [src.preprocess] DEBUG: Extracted 10 HTML titles from data/10k_raw/ULTA/10-K/0001558370-22-004330/primary-document.html
2026-02-23 15:31:14,865 [src.preprocess] DEBUG: Extracted 17 HTML titles from data/10k_raw/ULTA/10-K/0001558370-23-004581/primary-document.html
2026-02-23 15:31:14,948 [src.preprocess] DEBUG: Extracted 16 HTML titles from data/10k_raw/ULTA/10-K/0001558370-24-003941/primary-document.html
2026-02-23 15:31:15,042 [src.preprocess] DEBUG: Extracted 10 HTML titles from data/10k_raw/UNH/10-K/0000731766-15-000007/primary-document.html
2026-02-23 15:31:15,134 [src.preprocess] DEBUG: Extracted 11 HTML titles from data/10k_raw/UNH/10-K/0000731766-16-000058/primary-document.html
2026-02-23 15:31:15,226 [src.preprocess] DEBUG: Extracted 11 HTML titles from data/10k_raw/UNH/10-K/0000731766-17-000009/primary-document.html
2026-02-23 15:31:15,316 [src.preprocess] DEBUG: Extracted 10 HTML titles from data/10k_raw/UNH/10-K/0000731766-18-000005/primary-document.html
2026-02-23 15:31:15,403 [src.preprocess] DEBUG: Extracted 11 HTML titles from data/10k_raw/UNH/10-K/0000731766-19-000005/primary-document.html
2026-02-23 15:31:15,511 [src.preprocess] DEBUG: Extracted 11 HTML titles from data/10k_raw/UNH/10-K/0000731766-20-000006/primary-document.html
2026-02-23 15:31:15,608 [src.preprocess] DEBUG: Extracted 13 HTML titles from data/10k_raw/UNH/10-K/0000731766-21-000013/primary-document.html
2026-02-23 15:31:15,703 [src.preprocess] DEBUG: Extracted 14 HTML titles from data/10k_raw/UNH/10-K/0000731766-22-000008/primary-document.html
2026-02-23 15:31:15,800 [src.preprocess] DEBUG: Extracted 13 HTML titles from data/10k_raw/UNH/10-K/0000731766-23-000008/primary-document.html
2026-02-23 15:31:15,875 [src.preprocess] DEBUG: Extracted 12 HTML titles from data/10k_raw/UNH/10-K/0000731766-24-000081/primary-document.html
2026-02-23 15:31:15,967 [src.preprocess] DEBUG: Extracted 0 HTML titles from data/10k_raw/UNP/10-K/0000100885-16-000260/primary-document.html
2026-02-23 15:31:16,054 [src.preprocess] DEBUG: Extracted 0 HTML titles from data/10k_raw/UNP/10-K/0000100885-17-000056/primary-document.html
2026-02-23 15:31:16,144 [src.preprocess] DEBUG: Extracted 0 HTML titles from data/10k_raw/UNP/10-K/0000100885-18-000048/primary-document.html
2026-02-23 15:31:16,232 [src.preprocess] DEBUG: Extracted 0 HTML titles from data/10k_raw/UNP/10-K/0000100885-19-000060/primary-document.html
2026-02-23 15:31:16,401 [src.preprocess] DEBUG: Extracted 0 HTML titles from data/10k_raw/UNP/10-K/0000100885-20-000065/primary-document.html
2026-02-23 15:31:16,576 [src.preprocess] DEBUG: Extracted 0 HTML titles from data/10k_raw/UNP/10-K/0000100885-21-000068/primary-document.html
2026-02-23 15:31:16,628 [src.preprocess] DEBUG: Extracted 0 HTML titles from data/10k_raw/UNP/10-K/0001193125-15-037518/primary-document.html
2026-02-23 15:31:16,706 [src.preprocess] DEBUG: Extracted 0 HTML titles from data/10k_raw/UNP/10-K/0001437749-22-002494/primary-document.html
2026-02-23 15:31:16,787 [src.preprocess] DEBUG: Extracted 0 HTML titles from data/10k_raw/UNP/10-K/0001437749-23-002959/primary-document.html
2026-02-23 15:31:16,866 [src.preprocess] DEBUG: Extracted 0 HTML titles from data/10k_raw/UNP/10-K/0001437749-24-003599/primary-document.html
2026-02-23 15:31:16,999 [src.preprocess] DEBUG: Extracted 30 HTML titles from data/10k_raw/UPS/10-K/0001090727-15-000008/primary-document.html
2026-02-23 15:31:17,000 [src.preprocess] DEBUG: Filtered 2 / 30 HTML titles against item_1a text
2026-02-23 15:31:17,141 [src.preprocess] DEBUG: Extracted 30 HTML titles from data/10k_raw/UPS/10-K/0001090727-16-000053/primary-document.html
2026-02-23 15:31:17,142 [src.preprocess] DEBUG: Filtered 2 / 30 HTML titles against item_1a text
2026-02-23 15:31:17,306 [src.preprocess] DEBUG: Extracted 30 HTML titles from data/10k_raw/UPS/10-K/0001090727-17-000011/primary-document.html
2026-02-23 15:31:17,307 [src.preprocess] DEBUG: Filtered 2 / 30 HTML titles against item_1a text
2026-02-23 15:31:17,438 [src.preprocess] DEBUG: Extracted 28 HTML titles from data/10k_raw/UPS/10-K/0001090727-18-000009/primary-document.html
2026-02-23 15:31:17,439 [src.preprocess] DEBUG: Filtered 1 / 28 HTML titles against item_1a text
2026-02-23 15:31:17,583 [src.preprocess] DEBUG: Extracted 28 HTML titles from data/10k_raw/UPS/10-K/0001090727-19-000006/primary-document.html
2026-02-23 15:31:17,583 [src.preprocess] DEBUG: Filtered 1 / 28 HTML titles against item_1a text
2026-02-23 15:31:17,773 [src.preprocess] DEBUG: Extracted 28 HTML titles from data/10k_raw/UPS/10-K/0001090727-20-000005/primary-document.html
2026-02-23 15:31:17,936 [src.preprocess] DEBUG: Extracted 33 HTML titles from data/10k_raw/UPS/10-K/0001090727-21-000013/primary-document.html
2026-02-23 15:31:18,089 [src.preprocess] DEBUG: Extracted 33 HTML titles from data/10k_raw/UPS/10-K/0001090727-22-000007/primary-document.html
2026-02-23 15:31:18,241 [src.preprocess] DEBUG: Extracted 34 HTML titles from data/10k_raw/UPS/10-K/0001090727-23-000006/primary-document.html
2026-02-23 15:31:18,368 [src.preprocess] DEBUG: Extracted 33 HTML titles from data/10k_raw/UPS/10-K/0001090727-24-000008/primary-document.html
2026-02-23 15:31:20,142 [src.preprocess] DEBUG: Extracted 318 HTML titles from data/10k_raw/URI/10-K/0001067701-15-000006/primary-document.html
2026-02-23 15:31:20,157 [src.preprocess] DEBUG: Filtered 55 / 318 HTML titles against item_1a text
2026-02-23 15:31:21,924 [src.preprocess] DEBUG: Extracted 315 HTML titles from data/10k_raw/URI/10-K/0001067701-16-000039/primary-document.html
2026-02-23 15:31:21,937 [src.preprocess] DEBUG: Filtered 51 / 315 HTML titles against item_1a text
2026-02-23 15:31:23,628 [src.preprocess] DEBUG: Extracted 300 HTML titles from data/10k_raw/URI/10-K/0001067701-17-000006/primary-document.html
2026-02-23 15:31:23,640 [src.preprocess] DEBUG: Filtered 50 / 300 HTML titles against item_1a text
2026-02-23 15:31:25,427 [src.preprocess] DEBUG: Extracted 317 HTML titles from data/10k_raw/URI/10-K/0001067701-18-000006/primary-document.html
2026-02-23 15:31:25,441 [src.preprocess] DEBUG: Filtered 45 / 317 HTML titles against item_1a text
2026-02-23 15:31:26,992 [src.preprocess] DEBUG: Extracted 320 HTML titles from data/10k_raw/URI/10-K/0001067701-19-000007/primary-document.html
2026-02-23 15:31:27,007 [src.preprocess] DEBUG: Filtered 42 / 320 HTML titles against item_1a text
2026-02-23 15:31:28,453 [src.preprocess] DEBUG: Extracted 338 HTML titles from data/10k_raw/URI/10-K/0001067701-20-000008/primary-document.html
2026-02-23 15:31:28,468 [src.preprocess] DEBUG: Filtered 45 / 338 HTML titles against item_1a text
2026-02-23 15:31:29,140 [src.preprocess] DEBUG: Extracted 297 HTML titles from data/10k_raw/URI/10-K/0001067701-21-000008/primary-document.html
2026-02-23 15:31:29,153 [src.preprocess] DEBUG: Filtered 43 / 297 HTML titles against item_1a text
2026-02-23 15:31:29,769 [src.preprocess] DEBUG: Extracted 299 HTML titles from data/10k_raw/URI/10-K/0001067701-22-000008/primary-document.html
2026-02-23 15:31:29,782 [src.preprocess] DEBUG: Filtered 46 / 299 HTML titles against item_1a text
2026-02-23 15:31:30,444 [src.preprocess] DEBUG: Extracted 331 HTML titles from data/10k_raw/URI/10-K/0001067701-23-000010/primary-document.html
2026-02-23 15:31:30,459 [src.preprocess] DEBUG: Filtered 40 / 331 HTML titles against item_1a text
2026-02-23 15:31:31,072 [src.preprocess] DEBUG: Extracted 313 HTML titles from data/10k_raw/URI/10-K/0001067701-24-000007/primary-document.html
2026-02-23 15:31:31,087 [src.preprocess] DEBUG: Filtered 41 / 313 HTML titles against item_1a text
2026-02-23 15:31:31,134 [src.preprocess] DEBUG: Extracted 1 HTML titles from data/10k_raw/USB/10-K/0000036104-24-000018/primary-document.html
2026-02-23 15:31:31,140 [src.preprocess] DEBUG: Extracted 0 HTML titles from data/10k_raw/USB/10-K/0001193125-15-068728/primary-document.html
2026-02-23 15:31:31,147 [src.preprocess] DEBUG: Extracted 0 HTML titles from data/10k_raw/USB/10-K/0001193125-16-478568/primary-document.html
2026-02-23 15:31:31,154 [src.preprocess] DEBUG: Extracted 0 HTML titles from data/10k_raw/USB/10-K/0001193125-17-053947/primary-document.html
2026-02-23 15:31:31,162 [src.preprocess] DEBUG: Extracted 0 HTML titles from data/10k_raw/USB/10-K/0001193125-18-053893/primary-document.html
2026-02-23 15:31:31,169 [src.preprocess] DEBUG: Extracted 0 HTML titles from data/10k_raw/USB/10-K/0001193125-19-047201/primary-document.html
2026-02-23 15:31:31,325 [src.preprocess] DEBUG: Extracted 75 HTML titles from data/10k_raw/USB/10-K/0001193125-20-043622/primary-document.html
2026-02-23 15:31:31,327 [src.preprocess] DEBUG: Filtered 16 / 75 HTML titles against item_1a text
2026-02-23 15:31:31,431 [src.preprocess] DEBUG: Extracted 60 HTML titles from data/10k_raw/USB/10-K/0001193125-21-052547/primary-document.html
2026-02-23 15:31:31,432 [src.preprocess] DEBUG: Filtered 6 / 60 HTML titles against item_1a text
2026-02-23 15:31:31,545 [src.preprocess] DEBUG: Extracted 69 HTML titles from data/10k_raw/USB/10-K/0001193125-22-048709/primary-document.html
2026-02-23 15:31:31,547 [src.preprocess] DEBUG: Filtered 9 / 69 HTML titles against item_1a text
2026-02-23 15:31:31,690 [src.preprocess] DEBUG: Extracted 71 HTML titles from data/10k_raw/USB/10-K/0001193125-23-050691/primary-document.html
2026-02-23 15:31:31,692 [src.preprocess] DEBUG: Filtered 9 / 71 HTML titles against item_1a text
2026-02-23 15:31:33,169 [src.preprocess] DEBUG: Extracted 326 HTML titles from data/10k_raw/V/10-K/0001403161-15-000013/primary-document.html
2026-02-23 15:31:33,185 [src.preprocess] DEBUG: Filtered 55 / 326 HTML titles against item_1a text
2026-02-23 15:31:35,024 [src.preprocess] DEBUG: Extracted 366 HTML titles from data/10k_raw/V/10-K/0001403161-16-000058/primary-document.html
2026-02-23 15:31:35,040 [src.preprocess] DEBUG: Filtered 44 / 366 HTML titles against item_1a text
2026-02-23 15:31:37,005 [src.preprocess] DEBUG: Extracted 369 HTML titles from data/10k_raw/V/10-K/0001403161-17-000044/primary-document.html
2026-02-23 15:31:37,022 [src.preprocess] DEBUG: Filtered 43 / 369 HTML titles against item_1a text
2026-02-23 15:31:38,756 [src.preprocess] DEBUG: Extracted 353 HTML titles from data/10k_raw/V/10-K/0001403161-18-000055/primary-document.html
2026-02-23 15:31:38,771 [src.preprocess] DEBUG: Filtered 36 / 353 HTML titles against item_1a text
2026-02-23 15:31:40,224 [src.preprocess] DEBUG: Extracted 363 HTML titles from data/10k_raw/V/10-K/0001403161-19-000050/primary-document.html
2026-02-23 15:31:40,239 [src.preprocess] DEBUG: Filtered 35 / 363 HTML titles against item_1a text
2026-02-23 15:31:41,182 [src.preprocess] DEBUG: Extracted 350 HTML titles from data/10k_raw/V/10-K/0001403161-20-000070/primary-document.html
2026-02-23 15:31:41,199 [src.preprocess] DEBUG: Filtered 63 / 350 HTML titles against item_1a text
2026-02-23 15:31:42,038 [src.preprocess] DEBUG: Extracted 321 HTML titles from data/10k_raw/V/10-K/0001403161-21-000060/primary-document.html
2026-02-23 15:31:42,052 [src.preprocess] DEBUG: Filtered 51 / 321 HTML titles against item_1a text
2026-02-23 15:31:42,874 [src.preprocess] DEBUG: Extracted 312 HTML titles from data/10k_raw/V/10-K/0001403161-22-000081/primary-document.html
2026-02-23 15:31:42,888 [src.preprocess] DEBUG: Filtered 45 / 312 HTML titles against item_1a text
2026-02-23 15:31:43,640 [src.preprocess] DEBUG: Extracted 305 HTML titles from data/10k_raw/V/10-K/0001403161-23-000099/primary-document.html
2026-02-23 15:31:43,653 [src.preprocess] DEBUG: Filtered 45 / 305 HTML titles against item_1a text
2026-02-23 15:31:44,348 [src.preprocess] DEBUG: Extracted 302 HTML titles from data/10k_raw/V/10-K/0001403161-24-000058/primary-document.html
2026-02-23 15:31:44,362 [src.preprocess] DEBUG: Filtered 48 / 302 HTML titles against item_1a text
2026-02-23 15:31:44,540 [src.preprocess] DEBUG: Extracted 12 HTML titles from data/10k_raw/VLO/10-K/0001035002-15-000009/primary-document.html
2026-02-23 15:31:44,642 [src.preprocess] DEBUG: Extracted 0 HTML titles from data/10k_raw/VLO/10-K/0001035002-16-000069/primary-document.html
2026-02-23 15:31:44,752 [src.preprocess] DEBUG: Extracted 0 HTML titles from data/10k_raw/VLO/10-K/0001035002-17-000009/primary-document.html
2026-02-23 15:31:44,862 [src.preprocess] DEBUG: Extracted 0 HTML titles from data/10k_raw/VLO/10-K/0001035002-18-000010/primary-document.html
2026-02-23 15:31:44,973 [src.preprocess] DEBUG: Extracted 0 HTML titles from data/10k_raw/VLO/10-K/0001035002-19-000008/primary-document.html
2026-02-23 15:31:45,148 [src.preprocess] DEBUG: Extracted 0 HTML titles from data/10k_raw/VLO/10-K/0001035002-20-000007/primary-document.html
2026-02-23 15:31:45,272 [src.preprocess] DEBUG: Extracted 0 HTML titles from data/10k_raw/VLO/10-K/0001035002-21-000051/primary-document.html
2026-02-23 15:31:46,305 [src.preprocess] DEBUG: Extracted 338 HTML titles from data/10k_raw/VLO/10-K/0001035002-22-000007/primary-document.html
2026-02-23 15:31:46,322 [src.preprocess] DEBUG: Filtered 93 / 338 HTML titles against item_1a text
2026-02-23 15:31:46,465 [src.preprocess] DEBUG: Extracted 0 HTML titles from data/10k_raw/VLO/10-K/0001035002-23-000027/primary-document.html
2026-02-23 15:31:46,561 [src.preprocess] DEBUG: Extracted 0 HTML titles from data/10k_raw/VLO/10-K/0001035002-24-000007/primary-document.html
2026-02-23 15:31:46,860 [src.preprocess] DEBUG: Extracted 72 HTML titles from data/10k_raw/VMC/10-K/0001396009-15-000005/primary-document.html
2026-02-23 15:31:46,860 [src.preprocess] DEBUG: Filtered 8 / 72 HTML titles against item_1a text
2026-02-23 15:31:47,087 [src.preprocess] DEBUG: Extracted 74 HTML titles from data/10k_raw/VMC/10-K/0001396009-16-000044/primary-document.html
2026-02-23 15:31:47,088 [src.preprocess] DEBUG: Filtered 9 / 74 HTML titles against item_1a text
2026-02-23 15:31:47,364 [src.preprocess] DEBUG: Extracted 77 HTML titles from data/10k_raw/VMC/10-K/0001396009-17-000005/primary-document.html
2026-02-23 15:31:47,365 [src.preprocess] DEBUG: Filtered 11 / 77 HTML titles against item_1a text
2026-02-23 15:31:47,636 [src.preprocess] DEBUG: Extracted 77 HTML titles from data/10k_raw/VMC/10-K/0001396009-18-000011/primary-document.html
2026-02-23 15:31:47,637 [src.preprocess] DEBUG: Filtered 8 / 77 HTML titles against item_1a text
2026-02-23 15:31:47,836 [src.preprocess] DEBUG: Extracted 74 HTML titles from data/10k_raw/VMC/10-K/0001396009-19-000021/primary-document.html
2026-02-23 15:31:47,837 [src.preprocess] DEBUG: Filtered 5 / 74 HTML titles against item_1a text
2026-02-23 15:31:48,154 [src.preprocess] DEBUG: Extracted 83 HTML titles from data/10k_raw/VMC/10-K/0001396009-20-000006/primary-document.html
2026-02-23 15:31:48,474 [src.preprocess] DEBUG: Extracted 87 HTML titles from data/10k_raw/VMC/10-K/0001396009-21-000009/primary-document.html
2026-02-23 15:31:48,877 [src.preprocess] DEBUG: Extracted 92 HTML titles from data/10k_raw/VMC/10-K/0001396009-22-000010/primary-document.html
2026-02-23 15:31:49,206 [src.preprocess] DEBUG: Extracted 84 HTML titles from data/10k_raw/VMC/10-K/0001396009-23-000007/primary-document.html
2026-02-23 15:31:49,530 [src.preprocess] DEBUG: Extracted 81 HTML titles from data/10k_raw/VMC/10-K/0001396009-24-000006/primary-document.html
2026-02-23 15:31:49,682 [src.preprocess] DEBUG: Extracted 0 HTML titles from data/10k_raw/VRSK/10-K/0001437749-21-003789/primary-document.html
2026-02-23 15:31:49,787 [src.preprocess] DEBUG: Extracted 0 HTML titles from data/10k_raw/VRSK/10-K/0001437749-22-004083/primary-document.html
2026-02-23 15:31:49,901 [src.preprocess] DEBUG: Extracted 0 HTML titles from data/10k_raw/VRSK/10-K/0001437749-23-004945/primary-document.html
2026-02-23 15:31:50,016 [src.preprocess] DEBUG: Extracted 0 HTML titles from data/10k_raw/VRSK/10-K/0001437749-24-004939/primary-document.html
2026-02-23 15:31:50,135 [src.preprocess] DEBUG: Extracted 16 HTML titles from data/10k_raw/VRSK/10-K/0001442145-15-000011/primary-document.html
2026-02-23 15:31:50,228 [src.preprocess] DEBUG: Extracted 21 HTML titles from data/10k_raw/VRSK/10-K/0001442145-16-000057/primary-document.html
2026-02-23 15:31:50,325 [src.preprocess] DEBUG: Extracted 21 HTML titles from data/10k_raw/VRSK/10-K/0001442145-17-000010/primary-document.html
2026-02-23 15:31:50,423 [src.preprocess] DEBUG: Extracted 21 HTML titles from data/10k_raw/VRSK/10-K/0001442145-18-000008/primary-document.html
2026-02-23 15:31:50,519 [src.preprocess] DEBUG: Extracted 21 HTML titles from data/10k_raw/VRSK/10-K/0001442145-19-000012/primary-document.html
2026-02-23 15:31:50,645 [src.preprocess] DEBUG: Extracted 21 HTML titles from data/10k_raw/VRSK/10-K/0001442145-20-000012/primary-document.html
2026-02-23 15:31:51,376 [src.preprocess] DEBUG: Extracted 112 HTML titles from data/10k_raw/VRSN/10-K/0001014473-15-000011/primary-document.html
2026-02-23 15:31:51,377 [src.preprocess] DEBUG: Filtered 13 / 112 HTML titles against item_1a text
2026-02-23 15:31:52,289 [src.preprocess] DEBUG: Extracted 175 HTML titles from data/10k_raw/VRSN/10-K/0001014473-16-000086/primary-document.html
2026-02-23 15:31:52,294 [src.preprocess] DEBUG: Filtered 21 / 175 HTML titles against item_1a text
2026-02-23 15:31:53,019 [src.preprocess] DEBUG: Extracted 167 HTML titles from data/10k_raw/VRSN/10-K/0001014473-17-000004/primary-document.html
2026-02-23 15:31:53,023 [src.preprocess] DEBUG: Filtered 21 / 167 HTML titles against item_1a text
2026-02-23 15:31:53,685 [src.preprocess] DEBUG: Extracted 162 HTML titles from data/10k_raw/VRSN/10-K/0001014473-18-000018/primary-document.html
2026-02-23 15:31:53,689 [src.preprocess] DEBUG: Filtered 18 / 162 HTML titles against item_1a text
2026-02-23 15:31:54,361 [src.preprocess] DEBUG: Extracted 162 HTML titles from data/10k_raw/VRSN/10-K/0001014473-19-000005/primary-document.html
2026-02-23 15:31:54,365 [src.preprocess] DEBUG: Filtered 18 / 162 HTML titles against item_1a text
2026-02-23 15:31:54,951 [src.preprocess] DEBUG: Extracted 154 HTML titles from data/10k_raw/VRSN/10-K/0001014473-20-000006/primary-document.html
2026-02-23 15:31:54,955 [src.preprocess] DEBUG: Filtered 20 / 154 HTML titles against item_1a text
2026-02-23 15:31:55,302 [src.preprocess] DEBUG: Extracted 151 HTML titles from data/10k_raw/VRSN/10-K/0001014473-21-000005/primary-document.html
2026-02-23 15:31:55,305 [src.preprocess] DEBUG: Filtered 19 / 151 HTML titles against item_1a text
2026-02-23 15:31:55,620 [src.preprocess] DEBUG: Extracted 137 HTML titles from data/10k_raw/VRSN/10-K/0001014473-22-000007/primary-document.html
2026-02-23 15:31:55,623 [src.preprocess] DEBUG: Filtered 20 / 137 HTML titles against item_1a text
2026-02-23 15:31:55,968 [src.preprocess] DEBUG: Extracted 133 HTML titles from data/10k_raw/VRSN/10-K/0001014473-23-000005/primary-document.html
2026-02-23 15:31:55,971 [src.preprocess] DEBUG: Filtered 20 / 133 HTML titles against item_1a text
2026-02-23 15:31:56,271 [src.preprocess] DEBUG: Extracted 140 HTML titles from data/10k_raw/VRSN/10-K/0001014473-24-000006/primary-document.html
2026-02-23 15:31:56,274 [src.preprocess] DEBUG: Filtered 20 / 140 HTML titles against item_1a text
2026-02-23 15:31:56,386 [src.preprocess] DEBUG: Extracted 32 HTML titles from data/10k_raw/VRTX/10-K/0000875320-15-000012/primary-document.html
2026-02-23 15:31:56,386 [src.preprocess] DEBUG: Filtered 2 / 32 HTML titles against item_1a text
2026-02-23 15:31:56,492 [src.preprocess] DEBUG: Extracted 33 HTML titles from data/10k_raw/VRTX/10-K/0000875320-16-000067/primary-document.html
2026-02-23 15:31:56,492 [src.preprocess] DEBUG: Filtered 1 / 33 HTML titles against item_1a text
2026-02-23 15:31:56,601 [src.preprocess] DEBUG: Extracted 32 HTML titles from data/10k_raw/VRTX/10-K/0000875320-17-000017/primary-document.html
2026-02-23 15:31:56,711 [src.preprocess] DEBUG: Extracted 31 HTML titles from data/10k_raw/VRTX/10-K/0000875320-18-000009/primary-document.html
2026-02-23 15:31:56,822 [src.preprocess] DEBUG: Extracted 30 HTML titles from data/10k_raw/VRTX/10-K/0000875320-19-000006/primary-document.html
2026-02-23 15:31:57,010 [src.preprocess] DEBUG: Extracted 30 HTML titles from data/10k_raw/VRTX/10-K/0000875320-20-000007/primary-document.html
2026-02-23 15:31:57,154 [src.preprocess] DEBUG: Extracted 71 HTML titles from data/10k_raw/VRTX/10-K/0000875320-21-000006/primary-document.html
2026-02-23 15:31:57,296 [src.preprocess] DEBUG: Extracted 76 HTML titles from data/10k_raw/VRTX/10-K/0000875320-22-000007/primary-document.html
2026-02-23 15:31:57,297 [src.preprocess] DEBUG: Filtered 2 / 76 HTML titles against item_1a text
2026-02-23 15:31:57,481 [src.preprocess] DEBUG: Extracted 71 HTML titles from data/10k_raw/VRTX/10-K/0000875320-23-000007/primary-document.html
2026-02-23 15:31:57,483 [src.preprocess] DEBUG: Filtered 2 / 71 HTML titles against item_1a text
2026-02-23 15:31:57,611 [src.preprocess] DEBUG: Extracted 71 HTML titles from data/10k_raw/VRTX/10-K/0000875320-24-000062/primary-document.html
2026-02-23 15:31:57,613 [src.preprocess] DEBUG: Filtered 2 / 71 HTML titles against item_1a text
2026-02-23 15:31:57,969 [src.preprocess] DEBUG: Extracted 57 HTML titles from data/10k_raw/VTR/10-K/0000740260-15-000062/primary-document.html
2026-02-23 15:31:57,969 [src.preprocess] DEBUG: Filtered 2 / 57 HTML titles against item_1a text
2026-02-23 15:31:58,306 [src.preprocess] DEBUG: Extracted 51 HTML titles from data/10k_raw/VTR/10-K/0000740260-16-000201/primary-document.html
2026-02-23 15:31:58,307 [src.preprocess] DEBUG: Filtered 1 / 51 HTML titles against item_1a text
2026-02-23 15:31:58,649 [src.preprocess] DEBUG: Extracted 56 HTML titles from data/10k_raw/VTR/10-K/0000740260-17-000056/primary-document.html
2026-02-23 15:31:58,650 [src.preprocess] DEBUG: Filtered 1 / 56 HTML titles against item_1a text
2026-02-23 15:31:59,017 [src.preprocess] DEBUG: Extracted 32 HTML titles from data/10k_raw/VTR/10-K/0000740260-18-000054/primary-document.html
2026-02-23 15:31:59,017 [src.preprocess] DEBUG: Filtered 1 / 32 HTML titles against item_1a text
2026-02-23 15:31:59,587 [src.preprocess] DEBUG: Extracted 34 HTML titles from data/10k_raw/VTR/10-K/0000740260-19-000037/primary-document.html
2026-02-23 15:31:59,587 [src.preprocess] DEBUG: Filtered 3 / 34 HTML titles against item_1a text
2026-02-23 15:32:00,152 [src.preprocess] DEBUG: Extracted 35 HTML titles from data/10k_raw/VTR/10-K/0000740260-20-000042/primary-document.html
2026-02-23 15:32:00,152 [src.preprocess] DEBUG: Filtered 3 / 35 HTML titles against item_1a text
2026-02-23 15:32:00,668 [src.preprocess] DEBUG: Extracted 91 HTML titles from data/10k_raw/VTR/10-K/0000740260-21-000048/primary-document.html
2026-02-23 15:32:00,669 [src.preprocess] DEBUG: Filtered 4 / 91 HTML titles against item_1a text
2026-02-23 15:32:00,897 [src.preprocess] DEBUG: Extracted 94 HTML titles from data/10k_raw/VTR/10-K/0000740260-22-000057/primary-document.html
2026-02-23 15:32:00,898 [src.preprocess] DEBUG: Filtered 4 / 94 HTML titles against item_1a text
2026-02-23 15:32:01,086 [src.preprocess] DEBUG: Extracted 95 HTML titles from data/10k_raw/VTR/10-K/0000740260-23-000070/primary-document.html
2026-02-23 15:32:01,087 [src.preprocess] DEBUG: Filtered 3 / 95 HTML titles against item_1a text
2026-02-23 15:32:01,254 [src.preprocess] DEBUG: Extracted 76 HTML titles from data/10k_raw/VTR/10-K/0000740260-24-000067/primary-document.html
2026-02-23 15:32:01,254 [src.preprocess] DEBUG: Filtered 1 / 76 HTML titles against item_1a text
2026-02-23 15:32:01,475 [src.preprocess] DEBUG: Extracted 99 HTML titles from data/10k_raw/VZ/10-K/0000732712-18-000009/primary-document.html
2026-02-23 15:32:01,477 [src.preprocess] DEBUG: Filtered 27 / 99 HTML titles against item_1a text
2026-02-23 15:32:01,690 [src.preprocess] DEBUG: Extracted 105 HTML titles from data/10k_raw/VZ/10-K/0000732712-19-000012/primary-document.html
2026-02-23 15:32:01,692 [src.preprocess] DEBUG: Filtered 23 / 105 HTML titles against item_1a text
2026-02-23 15:32:01,918 [src.preprocess] DEBUG: Extracted 102 HTML titles from data/10k_raw/VZ/10-K/0000732712-20-000014/primary-document.html
2026-02-23 15:32:01,919 [src.preprocess] DEBUG: Filtered 24 / 102 HTML titles against item_1a text
2026-02-23 15:32:02,881 [src.preprocess] DEBUG: Extracted 470 HTML titles from data/10k_raw/VZ/10-K/0000732712-21-000012/primary-document.html
2026-02-23 15:32:02,908 [src.preprocess] DEBUG: Filtered 44 / 470 HTML titles against item_1a text
2026-02-23 15:32:03,860 [src.preprocess] DEBUG: Extracted 374 HTML titles from data/10k_raw/VZ/10-K/0000732712-22-000008/primary-document.html
2026-02-23 15:32:03,876 [src.preprocess] DEBUG: Filtered 32 / 374 HTML titles against item_1a text
2026-02-23 15:32:04,846 [src.preprocess] DEBUG: Extracted 385 HTML titles from data/10k_raw/VZ/10-K/0000732712-23-000012/primary-document.html
2026-02-23 15:32:04,863 [src.preprocess] DEBUG: Filtered 42 / 385 HTML titles against item_1a text
2026-02-23 15:32:05,757 [src.preprocess] DEBUG: Extracted 394 HTML titles from data/10k_raw/VZ/10-K/0000732712-24-000010/primary-document.html
2026-02-23 15:32:05,774 [src.preprocess] DEBUG: Filtered 43 / 394 HTML titles against item_1a text
2026-02-23 15:32:05,810 [src.preprocess] DEBUG: Extracted 0 HTML titles from data/10k_raw/VZ/10-K/0001193125-15-057710/primary-document.html
2026-02-23 15:32:05,820 [src.preprocess] DEBUG: Extracted 0 HTML titles from data/10k_raw/VZ/10-K/0001193125-16-473367/primary-document.html
2026-02-23 15:32:05,833 [src.preprocess] DEBUG: Extracted 0 HTML titles from data/10k_raw/VZ/10-K/0001193125-17-050292/primary-document.html
2026-02-23 15:32:07,484 [src.preprocess] DEBUG: Extracted 259 HTML titles from data/10k_raw/WAB/10-K/0001564590-15-000794/primary-document.html
2026-02-23 15:32:07,494 [src.preprocess] DEBUG: Filtered 15 / 259 HTML titles against item_1a text
2026-02-23 15:32:09,206 [src.preprocess] DEBUG: Extracted 289 HTML titles from data/10k_raw/WAB/10-K/0001628280-16-011421/primary-document.html
2026-02-23 15:32:09,216 [src.preprocess] DEBUG: Filtered 36 / 289 HTML titles against item_1a text
2026-02-23 15:32:11,245 [src.preprocess] DEBUG: Extracted 322 HTML titles from data/10k_raw/WAB/10-K/0001628280-17-001863/primary-document.html
2026-02-23 15:32:11,258 [src.preprocess] DEBUG: Filtered 48 / 322 HTML titles against item_1a text
2026-02-23 15:32:13,284 [src.preprocess] DEBUG: Extracted 334 HTML titles from data/10k_raw/WAB/10-K/0001628280-18-002245/primary-document.html
2026-02-23 15:32:13,297 [src.preprocess] DEBUG: Filtered 48 / 334 HTML titles against item_1a text
2026-02-23 15:32:15,245 [src.preprocess] DEBUG: Extracted 337 HTML titles from data/10k_raw/WAB/10-K/0001628280-19-002095/primary-document.html
2026-02-23 15:32:15,261 [src.preprocess] DEBUG: Filtered 45 / 337 HTML titles against item_1a text
2026-02-23 15:32:16,471 [src.preprocess] DEBUG: Extracted 352 HTML titles from data/10k_raw/WAB/10-K/0001628280-20-002098/primary-document.html
2026-02-23 15:32:16,486 [src.preprocess] DEBUG: Filtered 51 / 352 HTML titles against item_1a text
2026-02-23 15:32:17,219 [src.preprocess] DEBUG: Extracted 318 HTML titles from data/10k_raw/WAB/10-K/0001628280-21-002557/primary-document.html
2026-02-23 15:32:17,230 [src.preprocess] DEBUG: Filtered 40 / 318 HTML titles against item_1a text
2026-02-23 15:32:17,958 [src.preprocess] DEBUG: Extracted 312 HTML titles from data/10k_raw/WAB/10-K/0001628280-22-002997/primary-document.html
2026-02-23 15:32:17,969 [src.preprocess] DEBUG: Filtered 37 / 312 HTML titles against item_1a text
2026-02-23 15:32:18,654 [src.preprocess] DEBUG: Extracted 313 HTML titles from data/10k_raw/WAB/10-K/0001628280-23-003675/primary-document.html
2026-02-23 15:32:18,665 [src.preprocess] DEBUG: Filtered 33 / 313 HTML titles against item_1a text
2026-02-23 15:32:19,321 [src.preprocess] DEBUG: Extracted 312 HTML titles from data/10k_raw/WAB/10-K/0001628280-24-004774/primary-document.html
2026-02-23 15:32:19,332 [src.preprocess] DEBUG: Filtered 34 / 312 HTML titles against item_1a text
2026-02-23 15:32:19,447 [src.preprocess] DEBUG: Extracted 0 HTML titles from data/10k_raw/WAT/10-K/0001193125-15-067900/primary-document.html
2026-02-23 15:32:19,498 [src.preprocess] DEBUG: Extracted 0 HTML titles from data/10k_raw/WAT/10-K/0001193125-16-480594/primary-document.html
2026-02-23 15:32:19,553 [src.preprocess] DEBUG: Extracted 0 HTML titles from data/10k_raw/WAT/10-K/0001193125-17-056239/primary-document.html
2026-02-23 15:32:19,609 [src.preprocess] DEBUG: Extracted 0 HTML titles from data/10k_raw/WAT/10-K/0001193125-18-060830/primary-document.html
2026-02-23 15:32:19,669 [src.preprocess] DEBUG: Extracted 0 HTML titles from data/10k_raw/WAT/10-K/0001193125-19-051872/primary-document.html
2026-02-23 15:32:21,049 [src.preprocess] DEBUG: Extracted 177 HTML titles from data/10k_raw/WAT/10-K/0001193125-20-048303/primary-document.html
2026-02-23 15:32:21,059 [src.preprocess] DEBUG: Filtered 106 / 177 HTML titles against item_1a text
2026-02-23 15:32:22,721 [src.preprocess] DEBUG: Extracted 174 HTML titles from data/10k_raw/WAT/10-K/0001193125-21-054385/primary-document.html
2026-02-23 15:32:22,732 [src.preprocess] DEBUG: Filtered 83 / 174 HTML titles against item_1a text
2026-02-23 15:32:24,027 [src.preprocess] DEBUG: Extracted 167 HTML titles from data/10k_raw/WAT/10-K/0001193125-22-051509/primary-document.html
2026-02-23 15:32:24,036 [src.preprocess] DEBUG: Filtered 80 / 167 HTML titles against item_1a text
2026-02-23 15:32:25,323 [src.preprocess] DEBUG: Extracted 167 HTML titles from data/10k_raw/WAT/10-K/0001193125-23-050827/primary-document.html
2026-02-23 15:32:25,332 [src.preprocess] DEBUG: Filtered 76 / 167 HTML titles against item_1a text
2026-02-23 15:32:26,495 [src.preprocess] DEBUG: Extracted 167 HTML titles from data/10k_raw/WAT/10-K/0001193125-24-047491/primary-document.html
2026-02-23 15:32:26,504 [src.preprocess] DEBUG: Filtered 78 / 167 HTML titles against item_1a text
2026-02-23 15:32:29,527 [src.preprocess] DEBUG: Extracted 301 HTML titles from data/10k_raw/WBD/10-K/0001437107-15-000004/primary-document.html
2026-02-23 15:32:29,540 [src.preprocess] DEBUG: Filtered 39 / 301 HTML titles against item_1a text
2026-02-23 15:32:32,619 [src.preprocess] DEBUG: Extracted 305 HTML titles from data/10k_raw/WBD/10-K/0001437107-16-000059/primary-document.html
2026-02-23 15:32:32,635 [src.preprocess] DEBUG: Filtered 40 / 305 HTML titles against item_1a text
2026-02-23 15:32:35,726 [src.preprocess] DEBUG: Extracted 309 HTML titles from data/10k_raw/WBD/10-K/0001437107-17-000007/primary-document.html
2026-02-23 15:32:35,741 [src.preprocess] DEBUG: Filtered 38 / 309 HTML titles against item_1a text
2026-02-23 15:32:39,041 [src.preprocess] DEBUG: Extracted 347 HTML titles from data/10k_raw/WBD/10-K/0001437107-18-000028/primary-document.html
2026-02-23 15:32:39,060 [src.preprocess] DEBUG: Filtered 43 / 347 HTML titles against item_1a text
2026-02-23 15:32:43,123 [src.preprocess] DEBUG: Extracted 350 HTML titles from data/10k_raw/WBD/10-K/0001437107-19-000013/primary-document.html
2026-02-23 15:32:43,143 [src.preprocess] DEBUG: Filtered 31 / 350 HTML titles against item_1a text
2026-02-23 15:32:45,553 [src.preprocess] DEBUG: Extracted 347 HTML titles from data/10k_raw/WBD/10-K/0001437107-20-000006/primary-document.html
2026-02-23 15:32:45,570 [src.preprocess] DEBUG: Filtered 59 / 347 HTML titles against item_1a text
2026-02-23 15:32:46,543 [src.preprocess] DEBUG: Extracted 326 HTML titles from data/10k_raw/WBD/10-K/0001437107-21-000018/primary-document.html
2026-02-23 15:32:46,558 [src.preprocess] DEBUG: Filtered 69 / 326 HTML titles against item_1a text
2026-02-23 15:32:47,415 [src.preprocess] DEBUG: Extracted 305 HTML titles from data/10k_raw/WBD/10-K/0001437107-22-000031/primary-document.html
2026-02-23 15:32:47,432 [src.preprocess] DEBUG: Filtered 67 / 305 HTML titles against item_1a text
2026-02-23 15:32:48,451 [src.preprocess] DEBUG: Extracted 378 HTML titles from data/10k_raw/WBD/10-K/0001437107-23-000019/primary-document.html
2026-02-23 15:32:48,472 [src.preprocess] DEBUG: Filtered 82 / 378 HTML titles against item_1a text
2026-02-23 15:32:49,418 [src.preprocess] DEBUG: Extracted 369 HTML titles from data/10k_raw/WBD/10-K/0001437107-24-000017/primary-document.html
2026-02-23 15:32:49,437 [src.preprocess] DEBUG: Filtered 85 / 369 HTML titles against item_1a text
2026-02-23 15:32:50,382 [src.preprocess] DEBUG: Extracted 239 HTML titles from data/10k_raw/WDAY/10-K/0001327811-15-000006/primary-document.html
2026-02-23 15:32:50,391 [src.preprocess] DEBUG: Filtered 65 / 239 HTML titles against item_1a text
2026-02-23 15:32:51,313 [src.preprocess] DEBUG: Extracted 264 HTML titles from data/10k_raw/WDAY/10-K/0001327811-16-000032/primary-document.html
2026-02-23 15:32:51,323 [src.preprocess] DEBUG: Filtered 77 / 264 HTML titles against item_1a text
2026-02-23 15:32:52,199 [src.preprocess] DEBUG: Extracted 273 HTML titles from data/10k_raw/WDAY/10-K/0001327811-17-000008/primary-document.html
2026-02-23 15:32:52,209 [src.preprocess] DEBUG: Filtered 74 / 273 HTML titles against item_1a text
2026-02-23 15:32:53,199 [src.preprocess] DEBUG: Extracted 272 HTML titles from data/10k_raw/WDAY/10-K/0001327811-18-000009/primary-document.html
2026-02-23 15:32:53,209 [src.preprocess] DEBUG: Filtered 74 / 272 HTML titles against item_1a text
2026-02-23 15:32:54,195 [src.preprocess] DEBUG: Extracted 279 HTML titles from data/10k_raw/WDAY/10-K/0001327811-19-000038/primary-document.html
2026-02-23 15:32:54,206 [src.preprocess] DEBUG: Filtered 65 / 279 HTML titles against item_1a text
2026-02-23 15:32:54,838 [src.preprocess] DEBUG: Extracted 255 HTML titles from data/10k_raw/WDAY/10-K/0001327811-20-000022/primary-document.html
2026-02-23 15:32:54,848 [src.preprocess] DEBUG: Filtered 54 / 255 HTML titles against item_1a text
2026-02-23 15:32:55,401 [src.preprocess] DEBUG: Extracted 270 HTML titles from data/10k_raw/WDAY/10-K/0001327811-21-000020/primary-document.html
2026-02-23 15:32:55,414 [src.preprocess] DEBUG: Filtered 51 / 270 HTML titles against item_1a text
2026-02-23 15:32:55,909 [src.preprocess] DEBUG: Extracted 256 HTML titles from data/10k_raw/WDAY/10-K/0001327811-22-000030/primary-document.html
2026-02-23 15:32:55,921 [src.preprocess] DEBUG: Filtered 46 / 256 HTML titles against item_1a text
2026-02-23 15:32:56,457 [src.preprocess] DEBUG: Extracted 259 HTML titles from data/10k_raw/WDAY/10-K/0001327811-23-000024/primary-document.html
2026-02-23 15:32:56,468 [src.preprocess] DEBUG: Filtered 46 / 259 HTML titles against item_1a text
2026-02-23 15:32:56,951 [src.preprocess] DEBUG: Extracted 261 HTML titles from data/10k_raw/WDAY/10-K/0001327811-24-000044/primary-document.html
2026-02-23 15:32:56,961 [src.preprocess] DEBUG: Filtered 48 / 261 HTML titles against item_1a text
2026-02-23 15:32:57,892 [src.preprocess] DEBUG: Extracted 195 HTML titles from data/10k_raw/WDC/10-K/0000106040-15-000010/primary-document.html
2026-02-23 15:32:57,901 [src.preprocess] DEBUG: Filtered 52 / 195 HTML titles against item_1a text
2026-02-23 15:32:59,117 [src.preprocess] DEBUG: Extracted 177 HTML titles from data/10k_raw/WDC/10-K/0000106040-16-000033/primary-document.html
2026-02-23 15:32:59,127 [src.preprocess] DEBUG: Filtered 38 / 177 HTML titles against item_1a text
2026-02-23 15:32:59,318 [src.preprocess] DEBUG: Extracted 51 HTML titles from data/10k_raw/WDC/10-K/0000106040-17-000027/primary-document.html
2026-02-23 15:32:59,480 [src.preprocess] DEBUG: Extracted 38 HTML titles from data/10k_raw/WDC/10-K/0000106040-18-000029/primary-document.html
2026-02-23 15:32:59,729 [src.preprocess] DEBUG: Extracted 30 HTML titles from data/10k_raw/WDC/10-K/0000106040-19-000058/primary-document.html
2026-02-23 15:32:59,863 [src.preprocess] DEBUG: Extracted 33 HTML titles from data/10k_raw/WDC/10-K/0000106040-20-000049/primary-document.html
2026-02-23 15:32:59,968 [src.preprocess] DEBUG: Extracted 37 HTML titles from data/10k_raw/WDC/10-K/0000106040-21-000040/primary-document.html
2026-02-23 15:33:00,075 [src.preprocess] DEBUG: Extracted 35 HTML titles from data/10k_raw/WDC/10-K/0000106040-22-000055/primary-document.html
2026-02-23 15:33:00,173 [src.preprocess] DEBUG: Extracted 37 HTML titles from data/10k_raw/WDC/10-K/0000106040-23-000024/primary-document.html
2026-02-23 15:33:00,271 [src.preprocess] DEBUG: Extracted 38 HTML titles from data/10k_raw/WDC/10-K/0000106040-24-000031/primary-document.html
2026-02-23 15:33:00,389 [src.preprocess] DEBUG: Extracted 34 HTML titles from data/10k_raw/WEC/10-K/0000107815-15-000040/primary-document.html
2026-02-23 15:33:00,390 [src.preprocess] DEBUG: Filtered 1 / 34 HTML titles against item_1a text
2026-02-23 15:33:00,729 [src.preprocess] DEBUG: Extracted 118 HTML titles from data/10k_raw/WEC/10-K/0000107815-16-000248/primary-document.html
2026-02-23 15:33:00,731 [src.preprocess] DEBUG: Filtered 1 / 118 HTML titles against item_1a text
2026-02-23 15:33:01,087 [src.preprocess] DEBUG: Extracted 113 HTML titles from data/10k_raw/WEC/10-K/0000107815-17-000104/primary-document.html
2026-02-23 15:33:01,088 [src.preprocess] DEBUG: Filtered 1 / 113 HTML titles against item_1a text
2026-02-23 15:33:01,450 [src.preprocess] DEBUG: Extracted 108 HTML titles from data/10k_raw/WEC/10-K/0000107815-18-000134/primary-document.html
2026-02-23 15:33:01,824 [src.preprocess] DEBUG: Extracted 105 HTML titles from data/10k_raw/WEC/10-K/0000107815-19-000128/primary-document.html
2026-02-23 15:33:02,211 [src.preprocess] DEBUG: Extracted 102 HTML titles from data/10k_raw/WEC/10-K/0000107815-20-000089/primary-document.html
2026-02-23 15:33:02,484 [src.preprocess] DEBUG: Extracted 107 HTML titles from data/10k_raw/WEC/10-K/0000107815-21-000079/primary-document.html
2026-02-23 15:33:02,802 [src.preprocess] DEBUG: Extracted 112 HTML titles from data/10k_raw/WEC/10-K/0000107815-22-000116/primary-document.html
2026-02-23 15:33:03,088 [src.preprocess] DEBUG: Extracted 114 HTML titles from data/10k_raw/WEC/10-K/0000107815-23-000100/primary-document.html
2026-02-23 15:33:03,379 [src.preprocess] DEBUG: Extracted 112 HTML titles from data/10k_raw/WEC/10-K/0000107815-24-000095/primary-document.html
2026-02-23 15:33:03,892 [src.preprocess] DEBUG: Extracted 0 HTML titles from data/10k_raw/WELL/10-K/0000766704-15-000012/primary-document.html
2026-02-23 15:33:04,470 [src.preprocess] DEBUG: Extracted 0 HTML titles from data/10k_raw/WELL/10-K/0000766704-16-000055/primary-document.html
2026-02-23 15:33:04,884 [src.preprocess] DEBUG: Extracted 0 HTML titles from data/10k_raw/WELL/10-K/0000766704-17-000012/primary-document.html
2026-02-23 15:33:05,265 [src.preprocess] DEBUG: Extracted 0 HTML titles from data/10k_raw/WELL/10-K/0000766704-18-000012/primary-document.html
2026-02-23 15:33:05,784 [src.preprocess] DEBUG: Extracted 0 HTML titles from data/10k_raw/WELL/10-K/0000766704-19-000014/primary-document.html
2026-02-23 15:33:06,311 [src.preprocess] DEBUG: Extracted 0 HTML titles from data/10k_raw/WELL/10-K/0000766704-20-000015/primary-document.html
2026-02-23 15:33:06,731 [src.preprocess] DEBUG: Extracted 0 HTML titles from data/10k_raw/WELL/10-K/0000766704-21-000018/primary-document.html
2026-02-23 15:33:07,179 [src.preprocess] DEBUG: Extracted 0 HTML titles from data/10k_raw/WELL/10-K/0000766704-22-000013/primary-document.html
2026-02-23 15:33:07,646 [src.preprocess] DEBUG: Extracted 0 HTML titles from data/10k_raw/WELL/10-K/0000766704-23-000010/primary-document.html
2026-02-23 15:33:08,015 [src.preprocess] DEBUG: Extracted 0 HTML titles from data/10k_raw/WELL/10-K/0000766704-24-000008/primary-document.html
2026-02-23 15:33:08,034 [src.preprocess] DEBUG: Extracted 1 HTML titles from data/10k_raw/WFC/10-K/0000072971-15-000449/primary-document.html
2026-02-23 15:33:08,054 [src.preprocess] DEBUG: Extracted 1 HTML titles from data/10k_raw/WFC/10-K/0000072971-16-001045/primary-document.html
2026-02-23 15:33:08,074 [src.preprocess] DEBUG: Extracted 1 HTML titles from data/10k_raw/WFC/10-K/0000072971-17-000278/primary-document.html
2026-02-23 15:33:08,087 [src.preprocess] DEBUG: Extracted 1 HTML titles from data/10k_raw/WFC/10-K/0000072971-18-000272/primary-document.html
2026-02-23 15:33:08,097 [src.preprocess] DEBUG: Extracted 1 HTML titles from data/10k_raw/WFC/10-K/0000072971-19-000227/primary-document.html
2026-02-23 15:33:08,190 [src.preprocess] DEBUG: Extracted 1 HTML titles from data/10k_raw/WFC/10-K/0000072971-20-000217/primary-document.html
2026-02-23 15:33:08,254 [src.preprocess] DEBUG: Extracted 1 HTML titles from data/10k_raw/WFC/10-K/0000072971-21-000197/primary-document.html
2026-02-23 15:33:08,311 [src.preprocess] DEBUG: Extracted 1 HTML titles from data/10k_raw/WFC/10-K/0000072971-22-000096/primary-document.html
2026-02-23 15:33:08,366 [src.preprocess] DEBUG: Extracted 1 HTML titles from data/10k_raw/WFC/10-K/0000072971-23-000071/primary-document.html
2026-02-23 15:33:08,414 [src.preprocess] DEBUG: Extracted 1 HTML titles from data/10k_raw/WFC/10-K/0000072971-24-000064/primary-document.html
2026-02-23 15:33:08,474 [src.preprocess] DEBUG: Extracted 0 HTML titles from data/10k_raw/WM/10-K/0000950123-15-002550/primary-document.html
2026-02-23 15:33:08,536 [src.preprocess] DEBUG: Extracted 0 HTML titles from data/10k_raw/WM/10-K/0001193125-16-467957/primary-document.html
2026-02-23 15:33:08,603 [src.preprocess] DEBUG: Extracted 0 HTML titles from data/10k_raw/WM/10-K/0001193125-17-046480/primary-document.html
2026-02-23 15:33:08,777 [src.preprocess] DEBUG: Extracted 23 HTML titles from data/10k_raw/WM/10-K/0001558370-18-000716/primary-document.html
2026-02-23 15:33:08,777 [src.preprocess] DEBUG: Filtered 1 / 23 HTML titles against item_1a text
2026-02-23 15:33:08,986 [src.preprocess] DEBUG: Extracted 24 HTML titles from data/10k_raw/WM/10-K/0001558370-19-000662/primary-document.html
2026-02-23 15:33:08,987 [src.preprocess] DEBUG: Filtered 1 / 24 HTML titles against item_1a text
2026-02-23 15:33:09,116 [src.preprocess] DEBUG: Extracted 25 HTML titles from data/10k_raw/WM/10-K/0001558370-20-000762/primary-document.html
2026-02-23 15:33:09,116 [src.preprocess] DEBUG: Filtered 1 / 25 HTML titles against item_1a text
2026-02-23 15:33:09,234 [src.preprocess] DEBUG: Extracted 24 HTML titles from data/10k_raw/WM/10-K/0001558370-21-001348/primary-document.html
2026-02-23 15:33:09,234 [src.preprocess] DEBUG: Filtered 1 / 24 HTML titles against item_1a text
2026-02-23 15:33:09,349 [src.preprocess] DEBUG: Extracted 23 HTML titles from data/10k_raw/WM/10-K/0001558370-22-001179/primary-document.html
2026-02-23 15:33:09,349 [src.preprocess] DEBUG: Filtered 1 / 23 HTML titles against item_1a text
2026-02-23 15:33:09,464 [src.preprocess] DEBUG: Extracted 20 HTML titles from data/10k_raw/WM/10-K/0001558370-23-000964/primary-document.html
2026-02-23 15:33:09,464 [src.preprocess] DEBUG: Filtered 1 / 20 HTML titles against item_1a text
2026-02-23 15:33:09,581 [src.preprocess] DEBUG: Extracted 21 HTML titles from data/10k_raw/WM/10-K/0001558370-24-001049/primary-document.html
2026-02-23 15:33:09,582 [src.preprocess] DEBUG: Filtered 1 / 21 HTML titles against item_1a text
2026-02-23 15:33:09,725 [src.preprocess] DEBUG: Extracted 30 HTML titles from data/10k_raw/WMB/10-K/0000107263-15-000003/primary-document.html
2026-02-23 15:33:09,898 [src.preprocess] DEBUG: Extracted 35 HTML titles from data/10k_raw/WMB/10-K/0000107263-16-000021/primary-document.html
2026-02-23 15:33:10,046 [src.preprocess] DEBUG: Extracted 31 HTML titles from data/10k_raw/WMB/10-K/0000107263-17-000003/primary-document.html
2026-02-23 15:33:10,280 [src.preprocess] DEBUG: Extracted 66 HTML titles from data/10k_raw/WMB/10-K/0000107263-18-000006/primary-document.html
2026-02-23 15:33:10,280 [src.preprocess] DEBUG: Filtered 1 / 66 HTML titles against item_1a text
2026-02-23 15:33:10,554 [src.preprocess] DEBUG: Extracted 69 HTML titles from data/10k_raw/WMB/10-K/0000107263-19-000007/primary-document.html
2026-02-23 15:33:10,844 [src.preprocess] DEBUG: Extracted 74 HTML titles from data/10k_raw/WMB/10-K/0000107263-20-000005/primary-document.html
2026-02-23 15:33:11,098 [src.preprocess] DEBUG: Extracted 82 HTML titles from data/10k_raw/WMB/10-K/0000107263-21-000006/primary-document.html
2026-02-23 15:33:11,314 [src.preprocess] DEBUG: Extracted 88 HTML titles from data/10k_raw/WMB/10-K/0000107263-22-000007/primary-document.html
2026-02-23 15:33:11,559 [src.preprocess] DEBUG: Extracted 96 HTML titles from data/10k_raw/WMB/10-K/0000107263-23-000007/primary-document.html
2026-02-23 15:33:11,742 [src.preprocess] DEBUG: Extracted 96 HTML titles from data/10k_raw/WMB/10-K/0000107263-24-000019/primary-document.html
2026-02-23 15:33:12,027 [src.preprocess] DEBUG: Extracted 104 HTML titles from data/10k_raw/WMT/10-K/0000104169-15-000011/primary-document.html
2026-02-23 15:33:12,028 [src.preprocess] DEBUG: Filtered 2 / 104 HTML titles against item_1a text
2026-02-23 15:33:12,323 [src.preprocess] DEBUG: Extracted 118 HTML titles from data/10k_raw/WMT/10-K/0000104169-16-000079/primary-document.html
2026-02-23 15:33:12,324 [src.preprocess] DEBUG: Filtered 9 / 118 HTML titles against item_1a text
2026-02-23 15:33:12,621 [src.preprocess] DEBUG: Extracted 116 HTML titles from data/10k_raw/WMT/10-K/0000104169-17-000021/primary-document.html
2026-02-23 15:33:12,622 [src.preprocess] DEBUG: Filtered 10 / 116 HTML titles against item_1a text
2026-02-23 15:33:12,712 [src.preprocess] DEBUG: Extracted 0 HTML titles from data/10k_raw/WMT/10-K/0000104169-18-000028/primary-document.html
2026-02-23 15:33:12,795 [src.preprocess] DEBUG: Extracted 0 HTML titles from data/10k_raw/WMT/10-K/0000104169-19-000016/primary-document.html
2026-02-23 15:33:12,884 [src.preprocess] DEBUG: Extracted 0 HTML titles from data/10k_raw/WMT/10-K/0000104169-20-000011/primary-document.html
2026-02-23 15:33:13,001 [src.preprocess] DEBUG: Extracted 0 HTML titles from data/10k_raw/WMT/10-K/0000104169-21-000033/primary-document.html
2026-02-23 15:33:13,075 [src.preprocess] DEBUG: Extracted 0 HTML titles from data/10k_raw/WMT/10-K/0000104169-22-000012/primary-document.html
2026-02-23 15:33:13,138 [src.preprocess] DEBUG: Extracted 0 HTML titles from data/10k_raw/WMT/10-K/0000104169-23-000020/primary-document.html
2026-02-23 15:33:13,195 [src.preprocess] DEBUG: Extracted 0 HTML titles from data/10k_raw/WMT/10-K/0000104169-24-000056/primary-document.html
2026-02-23 15:33:13,640 [src.preprocess] DEBUG: Extracted 32 HTML titles from data/10k_raw/WRB/10-K/0000011544-15-000010/primary-document.html
2026-02-23 15:33:13,640 [src.preprocess] DEBUG: Filtered 1 / 32 HTML titles against item_1a text
2026-02-23 15:33:14,115 [src.preprocess] DEBUG: Extracted 32 HTML titles from data/10k_raw/WRB/10-K/0000011544-16-000086/primary-document.html
2026-02-23 15:33:14,115 [src.preprocess] DEBUG: Filtered 1 / 32 HTML titles against item_1a text
2026-02-23 15:33:14,472 [src.preprocess] DEBUG: Extracted 33 HTML titles from data/10k_raw/WRB/10-K/0000011544-17-000009/primary-document.html
2026-02-23 15:33:14,473 [src.preprocess] DEBUG: Filtered 1 / 33 HTML titles against item_1a text
2026-02-23 15:33:14,783 [src.preprocess] DEBUG: Extracted 33 HTML titles from data/10k_raw/WRB/10-K/0000011544-18-000012/primary-document.html
2026-02-23 15:33:14,783 [src.preprocess] DEBUG: Filtered 1 / 33 HTML titles against item_1a text
2026-02-23 15:33:15,142 [src.preprocess] DEBUG: Extracted 32 HTML titles from data/10k_raw/WRB/10-K/0000011544-19-000016/primary-document.html
2026-02-23 15:33:15,143 [src.preprocess] DEBUG: Filtered 1 / 32 HTML titles against item_1a text
2026-02-23 15:33:15,453 [src.preprocess] DEBUG: Extracted 34 HTML titles from data/10k_raw/WRB/10-K/0000011544-20-000016/primary-document.html
2026-02-23 15:33:15,454 [src.preprocess] DEBUG: Filtered 1 / 34 HTML titles against item_1a text
2026-02-23 15:33:15,748 [src.preprocess] DEBUG: Extracted 36 HTML titles from data/10k_raw/WRB/10-K/0000011544-21-000013/primary-document.html
2026-02-23 15:33:15,749 [src.preprocess] DEBUG: Filtered 1 / 36 HTML titles against item_1a text
2026-02-23 15:33:15,996 [src.preprocess] DEBUG: Extracted 38 HTML titles from data/10k_raw/WRB/10-K/0000011544-22-000007/primary-document.html
2026-02-23 15:33:15,996 [src.preprocess] DEBUG: Filtered 1 / 38 HTML titles against item_1a text
2026-02-23 15:33:16,283 [src.preprocess] DEBUG: Extracted 38 HTML titles from data/10k_raw/WRB/10-K/0000011544-23-000004/primary-document.html
2026-02-23 15:33:16,283 [src.preprocess] DEBUG: Filtered 1 / 38 HTML titles against item_1a text
2026-02-23 15:33:16,494 [src.preprocess] DEBUG: Extracted 38 HTML titles from data/10k_raw/WRB/10-K/0000011544-24-000005/primary-document.html
2026-02-23 15:33:16,494 [src.preprocess] DEBUG: Filtered 1 / 38 HTML titles against item_1a text
2026-02-23 15:33:16,535 [src.preprocess] DEBUG: Extracted 0 HTML titles from data/10k_raw/WSM/10-K/0001193125-15-118009/primary-document.html
2026-02-23 15:33:16,571 [src.preprocess] DEBUG: Extracted 0 HTML titles from data/10k_raw/WSM/10-K/0001193125-16-525847/primary-document.html
2026-02-23 15:33:16,648 [src.preprocess] DEBUG: Extracted 0 HTML titles from data/10k_raw/WSM/10-K/0001193125-17-104341/primary-document.html
2026-02-23 15:33:16,688 [src.preprocess] DEBUG: Extracted 0 HTML titles from data/10k_raw/WSM/10-K/0001193125-18-102232/primary-document.html
2026-02-23 15:33:16,729 [src.preprocess] DEBUG: Extracted 0 HTML titles from data/10k_raw/WSM/10-K/0001193125-19-097973/primary-document.html
2026-02-23 15:33:17,055 [src.preprocess] DEBUG: Extracted 52 HTML titles from data/10k_raw/WSM/10-K/0001193125-20-088937/primary-document.html
2026-02-23 15:33:17,055 [src.preprocess] DEBUG: Filtered 4 / 52 HTML titles against item_1a text
2026-02-23 15:33:17,531 [src.preprocess] DEBUG: Extracted 70 HTML titles from data/10k_raw/WSM/10-K/0001193125-21-100319/primary-document.html
2026-02-23 15:33:17,532 [src.preprocess] DEBUG: Filtered 1 / 70 HTML titles against item_1a text
2026-02-23 15:33:17,609 [src.preprocess] DEBUG: Extracted 18 HTML titles from data/10k_raw/WSM/10-K/0001628280-22-007494/primary-document.html
2026-02-23 15:33:17,609 [src.preprocess] DEBUG: Filtered 1 / 18 HTML titles against item_1a text
2026-02-23 15:33:17,666 [src.preprocess] DEBUG: Extracted 18 HTML titles from data/10k_raw/WSM/10-K/0001628280-23-009175/primary-document.html
2026-02-23 15:33:17,666 [src.preprocess] DEBUG: Filtered 2 / 18 HTML titles against item_1a text
2026-02-23 15:33:17,723 [src.preprocess] DEBUG: Extracted 18 HTML titles from data/10k_raw/WSM/10-K/0001628280-24-012221/primary-document.html
2026-02-23 15:33:17,724 [src.preprocess] DEBUG: Filtered 2 / 18 HTML titles against item_1a text
2026-02-23 15:33:17,786 [src.preprocess] DEBUG: Extracted 1 HTML titles from data/10k_raw/WST/10-K/0000105770-15-000007/primary-document.html
2026-02-23 15:33:17,843 [src.preprocess] DEBUG: Extracted 1 HTML titles from data/10k_raw/WST/10-K/0000105770-16-000060/primary-document.html
2026-02-23 15:33:17,901 [src.preprocess] DEBUG: Extracted 1 HTML titles from data/10k_raw/WST/10-K/0000105770-17-000011/primary-document.html
2026-02-23 15:33:17,965 [src.preprocess] DEBUG: Extracted 1 HTML titles from data/10k_raw/WST/10-K/0000105770-18-000006/primary-document.html
2026-02-23 15:33:18,031 [src.preprocess] DEBUG: Extracted 1 HTML titles from data/10k_raw/WST/10-K/0000105770-19-000012/primary-document.html
2026-02-23 15:33:18,137 [src.preprocess] DEBUG: Extracted 1 HTML titles from data/10k_raw/WST/10-K/0000105770-20-000015/primary-document.html
2026-02-23 15:33:18,224 [src.preprocess] DEBUG: Extracted 1 HTML titles from data/10k_raw/WST/10-K/0000105770-21-000008/primary-document.html
2026-02-23 15:33:18,307 [src.preprocess] DEBUG: Extracted 1 HTML titles from data/10k_raw/WST/10-K/0000105770-23-000012/primary-document.html
2026-02-23 15:33:18,372 [src.preprocess] DEBUG: Extracted 1 HTML titles from data/10k_raw/WST/10-K/0000105770-24-000015/primary-document.html
2026-02-23 15:33:18,458 [src.preprocess] DEBUG: Extracted 1 HTML titles from data/10k_raw/WST/10-K/0001628280-22-003342/primary-document.html
2026-02-23 15:33:18,777 [src.preprocess] DEBUG: Extracted 79 HTML titles from data/10k_raw/WTW/10-K/0000950170-22-001932/primary-document.html
2026-02-23 15:33:19,114 [src.preprocess] DEBUG: Extracted 81 HTML titles from data/10k_raw/WTW/10-K/0000950170-23-004303/primary-document.html
2026-02-23 15:33:19,413 [src.preprocess] DEBUG: Extracted 76 HTML titles from data/10k_raw/WTW/10-K/0000950170-24-018575/primary-document.html
2026-02-23 15:33:19,626 [src.preprocess] DEBUG: Extracted 0 HTML titles from data/10k_raw/WTW/10-K/0001140536-15-000003/primary-document.html
2026-02-23 15:33:19,837 [src.preprocess] DEBUG: Extracted 0 HTML titles from data/10k_raw/WTW/10-K/0001140536-16-000035/primary-document.html
2026-02-23 15:33:20,035 [src.preprocess] DEBUG: Extracted 0 HTML titles from data/10k_raw/WTW/10-K/0001140536-17-000008/primary-document.html
2026-02-23 15:33:20,237 [src.preprocess] DEBUG: Extracted 0 HTML titles from data/10k_raw/WTW/10-K/0001140536-18-000008/primary-document.html
2026-02-23 15:33:20,548 [src.preprocess] DEBUG: Extracted 0 HTML titles from data/10k_raw/WTW/10-K/0001564590-19-004912/primary-document.html
2026-02-23 15:33:20,889 [src.preprocess] DEBUG: Extracted 0 HTML titles from data/10k_raw/WTW/10-K/0001564590-20-006736/primary-document.html
2026-02-23 15:33:21,143 [src.preprocess] DEBUG: Extracted 0 HTML titles from data/10k_raw/WTW/10-K/0001564590-21-007578/primary-document.html
2026-02-23 15:33:22,955 [src.preprocess] DEBUG: Extracted 472 HTML titles from data/10k_raw/WY/10-K/0000106535-15-000006/primary-document.html
2026-02-23 15:33:22,966 [src.preprocess] DEBUG: Filtered 1 / 472 HTML titles against item_1a text
2026-02-23 15:33:24,941 [src.preprocess] DEBUG: Extracted 488 HTML titles from data/10k_raw/WY/10-K/0000106535-16-000046/primary-document.html
2026-02-23 15:33:24,953 [src.preprocess] DEBUG: Filtered 1 / 488 HTML titles against item_1a text
2026-02-23 15:33:27,161 [src.preprocess] DEBUG: Extracted 507 HTML titles from data/10k_raw/WY/10-K/0000106535-17-000007/primary-document.html
2026-02-23 15:33:27,177 [src.preprocess] DEBUG: Filtered 1 / 507 HTML titles against item_1a text
2026-02-23 15:33:29,288 [src.preprocess] DEBUG: Extracted 494 HTML titles from data/10k_raw/WY/10-K/0000106535-18-000013/primary-document.html
2026-02-23 15:33:29,304 [src.preprocess] DEBUG: Filtered 1 / 494 HTML titles against item_1a text
2026-02-23 15:33:31,217 [src.preprocess] DEBUG: Extracted 482 HTML titles from data/10k_raw/WY/10-K/0000106535-19-000014/primary-document.html
2026-02-23 15:33:31,232 [src.preprocess] DEBUG: Filtered 1 / 482 HTML titles against item_1a text
2026-02-23 15:33:31,478 [src.preprocess] DEBUG: Extracted 1 HTML titles from data/10k_raw/WY/10-K/0000950170-23-003217/primary-document.html
2026-02-23 15:33:31,629 [src.preprocess] DEBUG: Extracted 1 HTML titles from data/10k_raw/WY/10-K/0000950170-24-016434/primary-document.html
2026-02-23 15:33:33,611 [src.preprocess] DEBUG: Extracted 651 HTML titles from data/10k_raw/WY/10-K/0001564590-20-004822/primary-document.html
2026-02-23 15:33:33,633 [src.preprocess] DEBUG: Filtered 166 / 651 HTML titles against item_1a text
2026-02-23 15:33:35,617 [src.preprocess] DEBUG: Extracted 609 HTML titles from data/10k_raw/WY/10-K/0001564590-21-006960/primary-document.html
2026-02-23 15:33:35,637 [src.preprocess] DEBUG: Filtered 159 / 609 HTML titles against item_1a text
2026-02-23 15:33:37,500 [src.preprocess] DEBUG: Extracted 643 HTML titles from data/10k_raw/WY/10-K/0001564590-22-005707/primary-document.html
2026-02-23 15:33:37,523 [src.preprocess] DEBUG: Filtered 163 / 643 HTML titles against item_1a text
2026-02-23 15:33:39,135 [src.preprocess] DEBUG: Extracted 216 HTML titles from data/10k_raw/WYNN/10-K/0001174922-15-000021/primary-document.html
2026-02-23 15:33:39,146 [src.preprocess] DEBUG: Filtered 43 / 216 HTML titles against item_1a text
2026-02-23 15:33:40,515 [src.preprocess] DEBUG: Extracted 222 HTML titles from data/10k_raw/WYNN/10-K/0001174922-16-000144/primary-document.html
2026-02-23 15:33:40,526 [src.preprocess] DEBUG: Filtered 40 / 222 HTML titles against item_1a text
2026-02-23 15:33:41,970 [src.preprocess] DEBUG: Extracted 218 HTML titles from data/10k_raw/WYNN/10-K/0001174922-17-000027/primary-document.html
2026-02-23 15:33:41,981 [src.preprocess] DEBUG: Filtered 38 / 218 HTML titles against item_1a text
2026-02-23 15:33:43,620 [src.preprocess] DEBUG: Extracted 328 HTML titles from data/10k_raw/WYNN/10-K/0001174922-18-000019/primary-document.html
2026-02-23 15:33:43,639 [src.preprocess] DEBUG: Filtered 41 / 328 HTML titles against item_1a text
2026-02-23 15:33:43,791 [src.preprocess] DEBUG: Extracted 42 HTML titles from data/10k_raw/WYNN/10-K/0001174922-19-000021/primary-document.html
2026-02-23 15:33:43,935 [src.preprocess] DEBUG: Extracted 43 HTML titles from data/10k_raw/WYNN/10-K/0001174922-20-000024/primary-document.html
2026-02-23 15:33:44,047 [src.preprocess] DEBUG: Extracted 40 HTML titles from data/10k_raw/WYNN/10-K/0001174922-21-000029/primary-document.html
2026-02-23 15:33:44,156 [src.preprocess] DEBUG: Extracted 40 HTML titles from data/10k_raw/WYNN/10-K/0001174922-22-000031/primary-document.html
2026-02-23 15:33:44,263 [src.preprocess] DEBUG: Extracted 39 HTML titles from data/10k_raw/WYNN/10-K/0001174922-23-000048/primary-document.html
2026-02-23 15:33:44,356 [src.preprocess] DEBUG: Extracted 38 HTML titles from data/10k_raw/WYNN/10-K/0001174922-24-000046/primary-document.html
2026-02-23 15:33:44,527 [src.preprocess] DEBUG: Extracted 26 HTML titles from data/10k_raw/XEL/10-K/0000072903-15-000011/primary-document.html
2026-02-23 15:33:44,780 [src.preprocess] DEBUG: Extracted 26 HTML titles from data/10k_raw/XEL/10-K/0000072903-16-000123/primary-document.html
2026-02-23 15:33:44,944 [src.preprocess] DEBUG: Extracted 28 HTML titles from data/10k_raw/XEL/10-K/0000072903-17-000008/primary-document.html
2026-02-23 15:33:45,109 [src.preprocess] DEBUG: Extracted 28 HTML titles from data/10k_raw/XEL/10-K/0000072903-18-000009/primary-document.html
2026-02-23 15:33:45,400 [src.preprocess] DEBUG: Extracted 110 HTML titles from data/10k_raw/XEL/10-K/0000072903-19-000010/primary-document.html
2026-02-23 15:33:45,739 [src.preprocess] DEBUG: Extracted 84 HTML titles from data/10k_raw/XEL/10-K/0000072903-20-000011/primary-document.html
2026-02-23 15:33:45,739 [src.preprocess] DEBUG: Filtered 1 / 84 HTML titles against item_1a text
2026-02-23 15:33:46,031 [src.preprocess] DEBUG: Extracted 80 HTML titles from data/10k_raw/XEL/10-K/0000072903-21-000012/primary-document.html
2026-02-23 15:33:46,032 [src.preprocess] DEBUG: Filtered 1 / 80 HTML titles against item_1a text
2026-02-23 15:33:46,290 [src.preprocess] DEBUG: Extracted 90 HTML titles from data/10k_raw/XEL/10-K/0000072903-22-000010/primary-document.html
2026-02-23 15:33:46,290 [src.preprocess] DEBUG: Filtered 1 / 90 HTML titles against item_1a text
2026-02-23 15:33:46,537 [src.preprocess] DEBUG: Extracted 97 HTML titles from data/10k_raw/XEL/10-K/0000072903-23-000007/primary-document.html
2026-02-23 15:33:46,538 [src.preprocess] DEBUG: Filtered 2 / 97 HTML titles against item_1a text
2026-02-23 15:33:46,786 [src.preprocess] DEBUG: Extracted 98 HTML titles from data/10k_raw/XEL/10-K/0000072903-24-000034/primary-document.html
2026-02-23 15:33:46,787 [src.preprocess] DEBUG: Filtered 1 / 98 HTML titles against item_1a text
2026-02-23 15:33:46,986 [src.preprocess] DEBUG: Extracted 0 HTML titles from data/10k_raw/XOM/10-K/0000034088-15-000013/primary-document.html
2026-02-23 15:33:47,181 [src.preprocess] DEBUG: Extracted 0 HTML titles from data/10k_raw/XOM/10-K/0000034088-16-000065/primary-document.html
2026-02-23 15:33:47,373 [src.preprocess] DEBUG: Extracted 0 HTML titles from data/10k_raw/XOM/10-K/0000034088-17-000017/primary-document.html
2026-02-23 15:33:47,572 [src.preprocess] DEBUG: Extracted 0 HTML titles from data/10k_raw/XOM/10-K/0000034088-18-000015/primary-document.html
2026-02-23 15:33:47,776 [src.preprocess] DEBUG: Extracted 0 HTML titles from data/10k_raw/XOM/10-K/0000034088-19-000010/primary-document.html
2026-02-23 15:33:48,028 [src.preprocess] DEBUG: Extracted 25 HTML titles from data/10k_raw/XOM/10-K/0000034088-20-000016/primary-document.html
2026-02-23 15:33:48,184 [src.preprocess] DEBUG: Extracted 25 HTML titles from data/10k_raw/XOM/10-K/0000034088-21-000012/primary-document.html
2026-02-23 15:33:48,184 [src.preprocess] DEBUG: Filtered 1 / 25 HTML titles against item_1a text
2026-02-23 15:33:48,339 [src.preprocess] DEBUG: Extracted 28 HTML titles from data/10k_raw/XOM/10-K/0000034088-22-000011/primary-document.html
2026-02-23 15:33:48,339 [src.preprocess] DEBUG: Filtered 1 / 28 HTML titles against item_1a text
2026-02-23 15:33:48,509 [src.preprocess] DEBUG: Extracted 28 HTML titles from data/10k_raw/XOM/10-K/0000034088-23-000020/primary-document.html
2026-02-23 15:33:48,651 [src.preprocess] DEBUG: Extracted 28 HTML titles from data/10k_raw/XOM/10-K/0000034088-24-000018/primary-document.html
2026-02-23 15:33:49,928 [src.preprocess] DEBUG: Extracted 272 HTML titles from data/10k_raw/XYL/10-K/0001524472-15-000006/primary-document.html
2026-02-23 15:33:49,939 [src.preprocess] DEBUG: Filtered 30 / 272 HTML titles against item_1a text
2026-02-23 15:33:51,200 [src.preprocess] DEBUG: Extracted 279 HTML titles from data/10k_raw/XYL/10-K/0001524472-16-000027/primary-document.html
2026-02-23 15:33:51,210 [src.preprocess] DEBUG: Filtered 31 / 279 HTML titles against item_1a text
2026-02-23 15:33:52,387 [src.preprocess] DEBUG: Extracted 291 HTML titles from data/10k_raw/XYL/10-K/0001524472-17-000008/primary-document.html
2026-02-23 15:33:52,399 [src.preprocess] DEBUG: Filtered 55 / 291 HTML titles against item_1a text
2026-02-23 15:33:53,715 [src.preprocess] DEBUG: Extracted 302 HTML titles from data/10k_raw/XYL/10-K/0001524472-18-000006/primary-document.html
2026-02-23 15:33:53,728 [src.preprocess] DEBUG: Filtered 56 / 302 HTML titles against item_1a text
2026-02-23 15:33:55,074 [src.preprocess] DEBUG: Extracted 306 HTML titles from data/10k_raw/XYL/10-K/0001524472-19-000009/primary-document.html
2026-02-23 15:33:55,089 [src.preprocess] DEBUG: Filtered 55 / 306 HTML titles against item_1a text
2026-02-23 15:33:56,343 [src.preprocess] DEBUG: Extracted 303 HTML titles from data/10k_raw/XYL/10-K/0001524472-20-000006/primary-document.html
2026-02-23 15:33:56,356 [src.preprocess] DEBUG: Filtered 55 / 303 HTML titles against item_1a text
2026-02-23 15:33:57,208 [src.preprocess] DEBUG: Extracted 300 HTML titles from data/10k_raw/XYL/10-K/0001524472-21-000008/primary-document.html
2026-02-23 15:33:57,222 [src.preprocess] DEBUG: Filtered 65 / 300 HTML titles against item_1a text
2026-02-23 15:33:58,021 [src.preprocess] DEBUG: Extracted 292 HTML titles from data/10k_raw/XYL/10-K/0001524472-22-000009/primary-document.html
2026-02-23 15:33:58,035 [src.preprocess] DEBUG: Filtered 63 / 292 HTML titles against item_1a text
2026-02-23 15:33:58,857 [src.preprocess] DEBUG: Extracted 299 HTML titles from data/10k_raw/XYL/10-K/0001524472-23-000009/primary-document.html
2026-02-23 15:33:58,874 [src.preprocess] DEBUG: Filtered 63 / 299 HTML titles against item_1a text
2026-02-23 15:33:59,732 [src.preprocess] DEBUG: Extracted 309 HTML titles from data/10k_raw/XYL/10-K/0001524472-24-000006/primary-document.html
2026-02-23 15:33:59,752 [src.preprocess] DEBUG: Filtered 64 / 309 HTML titles against item_1a text
2026-02-23 15:33:59,885 [src.preprocess] DEBUG: Extracted 15 HTML titles from data/10k_raw/YUM/10-K/0001041061-15-000007/primary-document.html
2026-02-23 15:33:59,997 [src.preprocess] DEBUG: Extracted 17 HTML titles from data/10k_raw/YUM/10-K/0001041061-16-000056/primary-document.html
2026-02-23 15:34:00,145 [src.preprocess] DEBUG: Extracted 15 HTML titles from data/10k_raw/YUM/10-K/0001041061-17-000016/primary-document.html
2026-02-23 15:34:00,298 [src.preprocess] DEBUG: Extracted 15 HTML titles from data/10k_raw/YUM/10-K/0001041061-18-000013/primary-document.html
2026-02-23 15:34:00,465 [src.preprocess] DEBUG: Extracted 15 HTML titles from data/10k_raw/YUM/10-K/0001041061-19-000010/primary-document.html
2026-02-23 15:34:00,699 [src.preprocess] DEBUG: Extracted 15 HTML titles from data/10k_raw/YUM/10-K/0001041061-20-000015/primary-document.html
2026-02-23 15:34:00,832 [src.preprocess] DEBUG: Extracted 16 HTML titles from data/10k_raw/YUM/10-K/0001041061-21-000012/primary-document.html
2026-02-23 15:34:00,966 [src.preprocess] DEBUG: Extracted 16 HTML titles from data/10k_raw/YUM/10-K/0001041061-22-000009/primary-document.html
2026-02-23 15:34:01,098 [src.preprocess] DEBUG: Extracted 14 HTML titles from data/10k_raw/YUM/10-K/0001041061-23-000009/primary-document.html
2026-02-23 15:34:01,207 [src.preprocess] DEBUG: Extracted 15 HTML titles from data/10k_raw/YUM/10-K/0001041061-24-000011/primary-document.html
2026-02-23 15:34:01,421 [src.preprocess] DEBUG: Extracted 40 HTML titles from data/10k_raw/ZBH/10-K/0000950170-23-004264/primary-document.html
2026-02-23 15:34:01,571 [src.preprocess] DEBUG: Extracted 37 HTML titles from data/10k_raw/ZBH/10-K/0000950170-24-019353/primary-document.html
2026-02-23 15:34:01,683 [src.preprocess] DEBUG: Extracted 0 HTML titles from data/10k_raw/ZBH/10-K/0001193125-15-058361/primary-document.html
2026-02-23 15:34:01,767 [src.preprocess] DEBUG: Extracted 0 HTML titles from data/10k_raw/ZBH/10-K/0001193125-16-485039/primary-document.html
2026-02-23 15:34:01,851 [src.preprocess] DEBUG: Extracted 0 HTML titles from data/10k_raw/ZBH/10-K/0001193125-17-065632/primary-document.html
2026-02-23 15:34:02,038 [src.preprocess] DEBUG: Extracted 25 HTML titles from data/10k_raw/ZBH/10-K/0001564590-18-003549/primary-document.html
2026-02-23 15:34:02,038 [src.preprocess] DEBUG: Filtered 2 / 25 HTML titles against item_1a text
2026-02-23 15:34:02,226 [src.preprocess] DEBUG: Extracted 23 HTML titles from data/10k_raw/ZBH/10-K/0001564590-19-004283/primary-document.html
2026-02-23 15:34:02,226 [src.preprocess] DEBUG: Filtered 2 / 23 HTML titles against item_1a text
2026-02-23 15:34:02,429 [src.preprocess] DEBUG: Extracted 18 HTML titles from data/10k_raw/ZBH/10-K/0001564590-20-005657/primary-document.html
2026-02-23 15:34:02,676 [src.preprocess] DEBUG: Extracted 26 HTML titles from data/10k_raw/ZBH/10-K/0001564590-21-007163/primary-document.html
2026-02-23 15:34:02,676 [src.preprocess] DEBUG: Filtered 2 / 26 HTML titles against item_1a text
2026-02-23 15:34:02,890 [src.preprocess] DEBUG: Extracted 22 HTML titles from data/10k_raw/ZBH/10-K/0001564590-22-007160/primary-document.html
2026-02-23 15:34:02,890 [src.preprocess] DEBUG: Filtered 1 / 22 HTML titles against item_1a text
2026-02-23 15:34:02,972 [src.preprocess] DEBUG: Extracted 4 HTML titles from data/10k_raw/ZBRA/10-K/0000877212-17-000009/primary-document.html
2026-02-23 15:34:03,050 [src.preprocess] DEBUG: Extracted 3 HTML titles from data/10k_raw/ZBRA/10-K/0000877212-18-000011/primary-document.html
2026-02-23 15:34:03,124 [src.preprocess] DEBUG: Extracted 1 HTML titles from data/10k_raw/ZBRA/10-K/0000877212-19-000011/primary-document.html
2026-02-23 15:34:03,222 [src.preprocess] DEBUG: Extracted 5 HTML titles from data/10k_raw/ZBRA/10-K/0000877212-20-000006/primary-document.html
2026-02-23 15:34:03,308 [src.preprocess] DEBUG: Extracted 5 HTML titles from data/10k_raw/ZBRA/10-K/0000877212-21-000008/primary-document.html
2026-02-23 15:34:03,394 [src.preprocess] DEBUG: Extracted 5 HTML titles from data/10k_raw/ZBRA/10-K/0000877212-22-000026/primary-document.html
2026-02-23 15:34:03,479 [src.preprocess] DEBUG: Extracted 5 HTML titles from data/10k_raw/ZBRA/10-K/0000877212-23-000025/primary-document.html
2026-02-23 15:34:03,549 [src.preprocess] DEBUG: Extracted 5 HTML titles from data/10k_raw/ZBRA/10-K/0000877212-24-000029/primary-document.html
2026-02-23 15:34:03,624 [src.preprocess] DEBUG: Extracted 0 HTML titles from data/10k_raw/ZBRA/10-K/0001193125-15-095560/primary-document.html
2026-02-23 15:34:03,746 [src.preprocess] DEBUG: Extracted 4 HTML titles from data/10k_raw/ZBRA/10-K/0001628280-16-011978/primary-document.html
2026-02-23 15:34:03,883 [src.preprocess] DEBUG: Extracted 84 HTML titles from data/10k_raw/ZTS/10-K/0001555280-15-000057/primary-document.html
2026-02-23 15:34:04,029 [src.preprocess] DEBUG: Extracted 84 HTML titles from data/10k_raw/ZTS/10-K/0001555280-16-000344/primary-document.html
2026-02-23 15:34:04,164 [src.preprocess] DEBUG: Extracted 80 HTML titles from data/10k_raw/ZTS/10-K/0001555280-17-000044/primary-document.html
2026-02-23 15:34:04,339 [src.preprocess] DEBUG: Extracted 80 HTML titles from data/10k_raw/ZTS/10-K/0001555280-18-000053/primary-document.html
2026-02-23 15:34:04,481 [src.preprocess] DEBUG: Extracted 77 HTML titles from data/10k_raw/ZTS/10-K/0001555280-19-000041/primary-document.html
2026-02-23 15:34:04,649 [src.preprocess] DEBUG: Extracted 91 HTML titles from data/10k_raw/ZTS/10-K/0001555280-20-000054/primary-document.html
2026-02-23 15:34:04,798 [src.preprocess] DEBUG: Extracted 101 HTML titles from data/10k_raw/ZTS/10-K/0001555280-21-000098/primary-document.html
2026-02-23 15:34:04,978 [src.preprocess] DEBUG: Extracted 101 HTML titles from data/10k_raw/ZTS/10-K/0001555280-22-000078/primary-document.html
2026-02-23 15:34:05,113 [src.preprocess] DEBUG: Extracted 92 HTML titles from data/10k_raw/ZTS/10-K/0001555280-23-000074/primary-document.html
2026-02-23 15:34:05,227 [src.preprocess] DEBUG: Extracted 93 HTML titles from data/10k_raw/ZTS/10-K/0001555280-24-000143/primary-document.html
2026-02-23 15:34:05,236 [src.preprocess] INFO: Extraction complete: 842904 paragraphs from 4420 files (3307 title-split, 1113 fallback, 0 skipped, 0 errors)
2026-02-23 15:34:05,500 [src.preprocess] INFO: === Short paragraphs observation ===
2026-02-23 15:34:05,500 [src.preprocess] INFO: Total paragraphs (no filter): 842904
2026-02-23 15:34:05,501 [src.preprocess] INFO: Paragraphs < 100 chars: 91534 (10.9%)
2026-02-23 15:34:05,501 [src.preprocess] INFO: Length distribution (bucket -> count):
2026-02-23 15:34:05,501 [src.preprocess] INFO:   0-49 chars: 55917
2026-02-23 15:34:05,501 [src.preprocess] INFO:   50-99 chars: 35617
2026-02-23 15:34:05,501 [src.preprocess] INFO:   100-149 chars: 38139
2026-02-23 15:34:05,501 [src.preprocess] INFO:   150-199 chars: 33387
2026-02-23 15:34:05,501 [src.preprocess] INFO:   200-249 chars: 31615
2026-02-23 15:34:05,501 [src.preprocess] INFO:   250-299 chars: 27041
2026-02-23 15:34:05,501 [src.preprocess] INFO:   300-349 chars: 25391
2026-02-23 15:34:05,501 [src.preprocess] INFO:   350-399 chars: 22628
2026-02-23 15:34:05,501 [src.preprocess] INFO:   400-449 chars: 20886
2026-02-23 15:34:05,501 [src.preprocess] INFO:   450-499 chars: 19320
2026-02-23 15:34:05,501 [src.preprocess] INFO:   500-549 chars: 18099
2026-02-23 15:34:05,501 [src.preprocess] INFO:   550-599 chars: 17617
2026-02-23 15:34:05,501 [src.preprocess] INFO:   600-649 chars: 16500
2026-02-23 15:34:05,501 [src.preprocess] INFO:   650-699 chars: 15869
2026-02-23 15:34:05,501 [src.preprocess] INFO:   700-749 chars: 15811
2026-02-23 15:34:05,501 [src.preprocess] INFO:   750-799 chars: 15023
2026-02-23 15:34:05,501 [src.preprocess] INFO:   800-849 chars: 14304
2026-02-23 15:34:05,501 [src.preprocess] INFO:   850-899 chars: 14066
2026-02-23 15:34:05,501 [src.preprocess] INFO:   900-949 chars: 13664
2026-02-23 15:34:05,501 [src.preprocess] INFO:   950-999 chars: 13479
2026-02-23 15:34:05,501 [src.preprocess] INFO:   1000-1049 chars: 13822
2026-02-23 15:34:05,501 [src.preprocess] INFO:   1050-1099 chars: 14683
2026-02-23 15:34:05,501 [src.preprocess] INFO:   1100-1149 chars: 15727
2026-02-23 15:34:05,501 [src.preprocess] INFO:   1150-1199 chars: 18149
2026-02-23 15:34:05,501 [src.preprocess] INFO:   1200-1249 chars: 22523
2026-02-23 15:34:05,501 [src.preprocess] INFO:   1250-1299 chars: 32502
2026-02-23 15:34:05,501 [src.preprocess] INFO:   1300-1349 chars: 43519
2026-02-23 15:34:05,501 [src.preprocess] INFO:   1350-1399 chars: 58380
2026-02-23 15:34:05,501 [src.preprocess] INFO:   1400-1449 chars: 69324
2026-02-23 15:34:05,501 [src.preprocess] INFO:   1450-1499 chars: 73459
2026-02-23 15:34:05,501 [src.preprocess] INFO:   1500-1549 chars: 3000
2026-02-23 15:34:05,501 [src.preprocess] INFO:   1550-1599 chars: 1340
2026-02-23 15:34:05,501 [src.preprocess] INFO:   1600-1649 chars: 932
2026-02-23 15:34:05,501 [src.preprocess] INFO:   1650-1699 chars: 748
2026-02-23 15:34:05,501 [src.preprocess] INFO:   1700-1749 chars: 716
2026-02-23 15:34:05,501 [src.preprocess] INFO:   1750-1799 chars: 598
2026-02-23 15:34:05,501 [src.preprocess] INFO:   1800-1849 chars: 523
2026-02-23 15:34:05,501 [src.preprocess] INFO:   1850-1899 chars: 476
2026-02-23 15:34:05,501 [src.preprocess] INFO:   1900-1949 chars: 460
2026-02-23 15:34:05,501 [src.preprocess] INFO:   1950-1999 chars: 411
2026-02-23 15:34:05,501 [src.preprocess] INFO:   2000-2049 chars: 374
2026-02-23 15:34:05,501 [src.preprocess] INFO:   2050-2099 chars: 334
2026-02-23 15:34:05,501 [src.preprocess] INFO:   2100-2149 chars: 324
2026-02-23 15:34:05,501 [src.preprocess] INFO:   2150-2199 chars: 312
2026-02-23 15:34:05,501 [src.preprocess] INFO:   2200-2249 chars: 289
2026-02-23 15:34:05,501 [src.preprocess] INFO:   2250-2299 chars: 277
2026-02-23 15:34:05,501 [src.preprocess] INFO:   2300-2349 chars: 248
2026-02-23 15:34:05,501 [src.preprocess] INFO:   2350-2399 chars: 221
2026-02-23 15:34:05,501 [src.preprocess] INFO:   2400-2449 chars: 238
2026-02-23 15:34:05,501 [src.preprocess] INFO:   2450-2499 chars: 235
2026-02-23 15:34:05,501 [src.preprocess] INFO:   2500-2549 chars: 228
2026-02-23 15:34:05,501 [src.preprocess] INFO:   2550-2599 chars: 231
2026-02-23 15:34:05,501 [src.preprocess] INFO:   2600-2649 chars: 183
2026-02-23 15:34:05,501 [src.preprocess] INFO:   2650-2699 chars: 201
2026-02-23 15:34:05,501 [src.preprocess] INFO:   2700-2749 chars: 172
2026-02-23 15:34:05,501 [src.preprocess] INFO:   2750-2799 chars: 146
2026-02-23 15:34:05,501 [src.preprocess] INFO:   2800-2849 chars: 143
2026-02-23 15:34:05,501 [src.preprocess] INFO:   2850-2899 chars: 148
2026-02-23 15:34:05,501 [src.preprocess] INFO:   2900-2949 chars: 131
2026-02-23 15:34:05,501 [src.preprocess] INFO:   2950-2999 chars: 127
2026-02-23 15:34:05,501 [src.preprocess] INFO:   3000-3049 chars: 123
2026-02-23 15:34:05,501 [src.preprocess] INFO:   3050-3099 chars: 103
2026-02-23 15:34:05,501 [src.preprocess] INFO:   3100-3149 chars: 84
2026-02-23 15:34:05,501 [src.preprocess] INFO:   3150-3199 chars: 84
2026-02-23 15:34:05,501 [src.preprocess] INFO:   3200-3249 chars: 102
2026-02-23 15:34:05,501 [src.preprocess] INFO:   3250-3299 chars: 92
2026-02-23 15:34:05,501 [src.preprocess] INFO:   3300-3349 chars: 78
2026-02-23 15:34:05,501 [src.preprocess] INFO:   3350-3399 chars: 79
2026-02-23 15:34:05,501 [src.preprocess] INFO:   3400-3449 chars: 65
2026-02-23 15:34:05,501 [src.preprocess] INFO:   3450-3499 chars: 75
2026-02-23 15:34:05,501 [src.preprocess] INFO:   3500-3549 chars: 33
2026-02-23 15:34:05,501 [src.preprocess] INFO:   3550-3599 chars: 61
2026-02-23 15:34:05,501 [src.preprocess] INFO:   3600-3649 chars: 67
2026-02-23 15:34:05,501 [src.preprocess] INFO:   3650-3699 chars: 56
2026-02-23 15:34:05,501 [src.preprocess] INFO:   3700-3749 chars: 56
2026-02-23 15:34:05,501 [src.preprocess] INFO:   3750-3799 chars: 58
2026-02-23 15:34:05,501 [src.preprocess] INFO:   3800-3849 chars: 57
2026-02-23 15:34:05,501 [src.preprocess] INFO:   3850-3899 chars: 64
2026-02-23 15:34:05,501 [src.preprocess] INFO:   3900-3949 chars: 51
2026-02-23 15:34:05,501 [src.preprocess] INFO:   3950-3999 chars: 43
2026-02-23 15:34:05,501 [src.preprocess] INFO:   4000-4049 chars: 46
2026-02-23 15:34:05,501 [src.preprocess] INFO:   4050-4099 chars: 29
2026-02-23 15:34:05,501 [src.preprocess] INFO:   4100-4149 chars: 37
2026-02-23 15:34:05,501 [src.preprocess] INFO:   4150-4199 chars: 49
2026-02-23 15:34:05,501 [src.preprocess] INFO:   4200-4249 chars: 38
2026-02-23 15:34:05,501 [src.preprocess] INFO:   4250-4299 chars: 35
2026-02-23 15:34:05,501 [src.preprocess] INFO:   4300-4349 chars: 38
2026-02-23 15:34:05,501 [src.preprocess] INFO:   4350-4399 chars: 34
2026-02-23 15:34:05,501 [src.preprocess] INFO:   4400-4449 chars: 29
2026-02-23 15:34:05,501 [src.preprocess] INFO:   4450-4499 chars: 26
2026-02-23 15:34:05,501 [src.preprocess] INFO:   4500-4549 chars: 32
2026-02-23 15:34:05,501 [src.preprocess] INFO:   4550-4599 chars: 28
2026-02-23 15:34:05,501 [src.preprocess] INFO:   4600-4649 chars: 24
2026-02-23 15:34:05,501 [src.preprocess] INFO:   4650-4699 chars: 19
2026-02-23 15:34:05,501 [src.preprocess] INFO:   4700-4749 chars: 18
2026-02-23 15:34:05,501 [src.preprocess] INFO:   4750-4799 chars: 24
2026-02-23 15:34:05,501 [src.preprocess] INFO:   4800-4849 chars: 18
2026-02-23 15:34:05,501 [src.preprocess] INFO:   4850-4899 chars: 17
2026-02-23 15:34:05,501 [src.preprocess] INFO:   4900-4949 chars: 22
2026-02-23 15:34:05,501 [src.preprocess] INFO:   4950-4999 chars: 14
2026-02-23 15:34:05,501 [src.preprocess] INFO:   5000-5049 chars: 18
2026-02-23 15:34:05,501 [src.preprocess] INFO:   5050-5099 chars: 11
2026-02-23 15:34:05,501 [src.preprocess] INFO:   5100-5149 chars: 9
2026-02-23 15:34:05,501 [src.preprocess] INFO:   5150-5199 chars: 15
2026-02-23 15:34:05,502 [src.preprocess] INFO:   5200-5249 chars: 11
2026-02-23 15:34:05,502 [src.preprocess] INFO:   5250-5299 chars: 9
2026-02-23 15:34:05,502 [src.preprocess] INFO:   5300-5349 chars: 13
2026-02-23 15:34:05,502 [src.preprocess] INFO:   5350-5399 chars: 14
2026-02-23 15:34:05,502 [src.preprocess] INFO:   5400-5449 chars: 16
2026-02-23 15:34:05,502 [src.preprocess] INFO:   5450-5499 chars: 9
2026-02-23 15:34:05,502 [src.preprocess] INFO:   5500-5549 chars: 10
2026-02-23 15:34:05,502 [src.preprocess] INFO:   5550-5599 chars: 8
2026-02-23 15:34:05,502 [src.preprocess] INFO:   5600-5649 chars: 17
2026-02-23 15:34:05,502 [src.preprocess] INFO:   5650-5699 chars: 11
2026-02-23 15:34:05,502 [src.preprocess] INFO:   5700-5749 chars: 11
2026-02-23 15:34:05,502 [src.preprocess] INFO:   5750-5799 chars: 11
2026-02-23 15:34:05,502 [src.preprocess] INFO:   5800-5849 chars: 7
2026-02-23 15:34:05,502 [src.preprocess] INFO:   5850-5899 chars: 9
2026-02-23 15:34:05,502 [src.preprocess] INFO:   5900-5949 chars: 12
2026-02-23 15:34:05,502 [src.preprocess] INFO:   5950-5999 chars: 9
2026-02-23 15:34:05,502 [src.preprocess] INFO:   6000-6049 chars: 8
2026-02-23 15:34:05,502 [src.preprocess] INFO:   6050-6099 chars: 1
2026-02-23 15:34:05,502 [src.preprocess] INFO:   6100-6149 chars: 6
2026-02-23 15:34:05,502 [src.preprocess] INFO:   6150-6199 chars: 9
2026-02-23 15:34:05,502 [src.preprocess] INFO:   6200-6249 chars: 10
2026-02-23 15:34:05,502 [src.preprocess] INFO:   6250-6299 chars: 9
2026-02-23 15:34:05,502 [src.preprocess] INFO:   6300-6349 chars: 10
2026-02-23 15:34:05,502 [src.preprocess] INFO:   6350-6399 chars: 8
2026-02-23 15:34:05,502 [src.preprocess] INFO:   6400-6449 chars: 7
2026-02-23 15:34:05,502 [src.preprocess] INFO:   6450-6499 chars: 10
2026-02-23 15:34:05,502 [src.preprocess] INFO:   6500-6549 chars: 6
2026-02-23 15:34:05,502 [src.preprocess] INFO:   6550-6599 chars: 5
2026-02-23 15:34:05,502 [src.preprocess] INFO:   6600-6649 chars: 6
2026-02-23 15:34:05,502 [src.preprocess] INFO:   6650-6699 chars: 4
2026-02-23 15:34:05,502 [src.preprocess] INFO:   6700-6749 chars: 12
2026-02-23 15:34:05,502 [src.preprocess] INFO:   6750-6799 chars: 5
2026-02-23 15:34:05,502 [src.preprocess] INFO:   6800-6849 chars: 5
2026-02-23 15:34:05,502 [src.preprocess] INFO:   6850-6899 chars: 3
2026-02-23 15:34:05,502 [src.preprocess] INFO:   6900-6949 chars: 7
2026-02-23 15:34:05,502 [src.preprocess] INFO:   6950-6999 chars: 3
2026-02-23 15:34:05,502 [src.preprocess] INFO:   7000-7049 chars: 2
2026-02-23 15:34:05,502 [src.preprocess] INFO:   7050-7099 chars: 3
2026-02-23 15:34:05,502 [src.preprocess] INFO:   7100-7149 chars: 6
2026-02-23 15:34:05,502 [src.preprocess] INFO:   7150-7199 chars: 6
2026-02-23 15:34:05,502 [src.preprocess] INFO:   7200-7249 chars: 10
2026-02-23 15:34:05,502 [src.preprocess] INFO:   7250-7299 chars: 5
2026-02-23 15:34:05,502 [src.preprocess] INFO:   7300-7349 chars: 3
2026-02-23 15:34:05,502 [src.preprocess] INFO:   7350-7399 chars: 4
2026-02-23 15:34:05,502 [src.preprocess] INFO:   7400-7449 chars: 1
2026-02-23 15:34:05,502 [src.preprocess] INFO:   7450-7499 chars: 4
2026-02-23 15:34:05,502 [src.preprocess] INFO:   7500-7549 chars: 2
2026-02-23 15:34:05,502 [src.preprocess] INFO:   7550-7599 chars: 5
2026-02-23 15:34:05,502 [src.preprocess] INFO:   7600-7649 chars: 1
2026-02-23 15:34:05,502 [src.preprocess] INFO:   7650-7699 chars: 3
2026-02-23 15:34:05,502 [src.preprocess] INFO:   7700-7749 chars: 3
2026-02-23 15:34:05,502 [src.preprocess] INFO:   7750-7799 chars: 2
2026-02-23 15:34:05,502 [src.preprocess] INFO:   7800-7849 chars: 4
2026-02-23 15:34:05,502 [src.preprocess] INFO:   7850-7899 chars: 4
2026-02-23 15:34:05,502 [src.preprocess] INFO:   7900-7949 chars: 6
2026-02-23 15:34:05,502 [src.preprocess] INFO:   7950-7999 chars: 4
2026-02-23 15:34:05,502 [src.preprocess] INFO:   8000-8049 chars: 5
2026-02-23 15:34:05,502 [src.preprocess] INFO:   8050-8099 chars: 9
2026-02-23 15:34:05,502 [src.preprocess] INFO:   8100-8149 chars: 3
2026-02-23 15:34:05,502 [src.preprocess] INFO:   8150-8199 chars: 2
2026-02-23 15:34:05,502 [src.preprocess] INFO:   8200-8249 chars: 3
2026-02-23 15:34:05,502 [src.preprocess] INFO:   8300-8349 chars: 3
2026-02-23 15:34:05,502 [src.preprocess] INFO:   8350-8399 chars: 2
2026-02-23 15:34:05,502 [src.preprocess] INFO:   8400-8449 chars: 3
2026-02-23 15:34:05,502 [src.preprocess] INFO:   8450-8499 chars: 2
2026-02-23 15:34:05,502 [src.preprocess] INFO:   8500-8549 chars: 1
2026-02-23 15:34:05,502 [src.preprocess] INFO:   8550-8599 chars: 1
2026-02-23 15:34:05,502 [src.preprocess] INFO:   8600-8649 chars: 3
2026-02-23 15:34:05,502 [src.preprocess] INFO:   8650-8699 chars: 3
2026-02-23 15:34:05,502 [src.preprocess] INFO:   8700-8749 chars: 4
2026-02-23 15:34:05,502 [src.preprocess] INFO:   8750-8799 chars: 1
2026-02-23 15:34:05,502 [src.preprocess] INFO:   8800-8849 chars: 2
2026-02-23 15:34:05,502 [src.preprocess] INFO:   8850-8899 chars: 2
2026-02-23 15:34:05,502 [src.preprocess] INFO:   8900-8949 chars: 3
2026-02-23 15:34:05,502 [src.preprocess] INFO:   8950-8999 chars: 4
2026-02-23 15:34:05,502 [src.preprocess] INFO:   9000-9049 chars: 3
2026-02-23 15:34:05,502 [src.preprocess] INFO:   9050-9099 chars: 4
2026-02-23 15:34:05,502 [src.preprocess] INFO:   9100-9149 chars: 5
2026-02-23 15:34:05,502 [src.preprocess] INFO:   9150-9199 chars: 3
2026-02-23 15:34:05,502 [src.preprocess] INFO:   9200-9249 chars: 1
2026-02-23 15:34:05,502 [src.preprocess] INFO:   9250-9299 chars: 4
2026-02-23 15:34:05,502 [src.preprocess] INFO:   9350-9399 chars: 2
2026-02-23 15:34:05,502 [src.preprocess] INFO:   9400-9449 chars: 1
2026-02-23 15:34:05,502 [src.preprocess] INFO:   9450-9499 chars: 2
2026-02-23 15:34:05,502 [src.preprocess] INFO:   9500-9549 chars: 3
2026-02-23 15:34:05,502 [src.preprocess] INFO:   9550-9599 chars: 2
2026-02-23 15:34:05,502 [src.preprocess] INFO:   9600-9649 chars: 2
2026-02-23 15:34:05,502 [src.preprocess] INFO:   9650-9699 chars: 4
2026-02-23 15:34:05,502 [src.preprocess] INFO:   9700-9749 chars: 2
2026-02-23 15:34:05,502 [src.preprocess] INFO:   9750-9799 chars: 5
2026-02-23 15:34:05,502 [src.preprocess] INFO:   9800-9849 chars: 1
2026-02-23 15:34:05,502 [src.preprocess] INFO:   9850-9899 chars: 5
2026-02-23 15:34:05,502 [src.preprocess] INFO:   9900-9949 chars: 4
2026-02-23 15:34:05,502 [src.preprocess] INFO:   9950-9999 chars: 2
2026-02-23 15:34:05,502 [src.preprocess] INFO:   10000-10049 chars: 1
2026-02-23 15:34:05,502 [src.preprocess] INFO:   10050-10099 chars: 3
2026-02-23 15:34:05,502 [src.preprocess] INFO:   10100-10149 chars: 3
2026-02-23 15:34:05,502 [src.preprocess] INFO:   10150-10199 chars: 2
2026-02-23 15:34:05,502 [src.preprocess] INFO:   10200-10249 chars: 1
2026-02-23 15:34:05,502 [src.preprocess] INFO:   10250-10299 chars: 2
2026-02-23 15:34:05,502 [src.preprocess] INFO:   10300-10349 chars: 1
2026-02-23 15:34:05,502 [src.preprocess] INFO:   10350-10399 chars: 2
2026-02-23 15:34:05,502 [src.preprocess] INFO:   10400-10449 chars: 5
2026-02-23 15:34:05,502 [src.preprocess] INFO:   10450-10499 chars: 1
2026-02-23 15:34:05,502 [src.preprocess] INFO:   10500-10549 chars: 1
2026-02-23 15:34:05,502 [src.preprocess] INFO:   10600-10649 chars: 1
2026-02-23 15:34:05,502 [src.preprocess] INFO:   10650-10699 chars: 1
2026-02-23 15:34:05,502 [src.preprocess] INFO:   10700-10749 chars: 3
2026-02-23 15:34:05,502 [src.preprocess] INFO:   10800-10849 chars: 1
2026-02-23 15:34:05,502 [src.preprocess] INFO:   10900-10949 chars: 2
2026-02-23 15:34:05,502 [src.preprocess] INFO:   10950-10999 chars: 2
2026-02-23 15:34:05,502 [src.preprocess] INFO:   11000-11049 chars: 1
2026-02-23 15:34:05,502 [src.preprocess] INFO:   11050-11099 chars: 2
2026-02-23 15:34:05,503 [src.preprocess] INFO:   11100-11149 chars: 2
2026-02-23 15:34:05,503 [src.preprocess] INFO:   11200-11249 chars: 3
2026-02-23 15:34:05,503 [src.preprocess] INFO:   11250-11299 chars: 1
2026-02-23 15:34:05,503 [src.preprocess] INFO:   11300-11349 chars: 1
2026-02-23 15:34:05,503 [src.preprocess] INFO:   11350-11399 chars: 2
2026-02-23 15:34:05,503 [src.preprocess] INFO:   11500-11549 chars: 3
2026-02-23 15:34:05,503 [src.preprocess] INFO:   11550-11599 chars: 1
2026-02-23 15:34:05,503 [src.preprocess] INFO:   11700-11749 chars: 1
2026-02-23 15:34:05,503 [src.preprocess] INFO:   11750-11799 chars: 1
2026-02-23 15:34:05,503 [src.preprocess] INFO:   11800-11849 chars: 1
2026-02-23 15:34:05,503 [src.preprocess] INFO:   11850-11899 chars: 1
2026-02-23 15:34:05,503 [src.preprocess] INFO:   11900-11949 chars: 1
2026-02-23 15:34:05,503 [src.preprocess] INFO:   12000-12049 chars: 2
2026-02-23 15:34:05,503 [src.preprocess] INFO:   12050-12099 chars: 2
2026-02-23 15:34:05,503 [src.preprocess] INFO:   12100-12149 chars: 1
2026-02-23 15:34:05,503 [src.preprocess] INFO:   12150-12199 chars: 1
2026-02-23 15:34:05,503 [src.preprocess] INFO:   12200-12249 chars: 2
2026-02-23 15:34:05,503 [src.preprocess] INFO:   12350-12399 chars: 1
2026-02-23 15:34:05,503 [src.preprocess] INFO:   12500-12549 chars: 3
2026-02-23 15:34:05,503 [src.preprocess] INFO:   12550-12599 chars: 3
2026-02-23 15:34:05,503 [src.preprocess] INFO:   13100-13149 chars: 1
2026-02-23 15:34:05,503 [src.preprocess] INFO:   13150-13199 chars: 1
2026-02-23 15:34:05,503 [src.preprocess] INFO:   13350-13399 chars: 2
2026-02-23 15:34:05,503 [src.preprocess] INFO:   13400-13449 chars: 1
2026-02-23 15:34:05,503 [src.preprocess] INFO:   13550-13599 chars: 1
2026-02-23 15:34:05,503 [src.preprocess] INFO:   13600-13649 chars: 1
2026-02-23 15:34:05,503 [src.preprocess] INFO:   13750-13799 chars: 1
2026-02-23 15:34:05,503 [src.preprocess] INFO:   13900-13949 chars: 2
2026-02-23 15:34:05,503 [src.preprocess] INFO:   14150-14199 chars: 2
2026-02-23 15:34:05,503 [src.preprocess] INFO:   14500-14549 chars: 1
2026-02-23 15:34:05,503 [src.preprocess] INFO:   14600-14649 chars: 2
2026-02-23 15:34:05,503 [src.preprocess] INFO:   14650-14699 chars: 2
2026-02-23 15:34:05,503 [src.preprocess] INFO:   14900-14949 chars: 1
2026-02-23 15:34:05,503 [src.preprocess] INFO:   15050-15099 chars: 1
2026-02-23 15:34:05,503 [src.preprocess] INFO:   15100-15149 chars: 2
2026-02-23 15:34:05,503 [src.preprocess] INFO:   15300-15349 chars: 1
2026-02-23 15:34:05,503 [src.preprocess] INFO:   15400-15449 chars: 1
2026-02-23 15:34:05,503 [src.preprocess] INFO:   15650-15699 chars: 1
2026-02-23 15:34:05,503 [src.preprocess] INFO:   15800-15849 chars: 1
2026-02-23 15:34:05,503 [src.preprocess] INFO:   15850-15899 chars: 1
2026-02-23 15:34:05,503 [src.preprocess] INFO:   15950-15999 chars: 1
2026-02-23 15:34:05,503 [src.preprocess] INFO:   16150-16199 chars: 1
2026-02-23 15:34:05,503 [src.preprocess] INFO:   16650-16699 chars: 1
2026-02-23 15:34:05,503 [src.preprocess] INFO:   16750-16799 chars: 1
2026-02-23 15:34:05,503 [src.preprocess] INFO:   17300-17349 chars: 1
2026-02-23 15:34:05,503 [src.preprocess] INFO:   17350-17399 chars: 1
2026-02-23 15:34:05,503 [src.preprocess] INFO:   17650-17699 chars: 1
2026-02-23 15:34:05,503 [src.preprocess] INFO:   18200-18249 chars: 1
2026-02-23 15:34:05,503 [src.preprocess] INFO:   18400-18449 chars: 1
2026-02-23 15:34:05,503 [src.preprocess] INFO:   18450-18499 chars: 2
2026-02-23 15:34:05,503 [src.preprocess] INFO:   18900-18949 chars: 1
2026-02-23 15:34:05,503 [src.preprocess] INFO:   19200-19249 chars: 1
2026-02-23 15:34:05,503 [src.preprocess] INFO:   20700-20749 chars: 1
2026-02-23 15:34:05,503 [src.preprocess] INFO:   20800-20849 chars: 1
2026-02-23 15:34:05,503 [src.preprocess] INFO:   20950-20999 chars: 1
2026-02-23 15:34:05,503 [src.preprocess] INFO:   33300-33349 chars: 1
2026-02-23 15:34:05,503 [src.preprocess] INFO:   36100-36149 chars: 1
2026-02-23 15:34:05,503 [src.preprocess] INFO:   36700-36749 chars: 1
2026-02-23 15:34:05,503 [src.preprocess] INFO:   42300-42349 chars: 1
2026-02-23 15:34:05,503 [src.preprocess] INFO:   49850-49899 chars: 1
2026-02-23 15:34:05,503 [src.preprocess] INFO:   51500-51549 chars: 1
2026-02-23 15:34:05,592 [src.preprocess] INFO: After filtering (>= 100 chars): 751370 kept, 91534 filtered out
2026-02-23 15:34:14,680 [src.preprocess] INFO: Exported 751370 paragraphs -> data/10k_1A/paragraphs.csv, data/10k_1A/paragraphs.json
2026-02-23 15:34:14,789 [src.preprocess] INFO: Exported 91534 filtered (short) paragraphs -> data/10k_1A/filtered_paragraphs.csv
2026-02-23 15:34:15,104 [src.preprocess] INFO: === Preprocessing Statistics ===
2026-02-23 15:34:15,104 [src.preprocess] INFO: Total paragraphs: 751370
2026-02-23 15:34:15,104 [src.preprocess] INFO: Unique tickers: 410
2026-02-23 15:34:15,104 [src.preprocess] INFO: Skipped files (empty item_1a): 0
2026-02-23 15:34:15,104 [src.preprocess] INFO: Error files (parse failure): 0
2026-02-23 15:34:15,104 [src.preprocess] INFO: Char count — mean: 925.7, median: 1010.0, min: 100, max: 51508
2026-02-23 15:34:15,104 [src.preprocess] INFO: Year distribution: {2015: 60806, 2016: 64916, 2017: 72030, 2018: 77161, 2019: 77325, 2020: 80461, 2021: 82475, 2022: 83318, 2023: 75922, 2024: 76956}
2026-02-23 15:34:15,104 [src.preprocess] INFO: Stats saved to data/10k_1A/stats.json
2026-02-23 16:02:59,177 [src.finbert.classify] INFO: ============================================================
2026-02-23 16:02:59,177 [src.finbert.classify] INFO: Starting FinBERT classification
2026-02-23 16:02:59,177 [src.finbert.classify] INFO: ============================================================
2026-02-23 16:02:59,177 [src.finbert.classify] INFO: Loading paragraphs from data/10k_1A/paragraphs.json
2026-02-23 16:03:03,808 [src.finbert.classify] INFO: Loaded 751370 paragraphs
2026-02-23 16:03:03,808 [src.finbert.classify] INFO: Loading model: yiyanghkust/finbert-esg-9-categories
2026-02-23 16:03:05,691 [src.finbert.classify] INFO: Using GPU device 0 (NVIDIA GeForce RTX 4090)
2026-02-23 16:03:05,820 [src.finbert.classify] INFO: Model loaded successfully
2026-02-23 16:03:05,847 [src.finbert.classify] INFO: Computing token statistics for 751370 texts...
2026-02-23 16:03:30,331 [src.finbert.classify] INFO: === Token Statistics ===
2026-02-23 16:03:30,331 [src.finbert.classify] INFO: Total: 751370, Truncated: 5113 (0.7%)
2026-02-23 16:03:30,331 [src.finbert.classify] INFO: Avg truncation ratio (truncated only): 28.22%
2026-02-23 16:03:30,331 [src.finbert.classify] INFO: Token length — mean: 174.7, min: 4, max: 25358
2026-02-23 16:03:30,331 [src.finbert.classify] INFO: Saved token stats to data/10k_1A/token_stats.json
2026-02-23 16:03:33,560 [src.finbert.classify] INFO: Classified 1024 / 751370 (0.1%)
2026-02-23 16:03:36,532 [src.finbert.classify] INFO: Classified 2016 / 751370 (0.3%)
2026-02-23 16:03:39,324 [src.finbert.classify] INFO: Classified 3008 / 751370 (0.4%)
2026-02-23 16:03:42,140 [src.finbert.classify] INFO: Classified 4000 / 751370 (0.5%)
2026-02-23 16:03:45,164 [src.finbert.classify] INFO: Classified 5024 / 751370 (0.7%)
2026-02-23 16:03:45,203 [src.finbert.classify] INFO: Checkpoint saved at 5024 paragraphs
2026-02-23 16:03:48,182 [src.finbert.classify] INFO: Classified 6016 / 751370 (0.8%)
2026-02-23 16:03:51,514 [src.finbert.classify] INFO: Classified 7008 / 751370 (0.9%)
2026-02-23 16:03:54,848 [src.finbert.classify] INFO: Classified 8000 / 751370 (1.1%)
2026-02-23 16:03:57,773 [src.finbert.classify] INFO: Classified 9024 / 751370 (1.2%)
2026-02-23 16:04:00,593 [src.finbert.classify] INFO: Classified 10016 / 751370 (1.3%)
2026-02-23 16:04:00,677 [src.finbert.classify] INFO: Checkpoint saved at 10016 paragraphs
2026-02-23 16:04:03,339 [src.finbert.classify] INFO: Classified 11008 / 751370 (1.5%)
2026-02-23 16:04:06,102 [src.finbert.classify] INFO: Classified 12000 / 751370 (1.6%)
2026-02-23 16:04:09,315 [src.finbert.classify] INFO: Classified 13024 / 751370 (1.7%)
2026-02-23 16:04:12,443 [src.finbert.classify] INFO: Classified 14016 / 751370 (1.9%)
2026-02-23 16:04:15,622 [src.finbert.classify] INFO: Classified 15008 / 751370 (2.0%)
2026-02-23 16:04:15,748 [src.finbert.classify] INFO: Checkpoint saved at 15008 paragraphs
2026-02-23 16:04:18,952 [src.finbert.classify] INFO: Classified 16000 / 751370 (2.1%)
2026-02-23 16:04:22,200 [src.finbert.classify] INFO: Classified 17024 / 751370 (2.3%)
2026-02-23 16:04:25,449 [src.finbert.classify] INFO: Classified 18016 / 751370 (2.4%)
2026-02-23 16:04:28,664 [src.finbert.classify] INFO: Classified 19008 / 751370 (2.5%)
2026-02-23 16:04:31,346 [src.finbert.classify] INFO: Classified 20000 / 751370 (2.7%)
2026-02-23 16:04:31,517 [src.finbert.classify] INFO: Checkpoint saved at 20000 paragraphs
2026-02-23 16:04:34,502 [src.finbert.classify] INFO: Classified 21024 / 751370 (2.8%)
2026-02-23 16:04:37,329 [src.finbert.classify] INFO: Classified 22016 / 751370 (2.9%)
2026-02-23 16:04:40,137 [src.finbert.classify] INFO: Classified 23008 / 751370 (3.1%)
2026-02-23 16:04:42,912 [src.finbert.classify] INFO: Classified 24000 / 751370 (3.2%)
2026-02-23 16:04:45,840 [src.finbert.classify] INFO: Classified 25024 / 751370 (3.3%)
2026-02-23 16:04:46,045 [src.finbert.classify] INFO: Checkpoint saved at 25024 paragraphs
2026-02-23 16:04:48,953 [src.finbert.classify] INFO: Classified 26016 / 751370 (3.5%)
2026-02-23 16:04:51,850 [src.finbert.classify] INFO: Classified 27008 / 751370 (3.6%)
2026-02-23 16:04:54,650 [src.finbert.classify] INFO: Classified 28000 / 751370 (3.7%)
2026-02-23 16:04:57,556 [src.finbert.classify] INFO: Classified 29024 / 751370 (3.9%)
2026-02-23 16:05:00,684 [src.finbert.classify] INFO: Classified 30016 / 751370 (4.0%)
2026-02-23 16:05:00,931 [src.finbert.classify] INFO: Checkpoint saved at 30016 paragraphs
2026-02-23 16:05:04,081 [src.finbert.classify] INFO: Classified 31008 / 751370 (4.1%)
2026-02-23 16:05:07,099 [src.finbert.classify] INFO: Classified 32000 / 751370 (4.3%)
2026-02-23 16:05:10,255 [src.finbert.classify] INFO: Classified 33024 / 751370 (4.4%)
2026-02-23 16:05:13,313 [src.finbert.classify] INFO: Classified 34016 / 751370 (4.5%)
2026-02-23 16:05:16,198 [src.finbert.classify] INFO: Classified 35008 / 751370 (4.7%)
2026-02-23 16:05:16,488 [src.finbert.classify] INFO: Checkpoint saved at 35008 paragraphs
2026-02-23 16:05:19,356 [src.finbert.classify] INFO: Classified 36000 / 751370 (4.8%)
2026-02-23 16:05:22,626 [src.finbert.classify] INFO: Classified 37024 / 751370 (4.9%)
2026-02-23 16:05:25,678 [src.finbert.classify] INFO: Classified 38016 / 751370 (5.1%)
2026-02-23 16:05:28,825 [src.finbert.classify] INFO: Classified 39008 / 751370 (5.2%)
2026-02-23 16:05:32,099 [src.finbert.classify] INFO: Classified 40000 / 751370 (5.3%)
2026-02-23 16:05:32,434 [src.finbert.classify] INFO: Checkpoint saved at 40000 paragraphs
2026-02-23 16:05:35,726 [src.finbert.classify] INFO: Classified 41024 / 751370 (5.5%)
2026-02-23 16:05:38,772 [src.finbert.classify] INFO: Classified 42016 / 751370 (5.6%)
2026-02-23 16:05:41,673 [src.finbert.classify] INFO: Classified 43008 / 751370 (5.7%)
2026-02-23 16:05:44,563 [src.finbert.classify] INFO: Classified 44000 / 751370 (5.9%)
2026-02-23 16:05:47,849 [src.finbert.classify] INFO: Classified 45024 / 751370 (6.0%)
2026-02-23 16:05:48,228 [src.finbert.classify] INFO: Checkpoint saved at 45024 paragraphs
2026-02-23 16:05:51,044 [src.finbert.classify] INFO: Classified 46016 / 751370 (6.1%)
2026-02-23 16:05:53,826 [src.finbert.classify] INFO: Classified 47008 / 751370 (6.3%)
2026-02-23 16:05:56,865 [src.finbert.classify] INFO: Classified 48000 / 751370 (6.4%)
2026-02-23 16:05:59,920 [src.finbert.classify] INFO: Classified 49024 / 751370 (6.5%)
2026-02-23 16:06:02,976 [src.finbert.classify] INFO: Classified 50016 / 751370 (6.7%)
2026-02-23 16:06:03,393 [src.finbert.classify] INFO: Checkpoint saved at 50016 paragraphs
2026-02-23 16:06:06,518 [src.finbert.classify] INFO: Classified 51008 / 751370 (6.8%)
2026-02-23 16:06:09,169 [src.finbert.classify] INFO: Classified 52000 / 751370 (6.9%)
2026-02-23 16:06:11,948 [src.finbert.classify] INFO: Classified 53024 / 751370 (7.1%)
2026-02-23 16:06:14,624 [src.finbert.classify] INFO: Classified 54016 / 751370 (7.2%)
2026-02-23 16:06:17,289 [src.finbert.classify] INFO: Classified 55008 / 751370 (7.3%)
2026-02-23 16:06:17,743 [src.finbert.classify] INFO: Checkpoint saved at 55008 paragraphs
2026-02-23 16:06:20,524 [src.finbert.classify] INFO: Classified 56000 / 751370 (7.5%)
2026-02-23 16:06:23,317 [src.finbert.classify] INFO: Classified 57024 / 751370 (7.6%)
2026-02-23 16:06:26,160 [src.finbert.classify] INFO: Classified 58016 / 751370 (7.7%)
2026-02-23 16:06:29,240 [src.finbert.classify] INFO: Classified 59008 / 751370 (7.9%)
2026-02-23 16:06:32,269 [src.finbert.classify] INFO: Classified 60000 / 751370 (8.0%)
2026-02-23 16:06:32,763 [src.finbert.classify] INFO: Checkpoint saved at 60000 paragraphs
2026-02-23 16:06:35,922 [src.finbert.classify] INFO: Classified 61024 / 751370 (8.1%)
2026-02-23 16:06:38,914 [src.finbert.classify] INFO: Classified 62016 / 751370 (8.3%)
2026-02-23 16:06:41,841 [src.finbert.classify] INFO: Classified 63008 / 751370 (8.4%)
2026-02-23 16:06:44,614 [src.finbert.classify] INFO: Classified 64000 / 751370 (8.5%)
2026-02-23 16:06:47,552 [src.finbert.classify] INFO: Classified 65024 / 751370 (8.7%)
2026-02-23 16:06:48,093 [src.finbert.classify] INFO: Checkpoint saved at 65024 paragraphs
2026-02-23 16:06:50,960 [src.finbert.classify] INFO: Classified 66016 / 751370 (8.8%)
2026-02-23 16:06:53,816 [src.finbert.classify] INFO: Classified 67008 / 751370 (8.9%)
2026-02-23 16:06:56,594 [src.finbert.classify] INFO: Classified 68000 / 751370 (9.1%)
2026-02-23 16:06:59,409 [src.finbert.classify] INFO: Classified 69024 / 751370 (9.2%)
2026-02-23 16:07:02,076 [src.finbert.classify] INFO: Classified 70016 / 751370 (9.3%)
2026-02-23 16:07:02,646 [src.finbert.classify] INFO: Checkpoint saved at 70016 paragraphs
2026-02-23 16:07:05,396 [src.finbert.classify] INFO: Classified 71008 / 751370 (9.5%)
2026-02-23 16:07:08,303 [src.finbert.classify] INFO: Classified 72000 / 751370 (9.6%)
2026-02-23 16:07:11,445 [src.finbert.classify] INFO: Classified 73024 / 751370 (9.7%)
2026-02-23 16:07:14,513 [src.finbert.classify] INFO: Classified 74016 / 751370 (9.9%)
2026-02-23 16:07:17,345 [src.finbert.classify] INFO: Classified 75008 / 751370 (10.0%)
2026-02-23 16:07:17,956 [src.finbert.classify] INFO: Checkpoint saved at 75008 paragraphs
2026-02-23 16:07:20,760 [src.finbert.classify] INFO: Classified 76000 / 751370 (10.1%)
2026-02-23 16:07:23,709 [src.finbert.classify] INFO: Classified 77024 / 751370 (10.3%)
2026-02-23 16:07:26,559 [src.finbert.classify] INFO: Classified 78016 / 751370 (10.4%)
2026-02-23 16:07:29,354 [src.finbert.classify] INFO: Classified 79008 / 751370 (10.5%)
2026-02-23 16:07:32,159 [src.finbert.classify] INFO: Classified 80000 / 751370 (10.6%)
2026-02-23 16:07:32,805 [src.finbert.classify] INFO: Checkpoint saved at 80000 paragraphs
2026-02-23 16:07:35,991 [src.finbert.classify] INFO: Classified 81024 / 751370 (10.8%)
2026-02-23 16:07:38,925 [src.finbert.classify] INFO: Classified 82016 / 751370 (10.9%)
2026-02-23 16:07:41,889 [src.finbert.classify] INFO: Classified 83008 / 751370 (11.0%)
2026-02-23 16:07:44,881 [src.finbert.classify] INFO: Classified 84000 / 751370 (11.2%)
2026-02-23 16:07:47,928 [src.finbert.classify] INFO: Classified 85024 / 751370 (11.3%)
2026-02-23 16:07:48,618 [src.finbert.classify] INFO: Checkpoint saved at 85024 paragraphs
2026-02-23 16:07:51,657 [src.finbert.classify] INFO: Classified 86016 / 751370 (11.4%)
2026-02-23 16:07:54,820 [src.finbert.classify] INFO: Classified 87008 / 751370 (11.6%)
2026-02-23 16:07:57,928 [src.finbert.classify] INFO: Classified 88000 / 751370 (11.7%)
2026-02-23 16:08:01,017 [src.finbert.classify] INFO: Classified 89024 / 751370 (11.8%)
2026-02-23 16:08:04,044 [src.finbert.classify] INFO: Classified 90016 / 751370 (12.0%)
2026-02-23 16:08:04,774 [src.finbert.classify] INFO: Checkpoint saved at 90016 paragraphs
2026-02-23 16:08:07,726 [src.finbert.classify] INFO: Classified 91008 / 751370 (12.1%)
2026-02-23 16:08:10,849 [src.finbert.classify] INFO: Classified 92000 / 751370 (12.2%)
2026-02-23 16:08:13,716 [src.finbert.classify] INFO: Classified 93024 / 751370 (12.4%)
2026-02-23 16:08:16,594 [src.finbert.classify] INFO: Classified 94016 / 751370 (12.5%)
2026-02-23 16:08:19,503 [src.finbert.classify] INFO: Classified 95008 / 751370 (12.6%)
2026-02-23 16:08:20,275 [src.finbert.classify] INFO: Checkpoint saved at 95008 paragraphs
2026-02-23 16:08:23,030 [src.finbert.classify] INFO: Classified 96000 / 751370 (12.8%)
2026-02-23 16:08:26,221 [src.finbert.classify] INFO: Classified 97024 / 751370 (12.9%)
2026-02-23 16:08:28,943 [src.finbert.classify] INFO: Classified 98016 / 751370 (13.0%)
2026-02-23 16:08:31,499 [src.finbert.classify] INFO: Classified 99008 / 751370 (13.2%)
2026-02-23 16:08:34,092 [src.finbert.classify] INFO: Classified 100000 / 751370 (13.3%)
2026-02-23 16:08:34,900 [src.finbert.classify] INFO: Checkpoint saved at 100000 paragraphs
2026-02-23 16:08:37,604 [src.finbert.classify] INFO: Classified 101024 / 751370 (13.4%)
2026-02-23 16:08:40,213 [src.finbert.classify] INFO: Classified 102016 / 751370 (13.6%)
2026-02-23 16:08:42,761 [src.finbert.classify] INFO: Classified 103008 / 751370 (13.7%)
2026-02-23 16:08:45,277 [src.finbert.classify] INFO: Classified 104000 / 751370 (13.8%)
2026-02-23 16:08:47,938 [src.finbert.classify] INFO: Classified 105024 / 751370 (14.0%)
2026-02-23 16:08:48,776 [src.finbert.classify] INFO: Checkpoint saved at 105024 paragraphs
2026-02-23 16:08:51,335 [src.finbert.classify] INFO: Classified 106016 / 751370 (14.1%)
2026-02-23 16:08:53,828 [src.finbert.classify] INFO: Classified 107008 / 751370 (14.2%)
2026-02-23 16:08:56,372 [src.finbert.classify] INFO: Classified 108000 / 751370 (14.4%)
2026-02-23 16:08:59,031 [src.finbert.classify] INFO: Classified 109024 / 751370 (14.5%)
2026-02-23 16:09:01,638 [src.finbert.classify] INFO: Classified 110016 / 751370 (14.6%)
2026-02-23 16:09:02,503 [src.finbert.classify] INFO: Checkpoint saved at 110016 paragraphs
2026-02-23 16:09:05,106 [src.finbert.classify] INFO: Classified 111008 / 751370 (14.8%)
2026-02-23 16:09:07,762 [src.finbert.classify] INFO: Classified 112000 / 751370 (14.9%)
2026-02-23 16:09:10,565 [src.finbert.classify] INFO: Classified 113024 / 751370 (15.0%)
2026-02-23 16:09:13,508 [src.finbert.classify] INFO: Classified 114016 / 751370 (15.2%)
2026-02-23 16:09:16,413 [src.finbert.classify] INFO: Classified 115008 / 751370 (15.3%)
2026-02-23 16:09:17,313 [src.finbert.classify] INFO: Checkpoint saved at 115008 paragraphs
2026-02-23 16:09:20,213 [src.finbert.classify] INFO: Classified 116000 / 751370 (15.4%)
2026-02-23 16:09:23,246 [src.finbert.classify] INFO: Classified 117024 / 751370 (15.6%)
2026-02-23 16:09:26,205 [src.finbert.classify] INFO: Classified 118016 / 751370 (15.7%)
2026-02-23 16:09:29,414 [src.finbert.classify] INFO: Classified 119008 / 751370 (15.8%)
2026-02-23 16:09:32,534 [src.finbert.classify] INFO: Classified 120000 / 751370 (16.0%)
2026-02-23 16:09:33,475 [src.finbert.classify] INFO: Checkpoint saved at 120000 paragraphs
2026-02-23 16:09:36,652 [src.finbert.classify] INFO: Classified 121024 / 751370 (16.1%)
2026-02-23 16:09:39,609 [src.finbert.classify] INFO: Classified 122016 / 751370 (16.2%)
2026-02-23 16:09:42,613 [src.finbert.classify] INFO: Classified 123008 / 751370 (16.4%)
2026-02-23 16:09:45,653 [src.finbert.classify] INFO: Classified 124000 / 751370 (16.5%)
2026-02-23 16:09:48,750 [src.finbert.classify] INFO: Classified 125024 / 751370 (16.6%)
2026-02-23 16:09:49,734 [src.finbert.classify] INFO: Checkpoint saved at 125024 paragraphs
2026-02-23 16:09:52,786 [src.finbert.classify] INFO: Classified 126016 / 751370 (16.8%)
2026-02-23 16:09:55,592 [src.finbert.classify] INFO: Classified 127008 / 751370 (16.9%)
2026-02-23 16:09:58,364 [src.finbert.classify] INFO: Classified 128000 / 751370 (17.0%)
2026-02-23 16:10:01,306 [src.finbert.classify] INFO: Classified 129024 / 751370 (17.2%)
2026-02-23 16:10:04,257 [src.finbert.classify] INFO: Classified 130016 / 751370 (17.3%)
2026-02-23 16:10:05,290 [src.finbert.classify] INFO: Checkpoint saved at 130016 paragraphs
2026-02-23 16:10:08,333 [src.finbert.classify] INFO: Classified 131008 / 751370 (17.4%)
2026-02-23 16:10:11,384 [src.finbert.classify] INFO: Classified 132000 / 751370 (17.6%)
2026-02-23 16:10:14,065 [src.finbert.classify] INFO: Classified 133024 / 751370 (17.7%)
2026-02-23 16:10:16,678 [src.finbert.classify] INFO: Classified 134016 / 751370 (17.8%)
2026-02-23 16:10:19,474 [src.finbert.classify] INFO: Classified 135008 / 751370 (18.0%)
2026-02-23 16:10:20,536 [src.finbert.classify] INFO: Checkpoint saved at 135008 paragraphs
2026-02-23 16:10:23,346 [src.finbert.classify] INFO: Classified 136000 / 751370 (18.1%)
2026-02-23 16:10:26,277 [src.finbert.classify] INFO: Classified 137024 / 751370 (18.2%)
2026-02-23 16:10:29,068 [src.finbert.classify] INFO: Classified 138016 / 751370 (18.4%)
2026-02-23 16:10:31,896 [src.finbert.classify] INFO: Classified 139008 / 751370 (18.5%)
2026-02-23 16:10:34,879 [src.finbert.classify] INFO: Classified 140000 / 751370 (18.6%)
2026-02-23 16:10:35,981 [src.finbert.classify] INFO: Checkpoint saved at 140000 paragraphs
2026-02-23 16:10:38,932 [src.finbert.classify] INFO: Classified 141024 / 751370 (18.8%)
2026-02-23 16:10:41,833 [src.finbert.classify] INFO: Classified 142016 / 751370 (18.9%)
2026-02-23 16:10:44,720 [src.finbert.classify] INFO: Classified 143008 / 751370 (19.0%)
2026-02-23 16:10:47,626 [src.finbert.classify] INFO: Classified 144000 / 751370 (19.2%)
2026-02-23 16:10:50,777 [src.finbert.classify] INFO: Classified 145024 / 751370 (19.3%)
2026-02-23 16:10:51,922 [src.finbert.classify] INFO: Checkpoint saved at 145024 paragraphs
2026-02-23 16:10:55,077 [src.finbert.classify] INFO: Classified 146016 / 751370 (19.4%)
2026-02-23 16:10:58,164 [src.finbert.classify] INFO: Classified 147008 / 751370 (19.6%)
2026-02-23 16:11:01,220 [src.finbert.classify] INFO: Classified 148000 / 751370 (19.7%)
2026-02-23 16:11:04,316 [src.finbert.classify] INFO: Classified 149024 / 751370 (19.8%)
2026-02-23 16:11:07,340 [src.finbert.classify] INFO: Classified 150016 / 751370 (20.0%)
2026-02-23 16:11:08,524 [src.finbert.classify] INFO: Checkpoint saved at 150016 paragraphs
2026-02-23 16:11:11,562 [src.finbert.classify] INFO: Classified 151008 / 751370 (20.1%)
2026-02-23 16:11:14,568 [src.finbert.classify] INFO: Classified 152000 / 751370 (20.2%)
2026-02-23 16:11:17,678 [src.finbert.classify] INFO: Classified 153024 / 751370 (20.4%)
2026-02-23 16:11:20,480 [src.finbert.classify] INFO: Classified 154016 / 751370 (20.5%)
2026-02-23 16:11:23,477 [src.finbert.classify] INFO: Classified 155008 / 751370 (20.6%)
2026-02-23 16:11:24,700 [src.finbert.classify] INFO: Checkpoint saved at 155008 paragraphs
2026-02-23 16:11:27,694 [src.finbert.classify] INFO: Classified 156000 / 751370 (20.8%)
2026-02-23 16:11:30,542 [src.finbert.classify] INFO: Classified 157024 / 751370 (20.9%)
2026-02-23 16:11:33,297 [src.finbert.classify] INFO: Classified 158016 / 751370 (21.0%)
2026-02-23 16:11:36,168 [src.finbert.classify] INFO: Classified 159008 / 751370 (21.2%)
2026-02-23 16:11:39,160 [src.finbert.classify] INFO: Classified 160000 / 751370 (21.3%)
2026-02-23 16:11:40,426 [src.finbert.classify] INFO: Checkpoint saved at 160000 paragraphs
2026-02-23 16:11:43,411 [src.finbert.classify] INFO: Classified 161024 / 751370 (21.4%)
2026-02-23 16:11:46,293 [src.finbert.classify] INFO: Classified 162016 / 751370 (21.6%)
2026-02-23 16:11:49,107 [src.finbert.classify] INFO: Classified 163008 / 751370 (21.7%)
2026-02-23 16:11:51,904 [src.finbert.classify] INFO: Classified 164000 / 751370 (21.8%)
2026-02-23 16:11:54,754 [src.finbert.classify] INFO: Classified 165024 / 751370 (22.0%)
2026-02-23 16:11:56,056 [src.finbert.classify] INFO: Checkpoint saved at 165024 paragraphs
2026-02-23 16:11:59,383 [src.finbert.classify] INFO: Classified 166016 / 751370 (22.1%)
2026-02-23 16:12:02,408 [src.finbert.classify] INFO: Classified 167008 / 751370 (22.2%)
2026-02-23 16:12:05,465 [src.finbert.classify] INFO: Classified 168000 / 751370 (22.4%)
2026-02-23 16:12:08,617 [src.finbert.classify] INFO: Classified 169024 / 751370 (22.5%)
2026-02-23 16:12:11,633 [src.finbert.classify] INFO: Classified 170016 / 751370 (22.6%)
2026-02-23 16:12:12,982 [src.finbert.classify] INFO: Checkpoint saved at 170016 paragraphs
2026-02-23 16:12:15,982 [src.finbert.classify] INFO: Classified 171008 / 751370 (22.8%)
2026-02-23 16:12:18,847 [src.finbert.classify] INFO: Classified 172000 / 751370 (22.9%)
2026-02-23 16:12:21,938 [src.finbert.classify] INFO: Classified 173024 / 751370 (23.0%)
2026-02-23 16:12:25,024 [src.finbert.classify] INFO: Classified 174016 / 751370 (23.2%)
2026-02-23 16:12:27,957 [src.finbert.classify] INFO: Classified 175008 / 751370 (23.3%)
2026-02-23 16:12:29,359 [src.finbert.classify] INFO: Checkpoint saved at 175008 paragraphs
2026-02-23 16:12:32,073 [src.finbert.classify] INFO: Classified 176000 / 751370 (23.4%)
2026-02-23 16:12:35,021 [src.finbert.classify] INFO: Classified 177024 / 751370 (23.6%)
2026-02-23 16:12:37,895 [src.finbert.classify] INFO: Classified 178016 / 751370 (23.7%)
2026-02-23 16:12:40,814 [src.finbert.classify] INFO: Classified 179008 / 751370 (23.8%)
2026-02-23 16:12:43,821 [src.finbert.classify] INFO: Classified 180000 / 751370 (24.0%)
2026-02-23 16:12:45,246 [src.finbert.classify] INFO: Checkpoint saved at 180000 paragraphs
2026-02-23 16:12:48,077 [src.finbert.classify] INFO: Classified 181024 / 751370 (24.1%)
2026-02-23 16:12:50,808 [src.finbert.classify] INFO: Classified 182016 / 751370 (24.2%)
2026-02-23 16:12:53,521 [src.finbert.classify] INFO: Classified 183008 / 751370 (24.4%)
2026-02-23 16:12:56,248 [src.finbert.classify] INFO: Classified 184000 / 751370 (24.5%)
2026-02-23 16:12:58,829 [src.finbert.classify] INFO: Classified 185024 / 751370 (24.6%)
2026-02-23 16:13:00,290 [src.finbert.classify] INFO: Checkpoint saved at 185024 paragraphs
2026-02-23 16:13:03,247 [src.finbert.classify] INFO: Classified 186016 / 751370 (24.8%)
2026-02-23 16:13:06,320 [src.finbert.classify] INFO: Classified 187008 / 751370 (24.9%)
2026-02-23 16:13:09,377 [src.finbert.classify] INFO: Classified 188000 / 751370 (25.0%)
2026-02-23 16:13:12,557 [src.finbert.classify] INFO: Classified 189024 / 751370 (25.2%)
2026-02-23 16:13:15,626 [src.finbert.classify] INFO: Classified 190016 / 751370 (25.3%)
2026-02-23 16:13:17,128 [src.finbert.classify] INFO: Checkpoint saved at 190016 paragraphs
2026-02-23 16:13:20,180 [src.finbert.classify] INFO: Classified 191008 / 751370 (25.4%)
2026-02-23 16:13:23,304 [src.finbert.classify] INFO: Classified 192000 / 751370 (25.6%)
2026-02-23 16:13:26,577 [src.finbert.classify] INFO: Classified 193024 / 751370 (25.7%)
2026-02-23 16:13:29,660 [src.finbert.classify] INFO: Classified 194016 / 751370 (25.8%)
2026-02-23 16:13:32,844 [src.finbert.classify] INFO: Classified 195008 / 751370 (26.0%)
2026-02-23 16:13:34,394 [src.finbert.classify] INFO: Checkpoint saved at 195008 paragraphs
2026-02-23 16:13:37,583 [src.finbert.classify] INFO: Classified 196000 / 751370 (26.1%)
2026-02-23 16:13:40,820 [src.finbert.classify] INFO: Classified 197024 / 751370 (26.2%)
2026-02-23 16:13:43,757 [src.finbert.classify] INFO: Classified 198016 / 751370 (26.4%)
2026-02-23 16:13:46,771 [src.finbert.classify] INFO: Classified 199008 / 751370 (26.5%)
2026-02-23 16:13:49,851 [src.finbert.classify] INFO: Classified 200000 / 751370 (26.6%)
2026-02-23 16:13:51,446 [src.finbert.classify] INFO: Checkpoint saved at 200000 paragraphs
2026-02-23 16:13:54,664 [src.finbert.classify] INFO: Classified 201024 / 751370 (26.8%)
2026-02-23 16:13:57,763 [src.finbert.classify] INFO: Classified 202016 / 751370 (26.9%)
2026-02-23 16:14:00,891 [src.finbert.classify] INFO: Classified 203008 / 751370 (27.0%)
2026-02-23 16:14:03,946 [src.finbert.classify] INFO: Classified 204000 / 751370 (27.2%)
2026-02-23 16:14:06,906 [src.finbert.classify] INFO: Classified 205024 / 751370 (27.3%)
2026-02-23 16:14:08,546 [src.finbert.classify] INFO: Checkpoint saved at 205024 paragraphs
2026-02-23 16:14:11,318 [src.finbert.classify] INFO: Classified 206016 / 751370 (27.4%)
2026-02-23 16:14:14,115 [src.finbert.classify] INFO: Classified 207008 / 751370 (27.6%)
2026-02-23 16:14:17,251 [src.finbert.classify] INFO: Classified 208000 / 751370 (27.7%)
2026-02-23 16:14:20,474 [src.finbert.classify] INFO: Classified 209024 / 751370 (27.8%)
2026-02-23 16:14:23,719 [src.finbert.classify] INFO: Classified 210016 / 751370 (28.0%)
2026-02-23 16:14:25,405 [src.finbert.classify] INFO: Checkpoint saved at 210016 paragraphs
2026-02-23 16:14:28,341 [src.finbert.classify] INFO: Classified 211008 / 751370 (28.1%)
2026-02-23 16:14:31,213 [src.finbert.classify] INFO: Classified 212000 / 751370 (28.2%)
2026-02-23 16:14:34,167 [src.finbert.classify] INFO: Classified 213024 / 751370 (28.4%)
2026-02-23 16:14:37,097 [src.finbert.classify] INFO: Classified 214016 / 751370 (28.5%)
2026-02-23 16:14:39,980 [src.finbert.classify] INFO: Classified 215008 / 751370 (28.6%)
2026-02-23 16:14:41,703 [src.finbert.classify] INFO: Checkpoint saved at 215008 paragraphs
2026-02-23 16:14:44,673 [src.finbert.classify] INFO: Classified 216000 / 751370 (28.7%)
2026-02-23 16:14:47,703 [src.finbert.classify] INFO: Classified 217024 / 751370 (28.9%)
2026-02-23 16:14:50,832 [src.finbert.classify] INFO: Classified 218016 / 751370 (29.0%)
2026-02-23 16:14:53,898 [src.finbert.classify] INFO: Classified 219008 / 751370 (29.1%)
2026-02-23 16:14:57,104 [src.finbert.classify] INFO: Classified 220000 / 751370 (29.3%)
2026-02-23 16:14:58,872 [src.finbert.classify] INFO: Checkpoint saved at 220000 paragraphs
2026-02-23 16:15:01,849 [src.finbert.classify] INFO: Classified 221024 / 751370 (29.4%)
2026-02-23 16:15:04,890 [src.finbert.classify] INFO: Classified 222016 / 751370 (29.5%)
2026-02-23 16:15:08,069 [src.finbert.classify] INFO: Classified 223008 / 751370 (29.7%)
2026-02-23 16:15:11,040 [src.finbert.classify] INFO: Classified 224000 / 751370 (29.8%)
2026-02-23 16:15:14,340 [src.finbert.classify] INFO: Classified 225024 / 751370 (29.9%)
2026-02-23 16:15:16,150 [src.finbert.classify] INFO: Checkpoint saved at 225024 paragraphs
2026-02-23 16:15:19,346 [src.finbert.classify] INFO: Classified 226016 / 751370 (30.1%)
2026-02-23 16:15:22,324 [src.finbert.classify] INFO: Classified 227008 / 751370 (30.2%)
2026-02-23 16:15:25,208 [src.finbert.classify] INFO: Classified 228000 / 751370 (30.3%)
2026-02-23 16:15:28,194 [src.finbert.classify] INFO: Classified 229024 / 751370 (30.5%)
2026-02-23 16:15:31,103 [src.finbert.classify] INFO: Classified 230016 / 751370 (30.6%)
2026-02-23 16:15:32,953 [src.finbert.classify] INFO: Checkpoint saved at 230016 paragraphs
2026-02-23 16:15:35,851 [src.finbert.classify] INFO: Classified 231008 / 751370 (30.7%)
2026-02-23 16:15:38,817 [src.finbert.classify] INFO: Classified 232000 / 751370 (30.9%)
2026-02-23 16:15:41,787 [src.finbert.classify] INFO: Classified 233024 / 751370 (31.0%)
2026-02-23 16:15:44,668 [src.finbert.classify] INFO: Classified 234016 / 751370 (31.1%)
2026-02-23 16:15:47,460 [src.finbert.classify] INFO: Classified 235008 / 751370 (31.3%)
2026-02-23 16:15:49,346 [src.finbert.classify] INFO: Checkpoint saved at 235008 paragraphs
2026-02-23 16:15:52,127 [src.finbert.classify] INFO: Classified 236000 / 751370 (31.4%)
2026-02-23 16:15:54,581 [src.finbert.classify] INFO: Classified 237024 / 751370 (31.5%)
2026-02-23 16:15:57,194 [src.finbert.classify] INFO: Classified 238016 / 751370 (31.7%)
2026-02-23 16:15:59,643 [src.finbert.classify] INFO: Classified 239008 / 751370 (31.8%)
2026-02-23 16:16:02,298 [src.finbert.classify] INFO: Classified 240000 / 751370 (31.9%)
2026-02-23 16:16:04,218 [src.finbert.classify] INFO: Checkpoint saved at 240000 paragraphs
2026-02-23 16:16:06,793 [src.finbert.classify] INFO: Classified 241024 / 751370 (32.1%)
2026-02-23 16:16:09,294 [src.finbert.classify] INFO: Classified 242016 / 751370 (32.2%)
2026-02-23 16:16:11,806 [src.finbert.classify] INFO: Classified 243008 / 751370 (32.3%)
2026-02-23 16:16:14,315 [src.finbert.classify] INFO: Classified 244000 / 751370 (32.5%)
2026-02-23 16:16:17,066 [src.finbert.classify] INFO: Classified 245024 / 751370 (32.6%)
2026-02-23 16:16:19,025 [src.finbert.classify] INFO: Checkpoint saved at 245024 paragraphs
2026-02-23 16:16:21,405 [src.finbert.classify] INFO: Classified 246016 / 751370 (32.7%)
2026-02-23 16:16:24,049 [src.finbert.classify] INFO: Classified 247008 / 751370 (32.9%)
2026-02-23 16:16:26,614 [src.finbert.classify] INFO: Classified 248000 / 751370 (33.0%)
2026-02-23 16:16:29,140 [src.finbert.classify] INFO: Classified 249024 / 751370 (33.1%)
2026-02-23 16:16:31,880 [src.finbert.classify] INFO: Classified 250016 / 751370 (33.3%)
2026-02-23 16:16:33,855 [src.finbert.classify] INFO: Checkpoint saved at 250016 paragraphs
2026-02-23 16:16:37,079 [src.finbert.classify] INFO: Classified 251008 / 751370 (33.4%)
2026-02-23 16:16:40,029 [src.finbert.classify] INFO: Classified 252000 / 751370 (33.5%)
2026-02-23 16:16:43,116 [src.finbert.classify] INFO: Classified 253024 / 751370 (33.7%)
2026-02-23 16:16:46,114 [src.finbert.classify] INFO: Classified 254016 / 751370 (33.8%)
2026-02-23 16:16:48,950 [src.finbert.classify] INFO: Classified 255008 / 751370 (33.9%)
2026-02-23 16:16:50,972 [src.finbert.classify] INFO: Checkpoint saved at 255008 paragraphs
2026-02-23 16:16:53,925 [src.finbert.classify] INFO: Classified 256000 / 751370 (34.1%)
2026-02-23 16:16:56,999 [src.finbert.classify] INFO: Classified 257024 / 751370 (34.2%)
2026-02-23 16:16:59,963 [src.finbert.classify] INFO: Classified 258016 / 751370 (34.3%)
2026-02-23 16:17:03,016 [src.finbert.classify] INFO: Classified 259008 / 751370 (34.5%)
2026-02-23 16:17:06,016 [src.finbert.classify] INFO: Classified 260000 / 751370 (34.6%)
2026-02-23 16:17:08,080 [src.finbert.classify] INFO: Checkpoint saved at 260000 paragraphs
2026-02-23 16:17:11,177 [src.finbert.classify] INFO: Classified 261024 / 751370 (34.7%)
2026-02-23 16:17:14,229 [src.finbert.classify] INFO: Classified 262016 / 751370 (34.9%)
2026-02-23 16:17:17,260 [src.finbert.classify] INFO: Classified 263008 / 751370 (35.0%)
2026-02-23 16:17:20,023 [src.finbert.classify] INFO: Classified 264000 / 751370 (35.1%)
2026-02-23 16:17:23,197 [src.finbert.classify] INFO: Classified 265024 / 751370 (35.3%)
2026-02-23 16:17:25,304 [src.finbert.classify] INFO: Checkpoint saved at 265024 paragraphs
2026-02-23 16:17:28,389 [src.finbert.classify] INFO: Classified 266016 / 751370 (35.4%)
2026-02-23 16:17:31,440 [src.finbert.classify] INFO: Classified 267008 / 751370 (35.5%)
2026-02-23 16:17:34,720 [src.finbert.classify] INFO: Classified 268000 / 751370 (35.7%)
2026-02-23 16:17:37,823 [src.finbert.classify] INFO: Classified 269024 / 751370 (35.8%)
2026-02-23 16:17:40,780 [src.finbert.classify] INFO: Classified 270016 / 751370 (35.9%)
2026-02-23 16:17:42,926 [src.finbert.classify] INFO: Checkpoint saved at 270016 paragraphs
2026-02-23 16:17:46,035 [src.finbert.classify] INFO: Classified 271008 / 751370 (36.1%)
2026-02-23 16:17:49,022 [src.finbert.classify] INFO: Classified 272000 / 751370 (36.2%)
2026-02-23 16:17:52,135 [src.finbert.classify] INFO: Classified 273024 / 751370 (36.3%)
2026-02-23 16:17:55,166 [src.finbert.classify] INFO: Classified 274016 / 751370 (36.5%)
2026-02-23 16:17:58,158 [src.finbert.classify] INFO: Classified 275008 / 751370 (36.6%)
2026-02-23 16:18:00,363 [src.finbert.classify] INFO: Checkpoint saved at 275008 paragraphs
2026-02-23 16:18:03,388 [src.finbert.classify] INFO: Classified 276000 / 751370 (36.7%)
2026-02-23 16:18:06,370 [src.finbert.classify] INFO: Classified 277024 / 751370 (36.9%)
2026-02-23 16:18:08,859 [src.finbert.classify] INFO: Classified 278016 / 751370 (37.0%)
2026-02-23 16:18:11,337 [src.finbert.classify] INFO: Classified 279008 / 751370 (37.1%)
2026-02-23 16:18:14,214 [src.finbert.classify] INFO: Classified 280000 / 751370 (37.3%)
2026-02-23 16:18:16,435 [src.finbert.classify] INFO: Checkpoint saved at 280000 paragraphs
2026-02-23 16:18:19,656 [src.finbert.classify] INFO: Classified 281024 / 751370 (37.4%)
2026-02-23 16:18:22,793 [src.finbert.classify] INFO: Classified 282016 / 751370 (37.5%)
2026-02-23 16:18:25,960 [src.finbert.classify] INFO: Classified 283008 / 751370 (37.7%)
2026-02-23 16:18:28,766 [src.finbert.classify] INFO: Classified 284000 / 751370 (37.8%)
2026-02-23 16:18:31,532 [src.finbert.classify] INFO: Classified 285024 / 751370 (37.9%)
2026-02-23 16:18:33,801 [src.finbert.classify] INFO: Checkpoint saved at 285024 paragraphs
2026-02-23 16:18:36,544 [src.finbert.classify] INFO: Classified 286016 / 751370 (38.1%)
2026-02-23 16:18:39,377 [src.finbert.classify] INFO: Classified 287008 / 751370 (38.2%)
2026-02-23 16:18:42,398 [src.finbert.classify] INFO: Classified 288000 / 751370 (38.3%)
2026-02-23 16:18:45,431 [src.finbert.classify] INFO: Classified 289024 / 751370 (38.5%)
2026-02-23 16:18:48,496 [src.finbert.classify] INFO: Classified 290016 / 751370 (38.6%)
2026-02-23 16:18:50,808 [src.finbert.classify] INFO: Checkpoint saved at 290016 paragraphs
2026-02-23 16:18:53,594 [src.finbert.classify] INFO: Classified 291008 / 751370 (38.7%)
2026-02-23 16:18:55,917 [src.finbert.classify] INFO: Classified 292000 / 751370 (38.9%)
2026-02-23 16:18:58,514 [src.finbert.classify] INFO: Classified 293024 / 751370 (39.0%)
2026-02-23 16:19:01,460 [src.finbert.classify] INFO: Classified 294016 / 751370 (39.1%)
2026-02-23 16:19:04,445 [src.finbert.classify] INFO: Classified 295008 / 751370 (39.3%)
2026-02-23 16:19:06,780 [src.finbert.classify] INFO: Checkpoint saved at 295008 paragraphs
2026-02-23 16:19:09,704 [src.finbert.classify] INFO: Classified 296000 / 751370 (39.4%)
2026-02-23 16:19:12,643 [src.finbert.classify] INFO: Classified 297024 / 751370 (39.5%)
2026-02-23 16:19:15,352 [src.finbert.classify] INFO: Classified 298016 / 751370 (39.7%)
2026-02-23 16:19:17,819 [src.finbert.classify] INFO: Classified 299008 / 751370 (39.8%)
2026-02-23 16:19:20,394 [src.finbert.classify] INFO: Classified 300000 / 751370 (39.9%)
2026-02-23 16:19:22,746 [src.finbert.classify] INFO: Checkpoint saved at 300000 paragraphs
2026-02-23 16:19:25,449 [src.finbert.classify] INFO: Classified 301024 / 751370 (40.1%)
2026-02-23 16:19:28,055 [src.finbert.classify] INFO: Classified 302016 / 751370 (40.2%)
2026-02-23 16:19:30,920 [src.finbert.classify] INFO: Classified 303008 / 751370 (40.3%)
2026-02-23 16:19:33,774 [src.finbert.classify] INFO: Classified 304000 / 751370 (40.5%)
2026-02-23 16:19:36,757 [src.finbert.classify] INFO: Classified 305024 / 751370 (40.6%)
2026-02-23 16:19:39,184 [src.finbert.classify] INFO: Checkpoint saved at 305024 paragraphs
2026-02-23 16:19:42,284 [src.finbert.classify] INFO: Classified 306016 / 751370 (40.7%)
2026-02-23 16:19:45,374 [src.finbert.classify] INFO: Classified 307008 / 751370 (40.9%)
2026-02-23 16:19:48,253 [src.finbert.classify] INFO: Classified 308000 / 751370 (41.0%)
2026-02-23 16:19:51,223 [src.finbert.classify] INFO: Classified 309024 / 751370 (41.1%)
2026-02-23 16:19:54,376 [src.finbert.classify] INFO: Classified 310016 / 751370 (41.3%)
2026-02-23 16:19:56,844 [src.finbert.classify] INFO: Checkpoint saved at 310016 paragraphs
2026-02-23 16:19:59,756 [src.finbert.classify] INFO: Classified 311008 / 751370 (41.4%)
2026-02-23 16:20:02,585 [src.finbert.classify] INFO: Classified 312000 / 751370 (41.5%)
2026-02-23 16:20:05,515 [src.finbert.classify] INFO: Classified 313024 / 751370 (41.7%)
2026-02-23 16:20:08,217 [src.finbert.classify] INFO: Classified 314016 / 751370 (41.8%)
2026-02-23 16:20:10,777 [src.finbert.classify] INFO: Classified 315008 / 751370 (41.9%)
2026-02-23 16:20:13,273 [src.finbert.classify] INFO: Checkpoint saved at 315008 paragraphs
2026-02-23 16:20:15,820 [src.finbert.classify] INFO: Classified 316000 / 751370 (42.1%)
2026-02-23 16:20:18,427 [src.finbert.classify] INFO: Classified 317024 / 751370 (42.2%)
2026-02-23 16:20:21,036 [src.finbert.classify] INFO: Classified 318016 / 751370 (42.3%)
2026-02-23 16:20:23,623 [src.finbert.classify] INFO: Classified 319008 / 751370 (42.5%)
2026-02-23 16:20:26,242 [src.finbert.classify] INFO: Classified 320000 / 751370 (42.6%)
2026-02-23 16:20:28,740 [src.finbert.classify] INFO: Checkpoint saved at 320000 paragraphs
2026-02-23 16:20:31,280 [src.finbert.classify] INFO: Classified 321024 / 751370 (42.7%)
2026-02-23 16:20:33,848 [src.finbert.classify] INFO: Classified 322016 / 751370 (42.9%)
2026-02-23 16:20:36,386 [src.finbert.classify] INFO: Classified 323008 / 751370 (43.0%)
2026-02-23 16:20:39,073 [src.finbert.classify] INFO: Classified 324000 / 751370 (43.1%)
2026-02-23 16:20:42,224 [src.finbert.classify] INFO: Classified 325024 / 751370 (43.3%)
2026-02-23 16:20:44,782 [src.finbert.classify] INFO: Checkpoint saved at 325024 paragraphs
2026-02-23 16:20:47,725 [src.finbert.classify] INFO: Classified 326016 / 751370 (43.4%)
2026-02-23 16:20:50,603 [src.finbert.classify] INFO: Classified 327008 / 751370 (43.5%)
2026-02-23 16:20:53,282 [src.finbert.classify] INFO: Classified 328000 / 751370 (43.7%)
2026-02-23 16:20:56,453 [src.finbert.classify] INFO: Classified 329024 / 751370 (43.8%)
2026-02-23 16:20:59,369 [src.finbert.classify] INFO: Classified 330016 / 751370 (43.9%)
2026-02-23 16:21:01,974 [src.finbert.classify] INFO: Checkpoint saved at 330016 paragraphs
2026-02-23 16:21:04,913 [src.finbert.classify] INFO: Classified 331008 / 751370 (44.1%)
2026-02-23 16:21:07,956 [src.finbert.classify] INFO: Classified 332000 / 751370 (44.2%)
2026-02-23 16:21:10,877 [src.finbert.classify] INFO: Classified 333024 / 751370 (44.3%)
2026-02-23 16:21:13,846 [src.finbert.classify] INFO: Classified 334016 / 751370 (44.5%)
2026-02-23 16:21:16,802 [src.finbert.classify] INFO: Classified 335008 / 751370 (44.6%)
2026-02-23 16:21:19,443 [src.finbert.classify] INFO: Checkpoint saved at 335008 paragraphs
2026-02-23 16:21:22,381 [src.finbert.classify] INFO: Classified 336000 / 751370 (44.7%)
2026-02-23 16:21:25,437 [src.finbert.classify] INFO: Classified 337024 / 751370 (44.9%)
2026-02-23 16:21:28,406 [src.finbert.classify] INFO: Classified 338016 / 751370 (45.0%)
2026-02-23 16:21:31,476 [src.finbert.classify] INFO: Classified 339008 / 751370 (45.1%)
2026-02-23 16:21:34,493 [src.finbert.classify] INFO: Classified 340000 / 751370 (45.3%)
2026-02-23 16:21:37,176 [src.finbert.classify] INFO: Checkpoint saved at 340000 paragraphs
2026-02-23 16:21:40,075 [src.finbert.classify] INFO: Classified 341024 / 751370 (45.4%)
2026-02-23 16:21:42,655 [src.finbert.classify] INFO: Classified 342016 / 751370 (45.5%)
2026-02-23 16:21:45,492 [src.finbert.classify] INFO: Classified 343008 / 751370 (45.7%)
2026-02-23 16:21:48,507 [src.finbert.classify] INFO: Classified 344000 / 751370 (45.8%)
2026-02-23 16:21:51,601 [src.finbert.classify] INFO: Classified 345024 / 751370 (45.9%)
2026-02-23 16:21:54,332 [src.finbert.classify] INFO: Checkpoint saved at 345024 paragraphs
2026-02-23 16:21:57,262 [src.finbert.classify] INFO: Classified 346016 / 751370 (46.1%)
2026-02-23 16:22:00,090 [src.finbert.classify] INFO: Classified 347008 / 751370 (46.2%)
2026-02-23 16:22:02,976 [src.finbert.classify] INFO: Classified 348000 / 751370 (46.3%)
2026-02-23 16:22:05,949 [src.finbert.classify] INFO: Classified 349024 / 751370 (46.5%)
2026-02-23 16:22:09,097 [src.finbert.classify] INFO: Classified 350016 / 751370 (46.6%)
2026-02-23 16:22:11,866 [src.finbert.classify] INFO: Checkpoint saved at 350016 paragraphs
2026-02-23 16:22:14,790 [src.finbert.classify] INFO: Classified 351008 / 751370 (46.7%)
2026-02-23 16:22:17,671 [src.finbert.classify] INFO: Classified 352000 / 751370 (46.8%)
2026-02-23 16:22:20,780 [src.finbert.classify] INFO: Classified 353024 / 751370 (47.0%)
2026-02-23 16:22:24,078 [src.finbert.classify] INFO: Classified 354016 / 751370 (47.1%)
2026-02-23 16:22:27,188 [src.finbert.classify] INFO: Classified 355008 / 751370 (47.2%)
2026-02-23 16:22:29,994 [src.finbert.classify] INFO: Checkpoint saved at 355008 paragraphs
2026-02-23 16:22:32,838 [src.finbert.classify] INFO: Classified 356000 / 751370 (47.4%)
2026-02-23 16:22:35,693 [src.finbert.classify] INFO: Classified 357024 / 751370 (47.5%)
2026-02-23 16:22:38,373 [src.finbert.classify] INFO: Classified 358016 / 751370 (47.6%)
2026-02-23 16:22:41,301 [src.finbert.classify] INFO: Classified 359008 / 751370 (47.8%)
2026-02-23 16:22:44,179 [src.finbert.classify] INFO: Classified 360000 / 751370 (47.9%)
2026-02-23 16:22:47,028 [src.finbert.classify] INFO: Checkpoint saved at 360000 paragraphs
2026-02-23 16:22:50,496 [src.finbert.classify] INFO: Classified 361024 / 751370 (48.0%)
2026-02-23 16:22:54,078 [src.finbert.classify] INFO: Classified 362016 / 751370 (48.2%)
2026-02-23 16:22:57,225 [src.finbert.classify] INFO: Classified 363008 / 751370 (48.3%)
2026-02-23 16:23:00,438 [src.finbert.classify] INFO: Classified 364000 / 751370 (48.4%)
2026-02-23 16:23:03,542 [src.finbert.classify] INFO: Classified 365024 / 751370 (48.6%)
2026-02-23 16:23:06,439 [src.finbert.classify] INFO: Checkpoint saved at 365024 paragraphs
2026-02-23 16:23:09,131 [src.finbert.classify] INFO: Classified 366016 / 751370 (48.7%)
2026-02-23 16:23:11,841 [src.finbert.classify] INFO: Classified 367008 / 751370 (48.8%)
2026-02-23 16:23:14,558 [src.finbert.classify] INFO: Classified 368000 / 751370 (49.0%)
2026-02-23 16:23:17,476 [src.finbert.classify] INFO: Classified 369024 / 751370 (49.1%)
2026-02-23 16:23:20,444 [src.finbert.classify] INFO: Classified 370016 / 751370 (49.2%)
2026-02-23 16:23:23,363 [src.finbert.classify] INFO: Checkpoint saved at 370016 paragraphs
2026-02-23 16:23:26,222 [src.finbert.classify] INFO: Classified 371008 / 751370 (49.4%)
2026-02-23 16:23:29,303 [src.finbert.classify] INFO: Classified 372000 / 751370 (49.5%)
2026-02-23 16:23:32,292 [src.finbert.classify] INFO: Classified 373024 / 751370 (49.6%)
2026-02-23 16:23:35,190 [src.finbert.classify] INFO: Classified 374016 / 751370 (49.8%)
2026-02-23 16:23:38,081 [src.finbert.classify] INFO: Classified 375008 / 751370 (49.9%)
2026-02-23 16:23:41,049 [src.finbert.classify] INFO: Checkpoint saved at 375008 paragraphs
2026-02-23 16:23:43,937 [src.finbert.classify] INFO: Classified 376000 / 751370 (50.0%)
2026-02-23 16:23:47,012 [src.finbert.classify] INFO: Classified 377024 / 751370 (50.2%)
2026-02-23 16:23:49,794 [src.finbert.classify] INFO: Classified 378016 / 751370 (50.3%)
2026-02-23 16:23:52,591 [src.finbert.classify] INFO: Classified 379008 / 751370 (50.4%)
2026-02-23 16:23:55,351 [src.finbert.classify] INFO: Classified 380000 / 751370 (50.6%)
2026-02-23 16:23:58,352 [src.finbert.classify] INFO: Checkpoint saved at 380000 paragraphs
2026-02-23 16:24:01,178 [src.finbert.classify] INFO: Classified 381024 / 751370 (50.7%)
2026-02-23 16:24:03,925 [src.finbert.classify] INFO: Classified 382016 / 751370 (50.8%)
2026-02-23 16:24:06,683 [src.finbert.classify] INFO: Classified 383008 / 751370 (51.0%)
2026-02-23 16:24:09,581 [src.finbert.classify] INFO: Classified 384000 / 751370 (51.1%)
2026-02-23 16:24:12,563 [src.finbert.classify] INFO: Classified 385024 / 751370 (51.2%)
2026-02-23 16:24:15,624 [src.finbert.classify] INFO: Checkpoint saved at 385024 paragraphs
2026-02-23 16:24:18,548 [src.finbert.classify] INFO: Classified 386016 / 751370 (51.4%)
2026-02-23 16:24:21,172 [src.finbert.classify] INFO: Classified 387008 / 751370 (51.5%)
2026-02-23 16:24:23,690 [src.finbert.classify] INFO: Classified 388000 / 751370 (51.6%)
2026-02-23 16:24:26,052 [src.finbert.classify] INFO: Classified 389024 / 751370 (51.8%)
2026-02-23 16:24:29,197 [src.finbert.classify] INFO: Classified 390016 / 751370 (51.9%)
2026-02-23 16:24:32,280 [src.finbert.classify] INFO: Checkpoint saved at 390016 paragraphs
2026-02-23 16:24:35,588 [src.finbert.classify] INFO: Classified 391008 / 751370 (52.0%)
2026-02-23 16:24:38,858 [src.finbert.classify] INFO: Classified 392000 / 751370 (52.2%)
2026-02-23 16:24:42,095 [src.finbert.classify] INFO: Classified 393024 / 751370 (52.3%)
2026-02-23 16:24:44,927 [src.finbert.classify] INFO: Classified 394016 / 751370 (52.4%)
2026-02-23 16:24:47,843 [src.finbert.classify] INFO: Classified 395008 / 751370 (52.6%)
2026-02-23 16:24:50,975 [src.finbert.classify] INFO: Checkpoint saved at 395008 paragraphs
2026-02-23 16:24:54,232 [src.finbert.classify] INFO: Classified 396000 / 751370 (52.7%)
2026-02-23 16:24:57,328 [src.finbert.classify] INFO: Classified 397024 / 751370 (52.8%)
2026-02-23 16:25:00,226 [src.finbert.classify] INFO: Classified 398016 / 751370 (53.0%)
2026-02-23 16:25:02,793 [src.finbert.classify] INFO: Classified 399008 / 751370 (53.1%)
2026-02-23 16:25:05,771 [src.finbert.classify] INFO: Classified 400000 / 751370 (53.2%)
2026-02-23 16:25:08,943 [src.finbert.classify] INFO: Checkpoint saved at 400000 paragraphs
2026-02-23 16:25:12,084 [src.finbert.classify] INFO: Classified 401024 / 751370 (53.4%)
2026-02-23 16:25:15,081 [src.finbert.classify] INFO: Classified 402016 / 751370 (53.5%)
2026-02-23 16:25:18,123 [src.finbert.classify] INFO: Classified 403008 / 751370 (53.6%)
2026-02-23 16:25:21,177 [src.finbert.classify] INFO: Classified 404000 / 751370 (53.8%)
2026-02-23 16:25:24,293 [src.finbert.classify] INFO: Classified 405024 / 751370 (53.9%)
2026-02-23 16:25:27,490 [src.finbert.classify] INFO: Checkpoint saved at 405024 paragraphs
2026-02-23 16:25:30,531 [src.finbert.classify] INFO: Classified 406016 / 751370 (54.0%)
2026-02-23 16:25:33,501 [src.finbert.classify] INFO: Classified 407008 / 751370 (54.2%)
2026-02-23 16:25:36,530 [src.finbert.classify] INFO: Classified 408000 / 751370 (54.3%)
2026-02-23 16:25:39,553 [src.finbert.classify] INFO: Classified 409024 / 751370 (54.4%)
2026-02-23 16:25:42,272 [src.finbert.classify] INFO: Classified 410016 / 751370 (54.6%)
2026-02-23 16:25:45,525 [src.finbert.classify] INFO: Checkpoint saved at 410016 paragraphs
2026-02-23 16:25:48,615 [src.finbert.classify] INFO: Classified 411008 / 751370 (54.7%)
2026-02-23 16:25:51,673 [src.finbert.classify] INFO: Classified 412000 / 751370 (54.8%)
2026-02-23 16:25:54,881 [src.finbert.classify] INFO: Classified 413024 / 751370 (55.0%)
2026-02-23 16:25:57,751 [src.finbert.classify] INFO: Classified 414016 / 751370 (55.1%)
2026-02-23 16:26:00,638 [src.finbert.classify] INFO: Classified 415008 / 751370 (55.2%)
2026-02-23 16:26:03,935 [src.finbert.classify] INFO: Checkpoint saved at 415008 paragraphs
2026-02-23 16:26:06,949 [src.finbert.classify] INFO: Classified 416000 / 751370 (55.4%)
2026-02-23 16:26:10,256 [src.finbert.classify] INFO: Classified 417024 / 751370 (55.5%)
2026-02-23 16:26:13,250 [src.finbert.classify] INFO: Classified 418016 / 751370 (55.6%)
2026-02-23 16:26:16,224 [src.finbert.classify] INFO: Classified 419008 / 751370 (55.8%)
2026-02-23 16:26:19,125 [src.finbert.classify] INFO: Classified 420000 / 751370 (55.9%)
2026-02-23 16:26:22,468 [src.finbert.classify] INFO: Checkpoint saved at 420000 paragraphs
2026-02-23 16:26:25,530 [src.finbert.classify] INFO: Classified 421024 / 751370 (56.0%)
2026-02-23 16:26:28,400 [src.finbert.classify] INFO: Classified 422016 / 751370 (56.2%)
2026-02-23 16:26:31,166 [src.finbert.classify] INFO: Classified 423008 / 751370 (56.3%)
2026-02-23 16:26:34,075 [src.finbert.classify] INFO: Classified 424000 / 751370 (56.4%)
2026-02-23 16:26:37,158 [src.finbert.classify] INFO: Classified 425024 / 751370 (56.6%)
2026-02-23 16:26:40,530 [src.finbert.classify] INFO: Checkpoint saved at 425024 paragraphs
2026-02-23 16:26:43,519 [src.finbert.classify] INFO: Classified 426016 / 751370 (56.7%)
2026-02-23 16:26:46,470 [src.finbert.classify] INFO: Classified 427008 / 751370 (56.8%)
2026-02-23 16:26:49,521 [src.finbert.classify] INFO: Classified 428000 / 751370 (57.0%)
2026-02-23 16:26:52,452 [src.finbert.classify] INFO: Classified 429024 / 751370 (57.1%)
2026-02-23 16:26:55,240 [src.finbert.classify] INFO: Classified 430016 / 751370 (57.2%)
2026-02-23 16:26:58,640 [src.finbert.classify] INFO: Checkpoint saved at 430016 paragraphs
2026-02-23 16:27:01,357 [src.finbert.classify] INFO: Classified 431008 / 751370 (57.4%)
2026-02-23 16:27:04,106 [src.finbert.classify] INFO: Classified 432000 / 751370 (57.5%)
2026-02-23 16:27:06,971 [src.finbert.classify] INFO: Classified 433024 / 751370 (57.6%)
2026-02-23 16:27:10,067 [src.finbert.classify] INFO: Classified 434016 / 751370 (57.8%)
2026-02-23 16:27:13,089 [src.finbert.classify] INFO: Classified 435008 / 751370 (57.9%)
2026-02-23 16:27:16,523 [src.finbert.classify] INFO: Checkpoint saved at 435008 paragraphs
2026-02-23 16:27:19,350 [src.finbert.classify] INFO: Classified 436000 / 751370 (58.0%)
2026-02-23 16:27:22,395 [src.finbert.classify] INFO: Classified 437024 / 751370 (58.2%)
2026-02-23 16:27:25,296 [src.finbert.classify] INFO: Classified 438016 / 751370 (58.3%)
2026-02-23 16:27:28,233 [src.finbert.classify] INFO: Classified 439008 / 751370 (58.4%)
2026-02-23 16:27:31,322 [src.finbert.classify] INFO: Classified 440000 / 751370 (58.6%)
2026-02-23 16:27:34,809 [src.finbert.classify] INFO: Checkpoint saved at 440000 paragraphs
2026-02-23 16:27:37,947 [src.finbert.classify] INFO: Classified 441024 / 751370 (58.7%)
2026-02-23 16:27:40,933 [src.finbert.classify] INFO: Classified 442016 / 751370 (58.8%)
2026-02-23 16:27:44,144 [src.finbert.classify] INFO: Classified 443008 / 751370 (59.0%)
2026-02-23 16:27:47,258 [src.finbert.classify] INFO: Classified 444000 / 751370 (59.1%)
2026-02-23 16:27:50,390 [src.finbert.classify] INFO: Classified 445024 / 751370 (59.2%)
2026-02-23 16:27:53,919 [src.finbert.classify] INFO: Checkpoint saved at 445024 paragraphs
2026-02-23 16:27:56,879 [src.finbert.classify] INFO: Classified 446016 / 751370 (59.4%)
2026-02-23 16:27:59,723 [src.finbert.classify] INFO: Classified 447008 / 751370 (59.5%)
2026-02-23 16:28:02,629 [src.finbert.classify] INFO: Classified 448000 / 751370 (59.6%)
2026-02-23 16:28:06,012 [src.finbert.classify] INFO: Classified 449024 / 751370 (59.8%)
2026-02-23 16:28:09,091 [src.finbert.classify] INFO: Classified 450016 / 751370 (59.9%)
2026-02-23 16:28:12,662 [src.finbert.classify] INFO: Checkpoint saved at 450016 paragraphs
2026-02-23 16:28:15,488 [src.finbert.classify] INFO: Classified 451008 / 751370 (60.0%)
2026-02-23 16:28:18,350 [src.finbert.classify] INFO: Classified 452000 / 751370 (60.2%)
2026-02-23 16:28:21,356 [src.finbert.classify] INFO: Classified 453024 / 751370 (60.3%)
2026-02-23 16:28:24,246 [src.finbert.classify] INFO: Classified 454016 / 751370 (60.4%)
2026-02-23 16:28:27,242 [src.finbert.classify] INFO: Classified 455008 / 751370 (60.6%)
2026-02-23 16:28:30,840 [src.finbert.classify] INFO: Checkpoint saved at 455008 paragraphs
2026-02-23 16:28:33,858 [src.finbert.classify] INFO: Classified 456000 / 751370 (60.7%)
2026-02-23 16:28:36,973 [src.finbert.classify] INFO: Classified 457024 / 751370 (60.8%)
2026-02-23 16:28:39,975 [src.finbert.classify] INFO: Classified 458016 / 751370 (61.0%)
2026-02-23 16:28:42,910 [src.finbert.classify] INFO: Classified 459008 / 751370 (61.1%)
2026-02-23 16:28:45,665 [src.finbert.classify] INFO: Classified 460000 / 751370 (61.2%)
2026-02-23 16:28:49,315 [src.finbert.classify] INFO: Checkpoint saved at 460000 paragraphs
2026-02-23 16:28:51,687 [src.finbert.classify] INFO: Classified 461024 / 751370 (61.4%)
2026-02-23 16:28:54,094 [src.finbert.classify] INFO: Classified 462016 / 751370 (61.5%)
2026-02-23 16:28:56,880 [src.finbert.classify] INFO: Classified 463008 / 751370 (61.6%)
2026-02-23 16:28:59,502 [src.finbert.classify] INFO: Classified 464000 / 751370 (61.8%)
2026-02-23 16:29:02,198 [src.finbert.classify] INFO: Classified 465024 / 751370 (61.9%)
2026-02-23 16:29:05,864 [src.finbert.classify] INFO: Checkpoint saved at 465024 paragraphs
2026-02-23 16:29:08,479 [src.finbert.classify] INFO: Classified 466016 / 751370 (62.0%)
2026-02-23 16:29:11,075 [src.finbert.classify] INFO: Classified 467008 / 751370 (62.2%)
2026-02-23 16:29:13,624 [src.finbert.classify] INFO: Classified 468000 / 751370 (62.3%)
2026-02-23 16:29:16,209 [src.finbert.classify] INFO: Classified 469024 / 751370 (62.4%)
2026-02-23 16:29:18,622 [src.finbert.classify] INFO: Classified 470016 / 751370 (62.6%)
2026-02-23 16:29:22,288 [src.finbert.classify] INFO: Checkpoint saved at 470016 paragraphs
2026-02-23 16:29:24,874 [src.finbert.classify] INFO: Classified 471008 / 751370 (62.7%)
2026-02-23 16:29:27,812 [src.finbert.classify] INFO: Classified 472000 / 751370 (62.8%)
2026-02-23 16:29:30,798 [src.finbert.classify] INFO: Classified 473024 / 751370 (63.0%)
2026-02-23 16:29:33,648 [src.finbert.classify] INFO: Classified 474016 / 751370 (63.1%)
2026-02-23 16:29:36,629 [src.finbert.classify] INFO: Classified 475008 / 751370 (63.2%)
2026-02-23 16:29:40,357 [src.finbert.classify] INFO: Checkpoint saved at 475008 paragraphs
2026-02-23 16:29:43,331 [src.finbert.classify] INFO: Classified 476000 / 751370 (63.4%)
2026-02-23 16:29:46,424 [src.finbert.classify] INFO: Classified 477024 / 751370 (63.5%)
2026-02-23 16:29:49,322 [src.finbert.classify] INFO: Classified 478016 / 751370 (63.6%)
2026-02-23 16:29:52,194 [src.finbert.classify] INFO: Classified 479008 / 751370 (63.8%)
2026-02-23 16:29:55,136 [src.finbert.classify] INFO: Classified 480000 / 751370 (63.9%)
2026-02-23 16:29:58,924 [src.finbert.classify] INFO: Checkpoint saved at 480000 paragraphs
2026-02-23 16:30:01,990 [src.finbert.classify] INFO: Classified 481024 / 751370 (64.0%)
2026-02-23 16:30:05,014 [src.finbert.classify] INFO: Classified 482016 / 751370 (64.2%)
2026-02-23 16:30:07,971 [src.finbert.classify] INFO: Classified 483008 / 751370 (64.3%)
2026-02-23 16:30:10,971 [src.finbert.classify] INFO: Classified 484000 / 751370 (64.4%)
2026-02-23 16:30:13,843 [src.finbert.classify] INFO: Classified 485024 / 751370 (64.6%)
2026-02-23 16:30:17,657 [src.finbert.classify] INFO: Checkpoint saved at 485024 paragraphs
2026-02-23 16:30:20,444 [src.finbert.classify] INFO: Classified 486016 / 751370 (64.7%)
2026-02-23 16:30:23,265 [src.finbert.classify] INFO: Classified 487008 / 751370 (64.8%)
2026-02-23 16:30:26,374 [src.finbert.classify] INFO: Classified 488000 / 751370 (64.9%)
2026-02-23 16:30:29,530 [src.finbert.classify] INFO: Classified 489024 / 751370 (65.1%)
2026-02-23 16:30:32,445 [src.finbert.classify] INFO: Classified 490016 / 751370 (65.2%)
2026-02-23 16:30:36,306 [src.finbert.classify] INFO: Checkpoint saved at 490016 paragraphs
2026-02-23 16:30:38,882 [src.finbert.classify] INFO: Classified 491008 / 751370 (65.3%)
2026-02-23 16:30:41,707 [src.finbert.classify] INFO: Classified 492000 / 751370 (65.5%)
2026-02-23 16:30:44,787 [src.finbert.classify] INFO: Classified 493024 / 751370 (65.6%)
2026-02-23 16:30:47,868 [src.finbert.classify] INFO: Classified 494016 / 751370 (65.7%)
2026-02-23 16:30:51,025 [src.finbert.classify] INFO: Classified 495008 / 751370 (65.9%)
2026-02-23 16:30:54,938 [src.finbert.classify] INFO: Checkpoint saved at 495008 paragraphs
2026-02-23 16:30:57,894 [src.finbert.classify] INFO: Classified 496000 / 751370 (66.0%)
2026-02-23 16:31:00,981 [src.finbert.classify] INFO: Classified 497024 / 751370 (66.1%)
2026-02-23 16:31:03,959 [src.finbert.classify] INFO: Classified 498016 / 751370 (66.3%)
2026-02-23 16:31:06,828 [src.finbert.classify] INFO: Classified 499008 / 751370 (66.4%)
2026-02-23 16:31:09,765 [src.finbert.classify] INFO: Classified 500000 / 751370 (66.5%)
2026-02-23 16:31:13,717 [src.finbert.classify] INFO: Checkpoint saved at 500000 paragraphs
2026-02-23 16:31:16,563 [src.finbert.classify] INFO: Classified 501024 / 751370 (66.7%)
2026-02-23 16:31:19,370 [src.finbert.classify] INFO: Classified 502016 / 751370 (66.8%)
2026-02-23 16:31:22,111 [src.finbert.classify] INFO: Classified 503008 / 751370 (66.9%)
2026-02-23 16:31:24,934 [src.finbert.classify] INFO: Classified 504000 / 751370 (67.1%)
2026-02-23 16:31:27,879 [src.finbert.classify] INFO: Classified 505024 / 751370 (67.2%)
2026-02-23 16:31:31,869 [src.finbert.classify] INFO: Checkpoint saved at 505024 paragraphs
2026-02-23 16:31:34,849 [src.finbert.classify] INFO: Classified 506016 / 751370 (67.3%)
2026-02-23 16:31:37,628 [src.finbert.classify] INFO: Classified 507008 / 751370 (67.5%)
2026-02-23 16:31:40,533 [src.finbert.classify] INFO: Classified 508000 / 751370 (67.6%)
2026-02-23 16:31:43,365 [src.finbert.classify] INFO: Classified 509024 / 751370 (67.7%)
2026-02-23 16:31:46,132 [src.finbert.classify] INFO: Classified 510016 / 751370 (67.9%)
2026-02-23 16:31:50,169 [src.finbert.classify] INFO: Checkpoint saved at 510016 paragraphs
2026-02-23 16:31:52,922 [src.finbert.classify] INFO: Classified 511008 / 751370 (68.0%)
2026-02-23 16:31:55,698 [src.finbert.classify] INFO: Classified 512000 / 751370 (68.1%)
2026-02-23 16:31:58,475 [src.finbert.classify] INFO: Classified 513024 / 751370 (68.3%)
2026-02-23 16:32:01,166 [src.finbert.classify] INFO: Classified 514016 / 751370 (68.4%)
2026-02-23 16:32:03,834 [src.finbert.classify] INFO: Classified 515008 / 751370 (68.5%)
2026-02-23 16:32:07,907 [src.finbert.classify] INFO: Checkpoint saved at 515008 paragraphs
2026-02-23 16:32:10,659 [src.finbert.classify] INFO: Classified 516000 / 751370 (68.7%)
2026-02-23 16:32:13,426 [src.finbert.classify] INFO: Classified 517024 / 751370 (68.8%)
2026-02-23 16:32:16,156 [src.finbert.classify] INFO: Classified 518016 / 751370 (68.9%)
2026-02-23 16:32:18,897 [src.finbert.classify] INFO: Classified 519008 / 751370 (69.1%)
2026-02-23 16:32:21,652 [src.finbert.classify] INFO: Classified 520000 / 751370 (69.2%)
2026-02-23 16:32:25,751 [src.finbert.classify] INFO: Checkpoint saved at 520000 paragraphs
2026-02-23 16:32:28,637 [src.finbert.classify] INFO: Classified 521024 / 751370 (69.3%)
2026-02-23 16:32:31,429 [src.finbert.classify] INFO: Classified 522016 / 751370 (69.5%)
2026-02-23 16:32:34,228 [src.finbert.classify] INFO: Classified 523008 / 751370 (69.6%)
2026-02-23 16:32:37,093 [src.finbert.classify] INFO: Classified 524000 / 751370 (69.7%)
2026-02-23 16:32:40,140 [src.finbert.classify] INFO: Classified 525024 / 751370 (69.9%)
2026-02-23 16:32:44,262 [src.finbert.classify] INFO: Checkpoint saved at 525024 paragraphs
2026-02-23 16:32:47,279 [src.finbert.classify] INFO: Classified 526016 / 751370 (70.0%)
2026-02-23 16:32:50,138 [src.finbert.classify] INFO: Classified 527008 / 751370 (70.1%)
2026-02-23 16:32:52,974 [src.finbert.classify] INFO: Classified 528000 / 751370 (70.3%)
2026-02-23 16:32:55,813 [src.finbert.classify] INFO: Classified 529024 / 751370 (70.4%)
2026-02-23 16:32:58,682 [src.finbert.classify] INFO: Classified 530016 / 751370 (70.5%)
2026-02-23 16:33:02,845 [src.finbert.classify] INFO: Checkpoint saved at 530016 paragraphs
2026-02-23 16:33:05,653 [src.finbert.classify] INFO: Classified 531008 / 751370 (70.7%)
2026-02-23 16:33:08,516 [src.finbert.classify] INFO: Classified 532000 / 751370 (70.8%)
2026-02-23 16:33:11,296 [src.finbert.classify] INFO: Classified 533024 / 751370 (70.9%)
2026-02-23 16:33:14,179 [src.finbert.classify] INFO: Classified 534016 / 751370 (71.1%)
2026-02-23 16:33:17,039 [src.finbert.classify] INFO: Classified 535008 / 751370 (71.2%)
2026-02-23 16:33:21,227 [src.finbert.classify] INFO: Checkpoint saved at 535008 paragraphs
2026-02-23 16:33:23,994 [src.finbert.classify] INFO: Classified 536000 / 751370 (71.3%)
2026-02-23 16:33:27,095 [src.finbert.classify] INFO: Classified 537024 / 751370 (71.5%)
2026-02-23 16:33:30,025 [src.finbert.classify] INFO: Classified 538016 / 751370 (71.6%)
2026-02-23 16:33:32,871 [src.finbert.classify] INFO: Classified 539008 / 751370 (71.7%)
2026-02-23 16:33:35,510 [src.finbert.classify] INFO: Classified 540000 / 751370 (71.9%)
2026-02-23 16:33:39,781 [src.finbert.classify] INFO: Checkpoint saved at 540000 paragraphs
2026-02-23 16:33:42,890 [src.finbert.classify] INFO: Classified 541024 / 751370 (72.0%)
2026-02-23 16:33:45,913 [src.finbert.classify] INFO: Classified 542016 / 751370 (72.1%)
2026-02-23 16:33:48,841 [src.finbert.classify] INFO: Classified 543008 / 751370 (72.3%)
2026-02-23 16:33:51,657 [src.finbert.classify] INFO: Classified 544000 / 751370 (72.4%)
2026-02-23 16:33:54,597 [src.finbert.classify] INFO: Classified 545024 / 751370 (72.5%)
2026-02-23 16:33:58,890 [src.finbert.classify] INFO: Checkpoint saved at 545024 paragraphs
2026-02-23 16:34:01,689 [src.finbert.classify] INFO: Classified 546016 / 751370 (72.7%)
2026-02-23 16:34:04,449 [src.finbert.classify] INFO: Classified 547008 / 751370 (72.8%)
2026-02-23 16:34:07,576 [src.finbert.classify] INFO: Classified 548000 / 751370 (72.9%)
2026-02-23 16:34:10,713 [src.finbert.classify] INFO: Classified 549024 / 751370 (73.1%)
2026-02-23 16:34:13,255 [src.finbert.classify] INFO: Classified 550016 / 751370 (73.2%)
2026-02-23 16:34:17,584 [src.finbert.classify] INFO: Checkpoint saved at 550016 paragraphs
2026-02-23 16:34:20,103 [src.finbert.classify] INFO: Classified 551008 / 751370 (73.3%)
2026-02-23 16:34:22,658 [src.finbert.classify] INFO: Classified 552000 / 751370 (73.5%)
2026-02-23 16:34:25,299 [src.finbert.classify] INFO: Classified 553024 / 751370 (73.6%)
2026-02-23 16:34:27,819 [src.finbert.classify] INFO: Classified 554016 / 751370 (73.7%)
2026-02-23 16:34:30,399 [src.finbert.classify] INFO: Classified 555008 / 751370 (73.9%)
2026-02-23 16:34:34,755 [src.finbert.classify] INFO: Checkpoint saved at 555008 paragraphs
2026-02-23 16:34:37,425 [src.finbert.classify] INFO: Classified 556000 / 751370 (74.0%)
2026-02-23 16:34:40,142 [src.finbert.classify] INFO: Classified 557024 / 751370 (74.1%)
2026-02-23 16:34:42,908 [src.finbert.classify] INFO: Classified 558016 / 751370 (74.3%)
2026-02-23 16:34:45,758 [src.finbert.classify] INFO: Classified 559008 / 751370 (74.4%)
2026-02-23 16:34:48,623 [src.finbert.classify] INFO: Classified 560000 / 751370 (74.5%)
2026-02-23 16:34:53,004 [src.finbert.classify] INFO: Checkpoint saved at 560000 paragraphs
2026-02-23 16:34:55,947 [src.finbert.classify] INFO: Classified 561024 / 751370 (74.7%)
2026-02-23 16:34:58,791 [src.finbert.classify] INFO: Classified 562016 / 751370 (74.8%)
2026-02-23 16:35:01,707 [src.finbert.classify] INFO: Classified 563008 / 751370 (74.9%)
2026-02-23 16:35:04,705 [src.finbert.classify] INFO: Classified 564000 / 751370 (75.1%)
2026-02-23 16:35:07,802 [src.finbert.classify] INFO: Classified 565024 / 751370 (75.2%)
2026-02-23 16:35:12,229 [src.finbert.classify] INFO: Checkpoint saved at 565024 paragraphs
2026-02-23 16:35:15,049 [src.finbert.classify] INFO: Classified 566016 / 751370 (75.3%)
2026-02-23 16:35:17,392 [src.finbert.classify] INFO: Classified 567008 / 751370 (75.5%)
2026-02-23 16:35:20,330 [src.finbert.classify] INFO: Classified 568000 / 751370 (75.6%)
2026-02-23 16:35:23,395 [src.finbert.classify] INFO: Classified 569024 / 751370 (75.7%)
2026-02-23 16:35:26,404 [src.finbert.classify] INFO: Classified 570016 / 751370 (75.9%)
2026-02-23 16:35:30,877 [src.finbert.classify] INFO: Checkpoint saved at 570016 paragraphs
2026-02-23 16:35:33,861 [src.finbert.classify] INFO: Classified 571008 / 751370 (76.0%)
2026-02-23 16:35:36,852 [src.finbert.classify] INFO: Classified 572000 / 751370 (76.1%)
2026-02-23 16:35:39,895 [src.finbert.classify] INFO: Classified 573024 / 751370 (76.3%)
2026-02-23 16:35:42,734 [src.finbert.classify] INFO: Classified 574016 / 751370 (76.4%)
2026-02-23 16:35:45,525 [src.finbert.classify] INFO: Classified 575008 / 751370 (76.5%)
2026-02-23 16:35:50,025 [src.finbert.classify] INFO: Checkpoint saved at 575008 paragraphs
2026-02-23 16:35:52,754 [src.finbert.classify] INFO: Classified 576000 / 751370 (76.7%)
2026-02-23 16:35:55,502 [src.finbert.classify] INFO: Classified 577024 / 751370 (76.8%)
2026-02-23 16:35:58,271 [src.finbert.classify] INFO: Classified 578016 / 751370 (76.9%)
2026-02-23 16:36:01,236 [src.finbert.classify] INFO: Classified 579008 / 751370 (77.1%)
2026-02-23 16:36:04,174 [src.finbert.classify] INFO: Classified 580000 / 751370 (77.2%)
2026-02-23 16:36:08,715 [src.finbert.classify] INFO: Checkpoint saved at 580000 paragraphs
2026-02-23 16:36:11,806 [src.finbert.classify] INFO: Classified 581024 / 751370 (77.3%)
2026-02-23 16:36:14,753 [src.finbert.classify] INFO: Classified 582016 / 751370 (77.5%)
2026-02-23 16:36:17,668 [src.finbert.classify] INFO: Classified 583008 / 751370 (77.6%)
2026-02-23 16:36:20,577 [src.finbert.classify] INFO: Classified 584000 / 751370 (77.7%)
2026-02-23 16:36:23,449 [src.finbert.classify] INFO: Classified 585024 / 751370 (77.9%)
2026-02-23 16:36:28,059 [src.finbert.classify] INFO: Checkpoint saved at 585024 paragraphs
2026-02-23 16:36:31,152 [src.finbert.classify] INFO: Classified 586016 / 751370 (78.0%)
2026-02-23 16:36:34,257 [src.finbert.classify] INFO: Classified 587008 / 751370 (78.1%)
2026-02-23 16:36:37,177 [src.finbert.classify] INFO: Classified 588000 / 751370 (78.3%)
2026-02-23 16:36:40,199 [src.finbert.classify] INFO: Classified 589024 / 751370 (78.4%)
2026-02-23 16:36:42,939 [src.finbert.classify] INFO: Classified 590016 / 751370 (78.5%)
2026-02-23 16:36:47,559 [src.finbert.classify] INFO: Checkpoint saved at 590016 paragraphs
2026-02-23 16:36:50,351 [src.finbert.classify] INFO: Classified 591008 / 751370 (78.7%)
2026-02-23 16:36:53,151 [src.finbert.classify] INFO: Classified 592000 / 751370 (78.8%)
2026-02-23 16:36:56,146 [src.finbert.classify] INFO: Classified 593024 / 751370 (78.9%)
2026-02-23 16:36:59,154 [src.finbert.classify] INFO: Classified 594016 / 751370 (79.1%)
2026-02-23 16:37:02,147 [src.finbert.classify] INFO: Classified 595008 / 751370 (79.2%)
2026-02-23 16:37:06,819 [src.finbert.classify] INFO: Checkpoint saved at 595008 paragraphs
2026-02-23 16:37:09,772 [src.finbert.classify] INFO: Classified 596000 / 751370 (79.3%)
2026-02-23 16:37:12,855 [src.finbert.classify] INFO: Classified 597024 / 751370 (79.5%)
2026-02-23 16:37:16,034 [src.finbert.classify] INFO: Classified 598016 / 751370 (79.6%)
2026-02-23 16:37:19,163 [src.finbert.classify] INFO: Classified 599008 / 751370 (79.7%)
2026-02-23 16:37:22,298 [src.finbert.classify] INFO: Classified 600000 / 751370 (79.9%)
2026-02-23 16:37:27,028 [src.finbert.classify] INFO: Checkpoint saved at 600000 paragraphs
2026-02-23 16:37:30,074 [src.finbert.classify] INFO: Classified 601024 / 751370 (80.0%)
2026-02-23 16:37:32,707 [src.finbert.classify] INFO: Classified 602016 / 751370 (80.1%)
2026-02-23 16:37:35,364 [src.finbert.classify] INFO: Classified 603008 / 751370 (80.3%)
2026-02-23 16:37:38,050 [src.finbert.classify] INFO: Classified 604000 / 751370 (80.4%)
2026-02-23 16:37:40,978 [src.finbert.classify] INFO: Classified 605024 / 751370 (80.5%)
2026-02-23 16:37:45,745 [src.finbert.classify] INFO: Checkpoint saved at 605024 paragraphs
2026-02-23 16:37:48,632 [src.finbert.classify] INFO: Classified 606016 / 751370 (80.7%)
2026-02-23 16:37:51,545 [src.finbert.classify] INFO: Classified 607008 / 751370 (80.8%)
2026-02-23 16:37:54,346 [src.finbert.classify] INFO: Classified 608000 / 751370 (80.9%)
2026-02-23 16:37:57,314 [src.finbert.classify] INFO: Classified 609024 / 751370 (81.1%)
2026-02-23 16:38:00,089 [src.finbert.classify] INFO: Classified 610016 / 751370 (81.2%)
2026-02-23 16:38:04,869 [src.finbert.classify] INFO: Checkpoint saved at 610016 paragraphs
2026-02-23 16:38:08,048 [src.finbert.classify] INFO: Classified 611008 / 751370 (81.3%)
2026-02-23 16:38:10,992 [src.finbert.classify] INFO: Classified 612000 / 751370 (81.5%)
2026-02-23 16:38:14,209 [src.finbert.classify] INFO: Classified 613024 / 751370 (81.6%)
2026-02-23 16:38:17,150 [src.finbert.classify] INFO: Classified 614016 / 751370 (81.7%)
2026-02-23 16:38:20,124 [src.finbert.classify] INFO: Classified 615008 / 751370 (81.9%)
2026-02-23 16:38:24,968 [src.finbert.classify] INFO: Checkpoint saved at 615008 paragraphs
2026-02-23 16:38:27,871 [src.finbert.classify] INFO: Classified 616000 / 751370 (82.0%)
2026-02-23 16:38:30,848 [src.finbert.classify] INFO: Classified 617024 / 751370 (82.1%)
2026-02-23 16:38:33,525 [src.finbert.classify] INFO: Classified 618016 / 751370 (82.3%)
2026-02-23 16:38:36,139 [src.finbert.classify] INFO: Classified 619008 / 751370 (82.4%)
2026-02-23 16:38:38,784 [src.finbert.classify] INFO: Classified 620000 / 751370 (82.5%)
2026-02-23 16:38:43,664 [src.finbert.classify] INFO: Checkpoint saved at 620000 paragraphs
2026-02-23 16:38:46,779 [src.finbert.classify] INFO: Classified 621024 / 751370 (82.7%)
2026-02-23 16:38:49,696 [src.finbert.classify] INFO: Classified 622016 / 751370 (82.8%)
2026-02-23 16:38:52,583 [src.finbert.classify] INFO: Classified 623008 / 751370 (82.9%)
2026-02-23 16:38:55,857 [src.finbert.classify] INFO: Classified 624000 / 751370 (83.0%)
2026-02-23 16:38:59,196 [src.finbert.classify] INFO: Classified 625024 / 751370 (83.2%)
2026-02-23 16:39:04,100 [src.finbert.classify] INFO: Checkpoint saved at 625024 paragraphs
2026-02-23 16:39:07,272 [src.finbert.classify] INFO: Classified 626016 / 751370 (83.3%)
2026-02-23 16:39:10,395 [src.finbert.classify] INFO: Classified 627008 / 751370 (83.4%)
2026-02-23 16:39:13,255 [src.finbert.classify] INFO: Classified 628000 / 751370 (83.6%)
2026-02-23 16:39:16,217 [src.finbert.classify] INFO: Classified 629024 / 751370 (83.7%)
2026-02-23 16:39:19,022 [src.finbert.classify] INFO: Classified 630016 / 751370 (83.8%)
2026-02-23 16:39:23,991 [src.finbert.classify] INFO: Checkpoint saved at 630016 paragraphs
2026-02-23 16:39:26,843 [src.finbert.classify] INFO: Classified 631008 / 751370 (84.0%)
2026-02-23 16:39:29,811 [src.finbert.classify] INFO: Classified 632000 / 751370 (84.1%)
2026-02-23 16:39:32,834 [src.finbert.classify] INFO: Classified 633024 / 751370 (84.2%)
2026-02-23 16:39:35,605 [src.finbert.classify] INFO: Classified 634016 / 751370 (84.4%)
2026-02-23 16:39:38,399 [src.finbert.classify] INFO: Classified 635008 / 751370 (84.5%)
2026-02-23 16:39:43,390 [src.finbert.classify] INFO: Checkpoint saved at 635008 paragraphs
2026-02-23 16:39:46,216 [src.finbert.classify] INFO: Classified 636000 / 751370 (84.6%)
2026-02-23 16:39:49,195 [src.finbert.classify] INFO: Classified 637024 / 751370 (84.8%)
2026-02-23 16:39:52,314 [src.finbert.classify] INFO: Classified 638016 / 751370 (84.9%)
2026-02-23 16:39:55,226 [src.finbert.classify] INFO: Classified 639008 / 751370 (85.0%)
2026-02-23 16:39:58,227 [src.finbert.classify] INFO: Classified 640000 / 751370 (85.2%)
2026-02-23 16:40:03,258 [src.finbert.classify] INFO: Checkpoint saved at 640000 paragraphs
2026-02-23 16:40:06,204 [src.finbert.classify] INFO: Classified 641024 / 751370 (85.3%)
2026-02-23 16:40:09,008 [src.finbert.classify] INFO: Classified 642016 / 751370 (85.4%)
2026-02-23 16:40:11,730 [src.finbert.classify] INFO: Classified 643008 / 751370 (85.6%)
2026-02-23 16:40:14,564 [src.finbert.classify] INFO: Classified 644000 / 751370 (85.7%)
2026-02-23 16:40:17,494 [src.finbert.classify] INFO: Classified 645024 / 751370 (85.8%)
2026-02-23 16:40:22,542 [src.finbert.classify] INFO: Checkpoint saved at 645024 paragraphs
2026-02-23 16:40:25,203 [src.finbert.classify] INFO: Classified 646016 / 751370 (86.0%)
2026-02-23 16:40:28,299 [src.finbert.classify] INFO: Classified 647008 / 751370 (86.1%)
2026-02-23 16:40:31,379 [src.finbert.classify] INFO: Classified 648000 / 751370 (86.2%)
2026-02-23 16:40:34,596 [src.finbert.classify] INFO: Classified 649024 / 751370 (86.4%)
2026-02-23 16:40:37,690 [src.finbert.classify] INFO: Classified 650016 / 751370 (86.5%)
2026-02-23 16:40:42,790 [src.finbert.classify] INFO: Checkpoint saved at 650016 paragraphs
2026-02-23 16:40:45,506 [src.finbert.classify] INFO: Classified 651008 / 751370 (86.6%)
2026-02-23 16:40:48,227 [src.finbert.classify] INFO: Classified 652000 / 751370 (86.8%)
2026-02-23 16:40:51,468 [src.finbert.classify] INFO: Classified 653024 / 751370 (86.9%)
2026-02-23 16:40:54,605 [src.finbert.classify] INFO: Classified 654016 / 751370 (87.0%)
2026-02-23 16:40:57,718 [src.finbert.classify] INFO: Classified 655008 / 751370 (87.2%)
2026-02-23 16:41:02,873 [src.finbert.classify] INFO: Checkpoint saved at 655008 paragraphs
2026-02-23 16:41:05,869 [src.finbert.classify] INFO: Classified 656000 / 751370 (87.3%)
2026-02-23 16:41:08,931 [src.finbert.classify] INFO: Classified 657024 / 751370 (87.4%)
2026-02-23 16:41:11,500 [src.finbert.classify] INFO: Classified 658016 / 751370 (87.6%)
2026-02-23 16:41:14,074 [src.finbert.classify] INFO: Classified 659008 / 751370 (87.7%)
2026-02-23 16:41:16,446 [src.finbert.classify] INFO: Classified 660000 / 751370 (87.8%)
2026-02-23 16:41:21,629 [src.finbert.classify] INFO: Checkpoint saved at 660000 paragraphs
2026-02-23 16:41:24,246 [src.finbert.classify] INFO: Classified 661024 / 751370 (88.0%)
2026-02-23 16:41:26,999 [src.finbert.classify] INFO: Classified 662016 / 751370 (88.1%)
2026-02-23 16:41:29,861 [src.finbert.classify] INFO: Classified 663008 / 751370 (88.2%)
2026-02-23 16:41:32,725 [src.finbert.classify] INFO: Classified 664000 / 751370 (88.4%)
2026-02-23 16:41:35,571 [src.finbert.classify] INFO: Classified 665024 / 751370 (88.5%)
2026-02-23 16:41:40,795 [src.finbert.classify] INFO: Checkpoint saved at 665024 paragraphs
2026-02-23 16:41:43,581 [src.finbert.classify] INFO: Classified 666016 / 751370 (88.6%)
2026-02-23 16:41:46,545 [src.finbert.classify] INFO: Classified 667008 / 751370 (88.8%)
2026-02-23 16:41:49,656 [src.finbert.classify] INFO: Classified 668000 / 751370 (88.9%)
2026-02-23 16:41:52,944 [src.finbert.classify] INFO: Classified 669024 / 751370 (89.0%)
2026-02-23 16:41:56,230 [src.finbert.classify] INFO: Classified 670016 / 751370 (89.2%)
2026-02-23 16:42:01,499 [src.finbert.classify] INFO: Checkpoint saved at 670016 paragraphs
2026-02-23 16:42:04,678 [src.finbert.classify] INFO: Classified 671008 / 751370 (89.3%)
2026-02-23 16:42:07,624 [src.finbert.classify] INFO: Classified 672000 / 751370 (89.4%)
2026-02-23 16:42:10,421 [src.finbert.classify] INFO: Classified 673024 / 751370 (89.6%)
2026-02-23 16:42:13,120 [src.finbert.classify] INFO: Classified 674016 / 751370 (89.7%)
2026-02-23 16:42:15,865 [src.finbert.classify] INFO: Classified 675008 / 751370 (89.8%)
2026-02-23 16:42:21,164 [src.finbert.classify] INFO: Checkpoint saved at 675008 paragraphs
2026-02-23 16:42:23,918 [src.finbert.classify] INFO: Classified 676000 / 751370 (90.0%)
2026-02-23 16:42:26,763 [src.finbert.classify] INFO: Classified 677024 / 751370 (90.1%)
2026-02-23 16:42:29,184 [src.finbert.classify] INFO: Classified 678016 / 751370 (90.2%)
2026-02-23 16:42:31,867 [src.finbert.classify] INFO: Classified 679008 / 751370 (90.4%)
2026-02-23 16:42:34,786 [src.finbert.classify] INFO: Classified 680000 / 751370 (90.5%)
2026-02-23 16:42:40,135 [src.finbert.classify] INFO: Checkpoint saved at 680000 paragraphs
2026-02-23 16:42:43,234 [src.finbert.classify] INFO: Classified 681024 / 751370 (90.6%)
2026-02-23 16:42:46,183 [src.finbert.classify] INFO: Classified 682016 / 751370 (90.8%)
2026-02-23 16:42:49,250 [src.finbert.classify] INFO: Classified 683008 / 751370 (90.9%)
2026-02-23 16:42:52,341 [src.finbert.classify] INFO: Classified 684000 / 751370 (91.0%)
2026-02-23 16:42:55,506 [src.finbert.classify] INFO: Classified 685024 / 751370 (91.2%)
2026-02-23 16:43:00,894 [src.finbert.classify] INFO: Checkpoint saved at 685024 paragraphs
2026-02-23 16:43:03,796 [src.finbert.classify] INFO: Classified 686016 / 751370 (91.3%)
2026-02-23 16:43:06,629 [src.finbert.classify] INFO: Classified 687008 / 751370 (91.4%)
2026-02-23 16:43:09,806 [src.finbert.classify] INFO: Classified 688000 / 751370 (91.6%)
2026-02-23 16:43:12,982 [src.finbert.classify] INFO: Classified 689024 / 751370 (91.7%)
2026-02-23 16:43:16,052 [src.finbert.classify] INFO: Classified 690016 / 751370 (91.8%)
2026-02-23 16:43:21,481 [src.finbert.classify] INFO: Checkpoint saved at 690016 paragraphs
2026-02-23 16:43:24,567 [src.finbert.classify] INFO: Classified 691008 / 751370 (92.0%)
2026-02-23 16:43:27,515 [src.finbert.classify] INFO: Classified 692000 / 751370 (92.1%)
2026-02-23 16:43:30,655 [src.finbert.classify] INFO: Classified 693024 / 751370 (92.2%)
2026-02-23 16:43:33,640 [src.finbert.classify] INFO: Classified 694016 / 751370 (92.4%)
2026-02-23 16:43:36,412 [src.finbert.classify] INFO: Classified 695008 / 751370 (92.5%)
2026-02-23 16:43:41,892 [src.finbert.classify] INFO: Checkpoint saved at 695008 paragraphs
2026-02-23 16:43:44,681 [src.finbert.classify] INFO: Classified 696000 / 751370 (92.6%)
2026-02-23 16:43:47,596 [src.finbert.classify] INFO: Classified 697024 / 751370 (92.8%)
2026-02-23 16:43:50,450 [src.finbert.classify] INFO: Classified 698016 / 751370 (92.9%)
2026-02-23 16:43:53,264 [src.finbert.classify] INFO: Classified 699008 / 751370 (93.0%)
2026-02-23 16:43:55,965 [src.finbert.classify] INFO: Classified 700000 / 751370 (93.2%)
2026-02-23 16:44:01,472 [src.finbert.classify] INFO: Checkpoint saved at 700000 paragraphs
2026-02-23 16:44:04,247 [src.finbert.classify] INFO: Classified 701024 / 751370 (93.3%)
2026-02-23 16:44:06,941 [src.finbert.classify] INFO: Classified 702016 / 751370 (93.4%)
2026-02-23 16:44:09,636 [src.finbert.classify] INFO: Classified 703008 / 751370 (93.6%)
2026-02-23 16:44:12,407 [src.finbert.classify] INFO: Classified 704000 / 751370 (93.7%)
2026-02-23 16:44:15,122 [src.finbert.classify] INFO: Classified 705024 / 751370 (93.8%)
2026-02-23 16:44:20,653 [src.finbert.classify] INFO: Checkpoint saved at 705024 paragraphs
2026-02-23 16:44:23,595 [src.finbert.classify] INFO: Classified 706016 / 751370 (94.0%)
2026-02-23 16:44:26,502 [src.finbert.classify] INFO: Classified 707008 / 751370 (94.1%)
2026-02-23 16:44:29,510 [src.finbert.classify] INFO: Classified 708000 / 751370 (94.2%)
2026-02-23 16:44:32,772 [src.finbert.classify] INFO: Classified 709024 / 751370 (94.4%)
2026-02-23 16:44:35,923 [src.finbert.classify] INFO: Classified 710016 / 751370 (94.5%)
2026-02-23 16:44:41,503 [src.finbert.classify] INFO: Checkpoint saved at 710016 paragraphs
2026-02-23 16:44:44,525 [src.finbert.classify] INFO: Classified 711008 / 751370 (94.6%)
2026-02-23 16:44:47,192 [src.finbert.classify] INFO: Classified 712000 / 751370 (94.8%)
2026-02-23 16:44:49,980 [src.finbert.classify] INFO: Classified 713024 / 751370 (94.9%)
2026-02-23 16:44:52,776 [src.finbert.classify] INFO: Classified 714016 / 751370 (95.0%)
2026-02-23 16:44:55,582 [src.finbert.classify] INFO: Classified 715008 / 751370 (95.2%)
2026-02-23 16:45:01,205 [src.finbert.classify] INFO: Checkpoint saved at 715008 paragraphs
2026-02-23 16:45:03,998 [src.finbert.classify] INFO: Classified 716000 / 751370 (95.3%)
2026-02-23 16:45:06,815 [src.finbert.classify] INFO: Classified 717024 / 751370 (95.4%)
2026-02-23 16:45:09,980 [src.finbert.classify] INFO: Classified 718016 / 751370 (95.6%)
2026-02-23 16:45:12,953 [src.finbert.classify] INFO: Classified 719008 / 751370 (95.7%)
2026-02-23 16:45:15,833 [src.finbert.classify] INFO: Classified 720000 / 751370 (95.8%)
2026-02-23 16:45:21,476 [src.finbert.classify] INFO: Checkpoint saved at 720000 paragraphs
2026-02-23 16:45:24,434 [src.finbert.classify] INFO: Classified 721024 / 751370 (96.0%)
2026-02-23 16:45:27,282 [src.finbert.classify] INFO: Classified 722016 / 751370 (96.1%)
2026-02-23 16:45:30,121 [src.finbert.classify] INFO: Classified 723008 / 751370 (96.2%)
2026-02-23 16:45:32,950 [src.finbert.classify] INFO: Classified 724000 / 751370 (96.4%)
2026-02-23 16:45:36,066 [src.finbert.classify] INFO: Classified 725024 / 751370 (96.5%)
2026-02-23 16:45:41,785 [src.finbert.classify] INFO: Checkpoint saved at 725024 paragraphs
2026-02-23 16:45:44,802 [src.finbert.classify] INFO: Classified 726016 / 751370 (96.6%)
2026-02-23 16:45:47,738 [src.finbert.classify] INFO: Classified 727008 / 751370 (96.8%)
2026-02-23 16:45:50,806 [src.finbert.classify] INFO: Classified 728000 / 751370 (96.9%)
2026-02-23 16:45:53,819 [src.finbert.classify] INFO: Classified 729024 / 751370 (97.0%)
2026-02-23 16:45:56,574 [src.finbert.classify] INFO: Classified 730016 / 751370 (97.2%)
2026-02-23 16:46:02,306 [src.finbert.classify] INFO: Checkpoint saved at 730016 paragraphs
2026-02-23 16:46:04,795 [src.finbert.classify] INFO: Classified 731008 / 751370 (97.3%)
2026-02-23 16:46:07,717 [src.finbert.classify] INFO: Classified 732000 / 751370 (97.4%)
2026-02-23 16:46:10,720 [src.finbert.classify] INFO: Classified 733024 / 751370 (97.6%)
2026-02-23 16:46:13,906 [src.finbert.classify] INFO: Classified 734016 / 751370 (97.7%)
2026-02-23 16:46:16,892 [src.finbert.classify] INFO: Classified 735008 / 751370 (97.8%)
2026-02-23 16:46:22,684 [src.finbert.classify] INFO: Checkpoint saved at 735008 paragraphs
2026-02-23 16:46:25,772 [src.finbert.classify] INFO: Classified 736000 / 751370 (98.0%)
2026-02-23 16:46:28,392 [src.finbert.classify] INFO: Classified 737024 / 751370 (98.1%)
2026-02-23 16:46:31,010 [src.finbert.classify] INFO: Classified 738016 / 751370 (98.2%)
2026-02-23 16:46:33,610 [src.finbert.classify] INFO: Classified 739008 / 751370 (98.4%)
2026-02-23 16:46:36,225 [src.finbert.classify] INFO: Classified 740000 / 751370 (98.5%)
2026-02-23 16:46:42,060 [src.finbert.classify] INFO: Checkpoint saved at 740000 paragraphs
2026-02-23 16:46:45,134 [src.finbert.classify] INFO: Classified 741024 / 751370 (98.6%)
2026-02-23 16:46:48,225 [src.finbert.classify] INFO: Classified 742016 / 751370 (98.8%)
2026-02-23 16:46:51,127 [src.finbert.classify] INFO: Classified 743008 / 751370 (98.9%)
2026-02-23 16:46:53,772 [src.finbert.classify] INFO: Classified 744000 / 751370 (99.0%)
2026-02-23 16:46:56,622 [src.finbert.classify] INFO: Classified 745024 / 751370 (99.2%)
2026-02-23 16:47:02,504 [src.finbert.classify] INFO: Checkpoint saved at 745024 paragraphs
2026-02-23 16:47:05,295 [src.finbert.classify] INFO: Classified 746016 / 751370 (99.3%)
2026-02-23 16:47:08,102 [src.finbert.classify] INFO: Classified 747008 / 751370 (99.4%)
2026-02-23 16:47:10,917 [src.finbert.classify] INFO: Classified 748000 / 751370 (99.6%)
2026-02-23 16:47:14,111 [src.finbert.classify] INFO: Classified 749024 / 751370 (99.7%)
2026-02-23 16:47:17,154 [src.finbert.classify] INFO: Classified 750016 / 751370 (99.8%)
2026-02-23 16:47:23,030 [src.finbert.classify] INFO: Checkpoint saved at 750016 paragraphs
2026-02-23 16:47:26,010 [src.finbert.classify] INFO: Classified 751008 / 751370 (100.0%)
2026-02-23 16:47:27,109 [src.finbert.classify] INFO: Classification complete: 751370 paragraphs
2026-02-23 16:47:37,247 [src.finbert.classify] INFO: Exported classified data -> data/10k_1A/classified.csv, data/10k_1A/classified.json
2026-02-23 16:47:37,341 [src.finbert.classify] INFO: === Classification Statistics ===
2026-02-23 16:47:37,341 [src.finbert.classify] INFO: Total classified: 751370
2026-02-23 16:47:37,341 [src.finbert.classify] INFO: ESG: 194907 (25.9%) | Non-ESG: 556463 (74.1%)
2026-02-23 16:47:37,341 [src.finbert.classify] INFO:   Non-ESG: 556463 (74.1%)
2026-02-23 16:47:37,341 [src.finbert.classify] INFO:   Corporate Governance: 84577 (11.3%)
2026-02-23 16:47:37,341 [src.finbert.classify] INFO:   Product Liability: 32863 (4.4%)
2026-02-23 16:47:37,341 [src.finbert.classify] INFO:   Human Capital: 28028 (3.7%)
2026-02-23 16:47:37,341 [src.finbert.classify] INFO:   Business Ethics & Values: 18307 (2.4%)
2026-02-23 16:47:37,341 [src.finbert.classify] INFO:   Climate Change: 15390 (2.0%)
2026-02-23 16:47:37,341 [src.finbert.classify] INFO:   Pollution & Waste: 7538 (1.0%)
2026-02-23 16:47:37,341 [src.finbert.classify] INFO:   Community Relations: 4422 (0.6%)
2026-02-23 16:47:37,341 [src.finbert.classify] INFO:   Natural Capital: 3782 (0.5%)
2026-02-23 16:47:37,341 [src.finbert.classify] INFO: Average confidence: 0.9018
2026-02-23 16:47:37,341 [src.finbert.classify] INFO: Stats saved to data/10k_1A/classification_stats.json
2026-02-23 16:51:28,852 [src.pre_label.sample_and_prelabel] INFO: ============================================================
2026-02-23 16:51:28,852 [src.pre_label.sample_and_prelabel] INFO: Starting stratified sampling & pre-labeling
2026-02-23 16:51:28,852 [src.pre_label.sample_and_prelabel] INFO: ============================================================
2026-02-23 16:51:34,022 [src.pre_label.sample_and_prelabel] INFO: Loaded 751370 classified paragraphs
2026-02-23 16:51:34,047 [src.pre_label.sample_and_prelabel] INFO: Category 'Climate Change': 92 / 15390 sampled
2026-02-23 16:51:34,047 [src.pre_label.sample_and_prelabel] INFO: Category 'Natural Capital': 22 / 3782 sampled
2026-02-23 16:51:34,047 [src.pre_label.sample_and_prelabel] INFO: Category 'Pollution & Waste': 45 / 7538 sampled
2026-02-23 16:51:34,047 [src.pre_label.sample_and_prelabel] INFO: Category 'Human Capital': 168 / 28028 sampled
2026-02-23 16:51:34,047 [src.pre_label.sample_and_prelabel] INFO: Category 'Product Liability': 197 / 32863 sampled
2026-02-23 16:51:34,047 [src.pre_label.sample_and_prelabel] INFO: Category 'Community Relations': 26 / 4422 sampled
2026-02-23 16:51:34,048 [src.pre_label.sample_and_prelabel] INFO: Category 'Corporate Governance': 507 / 84577 sampled
2026-02-23 16:51:34,048 [src.pre_label.sample_and_prelabel] INFO: Category 'Business Ethics & Values': 109 / 18307 sampled
2026-02-23 16:51:34,049 [src.pre_label.sample_and_prelabel] INFO: Category 'Non-ESG': 3338 / 556463 sampled
2026-02-23 16:51:34,049 [src.pre_label.sample_and_prelabel] INFO: Total sampled: 4504 paragraphs
2026-02-23 16:51:34,134 [src.pre_label.sample_and_prelabel] INFO: Exported 4504 items for Label Studio -> data/10k_1A/label_studio_import.json
2026-02-23 16:51:34,171 [src.pre_label.sample_and_prelabel] INFO: Exported sampled CSV -> data/10k_1A/sampled_paragraphs.csv
2026-02-23 16:51:34,171 [src.pre_label.sample_and_prelabel] INFO: === Sampling Summary ===
2026-02-23 16:51:34,171 [src.pre_label.sample_and_prelabel] INFO:   Climate Change: 92
2026-02-23 16:51:34,171 [src.pre_label.sample_and_prelabel] INFO:   Natural Capital: 22
2026-02-23 16:51:34,171 [src.pre_label.sample_and_prelabel] INFO:   Pollution & Waste: 45
2026-02-23 16:51:34,171 [src.pre_label.sample_and_prelabel] INFO:   Human Capital: 168
2026-02-23 16:51:34,171 [src.pre_label.sample_and_prelabel] INFO:   Product Liability: 197
2026-02-23 16:51:34,171 [src.pre_label.sample_and_prelabel] INFO:   Community Relations: 26
2026-02-23 16:51:34,171 [src.pre_label.sample_and_prelabel] INFO:   Corporate Governance: 507
2026-02-23 16:51:34,171 [src.pre_label.sample_and_prelabel] INFO:   Business Ethics & Values: 109
2026-02-23 16:51:34,171 [src.pre_label.sample_and_prelabel] INFO:   Non-ESG: 3338
2026-02-23 16:55:12,411 [src.pre_label.sample_and_prelabel] INFO: ============================================================
2026-02-23 16:55:12,411 [src.pre_label.sample_and_prelabel] INFO: Starting stratified sampling & pre-labeling
2026-02-23 16:55:12,411 [src.pre_label.sample_and_prelabel] INFO: ============================================================
2026-02-23 16:55:17,650 [src.pre_label.sample_and_prelabel] INFO: Loaded 751370 classified paragraphs
2026-02-23 16:55:17,676 [src.pre_label.sample_and_prelabel] INFO: Category 'Climate Change': 20 / 15390 sampled
2026-02-23 16:55:17,676 [src.pre_label.sample_and_prelabel] INFO: Category 'Natural Capital': 20 / 3782 sampled
2026-02-23 16:55:17,676 [src.pre_label.sample_and_prelabel] INFO: Category 'Pollution & Waste': 20 / 7538 sampled
2026-02-23 16:55:17,676 [src.pre_label.sample_and_prelabel] INFO: Category 'Human Capital': 20 / 28028 sampled
2026-02-23 16:55:17,676 [src.pre_label.sample_and_prelabel] INFO: Category 'Product Liability': 20 / 32863 sampled
2026-02-23 16:55:17,676 [src.pre_label.sample_and_prelabel] INFO: Category 'Community Relations': 20 / 4422 sampled
2026-02-23 16:55:17,676 [src.pre_label.sample_and_prelabel] INFO: Category 'Corporate Governance': 46 / 84577 sampled
2026-02-23 16:55:17,676 [src.pre_label.sample_and_prelabel] INFO: Category 'Business Ethics & Values': 20 / 18307 sampled
2026-02-23 16:55:17,676 [src.pre_label.sample_and_prelabel] INFO: Category 'Non-ESG': 306 / 556463 sampled
2026-02-23 16:55:17,676 [src.pre_label.sample_and_prelabel] INFO: Total sampled: 492 paragraphs
2026-02-23 16:55:17,689 [src.pre_label.sample_and_prelabel] INFO: Exported 492 items for Label Studio -> data/10k_1A/label_studio_import.json
2026-02-23 16:55:17,693 [src.pre_label.sample_and_prelabel] INFO: Exported sampled CSV -> data/10k_1A/sampled_paragraphs.csv
2026-02-23 16:55:17,693 [src.pre_label.sample_and_prelabel] INFO: === Sampling Summary ===
2026-02-23 16:55:17,693 [src.pre_label.sample_and_prelabel] INFO:   Climate Change: 20
2026-02-23 16:55:17,693 [src.pre_label.sample_and_prelabel] INFO:   Natural Capital: 20
2026-02-23 16:55:17,693 [src.pre_label.sample_and_prelabel] INFO:   Pollution & Waste: 20
2026-02-23 16:55:17,693 [src.pre_label.sample_and_prelabel] INFO:   Human Capital: 20
2026-02-23 16:55:17,693 [src.pre_label.sample_and_prelabel] INFO:   Product Liability: 20
2026-02-23 16:55:17,693 [src.pre_label.sample_and_prelabel] INFO:   Community Relations: 20
2026-02-23 16:55:17,693 [src.pre_label.sample_and_prelabel] INFO:   Corporate Governance: 46
2026-02-23 16:55:17,693 [src.pre_label.sample_and_prelabel] INFO:   Business Ethics & Values: 20
2026-02-23 16:55:17,693 [src.pre_label.sample_and_prelabel] INFO:   Non-ESG: 306
2026-02-23 17:07:40,271 [src.pre_label.sample_and_prelabel] INFO: ============================================================
2026-02-23 17:07:40,271 [src.pre_label.sample_and_prelabel] INFO: Starting stratified sampling & pre-labeling
2026-02-23 17:07:40,271 [src.pre_label.sample_and_prelabel] INFO: ============================================================
2026-02-23 17:07:45,551 [src.pre_label.sample_and_prelabel] INFO: Loaded 751370 classified paragraphs
2026-02-23 17:07:45,578 [src.pre_label.sample_and_prelabel] INFO: Category 'Climate Change': 20 / 15390 sampled
2026-02-23 17:07:45,578 [src.pre_label.sample_and_prelabel] INFO: Category 'Natural Capital': 20 / 3782 sampled
2026-02-23 17:07:45,578 [src.pre_label.sample_and_prelabel] INFO: Category 'Pollution & Waste': 20 / 7538 sampled
2026-02-23 17:07:45,578 [src.pre_label.sample_and_prelabel] INFO: Category 'Human Capital': 20 / 28028 sampled
2026-02-23 17:07:45,578 [src.pre_label.sample_and_prelabel] INFO: Category 'Product Liability': 20 / 32863 sampled
2026-02-23 17:07:45,579 [src.pre_label.sample_and_prelabel] INFO: Category 'Community Relations': 20 / 4422 sampled
2026-02-23 17:07:45,579 [src.pre_label.sample_and_prelabel] INFO: Category 'Corporate Governance': 46 / 84577 sampled
2026-02-23 17:07:45,579 [src.pre_label.sample_and_prelabel] INFO: Category 'Business Ethics & Values': 20 / 18307 sampled
2026-02-23 17:07:45,579 [src.pre_label.sample_and_prelabel] INFO: Category 'Non-ESG': 306 / 556463 sampled
2026-02-23 17:07:45,579 [src.pre_label.sample_and_prelabel] INFO: Total sampled: 492 paragraphs
2026-02-23 17:07:45,592 [src.pre_label.sample_and_prelabel] INFO: Exported 492 items for Label Studio -> data/10k_1A/label_studio_import.json
2026-02-23 17:07:45,596 [src.pre_label.sample_and_prelabel] INFO: Exported sampled CSV -> data/10k_1A/sampled_paragraphs.csv
2026-02-23 17:07:45,596 [src.pre_label.sample_and_prelabel] INFO: === Sampling Summary ===
2026-02-23 17:07:45,596 [src.pre_label.sample_and_prelabel] INFO:   Climate Change: 20
2026-02-23 17:07:45,596 [src.pre_label.sample_and_prelabel] INFO:   Natural Capital: 20
2026-02-23 17:07:45,596 [src.pre_label.sample_and_prelabel] INFO:   Pollution & Waste: 20
2026-02-23 17:07:45,596 [src.pre_label.sample_and_prelabel] INFO:   Human Capital: 20
2026-02-23 17:07:45,596 [src.pre_label.sample_and_prelabel] INFO:   Product Liability: 20
2026-02-23 17:07:45,596 [src.pre_label.sample_and_prelabel] INFO:   Community Relations: 20
2026-02-23 17:07:45,596 [src.pre_label.sample_and_prelabel] INFO:   Corporate Governance: 46
2026-02-23 17:07:45,596 [src.pre_label.sample_and_prelabel] INFO:   Business Ethics & Values: 20
2026-02-23 17:07:45,596 [src.pre_label.sample_and_prelabel] INFO:   Non-ESG: 306
