"annotation_id","annotator","char_count","combined_text","created_at","filing_date","finbert_confidence","finbert_label","id","label","lead_time","paragraph_id","risk_heading","risk_section","split","ticker","updated_at"
1496,"1",984,"Risks Relating to Retail Operations
If a department store or large nationally recognized tenant were to close its stores at our properties, we may experience difficulty and delay and incur significant expense in re-tenanting the space, as well as in leasing spaces in areas adjacent to the vacant store, at attractive rates, or at all. Additionally, department store or tenant closures may result in decreased customer traffic, which could lead to decreased sales at our properties. If the sales of stores operating in our properties were to decline significantly due to the closing of anchor stores or other national retailers, adverse economic conditions or other reasons, tenants may be unable to pay their minimum rents or expense recovery charges. In the event of any default by a tenant, we may not be able to fully recover, and/or may experience delays and costs in enforcing our rights as landlord to recover, amounts due to us under the terms of our leases with such parties.","2026-03-11T09:41:35.748237Z","2022-02-24",0.986,"Non-ESG",1,"Non-ESG",23.209,"SPG_2022_RISK_015","Risks Relating to Retail Operations","Risks Relating to Retail Operations","","SPG","2026-03-11T09:41:35.748247Z"
1497,"1",1883,"Risks Related to Our Common Stock
Our amended and restated certificate of incorporation and amended and restated bylaws contain, and Delaware law contains, provisions that are intended to deter coercive takeover practices and inadequate takeover bids by making such practices or bids unacceptably expensive to the bidder and to encourage prospective acquirers to negotiate with our Board rather than to attempt a hostile takeover. These provisions include, among others: (a) the ability of our remaining directors to fill vacancies on our Board (except in an instance where a director is removed by stockholders and the resulting vacancy is filled by stockholders); (b) the inability of stockholders to call a special meeting of stockholders; (c) rules regarding how stockholders may present proposals or nominate directors for election at stockholder meetings; and (d) the right of our Board to issue preferred stock without stockholder approval. In addition, we are subject to Section 203 of the Delaware General Corporation Law (“DGCL”), which could have the effect of delaying or preventing a change of control that you may favor. Section 203 provides that, subject to limited exceptions, persons that acquire, or are affiliated with persons that acquire, more than 15% of the outstanding voting stock of a Delaware corporation may not engage in a business combination with that corporation, including by merger, consolidation or acquisitions of additional shares, for a three-year period following the date on which that person or any of its affiliates becomes the holder of more than 15% of the corporation’s outstanding voting stock. We believe these provisions protect our stockholders from coercive or otherwise unfair takeover tactics by requiring potential acquirers to negotiate with our Board and by providing our Board with more time to assess any acquisition proposal.","2026-03-11T09:54:58.067822Z","2022-02-23",0.9939,"Corporate Governance",2,"Corporate Governance",187.851,"TPL_2022_RISK_045","Risks Related to Our Common Stock","Risks Related to Our Common Stock","","TPL","2026-03-11T09:54:58.067834Z"
1498,"1",1830,"Risks Related to Our Indebtedness
Bank National Association, as trustee (the “Trustee”) (the “Indenture”), at a repurchase price equal to 100% of the principal amount of the Convertible Senior Notes to be repurchased, plus accrued and unpaid interest, if any. Although it is our intention, and we currently expect to have the ability, to settle the Convertible Senior Notes in cash, there is a risk that we may not have enough available cash or be able to obtain financing at the time we are required to make repurchases of Convertible Senior Notes surrendered or Convertible Senior Notes being converted. In addition, our ability to make payments may be limited by law, by regulatory authority, or by agreements governing our future indebtedness. Our failure to repurchase Convertible Senior Notes at a time when the repurchase is required by the Indenture or to pay any cash payable on future conversions of the Convertible Senior Notes as required by the Indenture would constitute a default under the Indenture. A default under the Indenture or the fundamental change itself could also lead to a default under agreements governing our other existing or future indebtedness. If the repayment of other indebtedness were to be accelerated after any applicable notice or grace periods, we may not have sufficient funds to repay the other indebtedness and repurchase the Convertible Senior Notes or make cash payments upon conversions thereof. Our ability to make scheduled payments of the principal and interest on our indebtedness when due or to make payments upon conversion or repurchase demands with respect to our Convertible Senior Notes, or to refinance our indebtedness as we may need or desire, depends on our future performance, which is subject to economic, financial, competitive, and other factors beyond our control.","2026-03-11T09:55:29.691189Z","2022-02-23",0.9668,"Non-ESG",3,"Non-ESG",30.796,"TYL_2022_RISK_032","Risks Related to Our Indebtedness","Risks Related to Our Indebtedness","","TYL","2026-03-11T09:55:29.691201Z"
1499,"1",2037,"Legal, Tax, Regulatory, Compliance, and Reputational Risks
Some parts of our business are already subject to the broad scope of the Package Directive, and as our offerings continue to diversify and expand, we may become subject to additional requirements of the Package Directive. Compliance with this directive could be costly and complex or, as a result of these requirements, we could choose to limit offerings that would otherwise be beneficial for the business, any of which could adversely affect our business, results of operations, or ability to grow and compete. Any changes to the Package Directive, including any changes to the scope of the travel services covered, increased levels of consumer protections, or changes to the requirements of financial guarantees could be costly or complex to comply with and may also adversely affect our business, results of operations, or ability to grow and compete in the future. The implementation of unfavorable regulations or unfavorable interpretations of existing regulations by judicial or regulatory bodies could require us to incur significant compliance costs, cause the development of the affected markets to become impractical and otherwise have a material adverse effect on our business and results of operations. For example, in connection with a lawsuit begun in 2015 by the Association of Turkish Travel Agencies, a Turkish court ordered in 2019 that Booking.com must meet certain registration requirements in order to offer Turkish hotels and accommodations to Turkish residents. If Booking.com does not successfully appeal this decision or meet the Turkish registration requirements, Booking.com will be unable to resume offering Turkish hotels and accommodations to Turkish residents, which would continue to negatively impact our results of operations. There can be no assurance that there will not be an adverse outcome to any such litigation or that such an outcome would not result in an adverse impact on our business, financial condition, or results of operations.","2026-03-11T09:58:14.322072Z","2022-02-23",0.4649,"Non-ESG",4,"Business Ethics & Values",163.863,"BKNG_2022_RISK_079","Legal, Tax, Regulatory, Compliance, and Reputational Risks","Industry and Business Risks","","BKNG","2026-03-11T09:58:14.322084Z"
1500,"1",1288,"We face risks relating to cyber attacks that could cause loss of confidential information and other business disruptions.
We rely extensively on information technology systems to process transactions and manage our business, and our business is at risk from and may be impacted by cyber attacks. These could include attempts to gain unauthorized access to our data and computer systems as well as attacks on third party's information technology systems that we rely on to provide important information technology services relating to key business functions, such as payroll. Attacks can be both individual and/or highly organized attempts by very sophisticated hacking organizations. We employ a number of measures to prevent, detect and mitigate these threats, which include password encryption, multi-factor authentication, frequent password change events, firewall detection systems, anti-virus software in-place, frequent backups, a redundant data system for core applications and penetration testing; however, there is no guarantee such efforts will be successful in preventing a cyber attack. A cyber attack could compromise the confidential information of our employees, tenants and vendors. A successful attack could disrupt and otherwise adversely affect our business operations.","2026-03-11T09:58:32.233827Z","2022-02-10",0.8939,"Product Liability",5,"Product Liability",17.149,"FRT_2022_RISK_043","We face risks relating to cyber attacks that could cause loss of confidential information and other business disruptions.","General Risk Factors","","FRT","2026-03-11T09:58:32.233837Z"
1501,"1",263,"Note H, Long-Term Debt and Financing Arrangements
Discontinuation, reform or replacement of the London Inter-bank Offered Rate (""LIBOR"") and other benchmark rates, or uncertainty related to the potential for any of the foregoing, may adversely affect the Company.","2026-03-11T09:58:35.813567Z","2021-02-18",0.9923,"Non-ESG",6,"",182.01999999999998,"SWK_2021_RISK_058","Note H, Long-Term Debt and Financing Arrangements","Financing Risks","","SWK","2026-03-11T12:33:35.751927Z"
1502,"1",1234,"Risks Related to Our Business
and foreign regulatory approval process and requirements related to acquisitions, including the VMware Merger, may cause approvals to take longer than anticipated, not be forthcoming or contain burdensome conditions, which may prevent the transaction or jeopardize, delay or reduce the anticipated benefits of the transaction, and impede the execution of our business strategy. From time to time, we may also seek to divest or wind down portions of our business, either acquired or otherwise, or we may exit minority investments, any of which could materially affect our cash flows and results of operations. Such dispositions involve risks and uncertainties, including our ability to sell such businesses on terms acceptable to us, or at all, disruption to other parts of our business, potential loss of employees or customers, or exposure to unanticipated liabilities or ongoing obligations to us following any such dispositions. In addition, dispositions may include the transfer of technology and/or the licensing of certain IP rights to third-party purchasers, which could limit our ability to utilize such IP rights or assert these rights against such third-party purchasers or other third parties.","2026-03-11T09:58:52.323412Z","2022-12-16",0.9694,"Non-ESG",7,"Non-ESG",15.72,"AVGO_2022_RISK_040","Risks Related to Our Business","Risks Related to Our Business","","AVGO","2026-03-11T09:58:52.323423Z"
1503,"1",3056,"We operate in a rapidly evolving and highly competitive industry, and our business will suffer if we are unable to adequately address potential downward pricing pressures and other factors that may adversely affect our operations and profitability.
These factors include, but are not limited to, the following:



 

•

we compete with other transportation service providers of varying sizes, some of which may have more equipment, a broader global network and brand recognition, a wider range of services, more fully developed information technology systems, greater capital resources or other competitive advantages;



 

•

some of our competitors may reduce their prices to gain business, especially during times of reduced growth rates in the economy, which may limit our ability to maintain or increase prices or maintain revenue;



 

•

we may be unable to continue to collect fuel surcharges or our fuel surcharge program may become ineffective in mitigating the impact of the fluctuating costs of fuel and other petroleum-based products;



 

•

many customers reduce the number of carriers they use by selecting “core carriers” as approved transportation service providers and we may not be selected;



 

•

many customers periodically accept bids from multiple carriers for their shipping needs, and this process may depress prices or result in the loss of some business to competitors;



 

•

some shippers may choose to acquire their own trucking fleet or may choose to increase the volume of freight they transport if they have an existing trucking fleet;



 

•

some customers may choose to consolidate certain LTL shipments through a different mode of transportation, such as truckload, intermodal or rail;



 

•

some customers may perceive our environmental, social and governance (“ESG”) profile to be less robust than that of our competitors, which could influence the selection of their carrier;



 

•

our customers may manage their inventory levels more closely to a “just-in-time” basis, which may increase our costs and adversely affect our ability to meet our customers’ needs;



 

•

consolidation in the ground transportation industry may create other large carriers with greater financial resources and other competitive advantages relating to their size;



 

•

advances in technology require increased investments to remain competitive, technological transitions may cause operational challenges and our customers may not be willing to accept higher prices to cover the cost of these investments;



 

•

large transportation and e-commerce companies are making significant investments in their capabilities to compete with us;



 

•

competition from non-asset-based logistics and freight brokerage companies may adversely affect our customer relationships and ability to maintain sufficient pricing; and



 

•

our existing or future competitors may adopt emerging or additional technologies that improve their operating effectiveness, which could negatively affect our ability to remain competitive.","2026-03-11T09:59:10.914936Z","2022-02-23",0.9699,"Non-ESG",8,"Non-ESG",17.809,"ODFL_2022_RISK_018","We operate in a rapidly evolving and highly competitive industry, and our business will suffer if we are unable to adequately address potential downward pricing pressures and other factors that may adversely affect our operations and profitability.","Risks Related to our Industry","","ODFL","2026-03-11T09:59:10.914953Z"
1504,"1",182,"Business and Operational Risks
Breaches of data security and the failure to protect our information technology systems from cybersecurity threats could adversely impact our business.","2026-03-11T09:59:15.686750Z","2022-02-28",0.7462,"Product Liability",9,"Product Liability",3.968,"CDW_2022_RISK_015","Business and Operational Risks","Business and Operational Risks","","CDW","2026-03-11T09:59:15.686761Z"
1505,"1",2008,"General Risk Factors
We may also be required to incur significant costs to protect against damages caused by information technology failures, security breaches, and the failure to satisfy privacy and data protection laws and regulations in the future as legal requirements continue to increase. The European Union and other international regulators, as well as state governments, have recently enacted or enhanced data privacy regulations, such as the California Consumer Privacy Act, and other governments are considering establishing similar or stronger protections. These regulations impose certain obligations for handling specified personal information in our systems, and for apprising individuals of the information we have collected about them. We have incurred costs in an effort to comply with these requirements, and our costs may increase significantly if new requirements are enacted and based on how individuals exercise their rights. Any noncompliance could result in our incurring substantial penalties and reputational damage, and also could result in litigation. We provide employee awareness training of cybersecurity threats and routinely utilize information technology security experts to assist us in our evaluations of the effectiveness of the security of our information technology systems, and we regularly enhance our security measures to protect our systems and data. Our increased use of remote work environments and virtual platforms in response to the COVID-19 pandemic may also increase our risk of cyber-attack or data security breaches. We use various encryption, tokenization and authentication technologies to mitigate cybersecurity risks and have increased our monitoring capabilities to enhance early detection and rapid response to potential cyber threats. However, because the techniques used to obtain unauthorized access, disable or degrade systems change frequently and are increasing in sophistication, they often are not recognized until launched against a target.","2026-03-11T09:59:28.600959Z","2021-11-18",0.9295,"Product Liability",10,"Product Liability",12.155,"DHI_2021_RISK_063","General Risk Factors","General Risk Factors","","DHI","2026-03-11T09:59:28.600967Z"
1506,"1",1696,"Risks Related to the Operation of Our Business
As techniques used to breach security grow in frequency and sophistication, and are generally not recognized until launched against a target, we, or our vendors, may not be able to promptly detect that a cyber breach has occurred or implement security measures in a timely manner. If and when implemented, we, or our vendors, may not be able to determine the extent to which these measures could be circumvented. Any breaches that may occur could expose us to increased risk of lawsuits, regulatory penalties, loss of existing or potential customers, damage relating to loss of proprietary information, harm to our reputation and increases in our security costs, which could have a material adverse effect on our financial performance and operating results. We offer managed services in certain of our data centers where we provide “smart hands” services for our customers. The access to our customers’ networks and data, which is gained from these services, creates some risk that our customers’ networks or data will be improperly accessed. If we were held responsible for any such breach, it could result in a significant loss to us, including damage to our customer relationships, harm to our brand and reputation and legal liability. Additionally, while we maintain insurance coverage for cybersecurity incidents, we may not have adequate insurance to cover the associated costs in the event of a breach resulting in loss of data, such as personally identifiable information or other such data protected by data privacy or other laws, and we may be liable for damages, fines and penalties for such losses under applicable regulatory frameworks.","2026-03-11T10:00:30.716562Z","2022-02-25",0.8936,"Product Liability",11,"Product Liability",60.992,"AMT_2022_RISK_051","Risks Related to the Operation of Our Business","Risks Related to Laws and Regulations","","AMT","2026-03-11T10:00:30.716574Z"
1507,"1",457,"Risks Relating to Our Business
If we fail to effectively implement our operational and strategic initiatives, including our Medicare initiatives and our state-based contracts strategy, our business may be materially adversely affected, which is of particular importance given the concentration of our revenues in these products. In addition, there can be no assurances that we will be successful in maintaining or improving our Star ratings in future years.","2026-03-11T10:00:39.133208Z","2022-02-17",0.9818,"Non-ESG",12,"Non-ESG",7.718,"HUM_2022_RISK_006","Risks Relating to Our Business","Risks Relating to Our Business","","HUM","2026-03-11T10:00:39.133219Z"
1508,"1",1954,"Risks Related to Government Regulations
There has been, and likely will continue to be, increased regulation with respect to the collection, use and handling of an individual’s personal and financial information. Regulatory authorities around the world have passed or are considering legislative and regulatory proposals concerning data protection, privacy and data security. In the United States, Virginia and Colorado passed new comprehensive privacy legislation, and joined California (which further enhanced its existing privacy laws) in directly regulating the collection, use and sharing of personal information. These statutes create civil penalties for violations, and in the case of California, creates a private right of action for data breaches, that increases the risk of data breach litigation. Absent a pre-emptive Federal privacy law, as more states pass privacy legislation, there is a strong possibility that we will be forced to comply with a patchwork of inconsistent privacy regulations. Globally, personal information collected within the European Union and United Kingdom remains subject to the 2018 General Data Protection Regulation (GDPR), which is a UK and European Union-wide legal framework that governs data collection, use, and sharing of an individual’s personal data and creates a range of consumer privacy rights. GDPR provides significant penalties for non-compliance (up to 4% of global revenue) and EU data protection authorities have already issued significant fines. Similarly, in November 2021, China promulgated the Personal Information Protection Law (PIPL) which regulates the processing of personal information of individuals within China. If a company breaches PIPL it can be assessed fines of up 5% of its annual revenue. The interpretation and application of consumer and data protection laws and industry standards in the United States, Europe, China and elsewhere can be uncertain and currently is in flux.","2026-03-11T10:01:15.155156Z","2022-02-22",0.9421,"Product Liability",13,"Product Liability",35.353,"ROP_2022_RISK_031","Risks Related to Government Regulations","Risks Related to Government Regulations","","ROP","2026-03-11T10:01:15.155166Z"
1509,"1",759,"Strategic and Industry Risks
The market for enterprise applications and platform services is highly competitive, rapidly evolving, fragmented and subject to changing technology, low barriers to entry, shifting customer needs and frequent introductions of new products and services. Many prospective customers have invested substantial personnel and financial resources to implement and integrate their current enterprise software into their businesses and therefore may be reluctant or unwilling to migrate away from their current solution to an enterprise cloud computing application service. Additionally, third-party developers may be reluctant to build application services on our platform since they have invested in other competing technology platforms.","2026-03-11T10:02:09.805051Z","2022-03-11",0.9659,"Non-ESG",14,"Non-ESG",54.004,"CRM_2022_RISK_046","Strategic and Industry Risks","Strategic and Industry Risks","","CRM","2026-03-11T10:02:09.805059Z"
1510,"1",1899,"The IT systems that we rely on may be subject to unauthorized tampering, cyberattack or other security breach.
Our IT systems have been and are subject to potential cyberattacks, tampering or other security breaches. These attacks, if successful, could result in shutdowns or significant disruptions of our IT systems and/or in unauthorized persons exfiltrating and misappropriating intellectual property and other confidential information, including patient and employee data that we collect, transmit and store on and through our IT systems. External actors may develop and deploy viruses, other malicious software programs, ransomware attacks, distributed denial of service attacks or other attempts to harm or obtain unauthorized access to our systems. External actors may also deploy programs targeting our employees which are designed to attack our IT systems or otherwise exploit security vulnerabilities through programs such as electronic spamming, phishing, smishing, spear phishing or similar tactics. As a result of the difficulty in detecting many of these attacks, intrusions and breaches, failures or losses may be repeated or compounded before they are discovered or rectified, which could further increase these costs and consequences. Although the Company has robust security measures implemented, which are monitored and routinely tested both by internal resources and external parties, cyber threats against us continue to evolve and may not be recognized until after an incident. In August 2021, ReproSource, our subsidiary, experienced a data security incident in which an unauthorized party may have accessed or acquired protected health information and personally identifiable information of ReproSource patients (in connection with the incident, ReproSource discovered and contained ransomware). The Company’s other systems were not impacted or compromised by this incident.","2026-03-11T10:02:39.608861Z","2022-02-28",0.9475,"Product Liability",15,"Product Liability",29.13,"DGX_2022_RISK_025","The IT systems that we rely on may be subject to unauthorized tampering, cyberattack or other security breach.","RISKS RELATED TO OUR OPERATIONS","","DGX","2026-03-11T10:02:39.608871Z"
1511,"1",1476,"Risks Related to Operating our Business
The business of developing and operating oil and gas properties involves a high degree of business and financial risk that even a combination of experience, knowledge and careful evaluation may not be able to overcome.  Acquisition and development decisions generally are based on subjective judgments and assumptions that, while they may be reasonable, are by their nature speculative.  It is impossible to predict with certainty the production potential of a particular property or well.  Furthermore, the successful completion of a well does not ensure a profitable return on the investment.  A variety of geological, operational and market-related factors, including, but not limited to, unusual or unexpected geological formations, pressures, equipment failures or accidents, fires, explosions, blowouts, cratering, pollution and other environmental risks, shortages or delays in the availability of drilling rigs and the delivery of equipment, loss of circulation of drilling fluids or other conditions, may substantially delay or prevent completion of any well or otherwise prevent a property or well from being profitable.  A productive well may become uneconomic in the event water or other deleterious substances are encountered, which impair or prevent the production of oil and/or gas from the well.  In addition, production from any well may be unmarketable if it is contaminated with water or other deleterious substances.","2026-03-11T10:02:57.625945Z","2022-02-07",0.7598,"Pollution & Waste",16,"Pollution & Waste",17.367,"KMI_2022_RISK_023","Risks Related to Operating our Business","Risks Related to Operating our Business","","KMI","2026-03-11T10:02:57.625969Z"
1512,"1",1419,"Regulatory and Legal Risks
We are subject to scrutiny by various government agencies under U.S. and foreign laws and regulations, including antitrust and competition laws. Some jurisdictions also provide private rights of action for competitors or consumers to assert claims of anti-competitive conduct. Other companies and government agencies have in the past and may in the future allege that our actions violate the antitrust or competition laws of the United States, individual states, the European Union or other countries, or otherwise constitute unfair competition. An increasing number of governments are regulating competition law activities, including increased scrutiny in large markets such as China. Our business partnerships or agreements or arrangements with customers or other companies could give rise to regulatory action or antitrust litigation. Some regulators, particularly those outside of the United States, may perceive our business to be used so broadly that otherwise uncontroversial business practices could be deemed anticompetitive. Certain competition authorities have conducted market studies of our industries. Such claims and investigations, even if without foundation, may be very expensive to defend, involve negative publicity and substantial diversion of management time and effort and could result in significant judgments against us or require us to change our business practices.","2026-03-11T10:03:03.300156Z","2022-02-24",0.9214,"Business Ethics & Values",17,"Business Ethics & Values",5.037,"EBAY_2022_RISK_057","Regulatory and Legal Risks","Regulatory and Legal Risks","","EBAY","2026-03-11T10:03:03.300168Z"
1513,"1",948,"Risks relating to our business
We depend on our key personnel. Our future success will depend upon our continued ability to identify, hire, develop, motivate, and retain highly skilled individuals across the globe, with the continued contributions of our senior management being especially critical to our success. Competition for well-qualified employees across Match Group and its various businesses is intense and our continued ability to compete effectively depends, in part, upon our ability to attract new employees. Effective succession planning is also important to our future success. If we fail to ensure the effective transfer of senior management knowledge and smooth transitions involving senior management across our various businesses, our ability to execute short and long term strategic, financial, and operating goals, as well as our business, financial condition, and results of operations generally, could be adversely affected.","2026-03-11T10:03:25.173087Z","2022-02-24",0.8704,"Human Capital",18,"Human Capital",21.213,"MTCH_2022_RISK_020","Risks relating to our business","Risks relating to our business","","MTCH","2026-03-11T10:03:25.173111Z"
1514,"1",334,"Risks Related to Financial Performance or Economic Conditions
As we are a global company, we face a number of risks related to current global economic and political conditions in the markets in which we operate that have and could continue to unfavorably impact our business, financial condition, results of operations and cash flows.","2026-03-11T10:03:30.588415Z","2022-02-16",0.9822,"Non-ESG",19,"Non-ESG",4.75,"MSI_2022_RISK_064","Risks Related to Financial Performance or Economic Conditions","Risks Related to Financial Performance or Economic Conditions","","MSI","2026-03-11T10:03:30.588423Z"
1515,"1",430,"STRATEGIC AND OPERATIONAL RISKS
If we fail to maintain an effective system of internal controls over financial reporting there is a reasonable possibility that a material misstatement of our annual or interim financial statements will not be prevented or detected on a timely basis, which could result in a loss of investor confidence and negatively impact our business, results of operations, financial condition and stock price.","2026-03-11T10:03:40.688162Z","2022-02-17",0.8008,"Corporate Governance",20,"Corporate Governance",9.425,"GPC_2022_RISK_027","STRATEGIC AND OPERATIONAL RISKS","STRATEGIC AND OPERATIONAL RISKS","","GPC","2026-03-11T10:03:40.688170Z"
1516,"1",189,"Risks Relating to COVID-19
COVID-19 has had a material detrimental impact on our business and financial results, and such impact could continue and may worsen for an unknown period of time.","2026-03-11T10:03:44.499235Z","2022-02-15",0.9908,"Non-ESG",21,"Non-ESG",3.138,"MAR_2022_RISK_001","Risks Relating to COVID-19","Risks Relating to COVID-19","","MAR","2026-03-11T10:03:44.499256Z"
1517,"1",1688,"COMPETITIVE ENVIRONMENT
Events that adversely affect that trust, including inadequate disclosure to our customers of our uses of their information, failing to keep our information technology systems and our customers’ sensitive information secure from significant attack, theft, damage, loss or unauthorized disclosure or access, whether as a result of our action or inaction (including human error) or that of our business associates, vendors or other third parties, could adversely affect our brand and reputation and operating results and also could expose and/or has exposed us to mandatory disclosure to the media, litigation (including class action litigation), governmental investigations and enforcement proceedings, material fines, penalties and/or remediation costs, and compensatory, special, punitive and statutory damages, consent orders, and/or injunctive relief, any of which could adversely affect our businesses, financial condition, results of operations or cash flows. Large scale data breaches at other entities, including supply chain security vulnerabilities, increase the challenge we and our vendors face in maintaining the security of our information technology systems and proprietary information and of our customers’ information. There can be no assurance that such failures will not occur, or if any do occur, that we will detect them or that they can be sufficiently remediated. ​The use of data by our business and our business associates is highly regulated. Privacy and information-security laws and regulations change, and compliance with them may result in cost increases due to, among other things, systems changes and the development of new processes.","2026-03-11T12:46:46.702449Z","2021-03-30",0.7939,"Product Liability",22,"Product Liability",48.374,"KR_2021_RISK_008","COMPETITIVE ENVIRONMENT","COMPETITIVE ENVIRONMENT","","KR","2026-03-11T12:46:46.702460Z"
1518,"1",219,"RISKS RELATED TO FINANCE, ACCOUNTING AND INVESTMENTS
If we fail to realize a significant portion of the anticipated benefits of our strategic relationship with Monster, our financial results could be adversely affected.","2026-03-11T12:47:05.289323Z","2022-02-22",0.9819,"Non-ESG",23,"Non-ESG",17.964,"KO_2022_RISK_078","RISKS RELATED TO FINANCE, ACCOUNTING AND INVESTMENTS","RISKS RELATED TO FINANCE, ACCOUNTING AND INVESTMENTS","","KO","2026-03-11T12:47:05.289332Z"
1519,"1",937,"Risks related to the Global Economy and Multinational Operations
Additionally, there may be substantial capital and other costs to comply with regulations and/or increased security costs or insurance premiums, any of which could reduce our operating results. We obtain a portion of our principal raw materials from international sources that are subject to these same risks. Our compliance with applicable customs, currency exchange control regulations, transfer pricing regulations or any other laws or regulations to which we may be subject could be challenged. Furthermore, these laws may be modified, the result of which may be to prevent or limit subsidiaries from transferring cash to us. Furthermore, we are subject to certain existing, and may be subject to possible future, laws that limit or may limit our activities while some of our competitors may not be subject to such laws, which may adversely affect our competitiveness.","2026-03-11T12:47:14.285849Z","2022-02-24",0.9375,"Non-ESG",24,"Non-ESG",8.351,"LYB_2022_RISK_033","Risks related to the Global Economy and Multinational Operations","Risks Related to our Operations","","LYB","2026-03-11T12:47:14.285863Z"
1520,"1",177,"Risks related to our business and industry
We may not be able to successfully open new store locations in a timely manner, if at all, which could harm our results of operations.","2026-03-11T12:47:17.532908Z","2021-03-30",0.9904,"Non-ESG",25,"Non-ESG",2.623,"LULU_2021_RISK_025","Risks related to our business and industry","Risks related to our business and industry","","LULU","2026-03-11T12:47:17.532920Z"
1521,"1",328,"Political, Regulatory and Economic Risks
Changes in statutory income tax rates in the countries in which the Company operates impact the Company’s effective tax rate. Changes to other taxes or the adoption of other new tax legislation could affect the Company’s provision for income taxes and related tax assets and liabilities.","2026-03-11T12:47:23.785096Z","2022-02-23",0.9855,"Non-ESG",26,"Non-ESG",5.657,"PCAR_2022_RISK_009","Political, Regulatory and Economic Risks","Business and Industry Risks","","PCAR","2026-03-11T12:47:23.785108Z"
1522,"1",1849,"REGULATORY RISKS
APS must comply in good faith with all applicable statutes, regulations, rules, tariffs, and orders of agencies that regulate APS’s business, including FERC, NRC, EPA, the ACC, and state and local governmental agencies. These agencies regulate many aspects of APS’s utility operations, including safety and performance, emissions, siting and construction of facilities, customer service and the rates that APS can charge retail and wholesale customers. Failure to comply can subject APS to, among other things, fines and penalties. For example, under the Energy Policy Act of 2005, FERC can impose penalties (approximately $1.2 million per day per violation) for failure to comply with mandatory electric reliability standards. APS is also required to have numerous permits, approvals and certificates from these agencies. APS believes the necessary permits, approvals and certificates have been obtained for its existing operations and that APS’s business is conducted in accordance with applicable laws in all material respects. Changes in laws or regulations that govern APS, new interpretations of law and regulations, or the imposition of new or revised laws or regulations could have an adverse impact on the manner in which we operate our business and our results of operations. In particular, new or revised laws or interpretations of existing laws or regulations may impact or call into question the ACC’s permissive regulatory authority, which may result in uncertainty as to jurisdictional authority within our state, and uncertainty as to whether ACC decisions will be binding or challenged by other agencies or bodies asserting jurisdiction. In November 2021, the Arizona Court of Appeals issued an opinion that called into question the ACC-approved limitation of liability provision found in the APS Service Schedules.","2026-03-11T12:47:49.639371Z","2022-02-25",0.3936,"Business Ethics & Values",27,"Business Ethics & Values",25.242,"PNW_2022_RISK_004","REGULATORY RISKS","REGULATORY RISKS","","PNW","2026-03-11T12:47:49.639382Z"
1523,"1",1500,"EXTERNAL AND ECONOMIC RISKS
Energy and fuel costs can fluctuate dramatically and, at times, have resulted in significant cost increases, particularly for the price of oil and gasoline. An increase in the price of oil increases our transportation costs for distribution, utility costs for our retail stores and costs to purchase our products from suppliers. Although we typically enter into derivative instruments designed to manage a portion of our transportation costs (a hedging strategy), any such strategy may not be effective or sufficient and could result in increased operating costs. Increased regulation related to environmental costs, including cap and trade, carbon taxes or other emissions management systems could also adversely affect our costs of doing business, including utility, transportation and logistics costs, as could other shortages or disruptions impacting transportation, such as those relating to trucking and freight hauling. For example, in recent years, increased freight cost related to labor, equipment and capacity shortages, as well as other factors, had an impact on our margins, and in fiscal 2021, the ongoing pandemic impacted operations of many third parties along our supply chain, impacting our inventory flow and financial performance. Similarly, other commodity prices can fluctuate dramatically. Such increases can impact the cost of merchandise, which could adversely affect our performance through potentially reduced consumer demand or reduced margins.","2026-03-11T12:48:02.671176Z","2021-03-31",0.9698,"Climate Change",28,"Climate Change",12.383,"TJX_2021_RISK_053","EXTERNAL AND ECONOMIC RISKS","EXTERNAL AND ECONOMIC RISKS","","TJX","2026-03-11T12:48:02.671185Z"
1524,"1",1879,"Operational and Industry Risks
Included in the foregoing are long-term uncertainties surrounding the United Kingdom’s withdrawal from the European Union on January 31, 2020 (commonly referred to as “Brexit”) and any resulting increases in tariffs, importation restrictions, out of stocks, volatility in currency exchange rates, including the valuation of the euro and the British pound in particular, changes in the laws and regulations applied in the United Kingdom or impacts on economic and market conditions in the United Kingdom, the European Union and its member states and elsewhere. Default by or failure of one or more of our counterparty financial institutions could cause us to incur significant losses. As part of any hedging activities that we may conduct, we may enter into transactions involving derivative financial instruments, including forward contracts, commodity futures contracts, option contracts, collars and swaps, with various financial institutions. We also have significant amounts of cash, cash equivalents and other investments on deposit or in accounts with banks or other financial institutions both in the United States and abroad, exposing us to risk of default by or failure of such counterparty financial institutions. This risk of counterparty default or failure is greater during periods of economic downturn or uncertainty in financial markets. If one of our counterparties became insolvent or filed for bankruptcy, our ability to recover losses incurred due to the default or to retrieve assets deposited or held in accounts with such counterparty may be limited by the counterparty’s liquidity or applicable laws governing insolvency and bankruptcy proceedings. Default by or failure of one or more of our counterparties could cause us to incur significant losses and negatively impact our results of operations and financial condition.39","2026-03-11T12:48:09.599029Z","2022-02-28",0.9783,"Non-ESG",29,"Non-ESG",6.263,"MNST_2022_RISK_049","Operational and Industry Risks","Operational and Industry Risks","","MNST","2026-03-11T12:48:09.599038Z"
1525,"1",1687,"Risks relating to our business and industry
We develop proprietary software and have obtained the rights to publish and distribute software developed by third parties. We attempt to protect our software and production techniques under patent, copyright, trademark and trade secret laws as well as through contractual restrictions on disclosure, copying and distribution. Nonetheless, our software is susceptible to piracy and unauthorized copying, and third parties may potentially exploit or misappropriate our intellectual property and proprietary information, causing significant reputational damage. Unauthorized third parties, for example, may be able to copy or to reverse engineer our software to obtain and use programming or production techniques that we regard as proprietary. Well organized piracy operations have also proliferated in recent years, resulting in the ability to download pirated copies of our software over the Internet. Although we attempt to incorporate protective measures into our software, piracy of our products could negatively affect our future profitability. In addition, ""cheating"" programs or other unauthorized software tools and modifications that enable consumers to cheat in games harm the experience of players who play fairly and could negatively impact the volume of microtransactions or purchases of downloadable content. Also, vulnerabilities in the design of our applications and of the platforms upon which they run could be discovered after their release. This may lead to lost revenues from paying consumers or increased cost of developing technological measures to respond to these, either of which could negatively affect our business.","2026-03-11T12:48:46.828987Z","2022-05-17",0.4906,"Non-ESG",30,"Non-ESG",36.593,"TTWO_2022_RISK_082","Risks relating to our business and industry","Risks relating to our business and industry","","TTWO","2026-03-11T12:48:46.828995Z"
1526,"1",874,"Industry and Economic Risk Factors
Government's convenience, a contractor is normally able to recover costs already incurred on the contract and profit on incurred costs up to the amount authorized under the contract, but not the profit that would have been earned had the contract been completed. Our unfunded backlog, in particular, contains management’s estimate of amounts expected to be realized on unfunded contracts that may never be realized as revenues. Any termination could also result in the cancellation of future work on the related program. A termination resulting from our default can expose us to various liabilities, including excess re-procurement costs, and could negatively affect our ability to compete for future contracts. Any contract termination could have a material adverse effect on our financial condition, results of operations, or cash flows.","2026-03-11T12:48:52.775390Z","2022-02-10",0.9795,"Non-ESG",31,"Non-ESG",5.33,"HII_2022_RISK_006","Industry and Economic Risk Factors","Industry and Economic Risk Factors","","HII","2026-03-11T12:48:52.775402Z"
1527,"1",292,"Risks From Changes in Public Policy and Other Legal and Regulatory Risks
Our litigation and regulatory risk profile are changing as we offer new products and services and expand in business areas beyond our historical core businesses of Health Care Benefits, Pharmacy Services and Retail/LTC.","2026-03-11T12:49:15.057514Z","2023-02-08",0.9822,"Non-ESG",32,"Non-ESG",21.665,"CVS_2023_RISK_068","Risks From Changes in Public Policy and Other Legal and Regulatory Risks","Risks Relating to Our Businesses","","CVS","2026-03-11T12:49:15.057527Z"
1528,"1",1293,"Other Executive Management
Pharmaceutical Division, and Vice President, Corporate General Auditor. Prior to Bristol-Myers Squibb, he served as North American Director of Corporate Audit at PepsiCo, and held several roles of increasing responsibility with PricewaterhouseCoopers LLP, where he advised clients located in the United States, Europe, and Latin America. Mr. South is a certified public accountant. On January 4, 2022, the Company’s Board of Directors appointed Mr. South to succeed Mr. Paladino as Senior Vice President and Chief Financial Officer of the Company, effective upon Mr. Paladino’s retirement on April 29, 2022, and Mr. South will replace Mr. Paladino as the Company’s principal financial officer and principal accounting officer. René Willi, Ph. D. has been our Chief Executive Officer, Global Oral Reconstruction Group since 2021. Previously, Dr. Willi was the President of our Global Dental Surgical Group. Prior to joining Henry Schein, Dr. Willi held senior level roles with Institut Straumann AG as Executive Vice President, Surgical Business Unit from 2005 to 2013. Prior to Straumann, he held roles of increasing responsibility in Medtronic Plc’s cardiovascular division from 2003 to 2005 and with McKinsey & Company as a management consultant from 2000 to 2003.","2026-03-11T12:49:24.085864Z","2022-02-15",0.9918,"Corporate Governance",33,"Corporate Governance",8.376,"HSIC_2022_RISK_014","Other Executive Management","Other Executive Management","","HSIC","2026-03-11T12:49:24.085875Z"
1529,"1",1719,"Risks Related to AbbVie's Business
Public health outbreaks, epidemics or pandemics have had, and could in the future have, an adverse impact on AbbVie’s operations and financial condition. The continuing pandemic caused by the novel strain of coronavirus (COVID-19) has caused many countries, including the United States, to declare national emergencies and implement preventive measures such as travel bans and shelter in place or total lock-down orders, some of which have eased. The continuation or re-implementation of these bans and orders remains uncertain. The COVID-19 pandemic has caused AbbVie to modify its business practices (including instituting remote work for many of AbbVie’s employees), and AbbVie may take further actions as may be required by government authorities or as AbbVie determines are in the best interests of AbbVie’s employees, patients, customers and business partners. While the impact of COVID-19 on AbbVie’s operations, including, among others, its manufacturing and supply chain, sales and marketing, commercial and clinical trial operations, to date has not been material, AbbVie has experienced lower new patient starts in certain products and markets. The impact of COVID-19 on AbbVie over the long-term is uncertain and cannot be predicted with confidence. The extent of the adverse impact of COVID-19 on AbbVie’s operations will depend on the extent and severity of the continued spread of COVID-19 globally, the timing and nature of actions taken to respond to COVID-19 and the resulting economic consequences. Ultimately, efforts to mitigate the impact of COVID-19 may not completely prevent AbbVie's business from being adversely affected and future impacts remain uncertain.","2026-03-11T12:49:50.327846Z","2022-02-18",0.9534,"Human Capital",34,"Human Capital",25.588,"ABBV_2022_RISK_002","Risks Related to AbbVie's Business","Risks Related to AbbVie's Business","","ABBV","2026-03-11T12:49:50.327856Z"
1530,"1",1655,"General Risks Related to our Business
Our worldwide operations could be subject to natural disasters (including as a result of climate change), public health events, significant disruptions of information technology systems, data security breaches and other catastrophic business disruptions, which could harm our future revenue and financial condition and increase our costs and expenses. For example, our corporate headquarters in Fremont, California is located near major earthquake fault lines and our Petaluma, California facility is near fault lines and the sites of recent catastrophic wildfires. We rely on third-party manufacturing facilities, including for all product assembly and final testing of our products, which are performed at third-party manufacturing facilities, in China, Mexico and India. There may be conflict or uncertainty in the countries in which we operate, including public health issues (for example, the ongoing COVID-19 pandemic or an outbreak of other contagious diseases or health epidemics), safety issues, natural disasters, fire, disruptions of service from utilities, nuclear power plant accidents, regional wars, or general economic or political factors. Such risks could result in an increase in the cost of components, production delays, general business interruptions, delays from difficulties in obtaining export licenses for certain technology, tariffs and other barriers and restrictions, longer payment cycles, increased taxes, restrictions on the repatriation of funds and the burdens of complying with a variety of foreign laws, any of which could ultimately have a material adverse effect on our business.","2026-03-11T12:50:51.887766Z","2023-02-13",0.4521,"Non-ESG",35,"Non-ESG",60.935,"ENPH_2023_RISK_157","General Risks Related to our Business","General Risks Related to our Business","","ENPH","2026-03-11T12:50:51.887774Z"
1531,"1",1748,"GENERAL RISKS
Our effective tax rate could be adversely affected by several factors, many of which are outside of our control, including:•Changes to the U.S. federal income tax laws, including the potential for corporate tax increases under the new Biden Administration;•Changes to other tax laws, regulations, and interpretations in multiple jurisdictions in which we operate, including actions resulting from the Organisation for Economic Co-operation and Development's base erosion and profit shifting project, proposed actions by international bodies such as digital services taxation, as well as the requirements of certain tax rulings;•Changes in the relative proportions of revenues and income before taxes in the various jurisdictions in which we operate that have differing statutory tax rates;•The tax effects of significant infrequently occurring events that may cause fluctuations between reporting periods;•Tax assessments, or any related tax interest or penalties, that could significantly affect our income tax expense for the period in which the settlements take place; and•Taxes arising in connection to changes in our workforce, corporate entity structure or operations as they relate to tax incentives and tax rates. From time to time, we receive notices that a tax authority in a particular jurisdiction believes that we owe a greater amount of tax than we have reported to such authority. We are regularly engaged in discussions and sometimes disputes with these tax authorities. If the ultimate determination of our taxes owed in any of these jurisdictions is for an amount in excess of the tax provision we have recorded or reserved for, our operating results, cash flows, and financial condition could be adversely affected.","2026-03-11T12:50:59.905235Z","2021-05-21",0.957,"Non-ESG",36,"Non-ESG",7.378,"GEN_2021_RISK_068","GENERAL RISKS","GENERAL RISKS","","GEN","2026-03-11T12:50:59.905244Z"
1532,"1",210,"Our Capital Structure Risks
Covenants in the instruments governing our and our subsidiaries’ existing indebtedness limit our operational flexibility, and a covenant breach could adversely affect our operations.","2026-03-11T12:51:05.399781Z","2023-02-10",0.9874,"Non-ESG",37,"Non-ESG",4.829,"VTR_2023_RISK_094","Our Capital Structure Risks","Our Capital Structure Risks","","VTR","2026-03-11T12:51:05.399793Z"
1533,"1",1150,"Business, Market and Strategy Risks
We expect that revenues derived from our scoring solutions, fraud solutions, customer communication services, customer management solutions and decision management software will continue to account for a substantial portion of our total revenues for the foreseeable future. Our revenues will decline if the market does not continue to accept these products and services. Factors that might affect the market acceptance of these products and services include the following:•changes in the business analytics industry;•changes in technology;•our inability to obtain or use key data for our products;•saturation or contraction of market demand;•loss of key customers;•industry consolidation;•failure to successfully adopt cloud-based technologies;•our inability to obtain regulatory approvals for our products and services, including credit score models;•the increasing availability of free or relatively inexpensive consumer credit, credit score and other information from public or commercial sources;•failure to execute our selling approach; and•inability to successfully sell our products in new vertical markets.","2026-03-11T12:51:35.658303Z","2021-11-10",0.985,"Non-ESG",38,"Non-ESG",29.643,"FICO_2021_RISK_007","Business, Market and Strategy Risks","Business, Market and Strategy Risks","","FICO","2026-03-11T12:51:35.658314Z"
1534,"1",2048,"Risks Related to Manufacturing, IT Systems, Commercial Operations and Plans for Future Growth
The ACA also contained a number of provisions designed to generate the revenues necessary to fund the coverage expansions. This included new fees or taxes on certain health-related industries, including medical device manufacturers. Beginning in 2013, entities that manufacture, produce or import medical devices were required to pay an excise tax in an amount equal to 2.3% of the price for which such devices are sold in the United States. This excise tax was applicable to our products that are primarily used in hospitals and sleep labs, which includes the ApneaLink, VPAP Tx and certain Respiratory Care products. Through a series of legislative amendments, the tax was suspended beginning in 2016, and permanently repealed effective January 1, 2020. In addition to the competitive bidding changes discussed above, the ACA also included, among other things, directions to develop organizations that are paid under a new payment methodology for voluntary coordination of care by groups of providers, such as physicians and hospitals, and the establishment of a new Patient-Centered Outcomes Research Institute to oversee, identify priorities in and conduct comparative clinical effectiveness research. The increased funding and focus on comparative clinical effectiveness research, which compares and evaluates the risks and benefits, clinical outcomes, effectiveness and appropriateness of products, may result in lower reimbursements by payors for our products and decreased profits to us. Other federal legislative changes have been proposed and adopted since the ACA was enacted. These changes included an aggregate reduction in Medicare payments to providers of 2% per fiscal year, which went into effect on April 1, 2013. The CARES Act, which was signed into law in March 2020 and subsequently amended, suspended the payment reductions from May 1, 2020 through December 31, 2020, and extended the sequester by one additional year, through 2030.","2026-03-11T12:52:11.488938Z","2021-08-17",0.5414,"Non-ESG",39,"Non-ESG",35.19,"RMD_2021_RISK_029","Risks Related to Manufacturing, IT Systems, Commercial Operations and Plans for Future Growth","Risks Related to Our Business and Industry","","RMD","2026-03-11T12:52:11.488949Z"
1535,"1",1480,"Global and National Risks Related to our Business
We are unable to predict the ultimate cost of future compliance with environmental requirements or their effect on our operations. Although we strive to be in substantial compliance with all applicable laws and regulations, legal requirements frequently change and are subject to interpretation such that regulatory agencies may bring enforcement actions for alleged noncompliance. Private parties might also bring claims against us under citizen suit provisions and/or for property damage or personal injury allegedly resulting from our operations. New laws, regulations and changing interpretations by regulatory authorities, together with uncertainty regarding the application of existing requirements, are among the factors that may increase our future expenditures to comply with environmental requirements. The cost of complying with existing laws or regulations as currently interpreted or reinterpreted in the future, or with future laws or regulations, may adversely affect our results of operations and financial condition. Our operations produce significant amounts of by-products, some of which are handled as solid or hazardous waste or as hazardous secondary materials. For example, our steel mills generate EAF dust, which the United States Environmental Protection Agency (United States EPA) and other regulatory authorities classify as hazardous waste and regulate accordingly unless recycled in an exempt manner.","2026-03-11T12:52:25.792404Z","2022-02-28",0.952,"Pollution & Waste",40,"Pollution & Waste",9.682,"STLD_2022_RISK_016","Global and National Risks Related to our Business","","","STLD","2026-03-11T12:52:25.792414Z"
1536,"1",1371,"Risks Related to BXP’s Status as a REIT
In order to maintain BXP’s REIT status, we may need to borrow funds on a short-term basis to meet the REIT distribution requirements, even if the then-prevailing market conditions are not favorable for these borrowings.  To qualify as a REIT, BXP generally must distribute to its stockholders at least 90% of its taxable income each year, excluding capital gains and with certain other adjustments.  In addition, BXP will be subject to a 4% nondeductible excise tax on the amount, if any, by which dividends paid in any calendar year are less than the sum of 85% of ordinary income, 95% of capital gain net income and 100% of undistributed income from prior years.  We may need short-term debt or long-term debt or proceeds from asset sales, creation of joint ventures or sales of common stock to fund required distributions as a result of differences in timing between the actual receipt of income and the recognition of income for federal income tax purposes, or the effect of non-deductible capital expenditures, the creation of reserves or required debt or amortization payments.  Any inability of our cash flows to cover our distribution requirements could have an adverse impact on our ability to raise short- and long-term debt or sell equity securities in order to fund distributions required to maintain BXP’s REIT status.","2026-03-11T12:52:39.870193Z","2023-02-27",0.8464,"Non-ESG",41,"Non-ESG",13.331,"BXP_2023_RISK_094","Risks Related to BXP’s Status as a REIT","Risks Related to BXP’s Status as a REIT","","BXP","2026-03-11T12:52:39.870204Z"
1537,"1",202,"Business Risks
Failure to adequately protect intellectual property, or claims of infringement, could adversely affect our business, reputation, financial condition, results of operations and cash flows.","2026-03-11T12:52:57.638367Z","2021-02-11",0.9416,"Non-ESG",42,"Non-ESG",17.157,"SNA_2021_RISK_011","Business Risks","Business Risks","","SNA","2026-03-11T12:52:57.638378Z"
1538,"1",1405,"Human Resource Management Risks
Our business is labor intensive in nature, and our ability to meet our labor and purchased transportation needs while controlling related costs is generally subject to numerous external factors, including the availability of a sufficient number of qualified persons in the markets where we and contracted service providers operate, inflation, unemployment levels within these markets, prevailing wage rates, behavioral changes, health and other insurance costs, safety levels of our operations, adoption of new or revised employment and labor laws and regulations (including increased minimum wage requirements) or government programs and our reputation within the labor market. We incurred higher costs due to labor market challenges in 2021, and we expect such conditions to continue to be present in 2022. Additionally, we are incurring increased wage rates and costs for additional personnel in place to support our operations and meet regulatory requirements in response to the COVID-19 pandemic. See Item 7 Management’s Discussion and Analysis of Results of Operations and Financial Condition” of this Annual Report for more information. Our inability to effectively meet our labor and purchased transportation needs can hinder our ability to execute our business strategy, negatively impact service levels and adversely affect our business and results of operations.","2026-03-11T12:54:28.836927Z","2021-07-19",0.9787,"Human Capital",43,"Human Capital",90.586,"FDX_2021_RISK_025","Human Resource Management Risks","Human Resource Management Risks","","FDX","2026-03-11T12:54:28.836937Z"
1539,"1",1944,"Our level of indebtedness could adversely affect our financial condition.
While we continue to prioritize debt paydown as part of our overall capital allocation strategy, our level of indebtedness  requires significant interest and other debt service payments. As of January 29, 2021, we and our subsidiaries had approximately $48.5 billion aggregate principal amount of indebtedness. As of the same date, we and our subsidiaries also had an additional $5.5 billion available for borrowing under our revolving credit facilities. Our level of indebtedness could have important consequences, including the following: •we must use a significant portion of our cash flow from operations to pay interest and principal on our senior credit facilities, our senior secured and senior unsecured notes, and our other indebtedness, which reduces funds available to us for other purposes such as working capital, capital expenditures, other general corporate purposes, and potential acquisitions; •our ability to refinance such indebtedness or to obtain additional financing for working capital, capital expenditures, acquisitions, or other general corporate purposes may be impaired; •we are exposed to fluctuations in interest rates because our senior credit facilities have variable rates of interest; •our level of indebtedness may be greater than that of some of our competitors, which may put us at a competitive disadvantage and reduce our flexibility in responding to current and changing industry and financial market conditions; and •we may be unable to comply with financial and other restrictive covenants in our senior credit facilities, our senior notes, and other indebtedness that limit our ability to incur additional debt, make investments and sell assets, which could result in an event of default that, if not cured or waived, would have an adverse effect on our business and prospects and could force it into bankruptcy or liquidation.","2026-03-11T12:54:37.787858Z","2021-03-26",0.9853,"Non-ESG",44,"Non-ESG",8.294,"DELL_2021_RISK_037","Our level of indebtedness could adversely affect our financial condition.","Risks Relating to Our Business and Our Industry","","DELL","2026-03-11T12:54:37.787879Z"
1540,"1",273,"RISKS RELATING TO COMMERCIALIZATION OF OUR PRODUCTS
If we are unable to establish and maintain effective sales, marketing and distribution capabilities, or to enter into agreements with third parties to do so, we will not be able to successfully commercialize our products.","2026-03-11T12:54:44.976463Z","2023-02-07",0.9905,"Non-ESG",45,"Non-ESG",6.534,"INCY_2023_RISK_012","RISKS RELATING TO COMMERCIALIZATION OF OUR PRODUCTS","Risk Factors","","INCY","2026-03-11T12:54:44.976472Z"
1541,"1",1989,"Business and Operational Risks
Acquisitions and alliances involve numerous risks which may include:•difficulties in achieving business and financial success (due to unplanned events such as the COVID-19 pandemic and the long-term economic impact of the pandemic and the ongoing conflict between the Russian Federation and Ukraine);•difficulties and expenses incurred in assimilating and integrating operations, services, products, information technology platforms, technologies or pre-existing relationships with our clients, distributors and suppliers;•challenges with developing and operating new businesses, including those that are materially different from our existing businesses, which may require the development or acquisition of new internal capabilities and expertise;•potential losses resulting from operational weaknesses or undiscovered liabilities of acquired companies that are not covered by the indemnifications we may obtain from sellers or any insurance we may acquire in connection with transactions;•loss of key employees;•the presence or absence of adequate internal controls and/or significant fraud in the financial systems of acquired companies;•diversion of management’s attention from other business concerns;•a more expansive regulatory environment;•dilution to earnings, or in the event of acquisitions made through the issuance of our common stock to the shareholders of the acquired company, dilution to the percentage of ownership of our existing shareholders;•differences in foreign business practices, customs and importation regulations, language and other cultural barriers in connection with the acquisition of foreign companies;•new technologies and products may be developed that cause businesses or assets we acquire to become less valuable; and•disagreements or disputes with prior owners of an acquired business, technology, service or product that may result in legal settlements, litigation expenses and diversion of our management’s attention.","2026-03-11T12:54:56.834364Z","2023-02-22",0.6383,"Non-ESG",46,"Non-ESG",11.195,"CRL_2023_RISK_018","Business and Operational Risks","Business and Operational Risks","","CRL","2026-03-11T12:54:56.834376Z"
1542,"1",1808,"Risks Related to Our Industry
Federal government shutdowns and other similar governmental budgetary impasses or reductions;•decreased corporate or government travel-related budgets and spending, as well as cancellations, deferrals or renegotiations of group business, such as industry conventions; •statements, actions or interventions by governmental officials related to travel and corporate travel-related activities and the resulting negative public perception of such travel and activities;•the financial and general business condition of the airline, automotive and other transportation-related industries and its effect on travel, including decreased airline capacity and routes and increased travel costs; •perceived negative impacts of tourism on local cultures, human rights and the environment; •cyber-attacks; •the impact of climate change or availability of natural resources; •natural, climate-related or man-made disasters and extreme weather conditions, including earthquakes, tsunamis, tornadoes, hurricanes, typhoons, floods, wildfires, volcanic eruptions, oil spills and nuclear incidents; •labor shortages, which could restrict our ability to efficiently operate or grow our business and/or increase our costs;•organized labor activities, which could cause a diversion of business from hotels involved in labor negotiations and loss of business for our hotels generally as a result of certain labor tactics; and•other changes in the overall demand for what we offer, including the desirability of particular locations or travel patterns of customers. Any one or more of these factors could limit or reduce overall demand for our products and services or could negatively affect our revenue sources, which could adversely affect our business, financial condition and results of operations.","2026-03-11T12:55:20.602890Z","2023-02-09",0.3268,"Climate Change",47,"Non-ESG",12.665,"HLT_2023_RISK_006","Risks Related to Our Industry","Risks Related to Our Industry","","HLT","2026-03-11T12:55:20.602902Z"
1543,"1",1946,"Regulatory, Legislative, and Legal Risks
There is also uncertainty in quantifying liabilities under environmental laws that impose joint and several liability on potentially responsible parties. The Registrants may also incur liabilities as a result of potential future requirements to address climate change issues. Proposals for voluntary initiatives and mandatory controls are being discussed both in the United States and worldwide to reduce GHGs such as carbon dioxide, a by-product of burning fossil fuels. If increased regulations of GHG emissions are implemented, or if existing deadlines for these regulations are accelerated, the operations of DTE Electric's fossil-fueled generation assets may be significantly impacted. Since there can be no assurances that environmental costs may be recovered through the regulatory process, the Registrants' financial performance may be negatively impacted as a result of environmental matters. The Renewable Portfolio Standard and energy waste reduction may affect the Registrants' business and federal and state fuel standards may affect DTE Energy's non-utility investments. The Registrants are subject to existing Michigan, and potential future, federal legislation and regulation requiring them to secure sources of renewable energy. The Registrants have complied with the existing federal and state legislation, but do not know what requirements may be added by federal or state legislation in the future. In addition, the Registrants expect to comply with new Michigan legislation increasing the percentage of power required to be provided by renewable energy sources. The Registrants cannot predict the financial impact or costs associated with complying with potential future legislation and regulations. Compliance with these requirements can significantly increase capital expenditures and operating expenses and can negatively affect the affordability of the rates charged to customers.","2026-03-11T12:55:55.669521Z","2022-02-10",0.9844,"Climate Change",48,"Climate Change",34.408,"DTE_2022_RISK_004","Regulatory, Legislative, and Legal Risks","Risk Factors","","DTE","2026-03-11T12:55:55.669529Z"
1544,"1",1900,"Risks Relating to our Business Operations and Strategy
Moreover, we have developed a multi-dimensional business continuity plan designed to mitigate the impact of potential actions and reactions to a military incursion in Ukraine and other areas, but it is unclear if it will successfully and adequately mitigate against any actions taken or sanctions imposed;•burdens of complying with a wide variety of regional and local laws, including anti-trust, fair competition and environmental laws; •the impact of initiatives to encourage the purchase or support of domestic vendors, which can influence customers to purchase products from, or collaborate to promote interoperability of products with, companies whose headquarters or primary operations are not domestic;•reduced IP rights protections as compared to the protections afforded under the laws of the U.S.;•longer customer payment cycles and greater difficulty in accounts receivable collection; and•potential adverse tax consequences. The potential impacts of the United Kingdom’s (“UK”) withdrawal from the EU are still unfolding and have impacted varying parts of its economy at different times since the withdrawal. As the UK negotiates new trade deals and implements new laws and regulations following its withdrawal, the UK’s actions could, among other potential outcomes, adversely affect the tax, tax treaty, currency, operational, legal and regulatory regimes to which our businesses are subject, including those involving data privacy and the regulation of medical devices. The withdrawal could also, among other potential outcomes, disrupt the free and timely movement of goods, services, people, data and information and significantly disrupt trade. Further, uncertainty around these and related issues could lead to adverse effects on the economies and political stability of the UK, EU and the other economies in which we operate.","2026-03-11T12:56:56.395553Z","2022-02-25",0.5774,"Business Ethics & Values",49,"Non-ESG",60.053,"ALGN_2022_RISK_045","Risks Relating to our Business Operations and Strategy","Risks Relating to our Business Operations and Strategy","","ALGN","2026-03-11T12:56:56.395571Z"
1545,"1",543,"Risks Related to the Company's Business and Strategy
From time to time, Eastman is involved in various legal proceedings or other commercial disputes and other legal and regulatory proceedings relating to its business. Due to the inherent uncertainties of litigation, commercial disputes, or other legal or regulatory proceedings, management cannot accurately predict their ultimate outcome, including the outcome of any related appeals. Although management establishes reserves based on the assessment of contingencies related to legal claims","2026-03-11T12:57:15.767977Z","2024-02-14",0.9795,"Non-ESG",50,"Non-ESG",18.665,"EMN_2024_RISK_016","Risks Related to the Company's Business and Strategy","","","EMN","2026-03-11T12:57:15.767985Z"
1546,"1",2003,"Legal and Regulatory Risks
Moreover, a production disruption, stop ship, limited availability of necessary components, e.g., batteries, lower than planned market acceptance of our vehicles, or other intervening events may cause us to modify our product plans, or, in some cases, purchase credits, in order to comply with fuel economy standards, which could have an adverse effect on our financial condition or results of operations and/or cause reputational harm. Increased scrutiny of automaker emission testing by regulators around the world has led to new regulations, more stringent enforcement programs, requests for field actions, demands for reporting on the field performance of emissions components and higher scrutiny of field data, and/or delays in regulatory approvals. The cost to comply with existing government regulations (in addition to the cost of any field service actions that may result from regulatory actions) is substantial and additional regulations, changes in regulatory interpretations, or changes in consumer preferences that affect vehicle mix could have a substantial adverse impact on our financial condition or results of operations. In addition, a number of governments, as well as non-governmental organizations, publicly assess vehicles to their own protocols. The protocols could change, and any negative perception regarding the performance of our vehicles subjected to such tests could reduce future sales. Court decisions arising out of consumer and investor litigation could give rise to de facto changes in the interpretation of existing emission laws and regulations, thereby imposing new burdens on manufacturers. For more discussion of the impact of standards on our global business, see the “Governmental Standards” discussion in “Item 1. Business” above. We and other companies continue to develop autonomous vehicle technologies, and the U.S. and foreign governments are continuing to develop the regulatory framework that will govern autonomous vehicles.","2026-03-11T12:57:29.237205Z","2022-02-04",0.3019,"Product Liability",51,"Product Liability",12.801,"F_2022_RISK_030","Legal and Regulatory Risks","Legal and Regulatory Risks","","F","2026-03-11T12:57:29.237216Z"
1547,"1",307,"Business, Operational and Strategic Risks
We, as well as our vendors, are subject to laws and regulations that could require us to modify our current business practices and incur increased costs, which could have a material adverse effect on our business, financial condition, profitability, and cash flows.","2026-03-11T12:57:35.993182Z","2021-03-26",0.7895,"Non-ESG",52,"Non-ESG",6.102,"ULTA_2021_RISK_033","Business, Operational and Strategic Risks","s","","ULTA","2026-03-11T12:57:35.993195Z"
1548,"1",746,"Risks relating to estimates, assumptions and valuations
It requires financial professionals to act in consumers’ best interest when giving personalized investment advice. Notwithstanding the SEC’s Reg BI, which went into effect in 2020, some states may still consider changes to their own insurance and securities laws and/or regulations. In 2020, Massachusetts promulgated regulations imposing a fiduciary duty on broker-dealers and agents and the NAIC adopted best interest enhancements to its existing annuity suitability model. A number of states have adopted the updated NAIC model and many more are poised to take steps in that direction in 2022. Related state fiduciary or “best interest” legislation and/or regulation could occur in 2022.","2026-03-11T12:59:22.912219Z","2022-02-11",0.6801,"Business Ethics & Values",53,"Product Liability",106.271,"PFG_2022_RISK_033","Risks relating to estimates, assumptions and valuations","Summary of Risk Factors","","PFG","2026-03-11T12:59:22.912230Z"
1549,"1",380,"Acquisition and Investment Risks
While we believe this joint venture provides a competitive advantage in addressing this market, we may have interests that diverge from those of our joint venture partners, and we may not be able to direct or influence the management and operations of the joint venture in the manner we believe is most appropriate, exposing us to additional risk.","2026-03-11T12:59:34.929620Z","2021-08-25",0.9253,"Non-ESG",54,"Non-ESG",11.395,"TECH_2021_RISK_008","Acquisition and Investment Risks","Acquisition and Investment Risks","","TECH","2026-03-11T12:59:34.929634Z"
1550,"1",788,"Adverse capital and credit market conditions may significantly affect our ability to meet liquidity needs or obtain credit on acceptable terms
In periods of extreme volatility and disruption in the capital and credit markets, liquidity and credit capacity may be severely restricted. Our access to additional financing depends on a variety of factors such as market conditions, the general availability of credit, the overall availability of credit to our industry, our credit ratings and credit capacity, as well as lenders’ perception of our long- or short-term financial prospects. In such circumstances, our ability to obtain capital to fund operating expenses, financing costs, capital expenditures or acquisitions may be limited, and the cost of any such capital may be significant.","2026-03-11T13:00:05.666336Z","2022-02-18",0.9819,"Non-ESG",55,"Non-ESG",30.082,"ALL_2022_RISK_027","Adverse capital and credit market conditions may significantly affect our ability to meet liquidity needs or obtain credit on acceptable terms","","","ALL","2026-03-11T13:00:05.666346Z"
1551,"1",2186,"Provisions in our corporate governance documents could operate to delay or prevent a change in control of our company, dilute the voting power or reduce the value of our capital stock or affect its liquidity.
The existence of some provisions within our restated certificate of incorporation and amended and restated bylaws could discourage, delay or prevent a change in control of us that a stockholder may consider favorable. These include provisions:•providing that our board of directors fixes the number of members of the board; •providing for the division of our board of directors into three classes with staggered terms; •providing that only our board of directors may fill board vacancies; •limiting who may call special meetings of stockholders; •prohibiting stockholder action by written consent, thereby requiring stockholder action to be taken at a meeting of the stockholders; •establishing advance notice requirements for nominations of candidates for election to our board of directors or for proposing matters that can be acted on by stockholders at stockholder meetings; •establishing supermajority vote requirements for certain amendments to our restated certificate of incorporation; •providing that our directors may only be removed for cause; •authorizing a large number of shares of common stock that are not yet issued, which would allow our board of directors to issue shares to persons friendly to current management, thereby protecting the continuity of our management, or which could be used to dilute the stock ownership of persons seeking to obtain control of us; and •authorizing the issuance of “blank check” preferred stock, which could be issued by our board of directors to increase the number of outstanding shares and thwart a takeover attempt. Our restated certificate of incorporation also authorizes us to issue, without the approval of our stockholders, one or more classes or series of preferred stock having such designation, powers, preferences and relative, participating, optional and other special rights, including preferences over our common stock respecting dividends and distributions, as our board of directors generally may determine.","2026-03-11T13:00:14.335907Z","2022-02-24",0.9948,"Corporate Governance",56,"Corporate Governance",7.98,"MPC_2022_RISK_047","Provisions in our corporate governance documents could operate to delay or prevent a change in control of our company, dilute the voting power or reduce the value of our capital stock or affect its liquidity.","Legal and Regulatory Risks","","MPC","2026-03-11T13:00:14.335928Z"
1552,"1",2051,"We are subject to regulation worldwide.  If we fail to comply with regulatory requirements or if regulations change in a way that adversely affects our operations, we may not be able to conduct our business, or we may be less profitable.
Many of our activities throughout the world are subject to supervision and regulations promulgated by regulatory or self-regulatory bodies such as the SEC, the NYSE, the DOJ, the IRS, the Office of Foreign Assets Control, the Federal Trade Commission and the Financial Industry Regulatory Authority (FINRA) in the U.S., the Financial Conduct Authority in the U.K., the Australian Securities and Investments Commission in Australia and insurance regulators in nearly every jurisdiction in which we operate. Our retirement-related consulting and investment services are subject to pension law and financial regulation in many countries. Our activities are also subject to a variety of other laws, rules and regulations addressing licensing, data privacy, wage-and-hour standards, employment and labor relations, anti-competition, anti-corruption, currency, reserves and the amount of local investment with respect to our operations in certain countries. This regulatory supervision could reduce our profitability or growth by increasing the costs of compliance, restricting the products or services we sell, the markets we enter, the methods by which we sell our products and services, or the prices we can charge for our services and the form of compensation we can accept from our clients, underwriting enterprises and third parties. As our operations grow around the world, it is increasingly difficult to monitor and enforce regulatory compliance across the organization. A compliance failure by even one of our smallest branches could lead to litigation and/or disciplinary actions that may include compensating clients for loss, the imposition of penalties, and/or the loss of our authorization to operate. In all such cases, we would also likely incur significant internal investigation costs and legal fees.","2026-03-11T13:00:33.805795Z","2022-02-18",0.8332,"Business Ethics & Values",57,"Business Ethics & Values",18.772,"AJG_2022_RISK_046","We are subject to regulation worldwide.  If we fail to comply with regulatory requirements or if regulations change in a way that adversely affects our operations, we may not be able to conduct our business, or we may be less profitable.","Regulatory, Legal and Accounting Risks","","AJG","2026-03-11T13:00:33.805806Z"
1553,"1",1655,"We may be unable to obtain an adequate fuel supply in the future.
We obtain substantially all of our physical natural gas and nuclear fuel supply from third parties pursuant to arrangements that vary in term, pricing structure, firmness and delivery flexibility. Our fuel supply arrangements must be coordinated with transportation agreements, balancing agreements, storage services and other contracts to ensure that the natural gas and nuclear fuel are delivered to our power plants at the times, in the quantities and otherwise in a manner that meets the needs of our generation portfolio and our customers. We must also comply with laws and regulations governing the transportation of such fuels. We are exposed to increases in the price of natural gas and nuclear fuel, and it is possible that sufficient supplies to operate our generating facilities profitably may not continue to be available to us. Significant changes in the price of natural gas and nuclear fuel could affect our future results and impact our liquidity needs. In addition, we face risks with regard to the delivery to, and the use of natural gas and nuclear fuel by, our power plants including the following:•transportation may be unavailable if pipeline infrastructure is damaged or disabled;•pipeline tariff changes may adversely affect our ability to, or cost to, deliver such fuels;•creditworthiness of third-party suppliers, defaults by third-party suppliers on supply obligations and our ability to replace supplies currently under contract may delay or prevent timely delivery;•market liquidity for physical supplies of such fuels or availability of related services (e.g.","2026-03-11T13:02:35.076802Z","2022-02-24",0.8925,"Non-ESG",58,"Non-ESG",120.641,"PEG_2022_RISK_025","We may be unable to obtain an adequate fuel supply in the future.","RISKS RELATED TO OUR GENERATION BUSINESS","","PEG","2026-03-11T13:02:35.076828Z"
1554,"1",515,"RISK FACTORS
The following risk factors and other information included in this Annual Report on Form 10-K should be carefully considered. The occurrence of any of the following risks or of unknown risks and uncertainties may adversely affect our business, financial condition, results of operations and cash flows. As used herein, references to our “asset management business” refer to the historical Apollo business, whereas references to our “retirement services business” refer to the historical Athene business.","2026-03-11T13:02:52.494692Z","2023-03-01",0.9599,"Non-ESG",59,"Non-ESG",16.779,"APO_2023_RISK_001","RISK FACTORS","RISK FACTORS","","APO","2026-03-11T13:02:52.494704Z"
1555,"1",2014,"Risks Relating to Laws and Regulations
In addition, the United Kingdom’s (“UK”) exit from the EU, and ongoing developments in the UK, have created uncertainty with regard to data protection regulation in the UK. Data processing in the UK is now governed by the UK General Data Protection Regulation and supplemented by other domestic data protection laws, such as the UK Data Protection Act 2018, which authorizes  fines of up to £17.5 million or 4% of annual global revenue, whichever is higher. We are also exposed to potentially divergent enforcement actions for certain violations. Furthermore, the new SCCs apply only to the transfer of personal data outside the EU and not the UK. Although the European Commission adopted an adequacy decision for the UK on June 28, 2021, allowing the continued flow of personal data from the EU to the UK, this decision will be regularly reviewed going forward and may be revoked if the UK diverges from its current adequate data protection laws following its exit from the EU. On February 2, 2022, the UK’s Information Commissioner’s Office issued new standard contractual clauses to support personal data transfers out of the UK (“UK SCCs”). If approved by the UK Parliament, the UK SCCs will become effective March 21, 2022, and we may, in addition to other impacts, experience additional costs associated with increased compliance burdens and be required to engage in new contract negotiations with third parties that aid in processing personal data on our behalf or localize certain personal data. Several other countries, including China, Australia, New Zealand, Brazil, and Japan, have also established specific legal requirements for cross-border data transfers. There is also an increasing trend towards data localization policies. For example, in 2015, Russia introduced data localization laws. In 2021, China introduced localization requirements for certain data. There are also other countries, such as India, that are considering data localization requirements.","2026-03-11T13:05:04.276444Z","2022-03-14",0.7055,"Product Liability",60,"Product Liability",131.142,"ADSK_2022_RISK_070","Risks Relating to Laws and Regulations","Risks Relating to Laws and Regulations","","ADSK","2026-03-11T13:05:04.276453Z"
1556,"1",739,"D. Risks Specific to Pennsylvania Regulated Segment
PPL Electric is subject to Act 129, which contains requirements for energy efficiency and conservation programs and for the use of smart metering technology, imposes PLR electricity supply procurement rules, provides remedies for market misconduct, and made changes to the existing Alternative Energy Portfolio Standard. The law also requires electric utilities to meet specified goals for reduction in customer electricity usage and peak demand. Utilities not meeting these Act 129 requirements are subject to significant penalties that cannot be recovered in rates. Numerous factors outside of our control could prevent compliance with these requirements and result in penalties to us.","2026-03-11T13:05:46.001038Z","2022-02-18",0.5498,"Non-ESG",61,"Climate Change",41.058,"PPL_2022_RISK_019","D. Risks Specific to Pennsylvania Regulated Segment","E.Risks Related to All Segments","","PPL","2026-03-11T13:05:46.001050Z"
1557,"1",726,"Technology Risks
The Company’s financial and regulatory reporting and key business decisions are reliant on the quality, availability, and retention of data. While Truist has implemented a robust data management control framework to mitigate the risks associated with data while at rest, in motion, and in use, a control failure may lead to data loss, data misuse, and data quality risks. These failures may ultimately result in inaccuracies in financial and regulatory reports, inhibited management decision-making, financial loss, reputational risk, and regulatory compliance risk, including privacy compliance risks to the extent that the Company has ineffective or flawed consumer data management processes and monitoring.","2026-03-11T13:12:52.694933Z","2023-02-28",0.751,"Product Liability",62,"Product Liability",426.033,"TFC_2023_RISK_077","Technology Risks","Technology Risks","","TFC","2026-03-11T13:12:52.694953Z"
1558,"1",1896,"Risks Related to Laws and Regulations
In addition, our tax liability is determined by our taxable income multiplied by the current tax rates in effect. If the tax rates are increased or a minimum corporate income tax is implemented, as has been proposed by the current Presidential Administration, we may experience adverse impacts to our financial condition and results of operations. Our utility business currently operates wind generating facilities, which generate production tax credits for us to use to reduce our federal tax obligations. The amount of production tax credits we earn is dependent on the date the qualifying generating facilities are placed in service, the level of electricity output generated by our qualifying generating facilities and the applicable tax credit rate. If there is a disagreement on the in-service date, the amount of production tax credits that we can generate may be significantly reduced. A variety of operating and economic parameters, including transmission constraints, the imbalance of supply and demand of wind energy resulting in unfavorable pricing for wind energy, adverse weather conditions and breakdown or failure of equipment, could significantly reduce the production tax credits generated by our wind farms resulting in a material adverse impact on our financial condition and results of operations. Our strategic plan includes developing solar generating facilities, which are expected to generate investment tax credits. Investment tax credits are dependent on the date the qualifying generating facilities begin and end construction and the costs of the qualifying generating facilities. If there is a disagreement on the dates construction began and ended or the qualifying costs, the amount of investment tax credits awarded may be significantly reduced, possibly adversely impacting our financial condition and results of operations.","2026-03-11T13:13:59.112999Z","2022-02-18",0.5572,"Non-ESG",63,"Non-ESG",65.737,"LNT_2022_RISK_014","Risks Related to Laws and Regulations","Risks Related to Laws and Regulations","","LNT","2026-03-11T13:13:59.113012Z"
1559,"1",904,"The average selling price of our products may decrease and our costs may increase, which may negatively impact revenues and profits
It is possible that the average selling prices of our products will decrease in the future in response to competitive pricing pressures, increased sales discounts, new product introductions by us or our competitors, as well as the shift to more software consumption based and “as a service based” models, or other factors. Therefore, in order to maintain our profits, we must develop and introduce new products and product enhancements on a timely basis and continually reduce our product costs. Our failure to do so could cause our revenue and profits to decline, which would harm our business and results of operations. In addition, we may experience substantial period-to-period fluctuations in future operating results due to the erosion of our average selling prices.","2026-03-11T13:14:23.914281Z","2021-11-16",0.9863,"Non-ESG",64,"Non-ESG",24.044,"FFIV_2021_RISK_018","The average selling price of our products may decrease and our costs may increase, which may negatively impact revenues and profits","Risk Factors","","FFIV","2026-03-11T13:14:23.914307Z"
1560,"1",1984,"Legal and Regulatory Risks
The Company’s operations are subject to the general risks of litigation. The Company is involved on an ongoing basis in litigation arising in the ordinary course of business. Trends in litigation may include class actions involving employees, consumers, competitors, suppliers, shareholders, or others, and claims relating to product liability, contract disputes, antitrust regulations, intellectual property, advertising, labeling, wage and hour laws, employment practices or environmental matters. Neither litigation trends nor the outcomes of litigation can be predicted with certainty and adverse litigation trends and outcomes could negatively affect the Company’s financial results. Government regulation, present and future, exposes the Company to potential sanctions and compliance costs that could adversely affect the Company’s business. The Company’s operations are subject to extensive regulation by the U.S. Department of Homeland Security, the U.S. Department of Agriculture, the U.S. Food and Drug Administration, federal and state taxing authorities and other federal, state, and local authorities which oversee workforce immigration, taxation, animal welfare, food safety, and the processing, packaging, storage, distribution, advertising, and labeling of the Company’s products. The Company’s manufacturing facilities and products are subject to ongoing inspection by federal, state and local authorities. Claims or enforcement proceedings could be brought against the Company in the future. The availability of government inspectors due to a government furlough could also cause disruption to the Company’s manufacturing facilities. Additionally, the Company is subject to new or modified laws, regulations, and accounting standards. The Company’s failure or inability to comply with such requirements could subject the Company to civil remedies, including fines, injunctions, recalls or seizures, as well as potential criminal sanctions.","2026-03-11T13:14:53.847542Z","2021-12-10",0.8906,"Business Ethics & Values",65,"Business Ethics & Values",29.236,"HRL_2021_RISK_014","Legal and Regulatory Risks","Legal and Regulatory Risks","","HRL","2026-03-11T13:14:53.847550Z"
1561,"1",1201,"We depend on third parties and their technology to manufacture, assemble, test and/or package our products, which reduces our control over product quantity and quality, manufacturing yields, development, enhancement and product delivery schedule and could harm our business.
We do not manufacture the silicon wafers used for our products and do not own or operate a wafer fabrication facility. Instead, we are dependent on industry-leading foundries, such as Taiwan Semiconductor Manufacturing Company Limited and Samsung Electronics Co. Ltd., to manufacture our semiconductor wafers using their fabrication equipment and techniques. Similarly, we do not directly assemble, test or package our products, but instead rely on independent subcontractors. In the past we have not had and going forward we may not have long-term commitment contracts with these foundries or subcontractors. Nevertheless, we may enter into long-term procurement and capacity commitments as our business grows or in periods with limited availability of capacity and components in our supply chain. As our business grows, we must continue to scale and adapt our supply chain or it could have an adverse impact on our business.","2026-03-12T08:49:24.024891Z","2021-02-26",0.9664,"Non-ESG",66,"Product Liability",21.424,"NVDA_2021_RISK_006","We depend on third parties and their technology to manufacture, assemble, test and/or package our products, which reduces our control over product quantity and quality, manufacturing yields, development, enhancement and product delivery schedule and could harm our business.","","","NVDA","2026-03-12T08:49:24.024902Z"
1562,"1",260,"Risks Related to the Operating Partnership’s Organization and Ownership of OP Units
In certain circumstances, certain of the Operating Partnership’s unitholders must approve the Operating Partnership’s sale of certain properties contributed by the unitholders.","2026-03-12T08:50:10.619312Z","2022-02-17",0.8895,"Non-ESG",67,"Non-ESG",45.944,"MAA_2022_RISK_078","Risks Related to the Operating Partnership’s Organization and Ownership of OP Units","Tennessee Anti-Takeover Statutes","","MAA","2026-03-12T08:50:10.619323Z"
1563,"1",1845,"Credit
Certain aspects of the security of such technologies are unpredictable or beyond our control, and the failure by mobile technology and cloud service providers to adequately safeguard their systems and prevent cyber attacks could disrupt our operations and result in misappropriation, corruption or loss of confidential and other information. In addition, there is a risk that encryption and other protective measures, despite their sophistication, may be defeated, particularly to the extent that new computing technologies vastly increase the speed and computing power available. We routinely transmit and receive personal, confidential and proprietary information by email and other electronic means. We have discussed and worked with clients, vendors, service providers, counterparties and other third parties to develop secure transmission capabilities and protect against cyber attacks, but we do not have, and may be unable to put in place, secure capabilities with all of our clients, vendors, service providers, counterparties and other third parties and we may not be able to ensure that these third parties have appropriate controls in place to protect the confidentiality of the information. An interception, misuse or mishandling of personal, confidential or proprietary information being sent to or received from a client, vendor, service provider, counterparty or other third party could result in legal liability, regulatory action and reputational harm. We may incur losses as a result of ineffective risk management processes and strategies. We seek to monitor and control our risk exposure through a risk and control framework encompassing a variety of separate but complementary financial, credit, operational, compliance and legal reporting systems, internal controls, management review processes and other mechanisms.","2026-03-12T08:50:22.097463Z","2022-02-25",0.8933,"Product Liability",68,"Product Liability",10.851,"GS_2022_RISK_042","Credit","Credit","","GS","2026-03-12T08:50:22.097474Z"
1564,"1",1603,"The outbreak of the COVID-19 global pandemic and associated responses has had, and is expected to continue to have, an adverse impact on our business and operations.
If a significant percentage of our workforce is unable to work, including because of illness, travel or government restrictions in connection with COVID-19, this could have an adverse effect on our operations and results of operations. In addition, certain of our team members who claim to have tested positive for COVID-19, or their family members, have filed lawsuits seeking compensatory and punitive damages for wrongful death and personal injury claims in several states. We expect additional team members or family members of team members may assert similar claims as the COVID-19 pandemic continues. If we are unsuccessful in defending against such claims, we may experience significant losses and expenses in connection with these lawsuits, which could adversely affect our liquidity, results of operations and financial condition. We have also experienced, and expect to continue to experience, disruption and volatility in our supply chain, which has resulted, and may continue to result, in increased costs for certain raw materials, packaging materials and transportation costs. The spread of COVID-19 has also disrupted and may continue to disrupt logistics necessary to import, export and deliver products to us and our customers. Ports and other channels of entry have been closed or operating at only a portion of capacity and means of transporting products within regions or countries may be limited for the same reason.","2026-03-12T08:52:04.611049Z","2021-11-15",0.9562,"Human Capital",69,"Human Capital",101.637,"TSN_2021_RISK_003","The outbreak of the COVID-19 global pandemic and associated responses has had, and is expected to continue to have, an adverse impact on our business and operations.","BUSINESS & OPERATIONAL RISK FACTORS","","TSN","2026-03-12T08:52:04.611058Z"
1565,"1",407,"Risk Factors
The Company's business, financial condition, results of operations and cash flows are subject to various risks, including, but not limited to, those set forth below, which could cause actual results to vary materially from recent results or from anticipated future results. These risk factors should be considered together with information included elsewhere in this Annual Report on Form 10-K.","2026-03-12T08:52:09.142903Z","2022-02-11",0.9793,"Non-ESG",70,"Non-ESG",3.923,"ITW_2022_RISK_001","Risk Factors","Risk Factors","","ITW","2026-03-12T08:52:09.142912Z"
1566,"1",1562,"Business and Operational Risks
Federal authorities’ investigation into the incident and established an ongoing relationship to better understand the ever-changing nature of cybersecurity related threats;•additional visibility into our network and environment;•additional monitoring of our environment;•active threat hunting in our environment;•enhanced protection for externally facing web applications;•the addition of Multi-Factor Authentication to ingress points;•the addition of denial of service attack protection; and•increased network segmentation,such efforts may not be successful, in which case we could suffer significant harm. Further, we are at risk of being targeted, and we have in the past been victim to, business email compromise fraud, which results in payments being made to illegitimate bank accounts. Although these instances have not resulted in our incurring material losses, if similar instances occur in the future, we may incur such losses. Our contracts with our clients typically contain provisions that require us to keep confidential the information generated from the studies we conduct. In the event the confidentiality of such information is compromised, whether by unauthorized access or other breaches, we could be exposed to significant harm, including termination of customer contracts, damage to our customer relationships, damage to our reputation and potential legal claims from customers, employees and other parties. In addition, we may face investigations by government regulators and agencies as a result of a breach.","2026-03-12T08:53:05.780036Z","2022-02-16",0.8631,"Product Liability",71,"Product Liability",56.033,"CRL_2022_RISK_019","Business and Operational Risks","Business and Operational Risks","","CRL","2026-03-12T08:53:05.780047Z"
1567,"1",1368,"MACROECONOMIC, INDUSTRY AND FINANCIAL RISKS
Currencies other than the U.S. dollar, including the euro, the British pound, Chinese yuan (renminbi) and the Japanese yen, can have an impact on our results as expressed in U.S. dollars. Global economic events, including trade disputes, economic sanctions and emerging market volatility, and the resulting uncertainty, may cause currencies to fluctuate, which may contribute to variations in sales of our products and services in impacted jurisdictions. Because a majority of our revenues are generated outside the United States, fluctuations in foreign currency exchange rates could adversely affect our net revenue growth in future periods. In addition, currency variations can adversely affect margins on sales of our products in countries outside of the United States and products that include components obtained from suppliers located outside of the United States. From time to time, we may use forward contracts and/or options designated as cash flow hedges to protect against foreign currency exchange rate risks. Our hedging strategies may be ineffective or may not offset any or more than a portion of the adverse financial impact resulting from currency variations. Losses associated with hedging activities also may impact our revenue, financial condition, cash flows and, to a lesser extent, our cost of sales.","2026-03-12T08:53:10.004966Z","2021-12-09",0.9865,"Non-ESG",72,"Non-ESG",3.556,"HPQ_2021_RISK_068","MACROECONOMIC, INDUSTRY AND FINANCIAL RISKS","MACROECONOMIC, INDUSTRY AND FINANCIAL RISKS","","HPQ","2026-03-12T08:53:10.004974Z"
1568,"1",1024,"Major public health issues, including COVID-19 and any resulting economic effects could have an adverse impact on the Company's financial condition and results of operations and other aspects of its business.
and sales associates and other distribution partners in Japan” and “Difficult conditions in global capital markets and the economy, including those caused by COVID-19, could have a material adverse effect on the Company's investments, capital position, revenue, profitability, and liquidity and harm the Company's business” for more information. Further, the Company's operations, as well as those of its vendors, service providers and counterparties, may also be adversely affected by the COVID-19 pandemic or the mitigation efforts outlined above. In both the U.S. and Japan, the Company has over 50% of its employees working remotely. The Company has begun to implement return to work plans for Aflac Japan and Aflac U.S. that are adaptable and based upon multiple factors including government orders, guidelines","2026-03-12T08:54:56.990977Z","2022-02-23",0.8338,"Human Capital",73,"Human Capital",106.35,"AFL_2022_RISK_030","Major public health issues, including COVID-19 and any resulting economic effects could have an adverse impact on the Company's financial condition and results of operations and other aspects of its business.","Operational-Related Risk Factors","","AFL","2026-03-12T08:54:56.990986Z"
1569,"1",1931,"Operational Risks
•The Company is currently dependent on Boeing as the sole manufacturer of the Company's aircraft. Prolonged delays in the FAA issuing required certifications or approvals for the -7, or further regulatory actions by the FAA with respect to the MAX aircraft, could materially and adversely affect the Company’s business plans, strategies, and results of operations.•The Company's business is labor intensive, with most Employees represented by labor unions; therefore, the Company could be materially adversely affected in the event of conflict with its Employees or its Employees' representatives or if the Company were unable to employ sufficient numbers of qualified Employees to maintain its operations.•The Company is currently dependent on a single engine supplier, as well as single suppliers of certain other aircraft parts and equipment; therefore, the Company could be materially adversely affected (i) if it were unable to obtain timely or sufficient delivery of aircraft parts or equipment from Boeing or other suppliers or adequate maintenance or other support from any of these suppliers, (ii) if Boeing or other suppliers were unable to achieve and/or maintain required regulatory certifications or approvals of their parts or equipment, or (iii) in the event of a mechanical or regulatory issue associated with the Company's aircraft parts or equipment.•The airline industry has faced on-going security concerns and related cost burdens; further threatened or actual terrorist attacks, or other hostilities, even if not made directly on the airline industry, could significantly harm the airline industry and the Company's operations.•Interruptions or disruptions in service at one of the Company’s core stations could have a material adverse impact on its operations.•The Company’s operations have been, and in the future may again be, materially and adversely disrupted by extreme weather events.","2026-03-12T08:55:27.405095Z","2023-02-07",0.849,"Human Capital",74,"Human Capital",29.787,"LUV_2023_RISK_003","Operational Risks","Operational Risks","","LUV","2026-03-12T08:55:27.405117Z"
1570,"1",2048,"Risks related to information technology and security
We electronically receive, process, store and transmit data and sensitive information about our customers and merchants, including bank account information, social security numbers, expense data, and credit card, debit card and checking account numbers. We endeavor to keep this information confidential; however, our websites, networks, information systems, services and technologies may be targeted for sabotage, disruption or misappropriation. The uninterrupted operation of our information systems and our ability to maintain the confidentiality of the customer and consumer information that resides on our systems are critical to the successful operation of our business. Unauthorized access to our networks and computer systems could result in the theft or publication of confidential information or the deletion or modification of records or could otherwise cause interruptions in our service and operations. Other than a previously disclosed unauthorized access incident during the second quarter of 2018, we are not aware of any material breach of our or our associated third parties’ computer systems, although we and others in our industry are regularly the subject of attempts by bad actors to gain unauthorized access to these computer systems and data or to obtain, change or destroy confidential data (including personal consumer information of individuals) through a variety of means. Because techniques used to sabotage or obtain unauthorized access to our systems and the data we collect change frequently and may not be recognized until launched against a target, we may be unable to anticipate these techniques or to implement adequate preventative measures. Threats to our systems and our associated third parties’ systems can derive from human error, fraud or malice on the part of employees or third parties, or may result from accidental technological failure. Computer viruses can be distributed and could infiltrate our systems or those of our associated third parties.","2026-03-13T02:37:51.833620Z","2022-03-01",0.9275,"Product Liability",75,"Product Liability",26.248,"CPAY_2022_RISK_006","Risks related to information technology and security","","","CPAY","2026-03-13T02:37:51.833631Z"
1571,"1",2076,"If we are unable to compete successfully against other businesses that sell the products that we sell, we could lose customers and our sales and profits may decline.
​If we experience transitions or changeover with any of our significant vendors, or if they experience financial difficulties or otherwise are unable to deliver merchandise to us on a timely basis, or at all, we could have product shortages in our stores that could adversely affect customers’ perceptions of us and cause us to lose customers and sales.​Risks associated with products sourced outside the U.S.​We directly imported approximately 13% of our purchases in fiscal 2021, but many of our domestic vendors directly import their products or components of their products. Changes to the price or flow of these goods for any reason, such as civil unrest or acts of war, currency fluctuations, disruptions in maritime lanes, port labor disputes, economic conditions and instability in the countries in which foreign suppliers are located, the financial instability of suppliers, suppliers’ failure to meet our standards, issues with labor practices of our suppliers or labor problems they may experience (such as strikes, stoppages or slowdowns, which could also increase labor costs during and following the disruption), the availability and cost of raw materials to suppliers, increased import duties or tariffs, merchandise quality or safety issues, shipping and transport availability and cost, increases in wage rates and taxes, transport security, inflation and other factors relating to the suppliers and the countries in which they are located or from which they import, often are beyond our control and could adversely affect our operations and profitability. In addition, the foreign trade policies, tariffs and other impositions on imported goods, trade sanctions imposed on certain countries, import limitations on certain types of goods or of goods containing certain materials from other countries and other factors relating to foreign trade and port labor agreements are beyond our control.","2026-03-13T02:38:43.629795Z","2021-10-25",0.9059,"Non-ESG",76,"Non-ESG",51.123,"AZO_2021_RISK_011","If we are unable to compete successfully against other businesses that sell the products that we sell, we could lose customers and our sales and profits may decline.","Strategic and Operational Risks","","AZO","2026-03-13T02:38:43.629807Z"
1572,"1",285,"Legal Proceedings
Information in response to this Item 3 can be found in Note 23 of the Notes to Consolidated Financial Statements included in the 2023 Annual Report under the heading, “Litigation and Regulatory Matters.” That information is incorporated into this report by reference.","2026-03-13T02:38:48.812234Z","2024-02-20",0.9768,"Non-ESG",77,"Non-ESG",4.49,"USB_2024_RISK_011","Legal Proceedings","Legal Proceedings","","USB","2026-03-13T02:38:48.812247Z"
1573,"1",2123,"Global economic, political, market, health and social events or conditions, including the ongoing effects of the coronavirus pandemic, may harm our business.
More than half of our net revenues are earned outside the U.S. International cross-border transaction revenues represent a significant part of our revenue and are an important part of our growth strategy. Our revenues are dependent on the volume and number of payment transactions made by consumers, governments, and businesses whose spending patterns may be affected by prevailing economic, political, market, health and social events or conditions. Adverse macroeconomic conditions, including recessions, inflation, high unemployment, currency fluctuations, actual or anticipated large-scale defaults or failures, or a slowdown of global trade could decrease consumer and corporate confidence and reduce consumer, small business, government, and corporate spending which have a direct impact on our revenues. In addition, outbreaks of illnesses, pandemics like COVID-19, or other local or global health issues, political uncertainties, international hostilities, armed conflict, or unrest, climate-related events, including the increasing frequency of extreme weather events, and natural disasters could have similar impacts on our operations, clients, third-party suppliers, activities in a particular location or globally, and cross-border travel and spend. Geopolitical trends towards nationalism, protectionism, and restrictive visa requirements, as well as continued activity and uncertainty around economic sanctions, tariffs or trade restrictions could limit the expansion of our business in those regions. In addition, as governments, investors and other stakeholders face additional pressures to accelerate actions to address climate change and other environmental, governance and social topics, governments may implement regulations or investors and other stakeholders may impose new expectations or focus investments in ways that cause significant shifts in disclosure, commerce and consumption behaviors that may have negative impacts on our business.","2026-03-13T02:38:58.386519Z","2021-11-18",0.5028,"Non-ESG",78,"Non-ESG",8.889,"V_2021_RISK_037","Global economic, political, market, health and social events or conditions, including the ongoing effects of the coronavirus pandemic, may harm our business.","Business Risks","","V","2026-03-13T02:38:58.386531Z"
1574,"1",2218,"We are subject to numerous and evolving legal and regulatory requirements and client expectations in the many jurisdictions in which we operate, and violations of, unfavorable changes in or an inability to meet such requirements or expectations could harm our business.
We provide services to clients and have operations in many parts of the world and in a wide variety of different industries, subjecting us to numerous, and sometimes conflicting, laws and regulations on matters as diverse as trade controls and sanctions, immigration (including temporary work authorizations or work permits), content requirements, trade restrictions, tariffs, taxation, antitrust laws, anti-corruption laws (including the FCPA and the U.K. Bribery Act), the environment, government affairs, internal and disclosure control obligations, data privacy, intellectual property, employment and labor relations. We face significant regulatory compliance costs and risks as a result of the size and breadth of our business. For example, we may experience increased costs in 2022 and future years for employment and post-employment benefits in India as a result of the issuance of the Code in late 2020. In addition, we may face costs and risks associated with uncertainty as to the ongoing regulatory impact of the United Kingdom’s exit from the European Union. We are also subject to a wide range of potential enforcement actions, audits or investigations regarding our compliance with these laws or regulations in the conduct of our business, and any finding of a violation could subject us to a wide range of civil or criminal penalties, including fines, debarment, or suspension or disqualification from government contracting, prohibitions or restrictions on doing business, loss of clients and business, legal claims by clients and damage to our reputation. We commit significant financial and managerial resources to comply with our internal control over financial reporting requirements, but we have in the past identified and may in the future identify material weaknesses or deficiencies in our internal control over financial reporting that cause us to incur incremental remediation costs in order to maintain adequate controls.","2026-03-13T02:39:31.115256Z","2022-02-16",0.9351,"Business Ethics & Values",79,"Business Ethics & Values",31.957,"CTSH_2022_RISK_023","We are subject to numerous and evolving legal and regulatory requirements and client expectations in the many jurisdictions in which we operate, and violations of, unfavorable changes in or an inability to meet such requirements or expectations could harm our business.","Legal, Regulatory and Legislative Risks","","CTSH","2026-03-13T02:39:31.115267Z"
1575,"1",1684,"Risks Relating to Our Indebtedness
The terms contained in certain of our indebtedness, including credit facilities and any future indebtedness of ours, may include a number of restrictive covenants that impose significant operating and financial restrictions, including restrictions on our and our restricted subsidiaries’ ability to take actions that we believe may be in our interest. These agreements, among other things, limit our ability to:•incur additional debt;•provide guarantees in respect of obligations of other persons;•issue redeemable stock and preferred stock;•pay dividends or distributions or redeem or repurchase capital stock;•prepay, redeem or repurchase debt;•make loans, investments and capital expenditures;•enter into transactions with affiliates;•create or incur liens;•make distributions from our subsidiaries;•sell assets and capital stock of our subsidiaries;•make acquisitions; and•consolidate or merge with or into, or sell substantially all of our assets to, another person. A breach of the covenants or restrictions under the agreements governing our other indebtedness could result in a default under the applicable indebtedness. Such default may allow the creditors to accelerate the related debt and may result in the acceleration of any other debt to which a cross-acceleration or cross-default provision applies. In the event our lenders and noteholders accelerate the repayment of our borrowings, we cannot assure that we and our subsidiaries would have sufficient assets to repay such indebtedness. Our financial results, our substantial indebtedness and our credit ratings could adversely affect the availability and terms of future financing.","2026-03-13T02:39:42.990197Z","2023-02-15",0.9784,"Non-ESG",80,"Non-ESG",11.185,"IQV_2023_RISK_116","Risks Relating to Our Indebtedness","Risks Relating to Our Indebtedness","","IQV","2026-03-13T02:39:42.990206Z"
1576,"1",663,"The scarcity and cost of additional wireless spectrum, and regulations relating to spectrum use, may adversely affect our business, financial condition and operating results.
If we cannot acquire needed spectrum from the government or otherwise, if competitors acquire spectrum that will allow them to provide services competitive with our services, or if we cannot deploy services over acquired spectrum on a timely basis without burdensome conditions, at reasonable cost, and while maintaining network quality levels, our ability to attract and retain customers and our business, financial condition and operating results could be materially adversely affected.","2026-03-13T02:39:52.080862Z","2022-02-11",0.9741,"Non-ESG",81,"Non-ESG",8.373,"TMUS_2022_RISK_013","The scarcity and cost of additional wireless spectrum, and regulations relating to spectrum use, may adversely affect our business, financial condition and operating results.","Risks Related to Our Business and the Wireless Industry","","TMUS","2026-03-13T02:39:52.080879Z"
1577,"1",887,"Registered Securities Risks
Although it is currently anticipated that we will continue to pay regular quarterly dividends, any such determination to pay dividends and the amounts thereof will be at the discretion of the Board and will be dependent on then-existing conditions, including our financial condition, income, legal requirements, including limitations under Delaware law, debt agreements, and other factors the Board deems relevant. The Board has previously decided, and may in the future decide, in its sole discretion, to change the amount or frequency of dividends or discontinue the payment of dividends entirely. For these reasons, stockholders will not be able to rely on dividends to receive a return on investment. Accordingly, realization of any gain on shares of our common stock may depend on the appreciation of the price of our common stock, which may never occur.","2026-03-13T02:39:58.794186Z","2022-02-17",0.9856,"Corporate Governance",82,"Corporate Governance",5.986,"KHC_2022_RISK_064","Registered Securities Risks","Registered Securities Risks","","KHC","2026-03-13T02:39:58.794206Z"
1578,"1",3416,"Risks Related to Operations and Information Technology
The Utility’s ability to efficiently construct, maintain, operate, protect, and decommission its facilities, and provide electricity and natural gas services safely and reliably is subject to numerous risks, many of which are beyond the Utility’s control, including those that arise from:•the breakdown or failure of equipment, electric transmission or distribution lines, or natural gas transmission and distribution pipelines or other assets or group of assets, that can cause explosions, fires, public or workforce safety issues, large scale system disruption or other catastrophic events;•an overpressure event occurring on natural gas facilities due to equipment failure, incorrect operating procedures or failure to follow correct operating procedures, or welding or fabrication-related defects, that results in the failure of downstream transmission pipelines or distribution assets and uncontained natural gas flow;•the failure to maintain adequate capacity to meet customer demand on the gas system that results in customer curtailments, controlled/uncontrolled gas outages, gas surges back into homes, serious personal injury or loss of life;•a prolonged statewide electrical black-out that results in damage to the Utility’s equipment or damage to property owned by customers or other third parties;•the failure to fully identify, evaluate, and control workplace hazards that result in serious injury or loss of life for employees, contractors, or the public, environmental damage, or reputational damage;•the release of radioactive materials caused by a nuclear accident, seismic activity, natural disaster, or terrorist act;•the failure of a large dam or other major hydroelectric facility, or the failure of one or more levees that protect land on which the Utility’s assets are built;•the failure to take expeditious or sufficient action to mitigate operating conditions, facilities, or equipment, that the Utility has identified, or reasonably should have identified, as unsafe, which failure then leads to a catastrophic event (such as a wildfire or natural gas explosion);•inadequate emergency preparedness plans and the failure to respond effectively to a catastrophic event that can lead to public or employee harm or extended outages;•operator or other human error;•a motor vehicle or aviation incident involving a Utility vehicle or aircraft, respectively (or one operated on behalf of the Utility) resulting in serious injuries to or fatalities of the workforce or the public, property damage, or other consequences; •an ineffective records management program that results in the failure to construct, operate and maintain a utility system safely and prudently;•construction performed by third parties that damages the Utility’s underground or overhead facilities, including, for example, ground excavations or “dig-ins” that damage the Utility’s underground pipelines, the risk of which may be exacerbated if the Utility does not have an effective contract management system;•the release of hazardous or toxic substances into the air, water, or soil, including, for example, gas leaks from natural gas storage facilities; flaking lead-based paint from the Utility’s facilities, and leaking or spilled insulating fluid from electrical equipment; and•attacks by third parties, including cyber-attacks, acts of terrorism, vandalism, or war.","2026-03-13T02:42:12.638396Z","2022-02-10",0.9702,"Human Capital",83,"Non-ESG",133.097,"PCG_2022_RISK_017","Risks Related to Operations and Information Technology","Risks Related to Operations and Information Technology","","PCG","2026-03-13T02:42:12.638406Z"
1579,"1",1378,"Risks Related to Cybersecurity, Privacy, Intellectual Property, and Litigation
Our ability to obtain patents, licenses and other intellectual property rights covering our products and manufacturing processes is important for our success.  To that end, we have acquired certain patents and licenses and intend to continue to seek patents on our technology and manufacturing processes.  The process of seeking patent protection can be expensive, and patents may not be issued from currently pending or future applications.  In addition, our existing and new patents, trademarks and copyrights that are issued may not have sufficient scope or strength to provide meaningful protection or commercial advantage to us.   We may be subject to, or may initiate, interference proceedings in the U.S. Patent and Trademark Office, patent offices of a foreign country or U.S. or foreign courts, which can require significant financial resources.  In addition, the laws of certain foreign countries do not protect our intellectual property rights to the same extent as the laws of the U.S.  Infringement of our intellectual property rights by a third party could result in uncompensated lost market and revenue opportunities for us.  Although we continue to aggressively defend and protect our intellectual property on a worldwide basis, there can be no assurance that we will be successful.","2026-03-13T02:42:28.542096Z","2021-05-18",0.904,"Non-ESG",84,"Non-ESG",15.186,"MCHP_2021_RISK_070","Risks Related to Cybersecurity, Privacy, Intellectual Property, and Litigation","Risks Related to Our Business, Operations, and Industry","","MCHP","2026-03-13T02:42:28.542108Z"
1580,"1",163,"Risks Associated with our Macau Operations
Conflicts of interest may arise because certain of our directors and officers are also directors of Wynn Macau, Limited.","2026-03-13T02:42:41.512146Z","2022-02-28",0.7181,"Business Ethics & Values",85,"Business Ethics & Values",12.283,"WYNN_2022_RISK_085","Risks Associated with our Macau Operations","Risks Associated with our Macau Operations","","WYNN","2026-03-13T02:42:41.512157Z"
1581,"1",932,"Reinsurance
Our reinsurance activity includes both transactions which are regulated and those that are non-regulated (e.g., voluntary). The regulated programs include several mandatory state pools, such as the Michigan Catastrophic Claims Association, Florida Hurricane Catastrophe Fund, and North Carolina Reinsurance Facility, as well as other reinsurance facilities required by specific states for various lines of business. We are also a participant in the “Write Your Own” program for federally regulated plans for flood (National Flood Insurance Program) and act as servicing agent for state-mandated involuntary plans for commercial vehicles (CAIP plans). Our current CAIP service contract will expire in 2022 and we currently do not intend to renew it. All of these programs are governed by insurance regulations. Our non-regulated arrangements reinsure activities in our Property business and our Commercial Lines business.","2026-03-13T02:43:10.754793Z","2022-02-28",0.9362,"Non-ESG",86,"Non-ESG",28.552,"PGR_2022_RISK_006","Reinsurance","Reinsurance","","PGR","2026-03-13T02:43:10.754804Z"
1582,"1",786,"Risks Related to the Operation of Our Business
We may be unable to scale our infrastructure effectively or as quickly as our competitors in these markets, and our revenue may not increase to offset these expected increases in costs and operating expenses, causing our results to suffer. We believe that a critical contributor to our success to date has been our corporate culture, which we have built to foster innovation, teamwork and employee satisfaction. As we grow, including from the integration of employees and businesses acquired in connection with previous or future acquisitions, we may find it difficult to maintain important aspects of our corporate culture, which could negatively affect our ability to retain and recruit personnel who are essential to our future success.","2026-03-13T02:43:52.732684Z","2022-01-21",0.3954,"Human Capital",87,"Human Capital",41.289,"ADBE_2022_RISK_044","Risks Related to the Operation of Our Business","","","ADBE","2026-03-13T02:43:52.732694Z"
1583,"1",1675,"Risks Related to Our Business, Industry, and Market Conditions
We may seek to expand through investments in other businesses and properties or through alliances or acquisitions, and we may also seek to divest some of our properties and other assets, any of which may be unsuccessful. We intend to consider strategic and complementary acquisitions and investments in other businesses, properties or other assets. Furthermore, we may pursue any of these opportunities in alliance with third parties, including MGP. Acquisitions and investments in businesses, properties or assets, as well as these alliances, are subject to risks that could affect our business, including risks related to:•spending cash and incurring debt;•assuming contingent liabilities;•unanticipated issues in integrating information, communications and other systems; •unanticipated incompatibility of purchasing, logistics, marketing and administration methods;•retaining key employees; and•consolidating corporate and administrative infrastructures. We cannot assure you that we will be able to identify opportunities or complete transactions on commercially reasonable terms or at all. In addition, even if we are able to identify any such opportunities and complete transactions, we cannot assure you that we will realize the anticipated synergies and benefits of our acquisitions or that they will be accretive to our results of operations. Our estimates and assumptions regarding expected synergies and benefits of our acquisitions could materially change, including as a result of factors beyond our control, and could delay, decrease or eliminate the expected accretive effect of the acquisitions.","2026-03-13T02:44:03.773939Z","2022-02-25",0.952,"Non-ESG",88,"Non-ESG",10.308,"MGM_2022_RISK_045","Risks Related to Our Business, Industry, and Market Conditions","Risks Related to Our Business, Industry, and Market Conditions","","MGM","2026-03-13T02:44:03.773947Z"
1584,"1",677,"In addition, while the impact of COVID-19 on enrollment in our clinical trials stabilized in 2021, we can continue to experience delays in the initiation and enrollment of patients in our clinical trials due to new variants of COVID-19. We may not be able to fully mitigate these delays, which could negatively impact the timing of our pipeline development programs and expected future revenues and/or cash flows. In addition, we could experience additional delays or difficulties enrolling
At this time, we cannot predict the full extent of the negative impact that the COVID-19 pandemic will have on our business, financial condition, results of operations and/or cash flows.","2026-03-13T02:44:11.128253Z","2022-02-09",0.9738,"Non-ESG",89,"Non-ESG",6.642,"BMY_2022_RISK_080","In addition, while the impact of COVID-19 on enrollment in our clinical trials stabilized in 2021, we can continue to experience delays in the initiation and enrollment of patients in our clinical trials due to new variants of COVID-19. We may not be able to fully mitigate these delays, which could negatively impact the timing of our pipeline development programs and expected future revenues and/or cash flows. In addition, we could experience additional delays or difficulties enrolling","General Risks","","BMY","2026-03-13T02:44:11.128266Z"
1585,"1",799,"Risks Related to Our Stores and Operations
There is significant competition among self-storage operators and from other storage alternatives. Competition in the local markets in which many of our stores are located is significant and has affected our occupancy levels, rental rates and operating expenses. Development of self-storage facilities has increased in recent years, which has intensified competition, and we expect it will continue to do so as newly developed facilities are opened. Development of self-storage facilities by other operators could continue to increase in the future.  Actions by our competitors may decrease or prevent increases in our occupancy and rental rates, while increasing our operating expenses, which could adversely affect our business and results of operations.","2026-03-13T02:44:22.030908Z","2022-02-28",0.982,"Non-ESG",90,"Non-ESG",10.159,"EXR_2022_RISK_014","Risks Related to Our Stores and Operations","","","EXR","2026-03-13T02:44:22.030926Z"
1586,"1",1367,"Operational and Technology Risks
The products that we sell are complex and have been and may in the future be subject to security vulnerabilities that could result in, among other things, the loss, corruption, theft or misuse of confidential data or system performance issues. Our efforts to prevent and address security vulnerabilities may decrease performance, be only partially effective or not successful at all. We may depend on vendors to create mitigations to their technology that we incorporate into our products and they may delay or decline to make such mitigations. We may also depend on third parties, such as customers and end users, to deploy our mitigations alone or as part of their own mitigations, and they may delay, decline or modify the implementation of such mitigations. Our relationships with our customers could be adversely affected as some of our customers may stop purchasing our products, reduce or delay future purchases of our products, or use competing products. Any of these actions by our customers could adversely affect our revenue. We have and may in the future be subject to claims and litigation related to security vulnerabilities. Actual or perceived security vulnerabilities of our products may subject us to adverse publicity, damage to our brand and reputation, and could materially harm our business or financial results.","2026-03-13T02:44:48.905843Z","2022-02-03",0.7174,"Product Liability",91,"Product Liability",26.096,"AMD_2022_RISK_044","Operational and Technology Risks","Operational and Technology Risks","","AMD","2026-03-13T02:44:48.905852Z"
1587,"1",247,"Acquisition, Divestiture and Investment Risks
Any inability to consummate acquisitions at our historical rate and at appropriate prices, and to make appropriate investments that support our long-term strategy, could negatively impact our business.","2026-03-13T02:44:59.043011Z","2024-02-28",0.9827,"Non-ESG",92,"Non-ESG",9.424,"VLTO_2024_RISK_018","Acquisition, Divestiture and Investment Risks","Business and Strategic Risks","","VLTO","2026-03-13T02:44:59.043022Z"
1588,"1",371,"Risks Relating to Legal, Regulatory and Compliance Matters
The nature of our business subjects us to compliance with employment, environmental, health, transportation, safety and other governmental regulations.  Our costs of doing business could increase as a result of changes in, expanded enforcement of, or adoption of new federal, state or local laws and regulations.","2026-03-13T02:47:46.953103Z","2022-02-25",0.6691,"Business Ethics & Values",93,"Non-ESG",167.24,"POOL_2022_RISK_028","Risks Relating to Legal, Regulatory and Compliance Matters","Risks Relating to Our Business and Industry","","POOL","2026-03-13T02:47:46.953118Z"
1589,"1",1998,"Risks Related to Our Indebtedness
We also routinely enter into contracts with counterparties including vendors, suppliers and subcontractors that may be negatively impacted by events in the credit markets. If those counterparties are unable to perform their obligations to us or our clients, we may be required to provide additional services or make alternate arrangements on less favorable terms with other parties to ensure adequate performance and delivery of services to our clients. These circumstances could also lead to disputes and litigation with our partners or clients, which could have a material adverse impact on our reputation, business, financial condition and results of operations. Some of our customers, suppliers and subcontractors depend on access to commercial financing and capital markets to fund their operations. Disruptions of the credit or capital markets could adversely affect our clients’ ability to finance projects and could result in contract cancellations or suspensions, project delays and payment delays or defaults by our clients. In addition, clients may be unable to fund new projects, may choose to make fewer capital expenditures or otherwise slow their spending on our services or to seek contract terms more favorable to them. Our government clients may face budget deficits that prohibit them from funding proposed and existing projects or that cause them to exercise their right to terminate our contracts with little or no prior notice. In addition, any financial difficulties suffered by our subcontractors or suppliers could increase our cost or adversely impact project schedules. These disruptions could materially impact our backlog and have a material adverse impact on our business, financial condition and results of operations. In addition, we typically bill our clients for our services in arrears and are, therefore, subject to our clients delaying or failing to pay our invoices after we have already committed resources to their projects.","2026-03-13T02:47:52.432569Z","2021-11-23",0.9804,"Non-ESG",94,"Non-ESG",4.776,"J_2021_RISK_142","Risks Related to Our Indebtedness","Risks Related to Our Indebtedness","","J","2026-03-13T02:47:52.432579Z"
1590,"1",449,"Risks Related to the Financial Performance or Financial Position of Our Business
A decrease in new subscriptions, expansion contracts or renewals in a reporting period may not immediately impact billings for that period because the decrease may be offset by an increase in billings duration, the dollar value of contracts with future start dates, or the dollar value of collections in the current period related to contracts with future start dates.","2026-03-13T02:48:27.958130Z","2022-02-03",0.9873,"Non-ESG",95,"Non-ESG",34.825,"NOW_2022_RISK_066","Risks Related to the Financial Performance or Financial Position of Our Business","Risk Factors Summary","","NOW","2026-03-13T02:48:27.958140Z"
1591,"1",232,"Risks relating to our business and industry
Increased competition for limited shelf space and promotional support from retailers could affect the success of our business and require us to incur greater expenses to market our titles.","2026-03-13T02:48:30.492942Z","2021-05-19",0.9927,"Non-ESG",96,"Non-ESG",1.823,"TTWO_2021_RISK_036","Risks relating to our business and industry","Risks relating to our business and industry","","TTWO","2026-03-13T02:48:30.492952Z"
1592,"1",163,"2021 PPG ANNUAL REPORT AND 10-K    12
The security of our information technology systems could be compromised, which could adversely affect our ability to operate.","2026-03-13T02:48:35.214430Z","2022-02-17",0.809,"Product Liability",97,"Product Liability",3.992,"PPG_2022_RISK_025","2021 PPG ANNUAL REPORT AND 10-K    12","2021 PPG ANNUAL REPORT AND 10-K    12","","PPG","2026-03-13T02:48:35.214441Z"
1593,"1",259,"Business and Operational Risks
Abbott may acquire other businesses, license rights to technologies or products, form alliances, or dispose of or spin-off businesses, which could cause it to incur significant expenses and could negatively affect profitability.","2026-03-13T02:48:41.233800Z","2022-02-18",0.9916,"Non-ESG",98,"Non-ESG",5.275,"ABT_2022_RISK_001","Business and Operational Risks","Business and Operational Risks","","ABT","2026-03-13T02:48:41.233817Z"
1594,"1",1924,"Risks Related to Our Retirement Services Business
Our retirement services business faces single issuer concentration risk both in the context of strategic alternative investments, in which it occasionally holds significant equity positions, and large asset trades, in which it generally holds significant debt positions. The most significant concentration risk exposures of our retirement services business arising in the context of strategic alternative investments, on a risk-adjusted basis, is its investment in Athora, an insurance holding company focused on the European life insurance market. Given our retirement services business’ significant exposure to these issuers, it is subject to the risks inherent in their business. For example, as a life insurer, Athora is subject to credit risk with respect to its investment portfolio and mortality risk with respect to its product liabilities, each of which may be exacerbated by unforeseen events. Further, Athora has significant European operations, which expose it to volatile economic conditions and risks relating to European member countries and withdrawals thereof, such as the U.K. In addition, Athora is subject to multiple legal and regulatory regimes that may hinder or prevent it from achieving its business objectives. To the extent that our retirement services business suffers a significant loss on its investment in these issuers, including Athora, our financial condition, results of operations and cash flows could be adversely affected. In addition, from time to time, in order to facilitate certain large asset trades and in exchange for commitment fees, our retirement services business may commit to purchasing a larger portion of an investment than it ultimately expects to retain, and in such instances our retirement services business is reliant upon the ability of our asset management business to syndicate the transaction to other investors.","2026-03-13T02:49:00.742949Z","2024-02-27",0.9464,"Non-ESG",99,"Non-ESG",18.83,"APO_2024_RISK_079","Risks Related to Our Retirement Services Business","Operating Risks","","APO","2026-03-13T02:49:00.742960Z"
1595,"1",1961,"Risks Related to Our Global Business Strategy and International Commerce
Trade relations between our sourcing venues, particularly those in China, and the US have created uncertainty for all US businesses that source or market in China. In January 2020, the US and China reached a trade deal which, among other things, limits import duties and tariffs. Although the trade deal currently remains in effect, there is no guarantee that the agreement will be honored by either party. Further, the potential for additional import duties or other restrictions on imports from China remains, which could increase the cost of sourcing in China, our own margins, and possibly the price of our products to consumers. We have transitioned most of our footwear sourcing from China to Vietnam as part of our supplier optimization strategy. If we are unable to source our products from the countries where we wish to purchase them, or if the cost of doing so increases, it could have a material adverse effect on our business, financial condition, and results of operations. Transportation and distribution costs may be adversely impacted by new regulations, increased demand, increased fuel and labor costs, and political and economic instability. Due to the pandemic, reductions in the number of ocean carrier voyages and capacity may delay the arrival of imports. After the pandemic, we anticipate cost increases in ocean transports globally. Ongoing ocean carrier consolidation, reduced capacity, congestion at major international gateways and other economic factors are challenging ocean transportation. Further, in the US, trucking costs have risen dramatically due to driver shortages, increased labor costs, and safety, environmental, and labor regulations. These changes, as well as pandemic-related restrictions on trucking and our DC operations, may disrupt our supply chain and delay the shipment of our products, causing us to incur significant additional costs.","2026-03-13T02:49:55.336266Z","2021-05-28",0.4125,"Non-ESG",100,"Non-ESG",53.884,"DECK_2021_RISK_059","Risks Related to Our Global Business Strategy and International Commerce","Risks Related to Our Business and Industry","","DECK","2026-03-13T02:49:55.336274Z"
1596,"1",1711,"If we are not successful in protecting our intellectual property rights, our ability to compete may be affected.
Our patents, trademarks and other intellectual property are important to our business. We rely on patent, trademark, copyright, trade secret, and other intellectual property laws, as well as nondisclosure and confidentiality agreements and other methods, to protect our proprietary products, information, technologies and processes. We also have obligations with respect to the non-use and non-disclosure of third-party intellectual property. We may need to engage in litigation or similar activities to enforce our intellectual property rights, to protect our trade secrets or to determine the validity and scope of proprietary rights of others. Any such litigation could require us to expend significant resources and divert the efforts and attention of our management and other personnel from our business operations. There can be no assurance that the steps we will take to prevent misappropriation, infringement or other violation of our intellectual property or the intellectual property of others will be successful. In addition, effective patent, trademark, copyright, and trade secret protection may be unavailable or limited for some of our proprietary products in some countries. Failure to protect our intellectual property or successfully invalidate or defend against intellectual property protections of third parties could harm our business and results of operations. In addition, if relevant and effective patent protection is not available or has expired, we may not be able to prevent competitors from independently developing products and services similar or duplicative to ours.","2026-03-13T02:50:04.303378Z","2022-02-22",0.8934,"Non-ESG",101,"Non-ESG",8.25,"WST_2022_RISK_027","If we are not successful in protecting our intellectual property rights, our ability to compete may be affected.","Legal and Regulatory Risks","","WST","2026-03-13T02:50:04.303389Z"
1597,"1",1778,"Legislative, regulatory, and societal responses to global climate change create financial risk.
We are the world’s leading supplier of hydrogen, the primary use of which is the production of ultra-low sulfur transportation fuels that have significantly reduced transportation emissions and helped improve human health. To make the high volumes of hydrogen needed by our customers, we use steam methane reforming, which produces carbon dioxide. In addition, gasification enables the conversion of lower value feedstocks into cleaner energy and value-added products; however, our gasification projects also produce carbon dioxide. Some of our operations are within jurisdictions that have or are developing regulatory regimes governing GHG emissions, including CO2, which may lead to direct and indirect costs on our operations. Furthermore, some jurisdictions have various mechanisms to target the power sector to achieve emission reductions, which often result in higher power costs. Increased public concern and governmental action may result in more international, U.S. federal and/or regional requirements to reduce or mitigate the effects of GHG emissions. Although uncertain, these developments could increase our costs related to consumption of electric power, hydrogen production and application of our gasification technology. We believe we will be able to mitigate some of the increased costs through contractual terms, but the lack of definitive legislation or regulatory requirements prevents an accurate estimate of the long-term impact these measures will have on our operations. Any legislation or governmental action that limits or taxes GHG emissions could negatively impact our growth, increase our operating costs, or reduce demand for certain of our products.","2026-03-13T02:50:14.966915Z","2021-11-18",0.9941,"Climate Change",102,"Climate Change",9.825,"APD_2021_RISK_018","Legislative, regulatory, and societal responses to global climate change create financial risk.","Legal and Regulatory Risks","","APD","2026-03-13T02:50:14.966925Z"
1598,"1",141,"Properties
As of November 30, 2021, the Carnival Corporation and Carnival plc headquarters and our larger shoreside locations are as follows:","2026-03-13T02:50:19.159042Z","2022-01-27",0.9864,"Non-ESG",103,"Non-ESG",3.459,"CCL_2022_RISK_049","Properties","Properties","","CCL","2026-03-13T02:50:19.159063Z"
1599,"1",1951,"Risks Related to the Oil and Natural Gas Industry and Our Business
From time to time, legislation has been proposed that, if enacted into law, would make significant changes to U.S. federal and state income tax laws affecting the oil and natural gas industry, including (i) eliminating the immediate deduction for intangible drilling and development costs, (ii) the repeal of the percentage depletion allowance for oil and natural gas properties; and (iii) an extension of the amortization period for certain geological and geophysical expenditures. No accurate prediction can be made as to whether any such legislative changes will be proposed or enacted in the future or, if enacted, what the specific provisions or the effective date of any such legislation would be. These proposed changes in the U.S. tax law, if adopted, or other similar changes that would impose additional tax on our activities or reduce or eliminate deductions currently available with respect to natural gas and oil exploration, development or similar activities, could adversely affect our business, results of operations, financial condition and cash flow. On August 16, 2022, President Biden signed into law the IRA, which, among other changes, imposes a 15% corporate alternative minimum tax (“CAMT”) on the “adjusted financial statement income” of certain large corporations (generally, corporations reporting at least $1 billion average adjusted pre-tax net income on their consolidated financial statements) as well as an excise tax of 1% on the fair market value of certain public company stock repurchases for tax years beginning after December 31, 2022. If we are or become subject to CAMT, our cash obligations for U.S. federal income taxes could be significantly accelerated. To the extent the 1% excise tax applies to repurchases of shares under our common stock repurchase program, the number of shares we repurchase and our cash flow may be affected. The U.S.","2026-03-13T02:52:21.818173Z","2023-02-23",0.748,"Corporate Governance",104,"Non-ESG",121.943,"FANG_2023_RISK_084","Risks Related to the Oil and Natural Gas Industry and Our Business","Risks Related to Our Common Stock","","FANG","2026-03-13T02:52:21.818182Z"
1600,"1",658,"Liquidity Risks
Loss of deposits or a change in deposit mix could increase Truist’s funding costs. Deposits are a low cost and stable source of funding. Truist competes with banks and other financial institutions for deposits and as a result, could lose deposits in the future or see an increase in costs associated with maintaining deposits. Clients may shift their deposits into higher cost products or the Company may need to raise interest rates to avoid deposit attrition. Funding costs may also increase if deposits lost are replaced with wholesale funding. Higher funding costs reduce Truist’s net interest margin, net interest income, and net income.","2026-03-13T02:52:45.299552Z","2022-02-23",0.982,"Non-ESG",105,"Non-ESG",22.786,"TFC_2022_RISK_038","Liquidity Risks","Liquidity Risks","","TFC","2026-03-13T02:52:45.299565Z"
1601,"1",1955,"We are subject to a variety of operational risks.
In addition to the other risks discussed in this section, we are subject to operational risk, which represents the risk of loss resulting from human error, inadequate or failed internal processes, internal controls, systems, and external events. Operational risk includes the risk of fraud by employees or others outside of Key, clerical and record-keeping errors, nonperformance by vendors, threats from cyber activity, and computer/telecommunications malfunctions. Fraudulent activity has escalated, become more sophisticated, and is ever evolving as there are more options to access financial services. For instance, in our Form 8-K filed July 16, 2019, we disclosed that on or about July 9, 2019, we discovered fraudulent activity associated with transactions conducted in the third quarter of 2019 by a business customer of KeyBank.  This fraudulent activity resulted in $139 million of net loan charge-offs in 2019. Operational risk also encompasses compliance and legal risk, which is the risk of loss from violations of, or noncompliance with, laws, rules, regulations, prescribed practices, or ethical standards, as well as the risk of our noncompliance with contractual and other obligations. We are also exposed to operational risk through our outsourcing arrangements, and the effect that changes in circumstances or capabilities of our outsourcing vendors can have on our ability to continue to perform operational functions necessary to our business, such as certain loan processing functions. For example, breakdowns or failures of our vendors’ systems or employees could be a source of operational risk to us. Resulting losses from operational risk could take the form of explicit charges, increased operational costs (including remediation costs), harm to our reputation, inability to secure insurance, litigation, regulatory intervention or sanctions, or foregone business opportunities.","2026-03-13T02:56:50.506044Z","2022-02-22",0.5053,"Business Ethics & Values",106,"Non-ESG",244.212,"KEY_2022_RISK_013","We are subject to a variety of operational risks.","III.  Operational Risk","","KEY","2026-03-13T02:56:50.506055Z"
1602,"1",2005,"Risks Related to Our Indebtedness
We have a substantial amount of indebtedness. As of January 3, 2021, our consolidated total indebtedness was approximately $4.12 billion. We may also incur additional debt, which would not be prohibited under the terms of our current securitized debt agreements. Our substantial indebtedness could have important consequences for our business and our shareholders. For example, it could: 

 
•
 
 make it more difficult for us to satisfy our obligations with respect to our debt agreements;    

 
•
 
 increase our vulnerability to general adverse economic and industry conditions;    

 
•
 
 require us to dedicate a substantial portion of our cash flow from operations to payments on our indebtedness, thereby reducing the availability of our cash flow for other purposes; and    

 
•
 
 limit our flexibility in planning for, or reacting to, changes in our business and the industry in which we operate, thereby placing us at a competitive disadvantage compared to our peers that may have less debt. Further, a portion of our indebtedness bears interest at fluctuating interest rates based on the London interbank offered rate (“LIBOR”), and there is currently uncertainty around whether LIBOR will continue to exist after 2021. If LIBOR ceases to exist, we may need to renegotiate certain loan documents and we cannot predict what alternative index would be negotiated with our lenders. As a result, our interest expense could increase, in which event we may have difficulties making interest payments and funding our other fixed costs, and our available cash flow for general corporate requirements may be adversely affected. The U.S. Federal Reserve, in conjunction with the Alternative Reference Rates Committee, a steering committee comprised of large U.S. financial institutions, is considering replacing LIBOR with a new index calculated by short-term repurchase agreements, backed by Treasury securities called the Secured Overnight Financing Rate (“SOFR”).","2026-03-13T02:56:58.042774Z","2021-02-25",0.9778,"Non-ESG",107,"Non-ESG",6.664,"DPZ_2021_RISK_040","Risks Related to Our Indebtedness","Risks Related to Our Indebtedness","","DPZ","2026-03-13T02:56:58.042783Z"
1603,"1",209,"VI.          Credit and Other Financial Risks
If we are unable to obtain capital when necessary to support our business, our financial condition, and our ability to grow could be materially adversely affected.","2026-03-13T02:57:46.604731Z","2023-02-27",0.9885,"Non-ESG",108,"Non-ESG",47.844,"PGR_2023_RISK_102","VI.          Credit and Other Financial Risks","V.            Liquidity Risk","","PGR","2026-03-13T02:57:46.604740Z"
1604,"1",1471,"Restrictions on our ability to obtain funds from our regulated subsidiaries could materially and adversely affect our results of operations, financial position and cash flows.
Because we operate as a holding company, we are dependent on dividends and administrative expense reimbursements from our subsidiaries to fund our obligations. Many of these subsidiaries are regulated by state departments of insurance or similar regulatory authorities. We are also required by law or regulation to maintain specific prescribed minimum amounts of capital in these subsidiaries. The levels of capitalization required depend primarily on the volume of premium revenues generated by the applicable subsidiary. In most states, we are required to seek approval by state regulatory authorities before we transfer money or pay dividends from our regulated subsidiaries exceeding specified amounts. An inability of our regulated subsidiaries to pay dividends to their parent companies in the desired amounts or at the time of our choosing could adversely affect our ability to reinvest in our business through capital expenditures or business acquisitions, as well as our ability to maintain our corporate quarterly dividend payment, repurchase shares of our common stock and repay our debt. If we are unable to obtain sufficient funds from our subsidiaries to fund our obligations, our results of operations, financial position and cash flows could be materially and adversely affected.","2026-03-13T02:58:23.372822Z","2022-02-15",0.9783,"Non-ESG",109,"Corporate Governance",36.006,"UNH_2022_RISK_043","Restrictions on our ability to obtain funds from our regulated subsidiaries could materially and adversely affect our results of operations, financial position and cash flows.","Risks Related to Our Business and Our Industry","","UNH","2026-03-13T02:58:23.372831Z"
1605,"1",591,"Risks Related to Our Indebtedness
A downgrade in our credit ratings could adversely affect our financing ability. Our credit ratings affect the amount and type of capital, as well as the terms and pricing of any financing we may obtain. If we are unable to maintain our current credit ratings, we would likely incur higher borrowing costs, and it would make it more difficult or expensive to obtain additional financing or refinance existing obligations and commitments, which could have a material adverse impact on our financial condition, results of operations, cash flows, and liquidity.","2026-03-13T02:59:46.939922Z","2022-02-22",0.9891,"Non-ESG",110,"Non-ESG",82.895,"INVH_2022_RISK_102","Risks Related to Our Indebtedness","Risks Related to Our Indebtedness","","INVH","2026-03-13T02:59:46.939930Z"
1606,"1",1896,"Risks related to our global operations
We periodically receive notices from, or have lawsuits filed against us by, third parties claiming infringement, misappropriation or other misuse of their intellectual property rights and/or breach of our agreements with them. These third parties may include entities that do not have the capabilities to design, manufacture, or distribute products or that acquire intellectual property like patents for the sole purpose of monetizing their acquired intellectual property through asserting claims of infringement and misuse. In addition, some foreign competitors may take advantage of the intellectual property laws in their home countries and the more favorable litigation and regulatory environment to our detriment. Third party claims of infringement may result in loss of revenue, substantial costs, or lead to monetary damages or injunctive relief against us.​The Company is subject to customer claims, litigation and other regulatory or legal proceedings.​The Company is currently engaged in, or subject to, various customer claims, litigation and other regulatory and legal matters and may be subject to additional claims, litigation and other regulatory or legal proceedings in the future. Such matters expose the Company to risks that could be material, including but not limited to, risks related to employment disputes, tax controversies, government investigations, intellectual property infringement, compliance with environmental laws, unfair sales practices, product safety and liability, and product warranty, indemnity and other contract-related claims. These matters may subject the Company to lawsuits, voluntary or forced product recalls, government investigations and criminal liability, including claims for compensatory, punitive or consequential damages, and could result in disruptions to our business and significant legal expenses.","2026-03-13T03:02:23.796832Z","2022-02-09",0.7544,"Non-ESG",111,"Non-ESG",156.153,"APH_2022_RISK_030","Risks related to our global operations","Risks related to our global operations","","APH","2026-03-13T03:02:23.796843Z"
1607,"1",1844,"Risks Related to our Company and Operations
Further, significant excess capacity at any of our breweries as a result of increased efficiencies in our supply chain process or continued volume declines, could result in under-utilization of our assets, which could lead to excess overhead expenses or additional costs incurred associated with the closure of one or more of our facilities. For example, as part of a strategic review of our supply chain network, certain breweries and bottling lines were closed in recent years, and we have incurred brewery closure costs, including charges associated with the planned closure of the Irwindale brewery in 2020, which was subsequently sold to Pabst Brewing Company, LLC, in the fourth quarter of 2020. We regularly review our supply chain network to ensure that our supply chain capacity is aligned with the needs of the business. Such reviews could potentially result in further closures and the related costs could be material. In addition, we have experienced minor temporary workforce disruptions in our supply chain as a result of the coronavirus pandemic. We have implemented employee safety measures, based on guidance from the Centers for Disease Control and Prevention, the Occupational Safety and Health Administration and World Health Organization, across all our supply chain facilities, including proper hygiene, social distancing and mask use. These measures may not be sufficient to prevent the spread of the coronavirus among our employees and illness, travel restrictions, absenteeism or other workforce disruptions could negatively affect our supply chain, manufacturing, distribution or other business processes. We may face additional production disruptions in the future which may place constraints on our ability to produce products in a timely manner or may increase our costs.","2026-03-13T03:02:43.356451Z","2022-02-23",0.986,"Human Capital",112,"Human Capital",18.824,"TAP_2022_RISK_023","Risks Related to our Company and Operations","","","TAP","2026-03-13T03:02:43.356463Z"
1608,"1",1994,"Enhanced United States tax, tariff, import/export restrictions, Chinese regulations or other trade barriers may have a negative effect on global economic conditions, financial markets and our business.
We believe we can adjust our supply chain and manufacturing practices to minimize the impact of the tariffs and any impact on the supply chain of components sourced in China, but our efforts may not be successful, there can be no assurance that we will not experience a disruption in our business related to these or other changes in trade practices and the process of changing suppliers in order to mitigate any such tariff costs could be complicated, time-consuming, and costly. The U.S. tariffs may also cause customers to delay orders as they evaluate where to take delivery of our products in connection with their efforts to mitigate their own tariff exposure. Such delays create forecasting difficulties for us and increase the risk that orders might be canceled or might never be placed. Current or future tariffs imposed by the U.S. may also negatively impact our customers' sales, thereby causing an indirect negative impact on our own sales. Even in the absence of further tariffs, the related uncertainty and the market's fear of an escalating trade war might cause our distributors and customers to place fewer orders for our products, which could have a material adverse effect on our business, liquidity, financial condition, and/or results of operations. In June 2022, the import restrictions contained in the Uyghur Forced Labor Prevention Act (""UFLPA"") became effective. The UFLPA creates a rebuttable presumption that any goods mined, produced or manufactured, wholly or in part in the Xinjiang Uyghur Autonomous Region (“XUAR”) of China, or produced by a listed entity, were made with forced labor and would therefore not be entitled to entry at any U.S. port. Importers are required to present clear and convincing evidence that such goods are not made with forced labor.","2026-03-13T03:04:12.891657Z","2023-02-14",0.4326,"Human Capital",113,"Human Capital",88.604,"ANET_2023_RISK_092","Enhanced United States tax, tariff, import/export restrictions, Chinese regulations or other trade barriers may have a negative effect on global economic conditions, financial markets and our business.","Risks Related to Litigation","","ANET","2026-03-13T03:04:12.891667Z"
1609,"1",1801,"COVID-19 and Debt/Liquidity Related Risk Factors
We have also made, and plan to continue to make, investments in land-based projects including port facilities and destination projects that are susceptible to impacts from, among other things, weather events, regulatory restrictions, labor risks, shortages of goods and materials and resistance from local populations. Any such impacts to our land-based projects could adversely impact our business, financial condition and results of operations.​Overcapacity in key markets or globally could adversely affect our operating results.​We continue to expand our fleet through our newbuild program and expect to add nine additional ships to our fleet through 2027. Our competitors have also announced similar expansions to their fleets. These increases in capacity in the cruise industry globally and potential overcapacity in certain key markets may cause us to lower pricing, which would reduce profitability and adversely affect our results of operations. Additionally, older ships in our fleet may not be as competitive as new ships enter the market and we may not be able to sell such older ships at optimal prices.​44Table of ContentsRisks Related to the Regulatory Environment in Which We Operate​We are subject to complex laws and regulations, including environmental, health and safety, labor, data privacy and protection and maritime laws and regulations, which could adversely affect our operations and certain recently introduced laws and regulations and future changes in laws and regulations could lead to increased costs and/or decreased revenue.​Increasingly stringent and complex international, federal, state, and local laws and regulations addressing environmental protection and health and safety of workers could affect our operations.","2026-03-13T03:04:44.484193Z","2022-03-01",0.8916,"Human Capital",114,"Non-ESG",30.849,"NCLH_2022_RISK_036","COVID-19 and Debt/Liquidity Related Risk Factors","","","NCLH","2026-03-13T03:04:44.484204Z"
1610,"1",212,"Risks Related to Ownership of IBM Securities
The company does not make a market in either its debt or equity securities and cannot provide any assurances with respect to the liquidity or value of such securities.","2026-03-13T03:04:51.424126Z","2022-02-22",0.959,"Non-ESG",115,"Non-ESG",6.232,"IBM_2022_RISK_021","Risks Related to Ownership of IBM Securities","Risks Related to Our Business","","IBM","2026-03-13T03:04:51.424138Z"
1611,"1",1766,"RISKS RELATING TO OUR BUSINESS
engage in any gainful occupation in Bermuda without a work permit issued by the Bermuda government. A work permit is only granted or extended if the employer can show that, after a proper public advertisement, no Bermudian, spouse of a Bermudian or individual holding a permanent or working resident certificate is available who meets the minimum standards reasonably required for the position. The Bermuda government places a six-year term limit on individuals with work permits, subject to specified exemptions for persons deemed to be key employees of businesses with a significant physical presence in Bermuda. Currently, all our Bermuda-based professional employees who require work permits have been granted permits by the Bermuda government that expire at various times between February 2024 and October 2027. Our investment values and investment income could decline because they are exposed to interest rate, credit, and market risks. A significant portion of our investment portfolio consists of fixed income securities and smaller portions consist of equity securities and other investments. Both the fair market value of our invested assets and associated investment income fluctuate depending on general economic and market conditions. For example, the fair market value of our predominant fixed income portfolio generally increases or decreases inversely to fluctuations in interest rates. The market value of our fixed income securities could also decrease as a result of a downturn in the business cycle that causes the credit quality of such securities to deteriorate. The net investment income that we realize from future investments in fixed income securities will generally increase or decrease with interest rates.","2026-03-13T03:06:54.129175Z","2022-02-28",0.9693,"Human Capital",116,"Non-ESG",121.897,"EG_2022_RISK_015","RISKS RELATING TO OUR BUSINESS","RISKS RELATING TO OUR BUSINESS","","EG","2026-03-13T03:06:54.129184Z"
1612,"1",1623,"Risks Relating to Our Business
This could also potentially result in fines or other penalties being assessed against us for our failure to operate the BIDS Trading ATS as a “facility,” which could have a material adverse effect on our business, financial condition and operating results.​To mitigate the risk that the BIDS Trading ATS is deemed a “facility” of our registered national securities exchanges, we have developed and implemented an operational and governance framework for our ownership of BIDS Trading that is intended to preserve the strategic, technological, business, and operational independence of the BIDS Trading ATS from our registered national securities exchange businesses, such that the BIDS Trading ATS and our registered national securities exchanges would not be deemed to be integrated or otherwise linked for “facility” purposes. This framework is supported by highly detailed policies, procedures and controls. However, because of the lack of precedent for common ownership of an ATS and registered national security exchanges offering trading in the same securities, there is risk that our framework and supporting policies, procedures and controls could be deemed to be insufficient to prevent the BIDS Trading ATS from being deemed to be a “facility” of our registered national securities exchanges. In addition, because of the comprehensive and highly detailed nature of our framework and supporting policies, procedures and controls, there is risk that we could inadvertently fail to fully adhere to our operational and governance framework and related policies, procedures and controls.","2026-03-13T03:09:34.942847Z","2022-02-18",0.9235,"Corporate Governance",117,"Corporate Governance",160.089,"CBOE_2022_RISK_059","Risks Relating to Our Business","Risks Relating to Our Business","","CBOE","2026-03-13T03:09:34.942867Z"
1613,"1",2067,"The loss of the services of Mr. Ralph Lauren or any other changes to our executive and senior management team may be disruptive to, or cause uncertainty in, our business.
Mr. Ralph Lauren's leadership in the design and marketing areas of our business has been a critical element of our success since the inception of our Company. Mr. R. Lauren is instrumental to, and closely identified with, our brand that bears his name. Our ability to maintain our brand image and leverage the goodwill associated with Mr. R. Lauren's name may be damaged if we were to lose his services. The death or disability of Mr. R. Lauren or other extended or permanent loss of his services, or any negative market or industry perception with respect to him or arising from his loss, could have a material adverse effect on our business. We also depend on the service and management experience of other key executive officers and members of senior management who have substantial experience and expertise in our industry and our business and have made significant contributions to our growth and success. Competition in our industry to attract and retain these employees is intense and is influenced by our reputation, our ability to offer competitive compensation and benefits, and economic conditions, among other factors. Any changes in our executive and senior management team, including those resulting from our restructuring actions, may be disruptive to, or cause uncertainty in, our business and future strategic direction. The departure of any key individuals and the failure to ensure a smooth transition and effective transfer of knowledge involving senior employees could hinder or delay our strategic planning and execution, as well as adversely affect our ability to attract and retain other experienced and talented employees. Such departures could also impede our ability to maintain an effective system of internal controls and compliance with the requirements under the Sarbanes-Oxley Act of 2002. Any such disruptions could have a material adverse impact on our business.","2026-03-13T03:12:25.241484Z","2021-05-20",0.9694,"Corporate Governance",118,"Corporate Governance",31.992,"RL_2021_RISK_018","The loss of the services of Mr. Ralph Lauren or any other changes to our executive and senior management team may be disruptive to, or cause uncertainty in, our business.","Risks Related to our Business and Operations","","RL","2026-03-13T03:12:25.241492Z"
1614,"1",1956,"RISKS RELATING TO QUALITY, REGULATION, AND COMPLIANCE.
Regulatory premarket clearance, approval, or conformity assessment requirements may affect or delay our ability to market new offerings. Our pharmaceutical products are also subject to stringent regulatory requirements to demonstrate safety, efficacy, and quality. We must conduct clinical trials on humans before we commercialize certain products. Delays and complications in planned clinical trials can result in increased development costs and delays in regulatory authorizations and products reaching the market. These regulations can be burdensome and subject to change, exposing us to the risk of increased costs and business disruption. Both before and after an offering is commercially distributed, we have ongoing responsibilities under various laws and regulations, including the monitoring of product safety throughout the lifecycle, taking corrective and preventive actions to assure product quality, and reporting certain events and actions to regulatory authorities. For both medical devices and pharmaceutical products, if a regulatory authority concludes that we are not in compliance with applicable laws or regulations, or that any of our offerings are defective, ineffective, or pose an unreasonable risk for patients, users, or others, the authority may refuse to accept or authorize regulatory filings, ban such offerings, detain or seize adulterated or misbranded products, order a recall, repair, replacement, or refund of such products, or require us to notify healthcare professionals and others that the offerings present unreasonable risks of substantial harm to public health. A regulatory authority may impose operating restrictions or enjoin certain violations of applicable law pertaining to medical devices or pharmaceutical products and assess civil or criminal penalties against us. The regulatory authority may also recommend prosecution by law enforcement agencies.","2026-03-13T03:12:32.127447Z","2024-02-06",0.6884,"Product Liability",119,"Product Liability",6.17,"GEHC_2024_RISK_107","RISKS RELATING TO QUALITY, REGULATION, AND COMPLIANCE.","RISKS RELATING TO TAXATION.","","GEHC","2026-03-13T03:12:32.127458Z"
1615,"1",606,"INFORMATION ABOUT OUR EXECUTIVE OFFICERS
The following description of our executive officers is included as an unnumbered item in this Part I of this Annual Report in lieu of being included in our definitive proxy statement for our annual meeting of stockholders. Set forth below are the name, age, present title, and certain other information for each of our executive officers as of the filing date of this Annual Report. Each executive officer is appointed by our board of directors and holds his or her office until the earlier of his or her death, resignation, retirement, disqualification or removal.","2026-03-13T03:12:56.611986Z","2021-11-19",0.9932,"Corporate Governance",120,"Non-ESG",18.327,"BEN_2021_RISK_075","INFORMATION ABOUT OUR EXECUTIVE OFFICERS","INFORMATION ABOUT OUR EXECUTIVE OFFICERS","","BEN","2026-03-13T03:12:56.611994Z"
1616,"1",196,"Economic & Operational Risks
Our results could be materially and adversely affected by difficulties in securing the supply of certain raw materials or by fluctuations in the cost of raw materials.","2026-03-13T03:13:06.932764Z","2022-02-25",0.9885,"Non-ESG",121,"Non-ESG",9.605,"ECL_2022_RISK_007","Economic & Operational Risks","Economic & Operational Risks","","ECL","2026-03-13T03:13:06.932775Z"
1617,"1",257,"Operational Risks
Eaton uses a variety of raw materials and components in its businesses, and significant shortages, price increases, or supplier insolvencies could increase operating costs and adversely impact the competitive positions of Eaton's products.","2026-03-13T03:13:13.556796Z","2022-02-23",0.9901,"Non-ESG",122,"Non-ESG",5.707,"ETN_2022_RISK_010","Operational Risks","Operational Risks","","ETN","2026-03-13T03:13:13.556804Z"
1618,"1",143,"GENERAL RISKS
Risks associated with future acquisitions may not lead to expected growth and could result in increased costs and inefficiencies.","2026-03-13T03:13:40.798748Z","2022-02-28",0.9909,"Non-ESG",123,"Non-ESG",26.539,"ORLY_2022_RISK_024","GENERAL RISKS","GENERAL RISKS","","ORLY","2026-03-13T03:13:40.798756Z"
1619,"1",1976,"Development and deployment of defensive measures
The continued occurrence of high-profile data breaches provides evidence of an external environment increasingly hostile to information security. Despite our efforts to improve the security controls across our business groups and geographies, it is possible our security controls over personal data, our training of employees and third parties on data security, and other practices we follow may not prevent the improper disclosure or misuse of customer or user data we or our vendors store and manage. In addition, third parties who have limited access to our customer or user data may use this data in unauthorized ways. Improper disclosure or misuse could harm our reputation, lead to legal exposure to customers or users, or subject us to liability under laws that protect personal data, resulting in increased costs or loss of revenue. Our software products and services also enable our customers and users to store and process personal data on-premises or, increasingly, in a cloud-based environment we host. Government authorities can sometimes require us to produce customer or user data in response to valid legal orders. In the U.S. and elsewhere, we advocate for transparency concerning these requests and appropriate limitations on government authority to compel disclosure. Despite our efforts to protect customer and user data, perceptions that the collection, use, and retention of personal information is not satisfactorily protected could inhibit sales of our products or services and could limit adoption of our cloud-based solutions by consumers, businesses, and government entities. Additional security measures we may take to address customer or user concerns, or constraints on our flexibility to determine where and how to operate datacenters in response to customer or user expectations or governmental rules or actions, may cause higher operating expenses or hinder growth of our products and services.","2026-03-13T03:14:06.022748Z","2021-07-29",0.9453,"Product Liability",124,"Product Liability",24.461,"MSFT_2021_RISK_016","Development and deployment of defensive measures","Security of our information technology","","MSFT","2026-03-13T03:14:06.022758Z"
1620,"1",1211,"Risks Related to Our Business and Operations
We rely on other companies, including U.S. and non-U.S. subcontractors and suppliers, to provide and produce raw materials, integrated components and sub-assemblies, and production commodities and to perform some of the services that we provide to our customers. If one or more of our suppliers or subcontractors experiences financial difficulties, delivery delays or other performance problems, we may be unable to meet commitments to our customers or incur additional costs. In addition, if one or more of the raw materials on which we depend (such as aluminum, titanium or composites) becomes unavailable to us or our suppliers, or is available only at very high prices, we may be unable to deliver one or more of our products in a timely fashion or at budgeted costs. In some instances, we depend upon a single source of supply. Any service disruption from one of these suppliers, either due to circumstances beyond the supplier’s control, such as geopolitical developments, or as a result of performance problems or financial difficulties, could have a material adverse effect on our ability to meet commitments to our customers or increase our operating costs.","2026-03-13T03:14:40.069943Z","2022-01-31",0.9563,"Non-ESG",125,"Non-ESG",33.326,"BA_2022_RISK_022","Risks Related to Our Business and Operations","Risks Related to Our Business and Operations","","BA","2026-03-13T03:14:40.069956Z"
1621,"1",1864,"Risks Related to the Operation of Our Business
As cyber threats continue to evolve, we may be required to expend significant additional resources to continue to modify or enhance our layers of defense or to investigate and remediate any information security vulnerabilities. We may also be required to incur significant costs in connection with any regulatory investigation or civil litigation resulting from a cyber-attack or information security breach that impacts us. In addition, our third-party service providers may be unable to identify vulnerabilities in their systems or, once identified, be unable to promptly provide required patches or other remedial measures. Further, even if provided, such patches or remedial measures may not fully address any vulnerability or may be difficult for Regions to implement. The techniques used by cyber criminals change frequently, may not be recognized until launched and can be initiated from a variety of sources, including terrorist organizations and hostile foreign governments. These criminals may attempt to fraudulently induce employees, customers or other users of our systems to disclose sensitive information in order to gain access to data or our systems. Disruptions or failures in the physical infrastructure or operating systems that support our businesses and customers, or cyber-attacks or security breaches of the networks, systems or devices that our customers use to access our products and services, could result in customer attrition, regulatory fines, civil litigation, penalties or intervention, reputational damage, reimbursement or other compensation costs, remediation costs, additional cybersecurity protection costs, increased insurance premiums and/or additional compliance costs, any of which could materially adversely affect our business, results of operations or financial condition.","2026-03-13T03:15:00.801957Z","2022-02-24",0.7934,"Product Liability",126,"Product Liability",20.006,"RF_2022_RISK_048","Risks Related to the Operation of Our Business","","","RF","2026-03-13T03:15:00.801967Z"
1622,"1",1610,"Risks Relating to Our Business
A substantial portion of our business relates to the provision of managed care programs and selected services to individuals receiving benefits under governmental assistance or entitlement programs. We provide these and other healthcare services under contracts with government entities in the areas in which we operate. Our government contracts are generally intended to run for a fixed number of years and may be extended for an additional specified number of years if the contracting entity or its agent elects to do so. Initial bids for these contracts and initial implementation of these contracts can have substantial start up costs, and may ultimately be unsuccessful. For example, in order to obtain a certificate of authority in most jurisdictions, we must first establish a provider network, have systems in place, and demonstrate our ability to administer a state contract and process claims. Once a new contract is awarded, we may experience delays in operational start dates. As a result of these factors, start-up operations may decrease our profitability, or we may not grow as quickly as we anticipated. When our contracts with government entities expire, they may be opened for bidding by competing healthcare providers, and there is no guarantee that our contracts will be renewed or extended. Competitors may buy their way into the market by submitting bids with lower pricing. Even if our responsive bids are successful, the bids may be based upon assumptions or other factors which could result in the contracts being less profitable than we had anticipated.","2026-03-13T03:20:20.361351Z","2023-02-21",0.7603,"Non-ESG",127,"Product Liability",318.496,"CNC_2023_RISK_016","Risks Relating to Our Business","Risks Relating to Our Business","","CNC","2026-03-13T03:20:20.361364Z"
1623,"1",1728,"RISKS RELATING TO FINANCING AND CAPITAL MARKETS ACTIVITIES.
The capital and credit markets may experience extreme volatility or disruptions that may lead to uncertainty and liquidity issues for both borrowers and investors. We expect to access the capital markets to supplement our existing funds and cash generated from operations to satisfy our needs for working capital, to meet capital expenditure and debt service requirements, and for other business initiatives, including acquisitions and licensing activities. In the event of adverse capital and credit market conditions, we may be unable to obtain capital market financing on favorable terms, or at all, and changes in credit ratings issued by nationally recognized credit rating agencies could adversely affect our ability to obtain capital market financing and the cost of such financing. Additionally, a large portion of our total consolidated cash will be held overseas and may not be efficiently accessible to fund our third-party debt and other financial obligations, which are expected to be primarily held in the United States. Any of these risks could have a material adverse effect on our business results, cash flows, financial condition, prospects, and the market price of our securities. In addition, a prolonged period of extremely volatile and unstable market conditions may increase our funding costs and negatively affect market risk mitigation strategies. We may experience additional volatility because of increasing inflationary pressures and other macroeconomic factors, including in emerging market countries. High inflation rates could have an adverse effect on economic growth and the business climate and could dampen consumer purchasing power.","2026-03-13T03:24:32.627921Z","2023-02-15",0.987,"Non-ESG",128,"Non-ESG",251.461,"GEHC_2023_RISK_147","RISKS RELATING TO FINANCING AND CAPITAL MARKETS ACTIVITIES.","RISKS RELATING TO FINANCING AND CAPITAL MARKETS ACTIVITIES.","","GEHC","2026-03-13T03:24:32.627931Z"
1624,"1",2005,"Cybersecurity Risk Management and Strategy
The Company’s mandatory annual cybersecurity employee training program covers critical aspects of digital security, including phishing prevention, threat awareness and safe data handling practices. The annual training program is regularly refreshed based on the evolving security landscape and secure code development. It is also supplemented by awareness initiatives to keep Company personnel updated on cybersecurity threats and the latest security policies and instill a culture of security mindfulness across the organization. •Continuous Review. The Company regularly reviews its cybersecurity policies, standards, and programs and evaluates the effectiveness of implemented security controls. In addition to performing internal audits, assessments, tabletop exercises, and vulnerability testing, the Company periodically engages third parties to perform information security maturity assessments, audits, cyber breach root cause analysis, and independent reviews of its information security control environment and operating effectiveness. The Company’s CISO provides regular reports on the results of such assessments to the Audit Committee and the Company’s senior leadership team, and the Company adjusts its cybersecurity policies, standards, and programs as necessary based on these reviews. To date, no risks from cybersecurity threats, including those resulting from any previous cybersecurity incidents, have  materially adversely affected, or are reasonably likely to materially adversely affect, the Company, including its business strategy, results of operations or financial condition. Although the Company’s cybersecurity risk management program, as described above, is designed to help prevent, detect, respond to, and mitigate the impact of cybersecurity incidents, there is no guarantee that a future cybersecurity incident would not materially adversely affect the Company's business strategy, results of operations or financial condition.","2026-03-13T03:26:15.251000Z","2026-02-13",0.6487,"Corporate Governance",129,"Product Liability",86.439,"EXPE_2026_RISK_004","Cybersecurity Risk Management and Strategy","Cybersecurity","","EXPE","2026-03-13T03:26:15.251009Z"
1625,"1",1955,"Risks Related to Cybersecurity, Privacy, Intellectual Property, and Litigation
We do not believe that this IT system compromise has had a material adverse effect on our business or resulted in any material damage to us. As a result of the IT system compromise, our management, including our chief executive officer and our chief financial officer, concluded that our internal controls related to IT system access were not effective resulting in a material weakness in our internal controls for fiscal 2019. Although this material weakness in our internal control was remediated in fiscal 2020, there can be no assurance that similar control issues will not be identified in future periods. Due to the types of products we sell and the significant amount of sales we make to government agencies or customers whose principal sales are to U.S. government agencies, we have experienced and expect to continue to experience in the future, attacks on our IT systems and data, including attempts to breach our security, network compromises and attempts to introduce malicious software into our IT systems. Were any future attacks to be successful, we may be unaware of the incident, its magnitude, or its effects until significant harm is done. In recent years, we have regularly implemented improvements to our protective measures which include, but are not limited to, implementation of the following: firewalls, endpoint intrusion detection and response software, regular patches, log monitors, event correlation tools, network segmentation, routine backups with offsite retention of storage media, system audits, dual factor identification, data partitioning, privileged account segregation and monitoring, routine password modifications, and an enhanced information security program including training classes and phishing exercises for employees and contractors with system access, along with tabletop exercises conducted by information security personnel.","2026-03-13T03:27:10.011872Z","2022-05-20",0.4908,"Corporate Governance",130,"Product Liability",53.934,"MCHP_2022_RISK_061","Risks Related to Cybersecurity, Privacy, Intellectual Property, and Litigation","Risks Related to Our Business, Operations, and Industry","","MCHP","2026-03-13T03:27:10.011882Z"
1626,"1",1953,"Risks Related to Our Real Estate Investments and Our Operations
Failure to Generate Sufficient Income Could Impair Debt Service Payments and Distributions to Stockholders. If our apartment communities do not generate sufficient revenue to meet rental expenses, our ability to make required payments of interest and principal on our debt securities and to pay dividends or distributions will be adversely affected. The following factors, among others, may affect the income generated by our apartment communities:●the national and local economies;●local real estate market conditions, such as an oversupply of apartment homes;●tenants’ perceptions of the safety, convenience, and attractiveness of our communities and the neighborhoods where they are located;●our ability to provide adequate management, maintenance and insurance;●rental expenses, including real estate taxes and utilities;●competition from other apartment communities;●changes in interest rates and the availability of financing;●changes in governmental regulations and the related costs of compliance; and●changes in tax and housing laws, including the enactment of rent control laws or other laws regulating multifamily housing. Expenses associated with our investment in an apartment community, such as debt service, real estate taxes, insurance and maintenance costs, are generally not reduced when circumstances cause a reduction in revenue from that community. If a community is mortgaged to secure payment of debt and we are unable to make the mortgage payments, we could sustain a loss as a result of foreclosure on the community or the exercise of other remedies by the mortgage holder. Changing Interest Rates Could Increase Interest Costs and Adversely Affect Our Cash Flow and the Market Price of Our Securities. We currently have, and expect to incur in the future, interest-bearing debt, including unsecured commercial paper, at rates that vary with market interest rates.","2026-03-13T03:27:52.718295Z","2022-02-15",0.8435,"Non-ESG",131,"Non-ESG",41.955,"UDR_2022_RISK_039","Risks Related to Our Real Estate Investments and Our Operations","","","UDR","2026-03-13T03:27:52.718307Z"
1627,"1",1471,"Risks Related to our Results of Operations
We have experienced, and we anticipate that we will encounter from time to time, opposition to the operation and expansion of our pipelines and facilities from governmental officials, non-governmental environmental organizations and groups, landowners, tribal groups, local groups and other advocates. In some instances, we encounter opposition which disfavors hydrocarbon-based energy supplies regardless of practical implementation or financial considerations. Opposition to our operation and expansion can take many forms, including the delay, denial or termination of required governmental permits or approvals, organized protests, attempts to block or sabotage our operations, intervention in regulatory or administrative proceedings involving our assets or lawsuits or other actions designed to prevent, disrupt, delay or terminate the operation or expansion of our assets and business. In addition, destructive forms of protest or opposition by activists, including acts of sabotage or eco terrorism could cause significant damage or injury to people, property or the environment or lead to extended interruptions of our operations. Any such event that restricts, delays or prevents the expansion of our business, interrupts the revenues generated by our operations or causes us to make significant expenditures not covered by insurance could adversely affect our business, results of operations, and financial condition.","2026-03-13T03:28:35.620957Z","2022-02-24",0.5529,"Business Ethics & Values",132,"Non-ESG",42.072,"TRGP_2022_RISK_047","Risks Related to our Results of Operations","Risks Related to Regulatory Matters","","TRGP","2026-03-13T03:28:35.620978Z"
1628,"1",482,"Risks Related to the Merger with People’s United
Litigation related to the merger has been filed against People’s United, the People’s United board of directors and M&T, and additional litigation may be filed against People’s United, the People’s United board of directors, M&T and the M&T board of directors in the future, which could prevent or delay the completion of the merger, result in the payment of damages or otherwise negatively impact the business and operations of M&T.","2026-03-13T03:28:52.247129Z","2022-02-16",0.9463,"Corporate Governance",133,"Corporate Governance",15.816,"MTB_2022_RISK_021","Risks Related to the Merger with People’s United","Risk Factors","","MTB","2026-03-13T03:28:52.247141Z"
1629,"1",726,"We depend on third-party midstream providers for a significant portion of our midstream services, and our failure to obtain and maintain access to the necessary infrastructure to successfully deliver natural gas, NGLs and oil to market on competitive terms may adversely affect our earnings, cash flows and results of operations.
Finally, in order to ensure access to certain midstream facilities, we have entered into agreements that obligate us to pay demand charges to various pipeline operators. We also have commitments with third parties for processing capacity. We may be obligated to make payments under these agreements even if we do not fully use the capacity we have reserved, and these payments may be significant.","2026-03-13T03:31:25.780849Z","2022-02-10",0.9865,"Non-ESG",134,"Non-ESG",152.582,"EQT_2022_RISK_033","We depend on third-party midstream providers for a significant portion of our midstream services, and our failure to obtain and maintain access to the necessary infrastructure to successfully deliver natural gas, NGLs and oil to market on competitive terms may adversely affect our earnings, cash flows and results of operations.","Risks Associated with Our Human Capital, Technology and Other Resources and Service Providers","","EQT","2026-03-13T03:31:25.780859Z"
1630,"1",2352,"If the Corteva Distribution, together with certain related transactions, were to fail to qualify for non-recognition treatment for U.S. federal income tax purposes, then the company could be subject to significant tax and indemnification liability and stockholders receiving Corteva common stock in the Corteva Distribution could be subject to significant tax liability.
DowDuPont received an IRS Tax Ruling and tax opinion that, among other things, the Corteva Distribution and certain related transactions will qualify as a tax-free transaction under Section 355 and Section 368(a)(1)(D) of the Internal Revenue Code (the ""Code). The IRS Ruling and tax opinion relied on certain facts, assumptions, and undertakings, and certain representations from DowDuPont and Corteva, regarding the past and future conduct of both respective businesses and other matters. Despite the tax opinion and the IRS Ruling, the IRS could determine on audit that the Distribution or certain related transactions should be treated as a taxable transaction if it determines that any of these facts, assumptions, representations or undertakings are not correct or have been violated, or that the Distribution should be taxable for other reasons, including if the IRS were to disagree with the conclusions of the tax opinion. If the Corteva Distribution ultimately is determined to be taxable, then a stockholder of DuPont that received shares of Corteva common stock would be treated as having received a distribution of property in an amount equal to the fair market value of such shares (including any fractional shares sold on behalf of such stockholder) on the distribution date and could incur significant income tax liabilities. Such distribution would be taxable to such stockholder as a dividend to the extent of DuPont’s current and accumulated earnings and profits, which would include any earnings and profits attributable to the gain recognized by DuPont on the taxable distribution and could include earnings and profits attributable to certain internal transactions preceding the Corteva Distribution. Any amount that exceeded DuPont’s earnings and profits would be treated first as a non- taxable return of capital to the extent of such stockholder’s tax basis in its shares of DuPont stock with any remaining amount being taxed as a gain on the DuPont stock.","2026-03-13T03:32:04.462705Z","2022-02-10",0.9639,"Corporate Governance",135,"Corporate Governance",37.944,"CTVA_2022_RISK_047","If the Corteva Distribution, together with certain related transactions, were to fail to qualify for non-recognition treatment for U.S. federal income tax purposes, then the company could be subject to significant tax and indemnification liability and stockholders receiving Corteva common stock in the Corteva Distribution could be subject to significant tax liability.","Risks Related to The Separation","","CTVA","2026-03-13T03:32:04.462712Z"
1631,"1",155,"Cybersecurity and Information Technology Risks
Our business operations could be disrupted if our information technology systems fail to perform adequately.","2026-03-13T03:32:12.090772Z","2021-07-23",0.8351,"Non-ESG",136,"Product Liability",6.951,"CAG_2021_RISK_049","Cybersecurity and Information Technology Risks","Third-Party Partner Risks","","CAG","2026-03-13T03:32:12.090782Z"
1632,"1",718,"Our Expansion Places a Significant Strain on our Management, Operational, Financial, and Other Resources
We are continuing to rapidly and significantly expand our global operations, including increasing our product and service offerings and scaling our infrastructure to support our retail and services businesses. The complexity of the current scale of our business can place significant strain on our management, personnel, operations, systems, technical performance, financial resources, and internal financial control and reporting functions, and our expansion increases these factors. Failure to manage growth effectively could damage our reputation, limit our growth, and negatively affect our operating results.","2026-03-13T03:32:44.341204Z","2022-02-04",0.9737,"Non-ESG",137,"Non-ESG",31.578,"AMZN_2022_RISK_013","Our Expansion Places a Significant Strain on our Management, Operational, Financial, and Other Resources","Operating Risks","","AMZN","2026-03-13T03:32:44.341213Z"
1633,"1",993,"Human Capital Risks
We aim to foster a culture that is based on a strong client focus, an emphasis on teamwork, integrity, mutual respect and striving for excellence. Our colleagues are the cornerstone of this culture, and acts of misconduct by any colleague, and particularly by senior management, could erode trust and confidence and damage our reputation among existing and potential clients and other stakeholders. Our business is managing people, risk and capital, and our success depends on our ability to develop and promote an ethical culture of trust, integrity and other important qualities in which our colleagues are comfortable speaking up about potential misconduct. While we do not believe we have experienced any material adverse cultural impacts as a result of our remote and hybrid work environment, this may manifest over time. As a result, remote and hybrid work arrangements may negatively impact our ability to maintain and promote our culture and increase related risks.","2026-03-13T03:33:20.239528Z","2023-02-24",0.78,"Business Ethics & Values",138,"Business Ethics & Values",35.243,"WTW_2023_RISK_043","Human Capital Risks","Human Capital Risks","","WTW","2026-03-13T03:33:20.239538Z"
1634,"1",394,"Risks Relating to the Company’s Businesses and Operations
The Company’s Pay-TV Business Depends on a Single or Limited Number of Suppliers for Certain Key Products and Services, and Any Reduction or Interruption in the Supply of These Products and Services or a Significant Increase in Price Could Have an Adverse Effect on the Company’s Business, Results of Operations and Financial Condition.","2026-03-13T03:33:57.011004Z","2021-08-10",0.976,"Non-ESG",139,"Non-ESG",36.093,"NWSA_2021_RISK_017","Risks Relating to the Company’s Businesses and Operations","","","NWSA","2026-03-13T03:33:57.011014Z"
1635,"1",215,"Risks Related to Our Business
We operate in a very competitive business environment, which affects our ability to attract and retain customers and can adversely affect our business, operations and financial results.","2026-03-13T03:34:01.414014Z","2022-01-28",0.9698,"Non-ESG",140,"Non-ESG",3.733,"CHTR_2022_RISK_001","Risks Related to Our Business","Risks Related to Our Business","","CHTR","2026-03-13T03:34:01.414024Z"
1636,"1",2134,"Our products contain third-party open source software components, and failure to comply with the terms of the underlying open source software licenses could restrict our ability to sell our products.
Our products contain software modules licensed to us by third-party authors under “open source” licenses. Use and distribution of open source software may entail greater risks than use of third-party commercial software, as open source licensors generally do not provide warranties or other contractual protections regarding infringement claims or the quality of the code. Some open source licenses contain requirements that we make available source code for modifications or derivative works we create based upon the type of open source software that we use. If we combine our software with open source software in a certain manner, we could, under certain open source licenses, be required to release portions of the source code of our software to the public. This would allow our competitors to create similar products with lower development effort and time and ultimately could result in a loss of product sales for us. Although we monitor our use of open source software to avoid subjecting our products to conditions we do not intend, the terms of many open source licenses have not been interpreted by U.S. courts, and these licenses could be construed in a way that could impose unanticipated conditions or restrictions on our ability to commercialize our products. Moreover, we cannot assure you that our processes for controlling our use of open source software in our products will be effective. If we are held to have breached the terms of an open source software license, we could be required to seek licenses from third parties to continue offering our products on terms that are not economically feasible, to re-engineer our products, to discontinue the sale of our products if re-engineering could not be accomplished on a timely basis or to make generally available, in source code form, our proprietary code, any of which could adversely affect our business, financial condition, results of operations and prospects.","2026-03-13T03:46:40.292580Z","2022-02-15",0.726,"Non-ESG",141,"Non-ESG",758.218,"ANET_2022_RISK_078","Our products contain third-party open source software components, and failure to comply with the terms of the underlying open source software licenses could restrict our ability to sell our products.","Risks Related to Products and Services","","ANET","2026-03-13T03:46:40.292602Z"
1637,"1",774,"Our debt could affect our operations and financial condition.
From time to time, we issue debt securities with various interest rates and maturities. While we believe we will have the ability to service this debt, our ability to make principal and interest payments when due depends upon our future performance, which will be subject to general economic conditions, industry cycles, and business and other factors affecting our operations, including our other risk factors, many of which are beyond our control. In addition, our obligation to make principal and interest payments could divert funds that otherwise might be invested in our operations or returned to shareholders, or could cause us to raise funds by, for example, issuing new debt or equity or selling assets.","2026-03-13T03:46:44.036037Z","2022-02-04",0.9834,"Non-ESG",142,"Non-ESG",2.906,"TXN_2022_RISK_019","Our debt could affect our operations and financial condition.","Risks related to our financing activities and other risks","","TXN","2026-03-13T03:46:44.036047Z"
1638,"1",252,"Risk Related to Our Business Operations
The effect of the COVID-19 pandemic on our global operations and the operations of our customers, suppliers, and vendors is continuing to have a material, adverse impact on our business and results of operations.","2026-03-13T03:46:48.701250Z","2022-03-01",0.9831,"Non-ESG",143,"Non-ESG",3.692,"FTV_2022_RISK_001","Risk Related to Our Business Operations","Risk Related to Our Business Operations","","FTV","2026-03-13T03:46:48.701263Z"
1639,"1",2018,"General Risk Factors
Applicable laws and our certificate of incorporation and by-laws may delay, defer, prevent or render more difficult a takeover attempt that our stockholders might consider to be in their best interests. For example, Section 203 of the General Corporation Law of the State of Delaware may limit the ability of an “interested stockholder” to engage in business combinations with us. An interested stockholder is defined to include persons owning 15% or more of our outstanding voting stock. These provisions may make it difficult for stockholders to replace or remove our directors, which could delay, defer or prevent a change in control. Such provisions may prevent our stockholders from receiving the benefit from any premium to the market price of our common stock offered by a bidder in a takeover context. Even in the absence of a takeover attempt, the existence of these provisions may adversely affect the prevailing market price of our common stock if they are viewed as discouraging future takeover attempts. Additionally, applicable state and foreign insurance laws may require prior approval of an application to acquire control of a domestic insurer. State statutes generally provide, and certain foreign statutes provide, that control over a domestic insurer is presumed to exist when any person directly or indirectly owns, controls, has voting power over, or holds proxies representing, 10% or more of the domestic insurer’s voting securities. The application process can be extensive, thereby discouraging the acquisition of a control position. Our certificate of incorporation or by-laws contain provisions that permit the Board to issue one or more series of preferred stock, prohibit stockholders from filling vacancies on the Board, prohibit stockholders from calling special meetings of stockholders and from taking action by written consent and impose advance notice requirements for stockholder proposals and nominations of directors to be considered at stockholder meetings.","2026-03-13T03:46:57.562738Z","2023-02-17",0.9937,"Corporate Governance",144,"Corporate Governance",8.172,"AIZ_2023_RISK_122","General Risk Factors","General Risk Factors","","AIZ","2026-03-13T03:46:57.562754Z"
1640,"1",253,"Risks Related to Operating Our Business
A variety of issues could affect the timing or profitability of our projects, which may result in additional costs to us, reductions or delays in revenues, the payment of liquidated damages or project termination.","2026-03-13T03:48:20.326021Z","2022-02-25",0.9891,"Non-ESG",145,"Non-ESG",82.052,"PWR_2022_RISK_020","Risks Related to Operating Our Business","Risks Related to Operating Our Business","","PWR","2026-03-13T03:48:20.326032Z"
1641,"1",1181,"The market for green and blue (low-carbon) ammonia may be slow to develop, may not develop to the size expected or may not develop at all. Moreover, we may not be successful in the development and implementation of our green and blue ammonia projects in a timely or economic manner, or at all, due to a number of factors, many of which are beyond our control.
If our assumptions about the engineering and processing characteristics necessary to successfully build the facility capacity that we are contemplating and to scale up to larger production quantities prove to be incorrect, we may be unable to produce substantial quantities of green or blue ammonia, and the cost to construct or convert such green and blue ammonia facilities, or the production costs associated with the operation of such facilities, may be higher than we project. The production of blue ammonia depends to a large extent upon development by third parties of carbon capture and storage wells, which are not well-established technologies and are subject to a permitting process and operational risks, which may result in delays, impact viability in some or all situations, or create long-term liabilities.","2026-03-13T03:48:31.706549Z","2022-02-24",0.9492,"Climate Change",146,"Climate Change",10.668,"CF_2022_RISK_047","The market for green and blue (low-carbon) ammonia may be slow to develop, may not develop to the size expected or may not develop at all. Moreover, we may not be successful in the development and implementation of our green and blue ammonia projects in a timely or economic manner, or at all, due to a number of factors, many of which are beyond our control.","Strategic Risks","","CF","2026-03-13T03:48:31.706560Z"
1642,"1",267,"Risks Related to Business Development Activities
Our ability to execute on our long-term strategy depends in part on our ability to engage in transactions and collaborations with other entities that add to our pipeline or provide us with new commercial opportunities.","2026-03-13T03:48:41.327022Z","2022-02-09",0.9888,"Non-ESG",147,"Non-ESG",8.864,"VRTX_2022_RISK_074","Risks Related to Business Development Activities","Risks Related to Business Development Activities","","VRTX","2026-03-13T03:48:41.327031Z"
1643,"1",2009,"RISK FACTORS SUMMARY
On January 14, 2021, the Federal Housing Finance Agency (“FHFA”) as conservator of the GSEs and the Department of Treasury entered into a letter agreement that further amended the senior preferred stock purchase arrangement (“PSPA”). This letter agreement, among other provisions, imposed restrictions on the amount of high risk loans that can be purchased by the GSEs. In September 2021, the FHFA and the Treasury Department agreed to suspend certain portions of the PSPAs for one year to review the extent to which these requirements are redundant or inconsistent with existing FHFA standards, policies, and directives that mandate sustainable lending standards. In addition, on January 5, 2022, FHFA announced that beginning on April 1, 2022, Fannie Mae and Freddie Mac will increase upfront fees for “high-balance loans” (mortgages in excess of $647,000) and mortgages on second homes. These actions could cause a decline in the volume of low-down payment home mortgage purchases by the GSEs and could decrease demand for mortgage insurance, decrease our U.S. new insurance written and reduce mortgage insurance revenues. Finally, FHFA directed the GSEs to submit Equitable Housing Plans by the end of 2021 to identify and address barriers to sustainable housing opportunities, including the GSEs' goals and action plans to advance equity in housing finance for the next three years; directed the GSEs to expand their streamlined refinance programs; and directed the GSEs to make permanent desktop appraisals by incorporating the practice into their Selling Guides, which originally was a temporary practice implemented in light of Covid-19. These changes, along with any new practices or programs implemented under the GSEs’ Equitable Housing Plans, may impact the underwriting and servicing standards on mortgages purchased by the GSEs and could increase the presence of multiple higher-risk characteristics in our insured loan portfolio. Changes to the role of the GSEs in the U.S.","2026-03-13T03:48:56.334970Z","2022-02-25",0.7638,"Non-ESG",148,"Non-ESG",14.304,"ACGL_2022_RISK_045","RISK FACTORS SUMMARY","RISK FACTORS SUMMARY","","ACGL","2026-03-13T03:48:56.334980Z"
1644,"1",254,"Business and Operational Risks
Our Results of Operations May Suffer if We Cannot Continue to License or Enforce the Intellectual Property Rights on Which Our Businesses Depend or if Third Parties Assert That We Violate Their Intellectual Property Rights.","2026-03-13T03:48:59.890170Z","2022-02-15",0.9546,"Non-ESG",149,"Non-ESG",2.785,"LII_2022_RISK_008","Business and Operational Risks","Business and Operational Risks","","LII","2026-03-13T03:48:59.890183Z"
1645,"1",256,"Risks Related to Our Operations and Business
To the extent we hold or acquire interests in any joint ventures or enter into any joint ventures, our interest in these properties is subject to the risks normally associated with the conduct of joint ventures.","2026-03-13T03:49:03.307392Z","2022-02-24",0.9837,"Non-ESG",150,"Non-ESG",2.731,"NEM_2022_RISK_031","Risks Related to Our Operations and Business","Risks Related to Our Operations and Business","","NEM","2026-03-13T03:49:03.307403Z"
1646,"1",206,"General Risk Factors
Our business is subject to the risks of earthquakes, fire, power outages, floods, health risks and other catastrophic events, and to interruption by man-made problems such as terrorism.","2026-03-13T03:49:06.474086Z","2022-09-06",0.8703,"Non-ESG",151,"Non-ESG",2.487,"PANW_2022_RISK_132","General Risk Factors","General Risk Factors","","PANW","2026-03-13T03:49:06.474097Z"
1647,"1",1985,"Risks Related to Financial Results and Holding Our Common Stock
Our stock price may fluctuate. Market prices for securities of companies such as ours are highly volatile. From January 1, 2022 to December 31, 2022, our common stock traded between $214.66 and $324.75 per share. The market for our stock, like that of other companies in the biotechnology industry, has experienced significant price and volume fluctuations. The future market price of our securities could be significantly and adversely affected by factors such as:•the information contained in our quarterly earnings releases, including updates regarding our commercialized products or our product candidates, our net product revenues and operating expenses for completed periods and financial guidance regarding future periods;•announcements of FDA actions with respect to our therapies or those of our competitors, or regulatory filings for our therapies or those of our competitors, or announcements of interim or final results of clinical trials or nonclinical studies relating to our therapies or those of our competitors;•developments in domestic and international governmental policy or regulation, for example, relating to drug pricing and tax reform;•technological innovations or the introduction of new drugs by our competitors;•government regulatory action;•public concern as to the safety of drugs developed by us or our competitors;•developments in patent or other intellectual property rights or announcements relating to these matters; •information disclosed by third parties regarding our business or products;•developments relating specifically to other companies and market conditions for pharmaceutical and biotechnology stocks or stocks in general;•business development, capital structuring or financing activities; and•general worldwide or national economic, political and capital market conditions, including as a result of the COVID-19 pandemic, inflation and rapid fluctuations in interest rates.","2026-03-13T03:49:58.462512Z","2023-02-10",0.9671,"Non-ESG",152,"Non-ESG",36.368,"VRTX_2023_RISK_126","Risks Related to Financial Results and Holding Our Common Stock","Risks Related to Financial Results and Holding Our Common Stock","","VRTX","2026-03-13T03:49:58.462521Z"
1648,"1",146,"Risks Related to Business Operations
Texas: We own 7 inpatient acute care hospitals and 22 inpatient behavioral healthcare facilities as listed in","2026-03-13T03:50:20.666487Z","2022-02-24",0.9816,"Non-ESG",153,"Non-ESG",21.353,"UHS_2022_RISK_002","Risks Related to Business Operations","Risks Related to Business Operations","","UHS","2026-03-13T03:50:20.666495Z"
1649,"1",2068,"Risks Related to Macroeconomic Conditions, Our Business and Our Industry
The Company depends on affiliation and carriage arrangements that enable it to reach a large percentage of households through MVPDs and third party-owned television stations. The inability to enter into or renew MVPD arrangements on favorable terms, or at all, or the loss of carriage on MVPDs’ basic programming tiers could reduce the distribution of the Company’s owned and operated television stations and broadcast and cable networks, which could adversely affect the Company’s revenues from affiliate fees and its ability to sell national and local advertising time. The loss of favorable MVPD packaging, positioning, pricing or other marketing opportunities could also negatively impact the Company’s revenues from affiliate fees. These risks are exacerbated by consolidation among traditional MVPDs, their increased vertical integration into the cable or broadcast network business and their use of alternative technologies to offer their subscribers access to local broadcast network programming, which have provided traditional MVPDs with greater negotiating leverage. In addition, if the Company and an MVPD reach an impasse in contract renewal negotiations, the Company’s networks and owned and operated television stations could become unavailable to the MVPD’s subscribers (i.e., “go dark”), which, depending on the length of time and the size of the MVPD, could have a negative impact on the Company’s revenues from affiliate fees and advertising. The Company also depends on the maintenance of affiliation agreements and license agreements with third party-owned television stations to distribute the FOX Network and MyNetworkTV in markets where the Company does not own television stations. Consolidation among television station group owners could increase their negotiating leverage and reduce the number of available distribution partners. There can be no assurance that these affiliation and license agreements will be renewed in the future on terms favorable to the Company.","2026-03-13T03:50:40.626699Z","2021-08-10",0.9781,"Non-ESG",154,"Non-ESG",19.311,"FOX_2021_RISK_013","Risks Related to Macroeconomic Conditions, Our Business and Our Industry","","","FOX","2026-03-13T03:50:40.626708Z"
1650,"1",1864,"Strategic Risk
•We may not realize or sustain the expected benefits from programs we have announced, and these efforts could have a materially adverse effect on our business, operations, financial condition, results of operations and competitive position. In 2019, we began implementing a multi-year plan of programs designed to accelerate margin growth. If we do not successfully manage and execute these programs, or if they are inadequate or ineffective, we may fail to meet our financial goals and achieve anticipated benefits, improvements may be delayed, not sustained or not realized and our business, operations and competitive position could be adversely affected. These programs could result in unintended consequences or unforeseen costs, including distraction of our management and employees, attrition, inability to attract or retain key personnel, and reduced employee productivity, which could adversely affect our business, financial condition, and results of operations.•We are subject to risks relating to the post-acquisition operations of Assurance IQ, Inc. (“Assurance IQ”). In October 2019, we completed the acquisition of Assurance IQ. For a description of Assurance IQ and the acquisition, see Note 1 to the Consolidated Financial Statements. We are subject to certain risks relating to the ongoing operations of Assurance IQ, and these risks could adversely affect, possibly materially, our business, results of operations, financial position or liquidity or prevent us from realizing the expected benefits from the acquisition. These risks include the following:◦We may not realize expected growth, earnings, cost savings, efficiencies or synergies. See Note 10 to the Consolidated Financial Statements for information about the goodwill impairment charge we recognized in the fourth quarter of 2021 relating to the Assurance IQ business.","2026-03-13T03:51:16.205839Z","2022-02-17",0.8184,"Non-ESG",155,"Human Capital",34.891,"PRU_2022_RISK_043","Strategic Risk","Strategic Risk","","PRU","2026-03-13T03:51:16.205848Z"
1651,"1",1978,"OPERATIONAL RISKS
Fifth Third’s operations, including its financial and accounting systems, use computer systems and telecommunications networks operated by both Fifth Third and third-party service providers. Fifth Third may not be sufficiently resilient and may not recover from significant operational events in a timely manner which could create operational and reputational risks. Additionally, Fifth Third collects, processes and stores sensitive consumer data by utilizing those and other systems and networks. Fifth Third has security, backup and recovery systems in place, as well as a business continuity plan to ensure the systems will not be inoperable. Fifth Third also has security to prevent unauthorized access to the systems. In addition, Fifth Third requires its third-party service providers to maintain similar controls. However, Fifth Third cannot be certain that the measures will be successful. A security breach in these systems or the loss or corruption of confidential information such as business results, transaction records and related information could adversely impact Fifth Third’s ability to provide timely and accurate financial information in compliance with legal and regulatory requirements, which could result in sanctions from regulatory authorities, significant reputational harm and the loss of customer confidence in Fifth Third. Additionally, security breaches or the loss, theft or corruption of customer information such as social security numbers, credit card numbers, account balances or other information could result in losses by Fifth Third's customers, litigation, regulatory sanctions, lost customers and revenue, increased costs and significant reputational harm. Fifth Third’s necessary dependence upon automated systems to record and process its transaction volume poses the risk that technical system flaws or employee errors, tampering or manipulation of those systems will result in losses and may be difficult to detect.","2026-03-13T03:51:29.539233Z","2023-02-24",0.8026,"Product Liability",156,"Product Liability",12.626,"FITB_2023_RISK_031","OPERATIONAL RISKS","OPERATIONAL RISKS","","FITB","2026-03-13T03:51:29.539244Z"
1652,"1",1883,"Risks Related to Operating Our Business
Pursuant to certain contracts, including fixed price and EPC contracts where we have assumed responsibility for procuring materials for a project, we are exposed to availability issues and price increases for materials that are utilized in connection with our operations, including, among other things, copper, steel and aluminum and specialized project components (e.g., transformers, solar panels). In addition, the timing of our customers’ ongoing projects, as well as their capital budgets and decision-making with respect to the timing of the future projects, can be negatively impacted by a lack of availability or an increase in prices of these materials. Prices and availability could be materially impacted by, among other things, supply chain and other logistical challenges, global trade relationships (e.g., tariffs, duties, taxes, assessments, sourcing restrictions) and other general market and geopolitical conditions (e.g., inflation, market volatility, increased interest rates). The lack of availability of necessary materials could result in project delays, some of which could be attributable to us, and an increase in prices of materials could reduce our profitability on projects or negatively impact our customers, which could have an adverse effect on demand for our services or our business, financial condition, results of operations and cash flows. For example, recent supply chain and logistical challenges resulting from the U.S. Department of Commerce’s investigation into an antidumping and countervailing duties circumvention claim on solar cells and panels supplied from Malaysia, Vietnam, Thailand and Cambodia, as well as other sourcing restrictions, have caused disruption in the solar panel supply chain and created delays in the timing of development and/or financing of certain renewable energy projects.","2026-03-13T03:52:07.008328Z","2023-02-23",0.5002,"Climate Change",157,"Non-ESG",36.804,"PWR_2023_RISK_074","Risks Related to Operating Our Business","Risks Related to Operating Our Business","","PWR","2026-03-13T03:52:07.008338Z"
1653,"1",994,"Privacy Regulations
We are subject to laws and regulations that dictate whether, how, and under what circumstances we can transfer, process and/or receive certain data that is critical to our operations, including data shared between countries or regions in which we operate and data shared among our products and services. If one or more of the legal mechanisms for transferring data from other countries to the U.S. is invalidated, if we are unable to transfer data between and among countries and regions in which we operate, or if we are prohibited from sharing data among our products and services, it could affect the manner in which we provide our services or adversely affect our financial results. Additional countries may pass legislation implementing data protection requirements or requiring local storage and processing of data or similar requirements that could increase the cost and complexity of delivering our services and expose us to significant penalties for non-compliance.","2026-03-13T03:53:01.523805Z","2022-02-25",0.9026,"Product Liability",158,"Product Liability",53.722,"AXON_2022_RISK_040","Privacy Regulations","Privacy Regulations","","AXON","2026-03-13T03:53:01.523822Z"
1654,"1",265,"Risks Related to Our Business Model and Operations Including the Use of Technology
There may be a decline in the use of cards and other digital payments as a payment mechanism for consumers or other adverse developments with respect to the card industry in general.","2026-03-13T03:53:07.090494Z","2022-02-18",0.9747,"Non-ESG",159,"Non-ESG",4.886,"GPN_2022_RISK_025","Risks Related to Our Business Model and Operations Including the Use of Technology","Risks Related to Our Business Model and Operations Including the Use of Technology","","GPN","2026-03-13T03:53:07.090514Z"
1655,"1",1345,"Risks Related to Regulatory Matters
The jurisdictions in which we operate (including the United States) may have laws governing how we must respond to a cyber incident that results in the unauthorized access, disclosure, or loss of personal information. Additionally, new laws and regulations governing data privacy and unauthorized disclosure of confidential information, including recent California legislation (which, among other things, provides for a private right of action), pose increasingly complex compliance challenges and could potentially elevate our costs over time. Although our business does not involve large-scale processing of personal information, our business does involve collection, use, and other processing of personal information of our employees, investors, contractors, suppliers, and customer contacts. As legislation continues to develop and cyber incidents continue to evolve, we will likely be required to expend significant resources to continue to modify or enhance our protective measures to comply with such legislation and to detect, investigate and remediate vulnerabilities to cyber incidents. Any failure by us, or a company we acquire, to comply with such laws and regulations could result in reputational harm, loss of goodwill, penalties, liabilities, and/or mandated changes in our business practices.","2026-03-13T03:54:31.631129Z","2023-02-22",0.8788,"Product Liability",160,"Product Liability",83.879,"TRGP_2023_RISK_140","Risks Related to Regulatory Matters","Risks Related to Regulatory Matters","","TRGP","2026-03-13T03:54:31.631140Z"
1656,"1",1247,"Changes in tax rates, new U.S. or foreign tax legislation, and exposure to additional tax liabilities could adversely affect our financial condition and results of operations.
We are subject to a variety of taxes and tax collection and remittance obligations in the U.S. and numerous foreign jurisdictions. Additionally, at any point in time, we may be under examination for value added, sales-based, payroll, product, import or other non-income taxes. We may recognize additional tax expense, be subject to additional tax liabilities, or incur losses and penalties, due to changes in laws, regulations, administrative practices, principles, assessments by authorities and interpretations related to tax, including tax rules in various jurisdictions. We compute our income tax provision based on enacted tax rates in the countries in which we operate. As tax rates vary among countries, a change in earnings attributable to the various jurisdictions in which we operate could result in an unfavorable change in our overall tax provision. Additionally, changes in the enacted tax rates or adverse outcomes in tax audits, including transfer pricing disputes, could have a material adverse effect on our financial condition and results of operations.","2026-03-13T03:55:28.184200Z","2021-10-06",0.9804,"Non-ESG",161,"Non-ESG",55.866,"COST_2021_RISK_029","Changes in tax rates, new U.S. or foreign tax legislation, and exposure to additional tax liabilities could adversely affect our financial condition and results of operations.","Legal and Regulatory Risks","","COST","2026-03-13T03:55:28.184208Z"
1657,"1",2093,"•

We rely significantly on information technology.  Any inadequacy, interruption, theft or loss of data, malicious attack, integration failure, failure to maintain the security, confidentiality or privacy of sensitive data residing on our systems or other security failure of that technology could harm our ability to effectively operate our business and damage the reputation of our brands.
We rely extensively on information technology systems, some of which are managed by third-party service providers, to conduct our business. These systems include, but are not limited to, programs and processes relating to internal communications and communications with other parties, ordering and managing materials from suppliers, converting materials to finished products, shipping product to customers, billing customers and receiving and applying payment, processing transactions, summarizing and reporting results of operations, complying with regulatory, legal or tax requirements, collecting and storing customer, consumer, employee, investor, and other stakeholder information and personal data, and other processes necessary to manage our business. We sell certain of our products directly to consumers online and through websites, mobile apps and connected devices, and we offer promotions, rebates, customer loyalty and other programs through which it may receive personal information, and we or our vendors could experience cyber-attacks, privacy breaches, data breaches or other incidents that may result in unauthorized access, disclosure and misuse of consumer, customer, employee, vendor or Company information. Increased information technology security threats and more sophisticated computer crime, including ransomware, denial of service and phishing attacks and advanced persistent threats, pose a potential risk to the security of our information technology systems, networks, and services, and those of our customers and other business partners, as well as the confidentiality, availability, and integrity of our data, and the data of our customers and other business partners.","2026-03-13T03:55:36.725334Z","2022-02-17",0.9339,"Product Liability",162,"Product Liability",7.85,"CHD_2022_RISK_051","•

We rely significantly on information technology.  Any inadequacy, interruption, theft or loss of data, malicious attack, integration failure, failure to maintain the security, confidentiality or privacy of sensitive data residing on our systems or other security failure of that technology could harm our ability to effectively operate our business and damage the reputation of our brands.","General Risks","","CHD","2026-03-13T03:55:36.725346Z"
1658,"1",2255,"Healthcare reform and changes to related products (e.g., health insurance exchanges), changes in government payment and reimbursement systems, or changes in payer mix, including an increase in capitated reimbursement mechanisms and evolving delivery models, could have a material adverse effect on the Company's revenues, profitability and cash flow.
Dx's testing services are billed to MCOs, Medicare, Medicaid, physicians and physician groups, hospitals, patients and employer groups. Most testing services are billed to a party other than the physician or other authorized person who ordered the test. Increases in the percentage of services billed to government and MCOs could have an adverse effect on the Company’s revenues. The Company serves many MCOs. These organizations have different contracting philosophies, which are influenced by the design of their products. Some MCOs contract with a limited number of clinical laboratories and engage in direct negotiation of rates. Other MCOs adopt broader networks with generally uniform fee structures for participating clinical laboratories. In some cases, those fee structures are specific to independent clinical laboratories, while the fees paid to hospital-based and physician-office laboratories may be different, and are typically higher. MCOs may also offer Managed Medicare or Managed Medicaid plans. In addition, some MCOs use capitation rates to fix the cost of laboratory testing services for their enrollees. Under a capitated reimbursement arrangement, the clinical laboratory receives a per-member, per-month payment for an agreed upon menu of laboratory tests provided to MCO members during the month, regardless of the number of tests performed. Capitation shifts the risk of increased test utilization (and the underlying mix of testing services) to the commercial laboratory provider. The Company makes significant efforts to obtain adequate compensation for its services in its capitated arrangements. For the year ended December 31, 2021, such capitated contracts accounted for approximately $332.3 million, or 3.2%, of Dx's revenues. The Company's ability to attract and retain MCOs is critical given the impact of healthcare reform, related products and expanded coverage (e.g.","2026-03-13T03:55:59.903947Z","2022-02-25",0.8033,"Non-ESG",163,"Non-ESG",22.484,"LH_2022_RISK_024","Healthcare reform and changes to related products (e.g., health insurance exchanges), changes in government payment and reimbursement systems, or changes in payer mix, including an increase in capitated reimbursement mechanisms and evolving delivery models, could have a material adverse effect on the Company's revenues, profitability and cash flow.","Risks Related to the Company's Business","","LH","2026-03-13T03:55:59.903958Z"
1659,"1",2006,"BUSINESS AND OPERATIONAL RISK FACTORS
The single largest variable that affects the company’s results of operations is the price of crude oil, which can be influenced by general economic conditions, industry production and inventory levels, technology advancements, production quotas or other actions that might be imposed by the Organization of Petroleum Exporting Countries or other producers, weather-related damage and disruptions due to other natural or human causes beyond our control (including without limitation due to the COVID-19 pandemic), competing fuel prices, geopolitical risks, the pace of energy transition, and governmental regulations and policies regarding the development of oil and gas reserves. Chevron evaluates the risk of changing commodity prices as a core part of its business planning process. An investment in the company carries significant exposure to fluctuations in global crude oil prices. Extended periods of low prices for crude oil can have a material adverse impact on the company’s results of operations, financial condition and liquidity. Among other things, the company’s upstream earnings, cash flows, and capital and exploratory expenditure programs could be negatively affected, as could its production and proved reserves. Upstream assets may also become impaired. Downstream earnings could be negatively affected because they depend upon the supply and demand for refined products and the associated margins on refined product sales. A significant or sustained decline in liquidity could adversely affect the company’s credit ratings, potentially increase financing costs and reduce access to capital markets. The company may be unable to realize anticipated cost savings, expenditure reductions and asset sales that are intended to compensate for such downturns, and such downturns may also slow the pace and scale at which we are able to invest in new business lines such as the lower carbon businesses associated with our Chevron New Energies organization.","2026-03-13T03:56:16.690271Z","2022-02-24",0.8629,"Non-ESG",164,"Non-ESG",16.11,"CVX_2022_RISK_003","BUSINESS AND OPERATIONAL RISK FACTORS","BUSINESS AND OPERATIONAL RISK FACTORS","","CVX","2026-03-13T03:56:16.690282Z"
1660,"1",1959,"Risks Related to the Operation of NRG's Business
NRG has numerous competitors in all aspects of its business, and additional competitors may enter the industry. The Company's retail operations specifically face competition for customers. Competitors may offer different products, lower prices, and other incentives which may attract customers away from the Company. In some retail electricity markets, the principal competitor may be the incumbent utility. The incumbent utility has the advantage of long-standing relationships with its customers and strong brand recognition. Furthermore, NRG may face competition from other energy service providers, other energy industry participants, or nationally branded providers of consumer products and services, who may develop businesses that will compete with NRG. The Company’s plant operations face competition from newer or more efficient plants owned by competitors, which may put some of the Company's plants at a disadvantage to the extent these competitors are able to consume the same or less fuel as the Company's plant. Over time, the Company's plants may be unable to compete with these more efficient plants, which could result in retirements. NRG’s competitors may have greater liquidity, greater access to credit and other financial resources, lower cost structures, more effective risk management policies and procedures, greater ability to incur losses, longer-standing relationships with customers, greater brand awareness, greater potential for profitability from retail sales or greater flexibility in the timing of their sale of generation capacity and ancillary services than NRG does. Competitors may also have better access to subsidies or other out-of-market payments that put NRG at a competitive disadvantage. NRG's competitors may be able to respond more quickly to new laws or regulations or emerging technologies, or devote greater resources to marketing of retail energy than NRG can.","2026-03-13T03:56:54.015052Z","2023-02-23",0.976,"Non-ESG",165,"Non-ESG",36.648,"NRG_2023_RISK_012","Risks Related to the Operation of NRG's Business","","","NRG","2026-03-13T03:56:54.015061Z"
1661,"1",1316,"Business, Strategic and Competitive Risks
our hiring of new store employees, and the increased workload associated with the incremental sales volume;●COVID-19 and remote-work oriented phishing and similar cybersecurity attack attempts; and  ●Inability to perform physical inventories in our stores from mid-March through mid-May, which prevented us from completing all of our planned store physical inventories for fiscal 2020, the effect of which was immaterial for fiscal 2020. Depending on the duration and severity of the COVID-19 pandemic, including whether there are additional “waves”, other additional periods of increases or spikes in the number of COVID-19 cases or mutations thereof and the availability, acceptance and efficacy of medical treatments and vaccines, which are uncertain and cannot be predicted, as well as governmental authorities’ responses and requirements related to the pandemic, including the pace and extent of the easing or removal of restrictions on businesses and customers when the pandemic does subside or the reinstitution of more stringent regulations before the pandemic subsides, these experienced effects could have a material adverse impact on our business, financial performance and financial condition in the future if they increase in number, duration, and/or magnitude.","2026-03-13T03:57:06.899878Z","2021-03-19",0.8068,"Human Capital",166,"Human Capital",12.032,"DG_2021_RISK_004","Business, Strategic and Competitive Risks","","","DG","2026-03-13T03:57:06.899889Z"
1662,"1",1339,"AEP’s operating results may fluctuate on a seasonal or quarterly basis and with general economic and weather conditions. (Applies to all Registrants)
Electric power consumption is generally seasonal.  In many parts of the country, demand for power peaks during the hot summer months, with market prices also peaking at that time.  In other areas, power demand peaks during the winter.  As a result, overall operating results in the future may fluctuate substantially on a seasonal basis.  In addition, AEP has historically sold less power, and consequently earned less income, when weather conditions are milder.  Unusually mild weather in the future could reduce future net income and cash flows and negatively impact financial condition.  In addition, unusually extreme weather conditions could impact AEP’s results of operations in a manner that would not likely be sustainable. Further, deteriorating economic conditions triggered by any cause, including international tariffs, generally result in reduced consumption by customers, particularly industrial customers who may curtail operations or cease production entirely, while an expanding economic environment generally results in increased revenues.  As a result, prevailing economic conditions may reduce future net income and cash flows and negatively impact financial condition.","2026-03-13T03:58:08.205608Z","2022-02-24",0.9712,"Non-ESG",167,"Climate Change",60.572,"AEP_2022_RISK_024","AEP’s operating results may fluctuate on a seasonal or quarterly basis and with general economic and weather conditions. (Applies to all Registrants)","GENERAL RISKS OF REGULATED OPERATIONS","","AEP","2026-03-13T03:58:08.205618Z"
1663,"1",1936,"Risks Related to Our Debt and Equity
In addition, the credit agreement (""Credit Agreement"") governing our senior unsecured credit facility, which consists of our senior unsecured term loan A facility and senior unsecured revolving credit facility (collectively, ""2016 Credit Facility""), contains financial maintenance covenants. Our ability to comply with these covenants or to satisfy our debt obligations will depend on our future operating performance. If we violate the restrictions in our debt instruments or fail to comply with our financial maintenance covenants, we will be in default under those instruments, which in some cases would cause the maturity of a substantial portion of our long-term indebtedness to be accelerated. Furthermore, if the limits on our ability to pay dividends prevent us from satisfying our REIT distribution requirements, we could fail to remain qualified for taxation as a REIT. If these limits do not jeopardize our qualification for taxation as a REIT but nevertheless prevent us from distributing 100% of our REIT taxable income, we will be subject to federal and state corporate income taxes, and potentially a nondeductible excise tax, on our undistributed taxable income. If our operating subsidiaries were to default on their debt, the trustee could seek to foreclose the collateral securing such debt, in which case we could lose the communications infrastructure and the associated revenues. See ""Item 7. MD&A—Liquidity and Capital Resources—Debt Covenants"" for a further discussion of our debt covenants. CCIC is a holding company that conducts all of its operations through its subsidiaries. Accordingly, CCIC's sources of cash to pay interest or principal on its outstanding indebtedness are distributions relating to its respective ownership interests in its subsidiaries from the net earnings and cash flows generated by such subsidiaries or from proceeds of debt or equity offerings.","2026-03-13T03:58:50.117841Z","2022-02-22",0.9428,"Non-ESG",168,"Non-ESG",41.247,"CCI_2022_RISK_042","Risks Related to Our Debt and Equity","Risks Related to Our Debt and Equity","","CCI","2026-03-13T03:58:50.117852Z"
1664,"1",1676,"STRYKER CORPORATION                                                                                                                         2021 FORM 10-K
We may be unable to attract and retain key employees: Our sales, technical and other key personnel play an integral role in the development, marketing and selling of new and existing products. If we are unable to recruit, hire, develop and retain a talented, competitive work force in our highly competitive industry, or if we are unable to plan effective succession for the future, we may not be able to meet our strategic business objectives. In addition, if we are unable to maintain an inclusive culture that aligns our diverse work force with our mission and values, this could adversely impact our ability to recruit, hire, develop and retain key talent. Further, the ongoing remote work environment in response to COVID-19 could harm our culture and/or decrease employee engagement, which could adversely impact our ability to recruit, hire, develop and retain a talented, competitive work force. Interruption of manufacturing operations could adversely affect our business: We and our suppliers have manufacturing and supply sites all over the world; however, the manufacturing of certain of our product lines is concentrated in one or more plants or geographic regions. We have principal manufacturing and distribution facilities in the United States in Arizona, California, Florida, Illinois, Indiana, Michigan, Minnesota, New Jersey, Tennessee, Texas, Utah, Virginia and Washington, and outside the United States in China, France, Germany, Ireland, Mexico, the Netherlands, Puerto Rico, Switzerland and Turkey.","2026-03-13T03:59:07.309910Z","2022-02-11",0.9506,"Human Capital",169,"Human Capital",16.514,"SYK_2022_RISK_016","STRYKER CORPORATION                                                                                                                         2021 FORM 10-K","","","SYK","2026-03-13T03:59:07.309921Z"
1665,"1",359,"Oil and Gas Exploration and Production - Properties and Reserves
EOG acquired wells as set forth in the following table (excluding the acquisition of additional interests in 5, 8 and 11 net wells in which EOG previously owned an interest for the years ended December 31, 2021, 2020 and 2019, respectively) for the years ended December 31, 2021, 2020 and 2019:","2026-03-13T03:59:10.050937Z","2022-02-24",0.9919,"Non-ESG",170,"Non-ESG",2.071,"EOG_2022_RISK_076","Oil and Gas Exploration and Production - Properties and Reserves","Properties","","EOG","2026-03-13T03:59:10.050948Z"
1666,"1",1966,"Risks Related to Competition
The specialty coffee market is intensely competitive, including with respect to product quality, innovation, service, convenience, such as delivery service and mobile ordering, and price, and we face significant and increasing competition in all of these areas in each of our channels and markets. Accordingly, we do not have leadership positions in all channels and markets. In the U.S., the ongoing focus by large competitors in the quick-service restaurant sector on selling high-quality specialty coffee beverages could lead to decreases in customer traffic to Starbucks® stores and/or average value per transaction adversely affecting our sales and results of operations. Similarly, continued competition from well-established competitors, or competition from large new entrants or well-funded smaller companies, in our domestic and international markets could hinder growth and adversely affect our sales and results of operations in those markets. Many small competitors also continue to open coffee specialty stores in many of our markets across the world, which in the aggregate may also lead to significant decreases of customer traffic to our stores in those markets. Increased competition globally in packaged coffee and tea and single-serve and ready-to-drink coffee beverage markets, including from new and large entrants to this market, could adversely affect the profitability of the Channel Development segment. In addition, not all of our competitors may seek to establish environmental or sustainability goals at a comparable level to ours, which could result in lower supply chain or operating costs for our competitors. We may incur increased costs associated with reducing carbon dioxide and other greenhouse gas emissions, reducing the use of plastic or imposing performance obligations on our suppliers that could increase financial obligations for us and our business partners and could affect our profitability.","2026-03-13T03:59:18.150344Z","2021-11-19",0.9356,"Climate Change",171,"Climate Change",7.429,"SBUX_2021_RISK_050","Risks Related to Competition","Risks Related to Competition","","SBUX","2026-03-13T03:59:18.150364Z"
1667,"1",200,"Risks Related to Our Business
If we fail to maintain satisfactory compliance with certain regulations, we may be subject to substantial negative financial consequences and civil or criminal penalties.","2026-03-13T03:59:31.361935Z","2021-12-17",0.9139,"Business Ethics & Values",172,"Business Ethics & Values",12.519,"KEYS_2021_RISK_065","Risks Related to Our Business","Risks Related to Our Business","","KEYS","2026-03-13T03:59:31.361946Z"
1668,"1",1171,"Business and Operational Risks
We have a number of collective bargaining units in the U.S. and various collective labor arrangements outside the U.S. We are subject to potential work stoppages, union and works council campaigns and other labor disputes, any of which could adversely impact our productivity, reputation, results of operations, financial condition and cash flows. Furthermore, the competition for skilled personnel is often intense in the regions in which our manufacturing facilities are located. A sustained labor shortage or increased turnover rates within our employee base, increases in the salaries and wages paid by competing employers, as a result of general macroeconomic factors or otherwise, could lead to increased costs, such as increased overtime to meet demand and potentially further increase salaries and wage rates to attract and retain employees, and could negatively affect our ability to efficiently operate our manufacturing facilities and overall business. If we are unable to hire and retain employees capable of performing at a high level, our business, financial condition and results of of operations could be adversely affected.","2026-03-13T03:59:35.636414Z","2022-02-11",0.9648,"Human Capital",173,"Human Capital",3.579,"DOV_2022_RISK_005","Business and Operational Risks","Business and Operational Risks","","DOV","2026-03-13T03:59:35.636424Z"
1669,"1",163,"Industry Risks
A ratings downgrade or other negative action by a rating agency could materially affect our business, financial condition and results of operations.","2026-03-13T03:59:42.389547Z","2022-02-24",0.9896,"Non-ESG",174,"Non-ESG",6.072,"GL_2022_RISK_022","Industry Risks","Industry Risks","","GL","2026-03-13T03:59:42.389555Z"
1670,"1",1709,"Strategic and Operational Risks
While we believe our overall data privacy procedures are adequate, the theft or loss of such data, or concerns about our practices, even if unfounded, with regard to the collection, use, disclosure, or security of this personal information or other data protection related matters could damage our reputation and materially adversely affect our operating results. Any systems failure or compromise of our security that results in the disclosure of our users’ personal data could seriously limit the consumption of our products and services and the attendance at our conferences, as well as harm our reputation and brand and, therefore, our business. We are exposed to risks related to cybersecurity. A significant portion of our business is conducted over the internet and we rely on the secure processing, storage and transmission of confidential, sensitive, proprietary and other types of information relating to our business operations and confidential and sensitive information about its customers and employees in our computer systems and networks, and in those of our third-party vendors. Individuals, groups, and state-sponsored organizations may take steps that pose threats to our operations, our computer systems, our employees, and our customers. The cybersecurity risks we face range from cyber attacks common to most industries, such as the development and deployment of malicious software to gain access to our networks and attempt to steal confidential information, launch distributed denial of service attacks, or attempt other coordinated disruptions, to more advanced threats that target us because of our prominence in the global research and advisory field.","2026-03-13T04:00:13.706364Z","2022-02-23",0.936,"Product Liability",175,"Product Liability",30.632,"IT_2022_RISK_015","Strategic and Operational Risks","Strategic and Operational Risks","","IT","2026-03-13T04:00:13.706375Z"
1671,"1",231,"Business and Operational Risks
In addition, quality issues can impair our relationships with new or existing customers and adversely affect our brand and reputation, which could, in turn, adversely affect our results of operations.","2026-03-13T04:00:26.814214Z","2022-12-08",0.9817,"Non-ESG",176,"Non-ESG",12.417,"HPE_2022_RISK_031","Business and Operational Risks","Business and Operational Risks","","HPE","2026-03-13T04:00:26.814224Z"
1672,"1",1933,"RISKS RELATED TO COMPETITION
While the degree of competitive effects of biosimilar competition differs between EU countries and between products, in the EU the overall use of biosimilars and the rate at which product sales of innovative products are being affected by biosimilar competition is increasing. In the United States, the BPCIA authorizes the FDA to approve biosimilars via a separate, abbreviated pathway. See Item 1. Business—Government Regulation—Regulation in the United States—Approval of Biosimilars. In the United States, the FDA has approved numerous biosimilars, including biosimilar versions of Neulasta, EPOGEN and ENBREL, and a growing number of companies have announced that they are also developing biosimilar versions of our products. For example, six biosimilar versions of Neulasta are now approved in the United States, and we expect that other biosimilar versions of Neulasta may be marketed or receive approval in the future. Impact to our Neulasta sales has accelerated as additional competitors have launched. See Item 1. Business—Marketing, Distribution and Selected Marketed Products—Competition. Manufacturers of biosimilars have attempted, and may in the future attempt, to compete with our products by offering lower list prices, greater discounts or rebates, or contracts that offer longer-term pricing or a broader portfolio of other products. Companies pursuing development of biosimilar versions of our products have challenged and may continue to challenge our patents well in advance of the expiration of our material patents. For examples of and information related to our biosimilars and generics patent litigation, see Part IV—Note 19, Contingencies and commitments, to the Consolidated Financial Statements. See Our intellectual property positions may be challenged, invalidated or circumvented, or we may fail to prevail in current and future intellectual property litigation. The U.S.","2026-03-13T04:00:33.047484Z","2023-02-09",0.9451,"Non-ESG",177,"Non-ESG",5.561,"AMGN_2023_RISK_058","RISKS RELATED TO COMPETITION","RISKS RELATED TO COMPETITION","","AMGN","2026-03-13T04:00:33.047497Z"
1673,"1",1979,"Risks Related to the Oil and Natural Gas Industry and Our Business
The oil and natural gas industry is capital intensive. We make and expect to continue to make substantial capital expenditures in our business and operations for the exploration for and development, production and acquisition of oil and natural gas reserves. In 2021, our total capital expenditures, including expenditures for drilling, completion, infrastructure and additions to midstream assets, were approximately $1.5 billion. Our 2022 capital budget for drilling, completion and infrastructure, including investments in water disposal infrastructure and gathering line projects, is currently estimated to be approximately $1.75 billion to $1.90 billion, representing an increase of 23% from our 2021 capital expenditures. Since completing our initial public offering in October 2012, we have financed capital expenditures primarily with borrowings under our revolving credit facility, cash generated by operations and the net proceeds from public offerings of our common stock and the senior notes. We intend to finance our future capital expenditures with cash flow from operations, while future acquisitions may also be funded from operations as well as proceeds from offerings of our debt and equity securities and borrowings under our revolving credit facility. Our cash flow from operations and access to capital are subject to a number of variables, including our proved reserves; the volume of oil and natural gas we are able to produce from existing wells; the prices at which our oil and natural gas are sold; our ability to acquire, locate and produce economically new reserves; and our ability to borrow under our credit facility. We cannot assure you that our operations and other capital resources will provide cash in sufficient amounts to maintain planned or future levels of capital expenditures. Further, our actual capital expenditures in 2022 could exceed our capital expenditure budget.","2026-03-13T04:01:46.875178Z","2022-02-24",0.9886,"Non-ESG",178,"Non-ESG",73.159,"FANG_2022_RISK_011","Risks Related to the Oil and Natural Gas Industry and Our Business","","","FANG","2026-03-13T04:01:46.875187Z"
1674,"1",1023,"Strategic Risks
There is increasing concern over the risks that climate change presents to our business, financial condition, and results of operations. The physical risks of climate change include rising average global temperatures, rising sea levels, and an increase in the frequency and severity of extreme weather events. Such developments could disrupt our operations, those of our clients, or third parties on which we rely. Further, the consequences of climate change could negatively impact our clients’ ability to pay outstanding loans, reduce the value of collateral, or result in insurance shortfalls. Climate change could also result in transition risk. Changes in consumer and/or investor preferences, new legislation, and expanded regulatory requirements related to climate risk could adversely impact us or our clients. If we do not identify, quantify, and mitigate such risks successfully, we may experience financial losses, litigation, reputational harm, and losses of investor and stakeholder confidence.","2026-03-13T04:01:52.297881Z","2022-02-28",0.9841,"Climate Change",179,"Climate Change",4.715,"NTRS_2022_RISK_071","Strategic Risks","Strategic Risks","","NTRS","2026-03-13T04:01:52.297891Z"
1675,"1",392,"Risks Related to Our Business and Operations
Our Company’s reputation or brand image might be impacted as a result of issues or concerns relating to the quality and safety of our products, ingredients or packaging, human and workplace rights, and other environmental, social or governance matters, which in turn could result in litigation or otherwise negatively impact our operating results.","2026-03-13T04:02:00.136889Z","2022-02-18",0.5409,"Non-ESG",180,"Non-ESG",7.149,"HSY_2022_RISK_006","Risks Related to Our Business and Operations","Risks Related to Our Business and Operations","","HSY","2026-03-13T04:02:00.136899Z"
1676,"1",1940,"Risks Related to Regulations Governing Our Industry
We are heavily regulated by multiple banking, consumer protection, securities and other regulatory authorities at the federal and state levels. This regulatory oversight is primarily established to protect depositors, the FDIC’s Deposit Insurance Fund, consumers of financial products, and the financial system as a whole, not our security holders. Changes to statutes, regulations, rules or policies, including the interpretation, implementation or enforcement of statutes, regulations, rules or policies, could affect us in substantial and unpredictable ways, including by, for example, subjecting us to additional costs, limiting the types of financial services and other products we may offer, limiting our ability to pursue acquisitions and increasing the ability of third parties, including non-banks, to offer competing financial services and products. In recent years, we, together with the rest of the financial services industry, have faced particularly intense scrutiny, with many new regulatory initiatives and vigorous oversight and enforcement on the part of numerous regulatory and governmental authorities. Legislatures and regulators have pursued a broad array of initiatives intended to promote the safety and soundness of financial institutions, financial market stability, the transparency and liquidity of financial markets, and consumer and investor protection. Certain regulators and law enforcement authorities have also recently required admissions of wrongdoing and, in some cases, criminal pleas as part of the resolutions of matters brought by them against financial institutions. Any such resolution of a matter involving us could lead to increased exposure to civil litigation, could adversely affect our reputation, could result in penalties or limitations on our ability to do business or engage in certain activities and could have other negative effects.","2026-03-13T05:34:41.308137Z","2022-02-23",0.5063,"Business Ethics & Values",181,"Business Ethics & Values",29.804,"CFG_2022_RISK_057","Risks Related to Regulations Governing Our Industry","Risks Related to Our Industry","","CFG","2026-03-13T05:34:41.308177Z"
1677,"1",1122,"LEGAL AND COMPLIANCE RISKS
Each of these privacy, security and data protection laws and regulations could impose significant limitations, require changes to our business, require notification to customers or workers of a security breach, restrict our use or storage of personal information, or cause changes in customer purchasing behavior which may make our business more costly, less efficient or impossible to conduct, and may require us to modify our current or future products or services, which may make customers less likely to purchase our products and may harm our future financial results. Additionally, any actual or alleged noncompliance with these laws and regulations could result in negative publicity and subject us to investigations, claims or other remedies, including demands that we modify or cease existing business practices, and expose us to significant fines, penalties and other damages. We have incurred, and may continue to incur, significant expenses to comply with existing privacy and security standards and protocols imposed by law, regulation, industry standards or contractual obligations.","2026-03-13T05:34:53.300731Z","2021-09-08",0.7742,"Product Liability",182,"Product Liability",11.619,"INTU_2021_RISK_055","LEGAL AND COMPLIANCE RISKS","LEGAL AND COMPLIANCE RISKS","","INTU","2026-03-13T05:34:53.300742Z"
1678,"1",374,"Competitive, Operational and Reputational Risks
Positively and effectively managing our public image and reputation is critical to our business success, and, if our public image and reputation are damaged, it could negatively impact our relationships with our customers, vendors and store associates and specialists and, consequently, our business and results of operations.","2026-03-13T05:35:00.415206Z","2021-03-22",0.8903,"Non-ESG",183,"Non-ESG",6.751,"LOW_2021_RISK_010","Competitive, Operational and Reputational Risks","","","LOW","2026-03-13T05:35:00.415215Z"
1679,"1",1567,"REGULATORY AND LEGISLATIVE RISKS
We completed our PTC implementation prior to the December 31, 2020 deadline. PTC is designed to prevent train-to-train collisions, speed-related derailments, and certain other accidents caused by human error, but it will not prevent all types of train accidents or incidents. The PTC system will continue to result in additional operating costs and capital expenditures, and may result in increased claims and litigation costs. Our operations are subject to extensive federal and state environmental laws and regulations concerning, among other things: emissions to the air; discharges to waterways or groundwater supplies; handling, storage, transportation, and disposal of waste and other materials; and, the cleanup of hazardous material or petroleum releases. The risk of incurring environmental liability, for acts and omissions, past, present, and future, is inherent in the railroad business. This risk includes property owned by us, whether currently or in the past, that is or has been subject to a variety of uses, including our railroad operations and other industrial activity by past owners or our past and present tenants. Environmental problems that are latent or undisclosed may exist on these properties, and we could incur environmental liabilities or costs, the amount and materiality of which cannot be estimated reliably at this time, with respect to one or more of these properties. Moreover, lawsuits and claims involving other unidentified environmental sites and matters are likely to arise from time to time.","2026-03-13T05:35:27.042789Z","2022-02-04",0.8758,"Pollution & Waste",184,"Pollution & Waste",26.277,"NSC_2022_RISK_002","REGULATORY AND LEGISLATIVE RISKS","REGULATORY AND LEGISLATIVE RISKS","","NSC","2026-03-13T05:35:27.042797Z"
1680,"1",1379,"Business Operations
Our ability to manufacture, distribute and sell products is critical to our operations.  These activities are subject to inherent risks such as natural disasters, power outages, fires or explosions, labor strikes, terrorism, epidemics, pandemics (including the ongoing COVID-19 pandemic), import restrictions, regional economic, business, environmental or political events, governmental regulatory requirements or nongovernmental voluntary actions in response to global climate change or other concerns regarding the sustainability of our business, which could disrupt our supply chain and impair our ability to manufacture or sell our products.  This interruption, if not mitigated in advance or otherwise effectively managed, could adversely impact our business, financial condition and results of operations, as well as require additional resources to address. In addition, third parties manufacture some of our products and provide certain administrative services.  Disruptions or delays at these third-party manufacturers or service providers due to the reasons above or the failure of these manufacturers or service providers to otherwise satisfactorily perform, could adversely impact our operations, sales, payments to our suppliers, employees, and others, and our ability to report financial and management information on a timely and accurate basis.","2026-03-13T05:36:05.380558Z","2022-02-10",0.4458,"Non-ESG",185,"Non-ESG",37.968,"KMB_2022_RISK_015","Business Operations","Business Operations","","KMB","2026-03-13T05:36:05.380569Z"
1681,"1",704,"Our investments in and acquisitions of health care and seniors housing properties may be unsuccessful or fail to meet our expectations
Acquired properties may be located in new markets, either within or outside the United States, where we may face risks associated with a lack of market knowledge or understanding of the local economy, lack of business relationships in the area, costs associated with opening a new regional office and unfamiliarity with local governmental and permitting procedures. As a result, we cannot assure you that we will achieve the economic benefit we expect from acquisitions, investment, development and redevelopment opportunities and may lead to impairment of such assets.","2026-03-13T05:36:12.770473Z","2022-02-16",0.9809,"Non-ESG",186,"Non-ESG",7.033,"WELL_2022_RISK_015","Our investments in and acquisitions of health care and seniors housing properties may be unsuccessful or fail to meet our expectations","Risks Arising from Our Business","","WELL","2026-03-13T05:36:12.770486Z"
1682,"1",812,"Acquisitions, investments, divestitures and other strategic transactions could result in operating difficulties and other negative consequences.
We may fund strategic transactions with (1) cash, which would reduce cash available for other corporate purposes, (2) debt, which would increase our interest expense and leverage and/or (3) equity which would dilute current shareholders’ percentage ownership and also dilute our earnings per share. We also may divest or sell assets or a business and we may have difficulty selling such assets or business on acceptable terms in a timely manner. This could result in a delay in the achievement of our strategic objectives, cause us to incur additional expense, or the sale of such assets or business at a price or on terms that are less favorable than we anticipated.","2026-03-13T05:36:21.488468Z","2021-05-26",0.9686,"Non-ESG",187,"Non-ESG",8.346,"EA_2021_RISK_014","Acquisitions, investments, divestitures and other strategic transactions could result in operating difficulties and other negative consequences.","STRATEGIC RISKS","","EA","2026-03-13T05:36:21.488479Z"
1683,"1",1384,"Cybersecurity threats continue to increase in frequency and sophistication; a successful cybersecurity attack could interrupt or disrupt our information technology systems, or those of our third-party service providers, or cause the loss of confidential or protected data which could disrupt our business, force us to incur excessive costs or cause reputational harm.
The techniques used by cybercriminals change frequently, may not be recognized until launched and can originate from a wide variety of sources, including outside groups such as external service providers, organized crime affiliates, terrorist organizations or hostile foreign governments or agencies. We cannot assure that our data protection efforts and our investment in information technology will prevent significant breakdowns, data leakages or breaches in our systems or those of our third-party services providers or partners. Any such interruption or breach of our systems could adversely affect our business operations and/or result in the loss of critical or sensitive confidential information or intellectual property, and could result in financial, legal, business and reputational harm to us. We maintain cyber liability insurance; however, this insurance may not be sufficient to cover the financial, legal, business or reputational losses that may result from an interruption or breach of our systems.","2026-03-13T05:36:29.923181Z","2021-12-10",0.8615,"Product Liability",188,"Product Liability",7.914,"COO_2021_RISK_016","Cybersecurity threats continue to increase in frequency and sophistication; a successful cybersecurity attack could interrupt or disrupt our information technology systems, or those of our third-party service providers, or cause the loss of confidential or protected data which could disrupt our business, force us to incur excessive costs or cause reputational harm.","Risks Relating to Our Business","","COO","2026-03-13T05:36:29.923192Z"
1684,"1",1632,"Risks Related to Regulation and Litigation
We are subject to income and other taxes, primarily in the U.S. and Canada, based upon the jurisdictions in which our sales and profits are determined to be earned and taxed. Federal, state, and foreign statutory tax rates and taxing regimes have been subject to significant change and continue to evolve. Our interpretation of current tax laws and their applicability to our business, as well as any changes to existing laws, can significantly impact our effective tax rate and deferred tax balances. In particular, recent proposals brought forth by the new U.S. presidential administration include increases to federal income tax rates that, if enacted, could have a material impact to our financial results. We are also subject to regular reviews, examinations, and audits by the Internal Revenue Service (“IRS”) and other taxing authorities with respect to taxes within and outside of the U.S. Although we believe our tax estimates are reasonable, the final outcome of tax controversies could result in material incremental tax liabilities, including interest and penalties. Our effective tax rate is also influenced by the geography, timing, nature, and magnitude of transactions, such as acquisitions and divestitures, restructuring activities, and impairment charges. Our operations are subject to various regulations and laws, in addition to tax laws, administered by federal, state, and local government agencies in the U.S. as well as to regulations and laws administered by government agencies in Canada and other countries in which we have operations and our products are sold.","2026-03-13T05:36:35.455285Z","2021-06-17",0.9287,"Non-ESG",189,"Non-ESG",5.074,"SJM_2021_RISK_048","Risks Related to Regulation and Litigation","Financial Risks","","SJM","2026-03-13T05:36:35.455308Z"
1685,"1",875,"We Have a Limited Number of Key Customers
Sales to a limited number of large customers constitute a significant portion of our overall revenue, shipments, cash flows, collections, and profitability. As a result, the actions of even one customer may subject us to variability in those areas that is difficult to predict. In addition, large customers may be able to negotiate requirements that result in decreased pricing, increased costs, and/or lower margins for us; compliance with specific environmental, social, and corporate governance standards; and limitations on our ability to share technology with others. Similarly, significant portions of our credit risk may, at any given time, be concentrated among a limited number of customers so that the failure of even one of these key customers to pay its obligations to us could significantly impact our financial results.","2026-03-13T05:36:47.285919Z","2021-08-17",0.9726,"Non-ESG",190,"Non-ESG",11.454,"LRCX_2021_RISK_017","We Have a Limited Number of Key Customers","INDUSTRY AND CUSTOMER RISKS","","LRCX","2026-03-13T05:36:47.285942Z"
1686,"1",426,"Our ability to attract and retain senior professionals, qualified financial advisors and other associates is critical to the continued success of our business.
If the broker-dealers from whom we recruit new financial advisors prevent, or significantly limit, the transfer of client data, our recruiting efforts may be adversely affected and we could continue to experience claims against us relating to our recruiting efforts.","2026-03-13T05:36:56.643274Z","2021-11-23",0.5978,"Non-ESG",191,"Human Capital",8.892,"RJF_2021_RISK_034","Our ability to attract and retain senior professionals, qualified financial advisors and other associates is critical to the continued success of our business.","RISKS RELATED TO OUR BUSINESS AND INDUSTRY","","RJF","2026-03-13T05:36:56.643283Z"
1687,"1",259,"Risks Related to Our Human Capital
Significant changes in pension fund investment performance or assumptions relating to pension costs may have a material effect on the valuation of pension obligations, the funded status of pension plans and our pension cost.","2026-03-13T05:37:04.105610Z","2022-02-10",0.9717,"Non-ESG",192,"Human Capital",7.047,"CE_2022_RISK_061","Risks Related to Our Human Capital","Risks Related to Our Human Capital","","CE","2026-03-13T05:37:04.105620Z"
1688,"1",1887,"Risk Factors
Our business, operating results, financial condition, and cash flows may be affected by a number of factors including, but not limited to those set forth below. Any one of these factors could cause our actual results to vary materially from recent results or future anticipated results. See also Item 7. Management’s Discussion and Analysis — “Executive Overview of the Business” and “Results of Operations”. COVID-19 Pandemic RisksOur business and operations, and the operations of our suppliers, have been, and may in the future be adversely affected by epidemics or pandemics such as the COVID-19 pandemic outbreak. We may face risks related to health epidemics and pandemics or other outbreaks of communicable diseases. The global spread of COVID-19 has created significant volatility, uncertainty and economic disruption, including significant volatility in the capital markets. The extent to which the COVID-19 pandemic impacts our business, operations, financial results and the trading price of our common stock will depend on numerous evolving factors that we may not be able to accurately predict, as there are no comparable recent events that provide guidance as to the potential effect of the spread of a global pandemic. These include: the duration and scope and possible resurgence of the pandemic or continued emergence of new strains of COVID-19, such as the Delta and Omicron variants; the availability of an effective vaccine and the speed with which it is administered to the public; governmental, business individuals' actions that have been and continue to be taken in response to the pandemic (including mitigation efforts such as stay at home and other social distancing orders) and the impact of the pandemic on economic activity and actions taken in response (including stimulus efforts such as the Families First Coronavirus Act and the CARES Act).","2026-03-13T05:37:12.151610Z","2022-02-11",0.5212,"Non-ESG",193,"Non-ESG",7.651,"HUBB_2022_RISK_001","Risk Factors","Risk Factors","","HUBB","2026-03-13T05:37:12.151621Z"
1689,"1",1964,"Financial Risks
We may experience impairments of goodwill or other intangible assets. As of December 31, 2021, our consolidated balance sheet included goodwill of $648.6 million and other intangible assets of $307.5 million. Our business acquisitions typically result in goodwill and other intangible assets, which affect the amount of future period amortization expense and possible impairment expense. We make estimates and assumptions in valuing such intangible assets that affect our consolidated financial statements. In accordance with U.S. GAAP, our goodwill and indefinite-lived intangible assets are not amortized, but are evaluated for impairment annually in the fourth quarter, or more frequently if events or changes in circumstances indicate that an asset might be impaired. The evaluation may be based on valuation models that estimate fair value. In preparing the valuation models, we consider a number of factors, including operating results, business plans, economic conditions, future cash flows, and transaction and market data. There are inherent uncertainties related to these factors and our judgment in applying them to the impairment analyses. The significant estimates and assumptions within our fair value models include sales growth, controllable cost growth, perpetual growth, effective tax rates, and discount rates. Our assessments to date have indicated that there has been no impairment of these assets. Should any of these estimates or assumptions change, or should we incur lower-than-expected operating performance or cash flows, including from a prolonged economic slowdown, we may experience a triggering event that requires a new fair value assessment for our reporting units, possibly prior to the required annual assessment. These types of events and resulting analysis could result in impairment charges for goodwill and other indefinite-lived intangible assets if the fair value estimate declines below the carrying value.","2026-03-13T05:37:27.642685Z","2022-02-11",0.978,"Non-ESG",194,"Non-ESG",15.08,"MTD_2022_RISK_027","Financial Risks","Financial Risks","","MTD","2026-03-13T05:37:27.642695Z"
1690,"1",1889,"TECHNOLOGY RISKS
In addition, a cyber attack or any other significant compromise or breach of our data security, media reports about such an incident, whether accurate or not, or, under certain circumstances, our failure to make adequate or timely disclosures to the public, law enforcement agencies or affected individuals following any such event, whether due to delayed discovery or a failure to follow existing protocols, could adversely impact our operating results and result in other negative consequences, including damage to our reputation or competitiveness, harm to our relationships with customers, partners, suppliers and other third parties, distraction to our management, remediation or increased protection costs, significant litigation or regulatory action, fines and penalties. Given the increased prevalence of customer-imposed cybersecurity controls and other related contractual obligations towards customers or other third parties, a cyber attack or other security incident also could result in breach of contract or indemnity claims against us by customers or other counterparties. While we currently maintain cybersecurity insurance, such insurance may not be sufficient in type or amount to cover us against claims related to cybersecurity breaches or attacks, failures or other data security-related incidents, and we cannot be certain that cyber insurance will continue to be available to us on economically reasonable terms, or at all, or that an insurer will not deny coverage as to any future claim. The successful assertion of one or more large claims against us that exceed available insurance coverage, or the occurrence of changes in our insurance policies, including premium increases or the imposition of large deductible or co-insurance requirements, could materially and adversely affect our results of operations, cash flows, and financial condition.","2026-03-13T05:37:33.390070Z","2022-02-11",0.6404,"Product Liability",195,"Product Liability",5.367,"BKR_2022_RISK_056","TECHNOLOGY RISKS","TECHNOLOGY RISKS","","BKR","2026-03-13T05:37:33.390079Z"
1691,"1",153,"Operational Risks
The loss of the services of our key management and personnel could adversely affect our ability to successfully operate our businesses.","2026-03-13T05:37:37.976145Z","2023-03-01",0.9295,"Non-ESG",196,"Human Capital",4.176,"VST_2023_RISK_116","Operational Risks","Operational Risks","","VST","2026-03-13T05:37:37.976167Z"
1692,"1",283,"REPUTATION RISKS
•Damage to Fifth Third’s reputation could harm its business.•Fifth Third is subject to environmental, social and governance (“ESG”) risks that could adversely affect its reputation, the trading price of its common stock and/or its business, operations, and earnings.","2026-03-13T05:38:02.793735Z","2022-02-25",0.4385,"Business Ethics & Values",197,"Non-ESG",24.356,"FITB_2022_RISK_007","REPUTATION RISKS","REPUTATION RISKS","","FITB","2026-03-13T05:38:02.793761Z"
1693,"1",1699,"Legislative and regulatory changes in the environments in which we and our clients operate
As a business, we are subject to numerous laws and regulations in the U.S. and in the other countries in which we operate. These laws, rules, and regulations, and their interpretations, may change in the future or conflict, and compliance with these changes may increase our costs or cause us to make changes in or otherwise limit our business practices. In addition, the global nature and scope of our business operations make it more difficult to monitor areas that may be subject to regulatory and compliance risk. If we fail to comply with any applicable law, rule, or regulation, we could be subject to claims and fines and suffer reputational damage. Uncertainty caused by political change globally, and complex relationships across countries, including the U.S. and nations in Europe and Asia, heightens the risk of regulatory uncertainty. Many of our clients operate within a highly regulated environment and must comply with governmental legislation and regulations. The U.S. regulators have increased their focus on the regulation of the financial services industry. Increased regulation of our clients may increase their expenses, causing them to seek to limit or reduce their costs from outside services such as ours. Additionally, if our clients are subjected to investigations or legal proceedings they may be adversely impacted, possibly leading to their liquidation, bankruptcy, receivership, reduction in assets under management, or diminished operations, which would adversely affect our revenue. Recent regulatory changes that we believe might materially impact us and our clients include:","2026-03-13T05:38:18.145355Z","2021-10-22",0.3897,"Business Ethics & Values",198,"Business Ethics & Values",14.851,"FDS_2021_RISK_027","Legislative and regulatory changes in the environments in which we and our clients operate","Legal & Regulatory Risks","","FDS","2026-03-13T05:38:18.145366Z"
1694,"1",1601,"Legal and Regulatory Risks
We currently have approximately 1,450 employees who are represented by unions and covered by collective bargaining agreements and approximately 18,950 employees who are not represented by unions. Various unions occasionally seek to organize certain of our nonunion employees. Union organizing efforts or collective bargaining negotiations could potentially lead to work stoppages and/or slowdowns or strikes by certain of our employees, which could adversely affect our ability to serve our customers. Further, settlement of actual or threatened labor disputes or an increase in the number of our employees covered by collective bargaining agreements can have unknown effects on our labor costs, productivity and flexibility.  Under the collective bargaining agreements that we have signed, we are obligated to contribute to several multiemployer pension plans on behalf of some of our unionized employees. A multiemployer pension plan is a plan that covers the union-represented workers of various unrelated companies. Under the Employee Retirement Income Security Act, a contributing employer to an underfunded multiemployer plan is liable, generally upon withdrawal from a plan, for its proportionate share of the plan's unfunded vested liability. We currently have no intention of withdrawing from any multiemployer plan. However, there can be no assurance that we will not withdraw from one or more multiemployer plans in the future and be required to pay material amounts of withdrawal liability if one or more of those plans are underfunded at the time of withdrawal.","2026-03-13T05:38:21.447830Z","2022-01-26",0.9835,"Human Capital",199,"Human Capital",2.884,"URI_2022_RISK_077","Legal and Regulatory Risks","Legal and Regulatory Risks","","URI","2026-03-13T05:38:21.447846Z"
1695,"1",1985,"Risks Related to Operating in the Electronic Fixed-Income Trading Markets
The electronic financial services industry is characterized by rapidly changing and increasingly complex technologies and systems, changing and increasingly sophisticated client demands (including access to new technologies, functionalities and markets), frequent technology and service introductions, evolving industry standards, changing regulatory requirements and new business models. If we are not able to keep pace with changing market conditions or client demands and if our competitors release new functionality or technology before we do, our existing platforms, solutions and technologies may become obsolete or our competitive position may be materially harmed, each of which could have a material adverse effect on our business, financial condition and results of operations. Operating in a rapidly evolving industry involves a high degree of risk and our future success depends in part on our ability to: •attract and retain market participants on our platforms on a cost-effective basis; •expand and enhance reliable and cost-effective product and service offerings for our clients; •develop and introduce new features to, and new versions of, our electronic trading platforms;•respond effectively to competitive pressures; •respond effectively to the loss of any of our significant broker-dealer or institutional investor clients, including due to merger, consolidation, bankruptcy, liquidation or other cause (including, among other things, the collection of any amounts due from such clients); •operate, support, expand and develop our operations, technology, website, software, communications and other systems; •defend our trading platforms and other systems from cybersecurity threats; and•respond to regulatory changes or demands. If we are unsuccessful in addressing these risks or in executing our business strategy, our business, financial condition and results of operations may suffer.","2026-03-13T05:39:01.187988Z","2022-02-23",0.9659,"Non-ESG",200,"Non-ESG",39.262,"MKTX_2022_RISK_013","Risks Related to Operating in the Electronic Fixed-Income Trading Markets","","","MKTX","2026-03-13T05:39:01.187996Z"
1696,"1",1898,"Business and Strategic Risks
We generally sell our products and services in industries that are characterized by rapid technological changes, frequent new product introductions and changing industry standards. If we do not develop innovative new and enhanced products and services on a timely basis, our offerings will become obsolete over time and our business and financial statements will suffer. Our success depends on several factors, including our ability to:•correctly identify customer needs and preferences and predict future needs and preferences;•allocate our R&D funding to products and services with higher growth prospects;•anticipate and respond to our competitors’ development of new products and services and technological innovations;•differentiate our offerings from our competitors’ offerings and avoid commoditization;•innovate and develop new technologies and applications, and acquire or obtain rights to third-party technologies that may have valuable applications in our served markets;•obtain adequate intellectual property rights with respect to key technologies before our competitors do;•successfully commercialize new technologies in a timely manner, price them competitively and cost-effectively manufacture and deliver sufficient volumes of new products of appropriate quality on time;•obtain necessary regulatory approvals of appropriate scope (including with respect to medical device products by demonstrating satisfactory clinical results where applicable as well as achieving third-party reimbursement); and•stimulate customer demand for and convince customers to adopt new technologies. If we fail to accurately predict future customer needs and preferences or fail to produce viable technologies, we may invest heavily in R&D of products and services that do not lead to significant revenue, which would adversely affect our business and financial statements.","2026-03-13T05:39:27.750390Z","2023-02-22",0.9769,"Non-ESG",201,"Non-ESG",26.135,"DHR_2023_RISK_011","Business and Strategic Risks","Business and Strategic Risks","","DHR","2026-03-13T05:39:27.750400Z"
1697,"1",1178,"Operational Risks
Our operations are conducted globally. Accordingly, we are subject to regulatory, legal, economic, and market risks associated with global operations and sourcing, including:•difficulties in staffing and managing our offices, and overseeing joint venture operations and compliance in disparate jurisdictions, including due to unexpected inflation (including wage inflation) or job turnover, and the increased travel, infrastructure, and legal and compliance costs and risks associated with multiple international locations;•hyperinflation in certain countries;•conflicting regulations across the countries in which we do business;•imposition of investment requirements or other restrictions by governments in certain countries;•longer payment cycles;•greater difficulties in collecting accounts receivable;•insufficient demand for our services in certain jurisdictions;•our ability to execute effective and efficient cross-border sourcing of services on behalf of our clients;•the reliance on or use of third parties to perform services on behalf of the Company;•disparate tax regimes;•restrictions on the import and export of technologies; and•trade barriers.","2026-03-13T05:40:01.340470Z","2022-02-18",0.9705,"Non-ESG",202,"Non-ESG",33.147,"AON_2022_RISK_061","Operational Risks","Operational Risks","","AON","2026-03-13T05:40:01.340479Z"
1698,"1",337,"Risks Related to Development, Clinical Testing and Regulation of Our Products and Product Candidates
Clinical trials and the development of biopharmaceutical products is a lengthy and complex process. If we fail to adequately manage our clinical activities, our clinical trials or potential regulatory approvals may be delayed or denied.","2026-03-13T05:40:06.727406Z","2022-02-03",0.9805,"Non-ESG",203,"Non-ESG",4.934,"BIIB_2022_RISK_101","Risks Related to Development, Clinical Testing and Regulation of Our Products and Product Candidates","Risks Related to Intellectual Property","","BIIB","2026-03-13T05:40:06.727414Z"
1699,"1",269,"Risks Related to Market Dynamics and Volatility
Our revenues and profitability would be adversely affected by any reduction in AUM as a result of either a decline in market value of such assets or net outflows, which would reduce the investment management fees we earn.","2026-03-13T05:40:10.913600Z","2022-02-18",0.9913,"Non-ESG",204,"Non-ESG",3.609,"IVZ_2022_RISK_004","Risks Related to Market Dynamics and Volatility","Risk Factors","","IVZ","2026-03-13T05:40:10.913616Z"
1700,"1",1652,"Risks Relating to the Registered Shares
Additionally, Swiss law grants existing shareholders preemptive rights to subscribe for newly issued shares and advance subscription rights to subscribe for convertible and similar financial instruments. Preemptive rights and advance subscription rights may be limited or withdrawn only for valid reasons. In connection with share issuances based on the capital band and the conditional share capital, the preemptive rights and the advance subscription rights may only be limited or withdrawn for the reasons specified in the Article of Association. Swiss law also does not provide as much flexibility in the various terms that can attach to different classes of shares. Further, Swiss law also reserves for approval by shareholders many corporate actions, including the declaration and approval of  dividend distributions under certain circumstances. These Swiss law requirements relating to our capital management may limit our flexibility to swiftly implement certain initiatives or strategies, and situations may arise where greater flexibility would have provided substantial benefits to our shareholders. Further, we are required, from time to time, to evaluate the carrying amount of our investments in affiliates, as presented on our Swiss standalone balance sheet. If we determine that the carrying amount of any such investment exceeds its fair value, we may conclude that such investment is impaired. Any recognized loss associated with such a non-cash impairment could result in our net assets no longer covering our statutory share capital and statutory capital reserves. Under Swiss law, if our net","2026-03-13T05:40:15.749011Z","2024-02-22",0.9854,"Corporate Governance",205,"Corporate Governance",4.352,"BG_2024_RISK_065","Risks Relating to the Registered Shares","Risks Relating to the Registered Shares","","BG","2026-03-13T05:40:15.749020Z"
1701,"1",207,"Competition
Decreased availability or increased costs of raw materials or energy supplies or other supplies might increase our production costs or limit our production capabilities or curtail our operations.","2026-03-13T05:40:26.382608Z","2021-05-28",0.9839,"Non-ESG",206,"Non-ESG",10.125,"STE_2021_RISK_037","Competition","Competition","","STE","2026-03-13T05:40:26.382618Z"
1702,"1",226,"Risks Relating to Credit and Capital Markets, Our Credit Rating, Borrowings and Dividends
The declaration, payment and amount of dividends is made at the discretion of our board of directors and depends on a number of factors.","2026-03-13T05:40:32.694159Z","2022-01-27",0.7932,"Corporate Governance",207,"Corporate Governance",5.553,"MKC_2022_RISK_049","Risks Relating to Credit and Capital Markets, Our Credit Rating, Borrowings and Dividends","","","MKC","2026-03-13T05:40:32.694172Z"
1703,"1",1761,"Environmental Risks:
The new interpretations could require modified compliance plans such as different methods of CCR unit closure. Additionally, more stringent remediation requirements for units that are in corrective action or forced to go into corrective action could result in substantial costs or operational impacts. In January 2022, the EPA announced changes following a tour by the EPA administrator conducted in the second half of 2021 to address issues in communities that are marginalized, underserved and overburdened by pollution. These changes will include additional unannounced inspections of suspected non-compliant facilities, deploying new assets to monitor air pollution and a general increase in overall monitoring and oversight. The EPA's announcement focused on industries in Louisiana, Mississippi and Texas but includes similar agency-wide action in parallel. The Evergy Companies have multiple power plants located in communities that would be considered a higher priority by the EPA based on existing demographics. These sites could be subject to additional monitoring and unannounced inspections in the future. Environmental permits are subject to periodic renewal, which may result in more stringent permit conditions and limits. New facilities, or modifications of existing facilities, may require new environmental permits or amendments to existing permits. Delays in the environmental permitting process, public opposition and challenges, denials of permit applications, limits or conditions imposed in permits and the associated uncertainty may materially adversely affect the cost and timing of projects, and thus materially adversely affect the results of operations, financial position and cash flows of the Evergy Companies.","2026-03-13T05:41:10.065032Z","2022-02-25",0.6152,"Climate Change",208,"Pollution & Waste",36.91,"EVRG_2022_RISK_008","Environmental Risks:","Environmental Risks:","","EVRG","2026-03-13T05:41:10.065041Z"
1704,"1",1982,"Risks Related to our Global Operations
In addition, we may be impacted by the ability of our non-U.S. subsidiaries to dividend or otherwise transfer cash among our subsidiaries due to currency exchange control regulations, transfer pricing regulations and potentially adverse tax consequences, among other factors. We cannot predict the extent to which these social, geopolitical and economic risks may impact our business and operating results and that of our co-investment ventures, but their impact may include the following:•existing customers and potential customers of our logistics facilities may be adversely affected by the decrease in economic activity, changes in regulation or disruptions in the supply chain, which in turn could disrupt their business and their ability to enter into new leasing transactions or satisfy rental payments;•government, labor or other restrictions may prevent us from completing the development or leasing of properties currently under development or making our properties ready for our customers to move in;•our ability to recover our investments in real estate assets may be impacted by current market conditions;•increases in material costs as a result of labor shortages and supply chain disruptions may make the development of properties more costly than we originally budgeted or impact transportation routes of our suppliers or our customers; and•our workforce, including our executives, may become ill or have difficulty working remotely, caring for our properties and/or customers creating inefficiencies, delays or disruptions in our business. Any prolonged economic downturn, disruption in the financial markets or public health crises may also impact our ability to access capital markets to issue debt or equity securities and to complete real estate transactions at attractive pricing or at all. These items may materially and adversely affect our financial condition, results of operations, cash flows and real estate values.","2026-03-13T05:41:37.532997Z","2024-02-13",0.5138,"Non-ESG",209,"Non-ESG",27.007,"PLD_2024_RISK_004","Risks Related to our Global Operations","Risks Related to our Global Operations","","PLD","2026-03-13T05:41:37.533007Z"
1705,"1",1973,"RESEARCH AND DEVELOPMENT
R&D is at the heart of fulfilling our purpose to deliver breakthroughs that change patients’ lives as we work to translate advanced science and technologies into the therapies that may be the most impactful for patients. The discovery and development of drugs, vaccines and biological products are time consuming, costly and unpredictable. In addition to discovering and developing new products, our R&D efforts seek to add value to our existing products by improving their effectiveness and ease of dosing and by discovering potential new indications. Our R&D Priorities and Strategy. Our R&D priorities include:•delivering a pipeline of highly differentiated medicines and vaccines where we have a unique opportunity to bring the most important new therapies to patients in need;•advancing our capabilities that can position us for long-term R&D leadership; and•advancing new models for partnerships with creativity, flexibility and urgency to deliver innovation to patients as quickly as possible. To that end, our R&D primarily focuses on our main therapeutic areas. While a significant portion of our R&D is internal, we also seek promising chemical and biological lead molecules and innovative technologies developed by others to incorporate into our discovery and development processes or projects, as well as our product lines. We do so by entering into collaboration, alliance and license agreements with universities, biotechnology companies and other firms as well as through acquisitions and investments. These collaboration, alliance and license agreements and investments allow us to share knowledge, risk and cost. They also enable us to access external scientific and technological expertise, as well as provide us the opportunity to advance our own products and in-licensed or acquired products. For information on certain of these collaborations, alliances and license arrangements and investments, see Note 2. Our R&D Operations.","2026-03-13T05:41:54.771788Z","2022-02-24",0.475,"Non-ESG",210,"Product Liability",16.757,"PFE_2022_RISK_008","RESEARCH AND DEVELOPMENT","RESEARCH AND DEVELOPMENT","","PFE","2026-03-13T05:41:54.771800Z"
1706,"1",1906,"Our crop nutrient business is seasonal and varies based on application rates, which may result in carrying significant amounts of inventory and seasonal variations in working capital, and our inability to predict future seasonal crop nutrient demand accurately may result in excess inventory or product shortages.
The use of crop nutrients is seasonal and varies based on application rates. Farmers tend to apply crop nutrients during two short application periods, the strongest one in the spring, before planting, and the other in the fall, after harvest. As a result, the strongest demand for our products typically occurs during the spring planting season, with a second period of strong demand following the fall harvest. In contrast, we and other crop nutrient producers generally produce our products throughout the year. As a result, we and/or our customers generally build inventories during the low demand periods of the year in order to ensure timely product availability during the peak sales seasons. The seasonality of crop nutrient demand results in our sales volumes and net sales typically being the highest during the North American spring season and our working capital requirements typically being the highest just prior to the start of the spring season. Our quarterly financial results can vary significantly from one year to the next due to weather-related shifts in planting schedules and purchasing patterns. If seasonal demand exceeds our projections, we will not have enough product and our customers may acquire products from our competitors, which would negatively impact our profitability. If seasonal demand is less than we expect, we will be left with excess inventory and higher working capital and liquidity requirements. The degree of seasonality of our business can change significantly from year to year due to conditions in the agricultural industry and other factors.","2026-03-13T05:42:04.561212Z","2022-02-23",0.9828,"Non-ESG",211,"Non-ESG",9.37,"MOS_2022_RISK_004","Our crop nutrient business is seasonal and varies based on application rates, which may result in carrying significant amounts of inventory and seasonal variations in working capital, and our inability to predict future seasonal crop nutrient demand accurately may result in excess inventory or product shortages.","Operational Risks","","MOS","2026-03-13T05:42:04.561222Z"
1707,"1",997,"Risks Relating to Our Businesses
A change in our Health Care Benefits product mix may adversely affect our profit margins. Our Insured Health Care Benefits products that involve greater potential risk generally tend to be more profitable than our ASC products. Historically, smaller employer groups have been more likely to purchase Insured Health Care Benefits products because such purchasers are generally unable or unwilling to bear greater liability for health care expenditures, although over the last several years even relatively small employers have moved to ASC products. We also serve, and expect to grow our business with, government-sponsored programs, including Medicare and Medicaid, that are subject to competitive bids and have lower profit margins than our Commercial Insured Health Care Benefits products. A shift of enrollees from more profitable products to less profitable products could have a material adverse effect on the Health Care Benefits segment’s operating results.","2026-03-13T05:42:29.133043Z","2022-02-09",0.9757,"Non-ESG",212,"Non-ESG",23.989,"CVS_2022_RISK_031","Risks Relating to Our Businesses","Risks Relating to Our Businesses","","CVS","2026-03-13T05:42:29.133053Z"
1708,"1",315,"Natural Gas (CenterPoint Energy and CERC)
Natural Gas is subject to fluctuations in natural gas prices, which could affect the ability of its suppliers and customers to meet their obligations or may impact its operations which could adversely affect CERC’s financial condition, results of operations and cash flows.","2026-03-13T05:42:34.211895Z","2023-02-17",0.9915,"Non-ESG",213,"Non-ESG",4.568,"CNP_2023_RISK_024","Natural Gas (CenterPoint Energy and CERC)","Risk Factors Affecting Operations","","CNP","2026-03-13T05:42:34.211906Z"
1709,"1",1054,"Risks Related to Our Operations, Manufacturing, and Technology
Certain of our key raw material purchase contracts include variable pricing terms, which are driven by underlying indices for certain commodities, including aluminum, steel, and natural gas, among others. Fluctuations in such underlying commodity indices may increase our raw material costs. Additionally, an increase in price levels generally, such as inflation related to the cost of raw materials, key manufacturing equipment, labor, and logistics services, could adversely impact our profitability. From time to time, we may utilize derivative hedging instruments to mitigate price changes related to our raw materials or key manufacturing equipment. Our profitability could be adversely impacted if we are unable to effectively hedge such prices or pass these cost increases through to our customers. We often forward price our products in anticipation of future cost reductions, and thus, an inability to execute our cost reduction roadmap could adversely affect our operating results.","2026-03-13T05:42:44.922926Z","2022-03-01",0.9749,"Non-ESG",214,"Non-ESG",10.245,"FSLR_2022_RISK_045","Risks Related to Our Operations, Manufacturing, and Technology","Risks Related to Our Operations, Manufacturing, and Technology","","FSLR","2026-03-13T05:42:44.922936Z"
1710,"1",440,"Risks Related to Our Industry and Business Operations
Contamination of water supplies or our water service provided to our customers could result in service limitations and interruptions and exposure to substances not typically found in potable water supplies, and could subject us and our subsidiaries to reductions in usage and other responsive obligations, government enforcement actions, damage to our reputation and private litigation.","2026-03-13T05:43:46.208906Z","2022-02-16",0.9718,"Natural Capital",215,"Natural Capital",60.795,"AWK_2022_RISK_031","Risks Related to Our Industry and Business Operations","","","AWK","2026-03-13T05:43:46.208916Z"
1711,"1",222,"Risks Related to our Business, Operations and Strategy
Our restructuring program may not be successful or we may not fully realize the expected cost savings and/or operating efficiencies from our restructuring initiatives.","2026-03-13T05:43:52.409904Z","2022-02-25",0.9914,"Non-ESG",216,"Non-ESG",5.647,"ZBH_2022_RISK_004","Risks Related to our Business, Operations and Strategy","Risks Related to our Business, Operations and Strategy","","ZBH","2026-03-13T05:43:52.409922Z"
1712,"1",678,"Regulatory, Legislative and Legal
The Company is subject to the jurisdiction of various regulatory agencies, including the STB, FRA, PHMSA, TSA, EPA and other state, provincial and federal regulatory agencies for a variety of economic, health, safety, labor, environmental, tax, legal and other matters. New or modified rules or regulations by these agencies could increase the Company's operating costs, adversely impact revenue or reduce operating efficiencies and affect service performance. Noncompliance with applicable laws or regulations could erode public confidence in the Company and can subject the Company to fines, penalties and other legal or regulatory sanctions.","2026-03-13T05:43:58.680951Z","2022-02-16",0.7593,"Business Ethics & Values",217,"Business Ethics & Values",5.677,"CSX_2022_RISK_004","Regulatory, Legislative and Legal","Regulatory, Legislative and Legal","","CSX","2026-03-13T05:43:58.680961Z"
1713,"1",1901,"Our Capital Structure Risks
The phasing out of LIBOR may affect our financial results. LIBOR and certain other interest “benchmarks” are subject to regulatory guidance and reform that have caused and may in the future cause interest rates under our current or future debt agreements to perform differently than in the past or cause other unanticipated consequences. Following announcements by the United Kingdom’s Financial Conduct Authority, which regulates LIBOR, and ICE Benchmark Administration Limited, which administers LIBOR publication, publication of most LIBOR settings ceased after December 31, 2021. While publication of the remaining U.S. dollar LIBOR settings is expected to cease after June 30, 2023, U.S., European Union and U.K. regulators have discouraged use of LIBOR for any new contracts entered into after year-end 2021. We have already transitioned certain foreign LIBOR rates used in our Line of Credit that were discontinued at year-end 2021. While there are other rates that have gained market acceptance as alternatives to LIBOR, the Alternative Reference Rates Committee, a steering committee comprised of U.S. financial market participants, selected SOFR as the recommended alternative to U.S. dollar LIBOR. SOFR is a broad measure of the cost of borrowing cash overnight collateralized by U.S. Treasury securities, and the Federal Reserve Bank of New York started to publish the SOFR in April 2018. The discontinuation, reform or replacement of LIBOR or any other benchmark rates may have an unpredictable impact on contractual mechanics in the credit markets or cause disruption to the broader financial markets and could have an adverse effect on LIBOR-based interest rates on our current or future debt obligations. Specifically, significant portions of the market for new LIBOR-based transactions could experience materially reduced liquidity or pricing transparency.","2026-03-13T05:44:07.692641Z","2022-02-18",0.9077,"Non-ESG",218,"Non-ESG",8.462,"VTR_2022_RISK_083","Our Capital Structure Risks","Our Capital Structure Risks","","VTR","2026-03-13T05:44:07.692651Z"
1714,"1",165,"Financial Risks
Impairment of the carrying value of our goodwill or other intangible assets could adversely affect our financial condition and results of operations.","2026-03-13T05:44:11.703108Z","2022-02-17",0.9918,"Non-ESG",219,"Non-ESG",3.543,"TSCO_2022_RISK_056","Financial Risks","Financial Risks","","TSCO","2026-03-13T05:44:11.703117Z"
1715,"1",1614,"We have a substantial amount of indebtedness and other obligations, including streaming content obligations, which could adversely affect our financial position.
Our substantial indebtedness and other obligations, including streaming content obligations, may:•make it difficult for us to satisfy our financial obligations, including making scheduled principal and interest payments on our Notes and our other obligations;•limit our ability to borrow additional funds, if needed, for working capital, capital expenditures, acquisitions or other general business purposes;•increase our cost of borrowing;•limit our ability to use our cash flow or obtain additional financing for future working capital, capital expenditures, acquisitions or other general business purposes;•require us to use a substantial portion of our cash flow from operations to make debt service payments and pay our other obligations when due;•limit our flexibility to plan for, or react to, changes in our business and industry;•place us at a competitive disadvantage compared to our less leveraged competitors; and•increase our vulnerability to the impact of adverse economic and industry conditions, including changes in interest rates and foreign exchange rates. Our streaming obligations include large multi-year commitments. As a result, we may be unable to react to any downturn in the economy or reduction in our cash flows from operations by reducing our streaming content obligations in the near-term. This could result in our needing to access the capital markets at an unfavorable time, which may negatively impact our stock price.","2026-03-13T05:44:20.025494Z","2022-01-27",0.9873,"Non-ESG",220,"Non-ESG",7.947,"NFLX_2022_RISK_038","We have a substantial amount of indebtedness and other obligations, including streaming content obligations, which could adversely affect our financial position.","Risks Related to Liquidity","","NFLX","2026-03-13T05:44:20.025508Z"
1716,"1",1922,"Financial risks
Since early 2020, the COVID-19 pandemic has significantly impacted economic activity and markets throughout the world. The extent and duration of adverse impacts that the COVID-19 pandemic (including new and emerging strains and variants) or any future major public health crisis may have on our operations and business, including demand for the commodities we produce, and on global financial markets remains uncertain. Our business and results of operations could be adversely affected if significant portions of our workforce are unable to work effectively, including because of illness, quarantines, government actions or other restrictions. Despite our efforts to manage the impacts of the pandemic, there can be no assurance that our actions will be effective in containing and mitigating the risk of spread or a major outbreak of COVID-19 (or any future major public health crisis) at our operating sites. Additionally, although several vaccines for COVID-19 have been approved, there are risks that these vaccines will not be effective against new and emerging strains and variants of the virus and that these vaccines may not be widely available or accepted in the areas in which we operate. A major outbreak of COVID-19 (or any future major public health crisis) at any of our operating sites, and particularly at PT-FI’s remote operating site, could disrupt or change our operating plans, which may have a material adverse effect on our business and results of operations. Actions taken by governmental authorities and third parties to contain and mitigate the risk of spread of COVID-19 (and those that may be taken for any future major public health crisis) have impacted and may in the future negatively impact our business. For example, in mid-March 2020, the Peru government issued a Supreme Decree and declaration of a National Emergency in its efforts to contain the outbreak of COVID-19.","2026-03-13T05:44:32.299919Z","2022-02-15",0.9606,"Human Capital",221,"Human Capital",11.747,"FCX_2022_RISK_015","Financial risks","Financial risks","","FCX","2026-03-13T05:44:32.299934Z"
1717,"1",2037,"Legal Regulations and Compliance Risks
Agricultural production and trade flows are subject to government policies, mandates, regulations, and trade agreements, including taxes, tariffs, duties, subsidies, incentives, foreign exchange rates, and import and export restrictions, including policies related to genetically modified organisms, traceability standards, sustainable practices, product safety and labeling, renewable fuels, and low carbon fuel mandates. These policies can influence the planting of certain crops; the location and size of crop production; whether unprocessed or processed commodity products are traded; the volume and types of imports and exports; the availability and competitiveness of feedstocks as raw materials; the viability and volume of production of certain of the Company’s products; and industry profitability. For example, changes in government policies or regulations of ethanol and biodiesel including, but not limited to, changes in the Renewable Fuel Standard program under the Energy Independence and Security Act of 2007 in the United States, including the treatment of small refinery exemptions, can have an impact on the Company’s operating results. International trade regulations can adversely affect agricultural commodity trade flows by limiting or disrupting trade between countries or regions. Regulations of financial markets and instruments, including the Dodd-Frank Act, Consumer Protection Act, and the European Market Infrastructure Regulation, create uncertainty and may lead to additional risks and costs, and could adversely affect the Company’s futures commission merchant business and its agricultural commodity risk management practices. Future government policies may adversely affect the supply of, demand for, and prices of the Company’s products; adversely affect the Company’s ability to deploy adequate hedging programs; restrict the Company’s ability to do business in its existing and target markets; and adversely affect the Company’s revenues and operating results.","2026-03-13T05:44:43.863889Z","2022-02-17",0.752,"Climate Change",222,"Climate Change",11.15,"ADM_2022_RISK_015","Legal Regulations and Compliance Risks","Legal Regulations and Compliance Risks","","ADM","2026-03-13T05:44:43.863899Z"
1718,"1",1026,"We May Have Difficulty in or Complications from Marketing and Distributing Our Products
Our product distributors may suspend, alter, reduce or terminate their distribution relationships with us if we change our strategy, if our business performance declines, as a result of rating agency actions or concerns about market-related risks, or for other reasons. Our distributors may merge, change their business models in ways that affect us, or terminate their distribution contracts with us, and new distribution channels could emerge, harming our distribution efforts. Distributors may try to renegotiate the terms of any existing selling agreements to less favorable terms due to consolidation or other industry changes or for other reasons. Disruption or changes to our relationships with our distributors could harm our ability to market our products. Our employees or unaffiliated firms or agents may distribute our products in an inappropriate manner, or our customers may not understand them or whether they are suitable.","2026-03-13T05:44:58.042194Z","2022-02-18",0.8789,"Non-ESG",223,"Non-ESG",13.8,"MET_2022_RISK_056","We May Have Difficulty in or Complications from Marketing and Distributing Our Products","Our Associates May Take Excessive Risks","","MET","2026-03-13T05:44:58.042205Z"
1719,"1",158,"RISKS RELATING TO OUR FINANCIAL RESULTS
Changes in tax laws or regulations could adversely affect our results of operations, business and financial condition.","2026-03-13T05:45:02.302630Z","2024-02-13",0.962,"Non-ESG",224,"Non-ESG",3.808,"INCY_2024_RISK_100","RISKS RELATING TO OUR FINANCIAL RESULTS","RISKS RELATING TO OUR FINANCIAL RESULTS","","INCY","2026-03-13T05:45:02.302639Z"
1720,"1",1160,"Credit, Liquidity and Market Risks
Our U.S. bank subsidiary, AENB, accepts deposits and uses the proceeds as a source of funding, with our direct retail deposits becoming a larger proportion of our funding over time. We continue to face strong competition with regard to deposits, and pricing and product changes may adversely affect our ability to attract and retain cost-effective deposit balances. To the extent we offer higher interest rates to attract or maintain deposits, our funding costs will be adversely impacted. Our ability to obtain deposit funding and offer competitive interest rates on deposits is also dependent on AENB’s capital levels. The FDIA’s brokered deposit provisions and related FDIC rules in certain circumstances prohibit banks from accepting or renewing brokered deposits and apply other restrictions, such as a cap on interest rates that can be paid. Additionally, our regulators can adjust applicable capital requirements at any time and have authority to place limitations on our deposit businesses. An inability to attract or maintain deposits in the future could materially adversely affect our ability to fund our business.","2026-03-13T05:45:22.823068Z","2023-02-10",0.9823,"Non-ESG",225,"Non-ESG",20.04,"AXP_2023_RISK_094","Credit, Liquidity and Market Risks","Credit, Liquidity and Market Risks","","AXP","2026-03-13T05:45:22.823076Z"
1721,"1",396,"Our indebtedness could adversely affect our financial health and could harm our ability to react to changes to our business and prevent us from fulfilling our obligations under our indebtedness.
If we cannot service our debt, we will have to take actions such as reducing or delaying capital investments, selling assets, restructuring or refinancing our debt or seeking additional equity capital.","2026-03-13T05:45:39.410510Z","2021-11-16",0.9863,"Non-ESG",226,"Non-ESG",16.117,"TDG_2021_RISK_012","Our indebtedness could adversely affect our financial health and could harm our ability to react to changes to our business and prevent us from fulfilling our obligations under our indebtedness.","Risks Related to our Strategy","","TDG","2026-03-13T05:45:39.410543Z"
1722,"1",1361,"Properties
(a)See Schedule III: Real Estate and Accumulated Depreciation in our consolidated financial statements included in this Annual Report on Form 10-K, for a summary of land, building, accumulated depreciation, square footage, and number of properties by market. At December 31, 2021, 11 of our facilities with a net book value of $66 million were encumbered by an aggregate of $23 million in mortgage notes payable. The configuration of self-storage facilities has evolved over time. The oldest facilities are comprised generally of multiple single-story buildings, and have on average approximately 500 primarily “drive up” spaces per facility, and a small rental office. The most prevalent recently constructed facilities have higher density footprints with large, multi-story buildings with climate control and 1,000 or more self-storage spaces, a more imposing and visible retail presence, and a prominent and large rental office designed to appeal to customers as an attractive and retail-focused “store.” Our self-storage portfolio includes facilities with characteristics of the oldest facilities, characteristics of the most recently constructed facilities, and those with characteristics of both older and recently constructed facilities. Most spaces have between 25 and 400 square feet and an interior height of approximately eight to 12 feet.","2026-03-13T05:46:08.617338Z","2022-02-22",0.9925,"Climate Change",227,"Non-ESG",28.8,"PSA_2022_RISK_035","Properties","Properties","","PSA","2026-03-13T05:46:08.617349Z"
1723,"1",1948,"Legal and Regulatory Risks
Changes to these and other areas in relation to international tax reform, including future actions taken by foreign governments in response to the Tax Act, could increase uncertainty and may adversely affect our tax rate and cash flow in future years. Our income and non-income tax filings are subject to review or audit by the Internal Revenue Service and state, local and foreign taxing authorities. We exercise significant judgment in determining our worldwide provision for income taxes and, in the ordinary course of our business, there may be transactions and calculations where the ultimate tax determination is uncertain. We may also be liable for potential tax liabilities of businesses we acquire, including future taxes payable related to the transition tax on earnings from their foreign operations, if any, under the Tax Act. Although we believe our tax estimates are reasonable, the final determination in an audit may be materially different than the treatment reflected in our historical income tax provisions and accruals. An assessment of additional taxes because of an audit could adversely affect our income tax provision and net income in the periods for which that determination is made. In July 2017, the Hungarian Tax Authority (HTA) issued a final assessment against our Hungarian subsidiary (Synopsys Hungary) for fiscal years 2011 through 2013. The HTA has applied withholding taxes on certain payments made to affiliates, resulting in an aggregate tax assessment of approximately $25.0 million and interest and penalties of $11.0 million. We paid the tax assessments, penalties and interest in the first quarter of fiscal 2018 as required by law and recorded these amounts as prepaid taxes on our balance sheet. On April 30, 2019, the Hungarian Administrative Court (the Administrative Court) ruled against Synopsys Hungary. We filed an appeal with the Hungarian Supreme Court on July 5, 2019.","2026-03-13T05:46:24.644592Z","2021-12-13",0.929,"Non-ESG",228,"Non-ESG",15.588,"SNPS_2021_RISK_054","Legal and Regulatory Risks","Legal and Regulatory Risks","","SNPS","2026-03-13T05:46:24.644606Z"
1724,"1",244,"Risks Related to the Operation of NRG's Business
NRG's business, financial condition and results of operations could be adversely impacted by strikes or work stoppages by its unionized employees or inability to replace employees as they retire.","2026-03-13T05:46:29.750981Z","2022-02-24",0.8465,"Human Capital",229,"Human Capital",4.522,"NRG_2022_RISK_056","Risks Related to the Operation of NRG's Business","","","NRG","2026-03-13T05:46:29.750992Z"
1725,"1",2373,"Insurance-Related Risks
Examples of such claims and coverage issues include, but are not limited to:•judicial expansion of policy coverage and the impact of new or expanded theories of liability;•plaintiffs targeting insurers in purported class action litigation relating to claims handling and other practices;•claims relating to construction defects, which often present complex coverage and damage valuation questions;•claims related to data and network security breaches, information system failures or cyber events, including cases where coverage was not intended to be provided; •the assertion of “public nuisance” or similar theories of liability, pursuant to which plaintiffs, including governmental entities, seek to recover monies spent to administer public health care programs, abate hazards to public health and safety and/or recover damages purportedly attributable to a “public nuisance,” such as litigation against lead paint manufacturers or manufacturers or distributors of opioids;•claims related to liability, business interruption or workers’ compensation arising out of infectious disease or pandemic;•claims related to vaccine mandates, testing protocols or other matters related to employees returning to the workplace;•claims relating to abuse by an employee or a volunteer of an insured;•claims that link health issues to particular causes (for example, cumulative traumatic head injury from sports or other causes), resulting in liability or workers’ compensation claims;•claims alleging that one or more of our underwriting criteria have a disparate impact on persons belonging to a protected class in violation of the law, including the Fair Housing Act;•claims arising out of modern techniques and practices used in connection with the extraction of natural resources, such as hydraulic fracturing or wastewater injection;•claims arising out of the use of personal property in commercial transactions, such as ride or home sharing;•claims against fiduciaries of retirement plans, including allegations regarding excessive fees;•claims relating to unanticipated consequences of current or new technologies or business models or processes, including as a result of related behavioral changes; and•claims relating to changing climate conditions, including claims alleging that our policyholders cause or contribute to changing climate conditions.","2026-03-13T05:47:01.934434Z","2022-02-17",0.9568,"Human Capital",230,"Non-ESG",31.62,"TRV_2022_RISK_013","Insurance-Related Risks","Insurance-Related Risks","","TRV","2026-03-13T05:47:01.934444Z"
1726,"1",1753,"The COVID-19 pandemic has subjected our business, operations and financial condition to a number of risks, and those risks may intensify or last for an extended period of time.
This expanded risk increases the complexity of our business and places significant responsibility on our management, employees, operations, systems, technical expertise, financial resources, and internal financial and regulatory control and reporting functions. In addition, new initiatives we test through trials and pilots may not scale or grow effectively or as we expected, which could limit our growth and negatively affect our operating results. They may also involve significant laws or regulations that are beyond our current expertise. In fiscal 2021 we continued to invest in our health strategy and our underlying purpose to enrich lives through technology. The new health-related services offered might expose us to liability risk resulting from failures in the fulfillment of these services. In addition, the services and systems used could expose us to customer data privacy and information security risks, as well as business or system interruption risks. These and other related issues could have a material adverse impact on our financial results. Our focus on services as a strategic priority exposes us to certain risks that could have a material adverse impact on our revenue and profitability as well as our reputation. We offer a full range of services that complement our product offerings, including consultation, delivery, design, installation, memberships, protection plans, repair, set-up, technical support, and health, safety and caregiving monitoring and support. Designing, marketing and executing these services is subject to incremental risks.","2026-03-13T05:48:15.931963Z","2021-03-19",0.8457,"Product Liability",231,"Community Relations",73.38,"BBY_2021_RISK_011","The COVID-19 pandemic has subjected our business, operations and financial condition to a number of risks, and those risks may intensify or last for an extended period of time.","External Risks","","BBY","2026-03-13T05:48:15.931972Z"
1727,"1",1947,"Legal Proceedings
On June 30, 2015, the U.S. Department of Justice (""DOJ"") issued a Civil Investigative Demand (""CID"") to the Company. The CID sought information and documents about the Company’s capacity from January 2010 to the date of the CID, including public statements and communications with third parties about capacity. In June 2015, the Company also received a letter from the Connecticut Attorney General requesting information about capacity. The Company is cooperating fully with the DOJ CID and the state inquiry. Further, on July 1, 2015, a complaint was filed in the United States District Court for the Southern District of New York on behalf of putative classes of consumers alleging collusion among the Company, American Airlines, Delta Air Lines, and United Airlines to limit capacity and maintain higher fares in violation of Section 1 of the Sherman Act. Since then, a number of similar class action complaints were filed in the United States District Courts for the Central District of California, the Northern District of California, the District of Columbia, the Middle District of Florida, the Southern District of Florida, the Northern District of Georgia, the Northern District of Illinois, the Southern District of Indiana, the Eastern District of Louisiana, the District of Minnesota, the District of New Jersey, the Eastern District of New York, the Southern District of New York, the Middle District of North Carolina, the District of Oklahoma, the Eastern District of Pennsylvania, the Northern District of Texas, the District of Vermont, and the Eastern District of Wisconsin. On October 13, 2015, the Judicial Panel on Multi-District Litigation centralized the cases to the United States District Court in the District of Columbia. On March 25, 2016, the plaintiffs filed a Consolidated Amended Complaint in the consolidated cases alleging that the defendants conspired to restrict capacity from 2009 to present.","2026-03-13T05:48:30.204015Z","2022-02-07",0.3821,"Business Ethics & Values",232,"Business Ethics & Values",13.866,"LUV_2022_RISK_069","Legal Proceedings","Legal Proceedings","","LUV","2026-03-13T05:48:30.204035Z"
1728,"1",1608,"Cyberattacks, equipment failures, natural disasters and terrorist acts may materially adversely affect our operations.
Cyberattacks, major equipment failures or natural disasters, such as flooding, hurricanes and forest fires, whether caused by discrete severe weather events and/or precipitated by long-term climate change and earthquakes, software problems, data and privacy breaches, terrorist acts or other breaches of network or IT security that affect our networks, including software and switches, microwave links, third-party-owned local and long-distance networks on which we rely, our cell sites or other equipment, our satellites, our customer account support and information systems, or employee and business records could have a material adverse effect on our operations. Our wired network in particular is becoming increasingly reliant on software as it evolves to handle increasing demands for video transmission. While we have been subject to security incidents or cyberattacks, these did not result in a material adverse effect on our operations. However, as such attacks continue to increase in scope and frequency, we may be unable to prevent a significant attack in the future. Our inability to deploy or operate our networks or customer support systems or protect sensitive personal information of customers or employees or valuable technical and marketing information could result in significant expenses, potential legal liability, a loss of current or future customers and reputation damage, any of which could have a material adverse effect on our operations and financial condition.","2026-03-13T05:49:16.714268Z","2022-02-16",0.8686,"Product Liability",233,"Product Liability",45.92,"T_2022_RISK_026","Cyberattacks, equipment failures, natural disasters and terrorist acts may materially adversely affect our operations.","Company-Specific Financial Factors:","","T","2026-03-13T05:49:16.714279Z"
1729,"1",145,"Operational Risks
Natural disasters, terrorist activities or other significant events could adversely affect our operations or financial results.","2026-03-13T05:49:21.301791Z","2021-11-12",0.9772,"Non-ESG",234,"Non-ESG",4.133,"ATO_2021_RISK_025","Operational Risks","Operational Risks","","ATO","2026-03-13T05:49:21.301799Z"
1730,"1",1739,"The evolution of technologies or internet practices and behaviors, the adoption of substitute technologies, or wholesale price increases of domain names in our TLDs may materially and negatively impact the demand for the domain names for which we are the registry operator.
Some registrars and registrants purchase and resell domain names at an increased price. Adverse changes in the resale value of domain names, changes in the business models for such domain name registrars and registrants, or other factors, including regulations limiting the resale of domain names, could result in a decrease in the demand and/or renewal rates for domain names in our TLDs. Some registrars and registrants seek to generate revenues by registering domain names specifically for website advertising. Changes in the way these registrars and registrants are compensated (including changes in methodologies and metrics) by advertisers and advertisement placement networks, such as Google, Baidu and Bing, have adversely affected, and may continue to adversely affect the market for domain names used for this purpose, which has resulted in, and may continue to result in, a decrease in demand and/or the renewal rate for such domain names. In addition, if spending on online advertising and marketing is reduced, this may result in a further decline in the demand for domain names used for this purpose. Under the terms of the .com and .net Registry Agreements, as amended, we are permitted to increase the annual fee of each .com and .net domain name registration or renewal according to the provisions in these agreements. To the extent we increase our prices, there could be a decrease in the demand and/or renewal rates for .com or .net domain names.","2026-03-13T05:55:25.336876Z","2022-02-18",0.9691,"Non-ESG",235,"Non-ESG",15.494,"VRSN_2022_RISK_034","The evolution of technologies or internet practices and behaviors, the adoption of substitute technologies, or wholesale price increases of domain names in our TLDs may materially and negatively impact the demand for the domain names for which we are the registry operator.","RISK FACTORS","","VRSN","2026-03-13T05:55:25.336888Z"
1731,"1",1064,"Risks Relating to Our Business Model and Strategy
The equity markets in the U.S. were extremely volatile due to the COVID-19 pandemic and due to the unpredictability of the recovery of the United States economy as a result of the pandemic and  due to government and other responses thereto.  Market volatility has contributed to and may continue to contribute to fluctuations in the Company’s stock price. We have equity hedges in place to protect the Company from exposure to market risk related to future payout of equity-based compensation awards. However, because these hedges also net settle on a cash basis quarterly, we have been and may in the future be required to make cash payments at those quarterly settlement dates and the amounts of those payments are difficult to during periods of extreme volatility in the equity markets. These cash payments may ultimately be offset by payments to us from the hedge counterparties or reductions in expected payouts to employees when those equity hedges finally fully settle and the related equity awards pay out.","2026-03-13T05:55:40.984075Z","2021-07-23",0.8949,"Non-ESG",236,"Human Capital",15.249,"DRI_2021_RISK_059","Risks Relating to Our Business Model and Strategy","Risks Relating to Our Business Model and Strategy","","DRI","2026-03-13T05:55:40.984088Z"
1732,"1",1028,"Product liability claims, product recalls and field service actions could have a material adverse effect on our reputation, business, results of operations and financial condition and we may have difficulty obtaining product liability and other insurance coverage.
Coverage typically depends on the year of purported exposure and other factors. Nonetheless, we intend to vigorously defend our position against these claims. Teledyne Brown Engineering, Inc. and other Teledyne companies manufacture components for customers in the nuclear power market, including utilities and certain governmental entities. Certain liabilities associated with such products are covered by the Price-Anderson Nuclear Industries Indemnity Act and other statutory and common law defenses, and we have received indemnities from some of our customers. However, there is no assurance we will not face product liability claims related to such products or that our exposure will not exceed the amounts for which we have liability coverage or protection.","2026-03-13T05:56:37.521580Z","2021-02-26",0.8274,"Non-ESG",237,"Product Liability",56.11,"TDY_2021_RISK_038","Product liability claims, product recalls and field service actions could have a material adverse effect on our reputation, business, results of operations and financial condition and we may have difficulty obtaining product liability and other insurance coverage.","Risks Related to Our Business and Industry","","TDY","2026-03-13T05:56:37.521604Z"
1733,"1",629,"General Risks
We use a fleet of trucks and other vehicles to deliver the majority of the products we sell. We are subject to the risks associated with providing delivery services, including inclement weather, disruptions in the transportation infrastructure, governmental regulation, availability and price of fuel, liabilities arising from accidents to the extent we are not covered by insurance, insurance premium increases, and ability to hire drivers. In addition, our failure to deliver products in a timely and accurate manner could harm our reputation and brand, which could have a material adverse effect on our business.","2026-03-13T05:56:48.608234Z","2022-02-25",0.887,"Non-ESG",238,"Non-ESG",10.559,"LKQ_2022_RISK_093","General Risks","General Risks","","LKQ","2026-03-13T05:56:48.608245Z"
1734,"1",642,"We Face Risks Associated with the Handling of Customer Inventory
As a multinational corporation, Expeditors is subject to formal or informal investigations from governmental authorities or others in the countries in which we do business. In addition, we may become subject to civil litigation with our customers, service providers and other parties with whom we do business. These investigations and litigation may require significant management time and could cause us to incur substantial additional legal and related costs, which may include fines, penalties or damages that could have a materially adverse impact on our financial results.","2026-03-13T05:57:27.068381Z","2022-03-15",0.7879,"Non-ESG",239,"Business Ethics & Values",38.012,"EXPD_2022_RISK_016","We Face Risks Associated with the Handling of Customer Inventory","","","EXPD","2026-03-13T05:57:27.068390Z"
1735,"1",1945,"Risks related to our indebtedness
In addition, the 2020 Credit Agreement requires us to comply with a maintenance covenant that we will not exceed a total net leverage ratio, calculated as total consolidated debt, net of up to $1.0 billion of unrestricted cash and cash equivalents, to consolidated EBITDA, of 4.50 to 1.00. The operating restrictions and financial covenants in the 2020 Credit Agreement may limit our ability to finance future operations or capital needs, to engage in other business activities or to respond to changes in market conditions. Our ability to comply with any financial covenants could be affected materially by events beyond our control, and we may be unable to satisfy any such requirements. If we fail to comply with these covenants, we may need to seek waivers or amendments of such covenants, seek alternative or additional sources of financing or reduce our expenditures. We may be unable to obtain such waivers, amendments or alternative or additional financing on a timely basis or at all, or on favorable terms. A breach of the covenants under the 2020 Credit Agreement or the indenture that governs the Senior Notes could result in an event of default under the applicable indebtedness. Such a default may allow the creditors to accelerate the related debt and may result in the acceleration of any other debt to which a cross-acceleration provision applies. In the event the holders of the Senior Notes or our other debt accelerate the repayment of our borrowings, we and our subsidiaries may not have sufficient assets to repay that indebtedness. Our borrowings under the 2020 Credit Agreement will carry a variable interest rate based on the Euro Interbank Offered Rate (“EURIBOR”) or the London Interbank Offered Rate (“LIBOR”) as a benchmark for establishing the rate of interest. LIBOR is the subject of recent national, international and other regulatory guidance and proposals for reform. The U.K.","2026-03-13T05:57:34.091582Z","2022-02-23",0.978,"Non-ESG",240,"Non-ESG",6.648,"CSGP_2022_RISK_038","Risks related to our indebtedness","Risks related to our indebtedness","","CSGP","2026-03-13T05:57:34.091593Z"
1736,"1",1951,"Oversight of Risk and Related Processes
Climate change may impact the economy, which could impact our sales and revenues. The price of energy has an impact on the economic health of our communities. The cost of additional regulatory requirements, such as regulation of GHG, could impact the availability of goods and prices charged by our suppliers which would normally be borne by consumers through higher prices for energy and purchased goods. To the extent financial markets view climate change and emissions of GHGs as a financial risk, this could negatively affect our ability to access capital markets or cause us to receive less than ideal terms and conditions. We have committed to a number of long-term climate change goals, which in part are dependent on future technologies not currently in existence. Given the long-term nature of these goals, there is an inherent uncertainty due to internal and external factors regarding our ability to achieve our stated climate change goals. To the extent climate change goals are not met, this could negatively impact our reputation and potentially result in financial risk. Severe weather impacts our service territories, primarily when thunderstorms, flooding, tornadoes, wildfires and snow or ice storms occur. Extreme weather conditions in general require system backup and can contribute to increased system stress, including service interruptions. Extreme weather conditions creating high energy demand may raise electricity prices, increasing the cost of energy we provide to our customers. To the extent the frequency of extreme weather events increases, this could increase our cost of providing service. Periods of extreme temperatures could impact our ability to meet demand. Changes in precipitation resulting in droughts or water shortages could adversely affect our operations. Drought conditions also contribute to the increase in wildfire risk from our electric generation facilities.","2026-03-13T05:57:56.257498Z","2022-02-23",0.9917,"Climate Change",241,"Climate Change",21.655,"XEL_2022_RISK_025","Oversight of Risk and Related Processes","Oversight of Risk and Related Processes","","XEL","2026-03-13T05:57:56.257506Z"
1737,"1",1842,"The effects of the COVID-19 pandemic adversely affected our business operations, financial condition and results of operations, and there are no assurances adverse effects will not continue.
The extent to which the effects of the COVID-19 pandemic will continue to impact our business, operations, financial condition and results of operations will depend on numerous evolving factors that we may not be able to control or predict, including:•the duration and scope of the COVID-19 pandemic; •the extent and effectiveness of responsive actions by authorities and the impact of these and other factors on our employees, customers and vendors;•difficulty in adding new customers due to inability to gain direct access;•the rate of spending on server and storage solutions, including delays in prospective customers’ purchasing decisions and delays in the provisioning of our products;•the rate at which our suppliers develop and release new components such as microprocessors and memory;•the rate at which our customers can perform acceptance testing or qualify our products, particularly if they contain new technologies;•the length of heightened unemployment and economic recession pressures;•the health impact of the pandemic on our employees, including key personnel;•the impact on the liquidity of our sales partners and end customers, including lengthening of customers payment terms and potential bankruptcies;•our continued ability to execute on business continuity plans for the maintenance of our critical business processes and managing our liquidity and access to credit facilities on terms acceptable to us;•availability of and fluctuations in the cost of materials, logistics and labor; and•erosion of economic activity by small and medium size business or sectors to which we are exposed through OEMs and indirect sales channels.","2026-03-13T05:58:07.413867Z","2021-08-27",0.8645,"Non-ESG",242,"Non-ESG",10.798,"SMCI_2021_RISK_011","The effects of the COVID-19 pandemic adversely affected our business operations, financial condition and results of operations, and there are no assurances adverse effects will not continue.","Operational and Execution Risks","","SMCI","2026-03-13T05:58:07.413878Z"
1738,"1",1808,"Risks Related to our Business, Operations and Industry
If we fail to predict demand accurately for our products or if the markets for our products change, we may be unable to meet demand or we may have insufficient demand, which may materially adversely affect our financial condition and results of operations.•Changes in demand for computer systems, data storage subsystems and consumer electronic devices may in the future cause a decline in demand for our products, or an increase in demand for our products that we are unable to meet.•We have a long and unpredictable sales cycle for nearline storage solutions, which impairs our ability to accurately predict our financial and operating results in any period and may adversely affect our ability to forecast the need for investments and expenditures.•We experience seasonal declines in the sales of our consumer products during the second half of our fiscal year which may adversely affect our results of operations.•We may not be successful in our efforts to grow our systems, SSD and Lyve revenues.•Our worldwide sales operations subject us to risks that may adversely affect our business related to disruptions in international markets, currency exchange fluctuations, increased costs, and global health outbreaks.•The ongoing COVID-19 pandemic has impacted our business, operating results and financial condition, as well as the operations and financial performance of many of the customers and suppliers in industries that we serve. We are unable to predict the extent to which the pandemic and related effects will adversely impact our business operations, financial performance, results of operations, financial position and the achievement of our strategic objectives.•If we do not control our costs, we will not be able to compete effectively.","2026-03-13T05:58:51.322461Z","2022-08-05",0.9835,"Non-ESG",243,"Non-ESG",43.519,"STX_2022_RISK_003","Risks Related to our Business, Operations and Industry","Risks Related to our Business, Operations and Industry","","STX","2026-03-13T05:58:51.322472Z"
1739,"1",1834,"Industry and Market Risks
While Grainger attempts to maintain sufficient inventory levels to meet quickly shifting customer demand patterns and supplier lead time requirements, which may become extended due to the pandemic demand increase, the Company cannot be certain it will be able to accurately predict demand or lead times, which might cause it to be unable to service customer demand or expose it to risks of product shortages. This uncertainty caused Grainger to acquire excess inventory, which led to additional inventory carrying costs and inventory obsolescence, and similar results may occur in the future. For example, in each of its first two fiscal quarters of 2021 as discussed in its corresponding Quarterly Reports on Form 10-Q, the Company had pandemic-related inventory adjustments in the U.S. business (part of High-Touch Solutions N.A.) on certain non-core SKUs, which were selling below cost based on then current market-relevant pricing. From time to time, product shortages have also required the Company to procure products from new suppliers or through brokers with whom it has a limited or no prior relationship. Despite due diligence and product compliance protocols, the products from these sources may not be delivered on a timely basis or at all, or their quality may not be as represented, all of which could cause Grainger to incur costs, including the expense of procuring alternate products or recalling or replacing products in addition to reputational and other adverse impacts to Grainger’s business. Moreover, global outbreaks such as the COVID-19 pandemic have resulted in a widespread health crisis that has adversely affected and could continue to adversely affect the economies of many countries, resulting in a global or regional economic downturn or recession and supply chain challenges.","2026-03-13T05:59:06.946676Z","2022-02-23",0.9209,"Non-ESG",244,"Non-ESG",15.122,"GWW_2022_RISK_004","Industry and Market Risks","Industry and Market Risks","","GWW","2026-03-13T05:59:06.946696Z"
1740,"1",179,"Risks Related to our Business, Industry and Partners
Increases in our effective tax rate and exposure to additional tax liabilities may adversely impact our results of operations.","2026-03-13T05:59:15.439374Z","2021-12-03",0.9883,"Non-ESG",245,"Non-ESG",8.044,"ADI_2021_RISK_020","Risks Related to our Business, Industry and Partners","Risks Related to our Business, Industry and Partners","","ADI","2026-03-13T05:59:15.439382Z"
1741,"1",1004,"RISKS RELATED TO OUR BUSINESS
Our growth strategy includes the pursuit of targeted inorganic growth opportunities that we believe will provide a strategic fit, leverage operational synergies, and lead to incremental earnings accretion. For example, in September 2023 we closed on our acquisition of My Choice Wisconsin and in January 2024 we closed on the acquisition of Bright Health Medicare. The integration of acquired businesses with our existing business is a complex, costly and time-consuming process. The success of acquisitions we make will depend, in part, on our ability to successfully combine our existing business with such acquired businesses and realize the anticipated benefits, including synergies, cost savings, growth in earnings, innovation, and operational efficiencies, from the combinations. If we are unable to achieve these objectives within the anticipated time frame, or at all, the anticipated benefits may not be fully realized, or may take longer to realize than expected.","2026-03-13T06:00:26.884293Z","2024-02-13",0.9702,"Non-ESG",246,"Corporate Governance",71.03,"MOH_2024_RISK_012","RISKS RELATED TO OUR BUSINESS","RISKS RELATED TO OUR BUSINESS","","MOH","2026-03-13T06:00:26.884303Z"
1742,"1",1079,"OXY 2021 FORM 10-K 13
Occidental is exposed to cyber-related risks. The oil and gas industry is increasingly dependent on digital and industrial control technologies to conduct certain exploration, development and production activities. Occidental relies on digital and industrial control systems, related infrastructure, technologies and networks to run its business and to control and manage its oil and gas, chemicals, marketing and pipeline operations. Use of the internet, cloud services, mobile communication systems and other public networks exposes Occidental’s business and that of other third parties with whom Occidental does business to cyber attacks. Cyber attacks on businesses have escalated in recent years. Information and industrial control technology system failures, network disruptions and breaches of data security could disrupt our operations by causing delays, impeding processing of transactions and reporting financial results, leading to the unintentional disclosure of company, partner, customer or employee information or could damage our reputation.","2026-03-13T06:00:36.224609Z","2022-02-24",0.8907,"Product Liability",247,"Product Liability",8.967,"OXY_2022_RISK_035","OXY 2021 FORM 10-K 13","OXY 2021 FORM 10-K 13","","OXY","2026-03-13T06:00:36.224620Z"
1743,"1",1453,"Risks Related to Human Capital
Our quarterly financial results may fluctuate significantly and could fail to meet investors’ expectations for various reasons, including: negative publicity about the safety of our food, employment-related issues, litigation or other issues involving our restaurants; fluctuations in supply costs, particularly for our most significant ingredients, and our inability to offset the higher cost with price increases without adversely impacting guest traffic; labor availability and wages of restaurant management and employees; increases in marketing or promotional expenses; the timing of new restaurant openings and related revenues and expenses, and the operating costs at newly opened restaurants; the impact of inclement weather and natural disasters, such as freezes and droughts, which could decrease guest traffic and increase the costs of ingredients; the amount and timing of stock-based compensation;litigation, settlement costs and related legal expenses; tax expenses, asset impairment charges and non-operating costs; andvariations in general economic conditions, including the impact of declining interest rates on our interest income. As a result of any of these factors, results for any one quarter are not necessarily indicative of results to be expected for any other quarter or for any year. Average restaurant sales or comparable restaurant sales in any particular future period may decrease.","2026-03-13T06:01:06.603079Z","2022-02-11",0.8246,"Human Capital",248,"Non-ESG",29.924,"CMG_2022_RISK_034","Risks Related to Human Capital","Risks Related to Human Capital","","CMG","2026-03-13T06:01:06.603090Z"
1744,"1",564,"Risks Related to Our Business and Industry
Real estate investments are relatively illiquid. Our ability to quickly sell or exchange any of our properties in response to changes in economic and other conditions will be limited. No assurances can be given that we will recognize full value, at a price and at terms that are acceptable to us, for any property that we are required to sell for liquidity reasons. Our inability to respond rapidly to changes in the performance of our investments could adversely affect our financial condition and results of operations.","2026-03-13T06:01:14.999971Z","2022-02-23",0.9812,"Non-ESG",249,"Non-ESG",8.089,"O_2022_RISK_037","Risks Related to Our Business and Industry","Risks Related to Our Business and Industry","","O","2026-03-13T06:01:14.999981Z"
1745,"1",1332,"Dividends paid by REITs generally do not qualify for reduced tax rates.
Subject to limited exceptions, dividends paid by REITs (other than distributions designated as capital gain dividends, qualified dividends or returns of capital) are not eligible for reduced rates for qualified dividends paid by “C” corporations and are taxable at ordinary income tax rates.  Under the Tax Cuts and Jobs Act of 2017 (“the TCJA”), however, domestic shareholders that are individuals, trusts, and estates generally may deduct up to 20% of the ordinary dividends (e.g., dividends not designated as capital gain dividends or qualified dividend income) received from a REIT for taxable years beginning after December 3, 2017, and before January 1, 2026.  The impact of the TCJA could have adverse tax consequences on certain of our investors by effectively increasing their federal tax rate on dividends paid by REITs.  Although these rules do not adversely affect the taxation of REITs or dividends payable by REITs, investors who are individuals, trusts and estates may perceive investments in REITs to be relatively less attractive than investments in the stocks of non-REIT corporations that pay dividends, which may adversely affect the value of the shares of REITs, including the per share trading price of the Parent Company's capital stock.","2026-03-13T06:03:21.116359Z","2022-02-17",0.9612,"Corporate Governance",250,"Non-ESG",125.771,"REG_2022_RISK_044","Dividends paid by REITs generally do not qualify for reduced tax rates.","isk Factors","","REG","2026-03-13T06:03:21.116368Z"
1746,"1",1439,"Risks Related to Our Real Estate Investments and Operations
or joint ventures or additional equity by the Company. The use of equity financing for future developments or acquisitions could dilute the interest of the Company’s existing stockholders. If the Company finances new acquisitions under existing lines of credit, there is a risk that, unless the Company obtains substitute financing, the Company may not be able to undertake additional borrowing for further acquisitions or developments or such borrowing may be not available on advantageous terms. Development and redevelopment activities may be delayed, not completed, and/or not achieve expected results. The Company pursues development and redevelopment projects. The Company defines development projects as new communities that are being constructed or are newly constructed and are in a phase of lease-up and have not yet reached stabilized operations, and redevelopment projects as existing properties owned or recently acquired that have been targeted for additional investment by the Company with the expectation of increased financial returns through property improvement. As of December 31, 2021, the Company had one consolidated development project and one unconsolidated joint venture development project comprised of 371 apartment homes for an estimated cost of $217.0 million, of which $61.0 million remains to be expended, and $32.6 million is the Company's share.","2026-03-13T06:03:35.852775Z","2022-02-25",0.9817,"Non-ESG",251,"Non-ESG",14.372,"ESS_2022_RISK_008","Risks Related to Our Real Estate Investments and Operations","","","ESS","2026-03-13T06:03:35.852797Z"
1747,"1",1836,"Risks Related to Privacy and Data Protection
This includes the California Privacy Rights Act (“CPRA”) which was approved by California voters, and significantly modifies the CCPA.We may also from time to time be subject to, or face assertions that we are subject to, additional obligations relating to personal data by contract or due to assertions that self-regulatory obligations or industry standards apply to our practices. Additionally, the Federal Trade Commission and many state attorneys general are interpreting federal and state consumer protection laws to impose standards for the online collection, use, dissemination, and security of data. Further, we may be or become subject to data localization laws mandating that data collected in a foreign country be processed and stored within that country. Each of these privacy, security, and data protection laws and regulations, and any other such changes or new laws or regulations, could impose significant limitations, or require changes to our business model or practices or growth strategy, which may increase our compliance expenses and make our business more costly or less efficient to conduct. Our actual or perceived failure to comply with applicable laws and regulations or other obligations to which we are now or which we may be subject relating to personal data, or to protect personal data from unauthorized acquisition, use or other processing, could result in consequences such as enforcement actions and regulatory investigations against us, fines, public censure, claims for damages by end-customers and other affected individuals, damage to our reputation and loss of goodwill (both in relation to existing end-customers and prospective end-customers), any of which could have a material adverse effect on our operations, financial performance, and business.","2026-03-13T06:03:42.114015Z","2021-09-03",0.9258,"Product Liability",252,"Product Liability",5.957,"PANW_2021_RISK_094","Risks Related to Privacy and Data Protection","Risks Related to our Supply Chain","","PANW","2026-03-13T06:03:42.114025Z"
1748,"1",780,"We are exposed to risks arising from our international operations.
We operate in a number of jurisdictions outside of the United States. Our international operations require us to comply with the legal and regulatory requirements of various foreign jurisdictions and expose us to the political consequences of operating in foreign jurisdictions. Our foreign business operations are also subject to the following risks:•difficulty in managing, operating, and marketing our international operations;•fluctuations in currency exchange rates which may result in substantial negative effects on assets under our management, revenues, expenses, and assets in our U.S. dollar based financial statements; and•significant adverse changes in international legal and regulatory environments.","2026-03-13T06:03:45.344906Z","2022-02-24",0.9818,"Non-ESG",253,"Non-ESG",2.875,"TROW_2022_RISK_021","We are exposed to risks arising from our international operations.","","","TROW","2026-03-13T06:03:45.344914Z"
1749,"1",1926,"ECONOMIC/POLITICAL RISKS
The highway programs, as well as funding for other aggregates-intensive public infrastructure, will provide assistance to state departments of transportation, federal, state and local agencies, and metro areas for several years to come. However, given the time to set up new federal programs, varying state and local budgetary situations and the stages of projects, we cannot be entirely assured of the existence, amount and timing of appropriations for future public infrastructure projects. Climate change and climate change legislation or regulations may adversely impact our business — A number of governmental bodies have introduced or are contemplating legislative and regulatory change in response to the potential impacts of climate change. Such legislation or regulation, if enacted, potentially could include provisions for a “cap and trade” system of allowances and credits or a carbon tax, among other provisions. Other potential impacts of climate change include physical impacts, such as disruption in production and product distribution due to impacts from major storm events, shifts in regional weather patterns and intensities, availability of water and potential impacts from sea level changes. There is also a potential for climate change legislation and regulation to adversely impact the cost of purchased energy and electricity. A number of our facilities are located in desert climates, and while we have not experienced any significant shortages of energy or water in the past, we cannot guarantee that we will not in the future. Furthermore, public expectations for reductions in greenhouse gas emissions could result in increased energy, transportation and raw material costs, and may require us to make additional investments in facilities and equipment. The impacts of climate change on our operations and the company overall are highly uncertain and difficult to estimate.","2026-03-13T06:04:19.905546Z","2022-02-25",0.9948,"Climate Change",254,"Climate Change",34.247,"VMC_2022_RISK_005","ECONOMIC/POLITICAL RISKS","ECONOMIC/POLITICAL RISKS","","VMC","2026-03-13T06:04:19.905556Z"
1750,"1",344,"Risks Related to Being an Irish-incorporated Company
Under Irish law, a dis-application of statutory pre-emption rights may be given for up to five years at each renewal, but governance considerations may result in renewals for shorter periods or in respect of less than the maximum permitted number of unissued shares being sought or approved.","2026-03-13T06:04:42.890403Z","2023-02-17",0.9762,"Corporate Governance",255,"Corporate Governance",22.698,"AON_2023_RISK_090","Risks Related to Being an Irish-incorporated Company","Operational Risks","","AON","2026-03-13T06:04:42.890414Z"
1751,"1",2133,"Supply chain disruptions, geopolitical developments or climate-change events may adversely affect our suppliers or our procurement of raw materials, and thus may impact our business and financial results.
In connection with our manufacturing of our products, we often rely on third party suppliers for raw materials. We use many different raw materials for our business, such as essential oils, extracts and concentrates derived from fruits, vegetables, flowers, woods and other botanicals, animal products, raw fruits, organic chemicals and petroleum-based chemicals, as well as, gelatin, glycols, cellulose processed grains, guar, locust bean gum, organic vegetable oils, peels, saccharides, seaweed, soybeans, and sugars and yeasts. Supply chain disruptions, such as the ones related to the COVID-19 pandemic, may impair or delay our ability to obtain sufficient quantities of certain raw materials through our ordinary supply channels and cause us to incur higher costs by procuring raw materials from other sources in order to compensate for such delays or lack of availability. In addition, our suppliers, similar to us, are subject to risks, inherent in agriculture, manufacturing and distribution on a global scale, including industrial accidents, environmental events, climate change, strikes and other labor disputes, disruptions in supply chain or information systems, disruption or loss of key research or manufacturing sites, product quality control, safety and environmental compliance issues, licensing requirements and other regulatory issues, as well as natural disasters, global or local health crisis, international conflicts, terrorist acts, geopolitical developments, trade wars, and other external factors over which neither they nor we have control. These suppliers also could become insolvent or experience other financial distress. For example, in 2017, a fire at the manufacturing facility of BASF Group (“BASF”), one of our suppliers, caused them to declare a force majeure event which resulted in industry disruption due to the lack of availability of certain ingredients used in many fragrance compounds.","2026-03-13T06:05:11.201890Z","2022-02-28",0.4464,"Product Liability",256,"Non-ESG",28.005,"IFF_2022_RISK_006","Supply chain disruptions, geopolitical developments or climate-change events may adversely affect our suppliers or our procurement of raw materials, and thus may impact our business and financial results.","Risks Related to Our Business and Industry","","IFF","2026-03-13T06:05:11.201901Z"
1752,"1",1955,"Risks Related to Our Business
In the ordinary course of business, the Company relies on centralized and local information technology networks and systems, some of which are provided, hosted or managed by vendors and other third parties, to process, transmit and store electronic information, and to manage or support a variety of businesses. Additionally, the Company collects and stores certain data, including proprietary business information, and has access to confidential or personal information in certain of our businesses that is subject to privacy and cybersecurity laws, regulations and customer-imposed controls. Despite our cybersecurity and business continuity measures (including employee and third-party training, monitoring of networks and systems, patching, maintenance, and backup of systems and data), the Company’s information technology networks and infrastructure are still potentially vulnerable to the security risks of our vendors and third-party service providers, security breaches, damage, disruptions or shutdowns due to attacks by threat actors including nation-state actors, computer viruses, hardware, software, and system vulnerabilities, ransomware, service or cloud provider disruptions or security breaches, employee error or malfeasance, power outages, telecommunication or utility failures, systems failures, natural disasters or other catastrophic events. The Company’s adoption of remote working, initially driven by the pandemic, may also introduce additional threats or disruptions to our information technology networks and infrastructure. Despite our cybersecurity measures, it is possible for security vulnerabilities to remain undetected for an extended time period, up to and including several years. While we have experienced, and expect to continue to experience, threats and disruptions to the Company’s information technology infrastructure, none of them to date has had a material impact to the Company.","2026-03-13T06:08:45.709448Z","2022-02-09",0.9137,"Product Liability",257,"Product Liability",17.611,"MMM_2022_RISK_020","Risks Related to Our Business","Risks Related to Our Business","","MMM","2026-03-13T06:08:45.709459Z"
1753,"1",2051,"We have substantial debt and face risks associated with the use of debt to fund our business activities, including refinancing and interest rate risks.
Because real estate investments are relatively illiquid and because there may be even fewer buyers for our specialized real estate, our ability to promptly sell properties in our portfolio in response to adverse changes in their performance may be limited, which may harm our financial condition. Further, Digital Realty Trust, Inc. is subject to provisions in the Code that limit a REIT’s ability to dispose of properties, which limitations are not applicable to other types of real estate companies. See “Risks Related to Our Organizational Structure—Digital Realty Trust, Inc.’s duty to its stockholders may conflict with the interests of Digital Realty Trust, L.P.’s unitholders—Tax consequences upon sale or refinancing.” While Digital Realty Trust, Inc. has exclusive authority under Digital Realty Trust, L.P.’s limited partnership agreement to determine whether, when, and on what terms to sell a property, such decisions may require the approval of Digital Realty Trust, Inc.’s Board of Directors. These limitations may affect our ability to sell properties. This lack of liquidity and the Code restrictions may limit our ability to adjust our portfolio promptly in response to changes in economic or other conditions and, as a result, could adversely affect our financial condition, results of operations, cash flow, cash available for distribution and ability to access capital necessary to meet our debt payments and other obligations. Our success depends on key personnel whose continued service is not guaranteed. We depend on the efforts of key personnel of our Company, particularly A. William Stein, our Chief Executive Officer, Andrew P. Power, our President & Chief Financial Officer, Gregory S. Wright, our Chief Investment Officer, Chris Sharp, our Chief Technology Officer, Erich J. Sanchack, our Chief Operating Officer, and Cindy Fiedelman, our Chief Human Resources Officer.","2026-03-13T06:09:53.741588Z","2022-02-25",0.9882,"Corporate Governance",258,"Corporate Governance",67.679,"DLR_2022_RISK_061","We have substantial debt and face risks associated with the use of debt to fund our business activities, including refinancing and interest rate risks.","Risks Related to Our Business and Operations","","DLR","2026-03-13T06:09:53.741598Z"
1754,"1",149,"General Risks
We cannot provide any guaranty that we will continue to repurchase shares of our common stock pursuant to our share repurchase program.","2026-03-13T06:10:06.307950Z","2022-02-11",0.9487,"Non-ESG",259,"Corporate Governance",12.235,"MSCI_2022_RISK_080","General Risks","General Risks","","MSCI","2026-03-13T06:10:06.307962Z"
1755,"1",1177,"Risks Relating to Our Business
●the availability of short-term and long-term funding and capital;●the perceived attractiveness of the U.S., European, Canadian, Australian or Japanese capital markets;●the availability of alternative investment opportunities;●changes in the level of trading activity in underlying instruments;●changes and volatility in the prices of securities;●changes in the volume of foreign currency transactions;●changes in supply and demand for currencies;●movements in currency exchange rates;●the level and volatility of interest rates;●changes in the financial strength of market participants;●consolidation among market participants and market data subscribers;●unforeseen market closures, suspensions of open outcry trading or other disruptions in trading and clearing; and●disruptions due to terrorism, war, extreme weather events, pandemics or other catastrophes. Any of these factors, individually or collectively, could have a material adverse effect on our business, financial condition and operating results by causing a substantial decline in the financial services markets and reducing trading and clearing volumes and demand for market data.","2026-03-13T06:10:15.484174Z","2023-02-17",0.9793,"Non-ESG",260,"Non-ESG",8.849,"CBOE_2023_RISK_009","Risks Relating to Our Business","Risks Relating to Our Business","","CBOE","2026-03-13T06:10:15.484185Z"
1756,"1",1903,"Business and Operating Risks
If we are not successful in achieving high renewal rates upon favorable terms, or if inflation or costs outpace our contractual ability to adjust pricing during our contractual terms, our revenues and profit margins will suffer. If we fail to adapt our products and services to changes in technology and the markets we serve, we could lose existing customers and be unable to attract new business. The markets for our products and services are characterized by changing customer and regulatory requirements and rapid technological changes. These factors and new product introductions by our existing competitors or by new market entrants could reduce the demand for our existing products and services and we may be required to develop or acquire new products and services. Our future success is dependent on our ability to enhance our existing products and services in a timely manner and to develop or acquire new products and services. If we are unable to develop or acquire new products and services as planned, or if we fail to sell our new or enhanced products and services, we may incur unanticipated expenses or fail to achieve anticipated revenues, as well as lose prospective sales. Software defects or problems with installations may harm our business and reputation and expose us to potential liability. Our software products are complex and may contain undetected defects, especially in connection with newly released products and software updates. Software defects may cause interruptions or delays to our services as we attempt to correct the problem. We may also experience difficulties in installing or integrating our products on systems used by our customers. Defects in our software, installation problems or delays or other difficulties could result in negative publicity, loss of revenues, loss of competitive position or claims against us by customers.","2026-03-13T06:16:51.917518Z","2021-08-25",0.9676,"Non-ESG",261,"Product Liability",396.092,"JKHY_2021_RISK_007","Business and Operating Risks","Business and Operating Risks","","JKHY","2026-03-13T06:16:51.917530Z"
1757,"1",192,"Trends, Risks and Uncertainties Related to Our Indebtedness
To the extent we elect to settle the excess in shares, the ownership interests of existing stockholders could be materially diluted.","2026-03-13T06:17:00.230093Z","2022-02-14",0.6531,"Corporate Governance",262,"Corporate Governance",7.927,"ON_2022_RISK_068","Trends, Risks and Uncertainties Related to Our Indebtedness","Forward-Looking Statements","","ON","2026-03-13T06:17:00.230105Z"
1758,"1",2000,"RISKS RELATED TO OUR OPERATIONS
Consumers’ preferences continually evolve due to a variety of factors, including changing demographics of the population, social trends, changes in consumer lifestyles and consumption patterns, concerns or perceptions regarding the health effects of products, concerns regarding the location of origin or source of ingredients and products, changes in consumers' spending habits, negative publicity, economic downturn or other factors. For example, consumers are increasingly concerned about health and wellness, focusing on the caloric intake associated with regular CSDs, the use of artificial sweeteners in diet CSDs, and the use of natural, organic or simple ingredients in beverages. The demand for CSDs has therefore decreased as consumers have shifted towards NCBs, such as water, ready-to-drink coffee and teas, and sports drinks. If we do not effectively anticipate and respond to these changing trends and consumer beverage preferences, our sales and growth could suffer. Consumers are also increasingly focused on sustainability, with particular attention to the recyclability of product packaging, reducing consumption of single-use plastics and non-recyclable materials, and the environmental impact of manufacturing operations. If we do not meet consumer demands by continuing to provide recyclable packaging options and focusing on sustainability throughout our manufacturing operations, our sales could suffer. In addition, consumer shopping behavior is rapidly evolving due to both changes in travel, vacation and leisure activity patterns and the acceleration of e-commerce and other methods of purchasing products. If we are unable to meet the consumer where and when they desire their products or if we are unable to respond to changes in distribution channels (including e-commerce), our financial results could be adversely impacted. If we do not innovate rapidly and successfully to respond to shifting consumer demands, our business may suffer.","2026-03-13T06:18:08.927768Z","2022-02-24",0.7387,"Product Liability",263,"Non-ESG",68.383,"KDP_2022_RISK_013","RISKS RELATED TO OUR OPERATIONS","RISKS RELATED TO OUR OPERATIONS","","KDP","2026-03-13T06:18:08.927777Z"
1759,"1",1828,"Other Business and Operational Risks
However, future threats could, among other things, cause harm to our business and our reputation; disrupt our operations; expose us to potential liability, regulatory actions and loss of business; challenge our eligibility for future work on sensitive or classified systems for government customers; and impact our results of operations materially. Due to the evolving nature of these security threats, the potential impact of any future incident cannot be predicted. Our insurance coverage may not be adequate to cover all the costs related to cybersecurity attacks or disruptions resulting from such events. Our business may continue to be negatively impacted by the coronavirus (COVID-19) pandemic or other similar outbreaks. The COVID-19 pandemic has had, and could continue to have, a negative effect on our business, results of operations and financial condition. Effects include disruptions or restrictions on our employees’ ability to work effectively, temporary closures of our facilities or the facilities of our customers, and supply-chain disruptions, which could affect our ability to perform on our contracts. In addition, the U.S. government’s federal contractor vaccine mandate could adversely affect our ability, and our subcontractors’ ability, to hire and retain highly skilled employees to work on U.S. government programs. Any cost increases that result from these effects may not be fully recoverable on our contracts or adequately covered by insurance, which could impact our profitability. In addition, the COVID-19 pandemic has resulted in a widespread health crisis that is adversely affecting the economies and financial markets of many countries, which could result in a prolonged economic downturn that may negatively affect demand for our products and services.","2026-03-13T06:20:42.011254Z","2022-02-09",0.737,"Human Capital",264,"Non-ESG",41.103,"GD_2022_RISK_012","Other Business and Operational Risks","Other Business and Operational Risks","","GD","2026-03-13T06:20:42.011264Z"
1760,"1",798,"WE DERIVE A SIGNIFICANT PORTION OF OUR COMMISSION REVENUES FROM A LIMITED NUMBER OF INSURANCE COMPANIES, THE LOSS OF WHICH COULD RESULT IN ADDITIONAL EXPENSE AND LOSS OF MARKET SHARE OR A MATERIAL DECREASE IN OUR PROFIT-SHARING CONTINGENT COMMISSIONS, GUARANTEED SUPPLEMENTAL COMMISSIONS OR INCENTIVE COMMISSIONS.
For the year ended December 31, 2021, 2020, and 2019, no more than 5.0% of our total core commissions was derived from insurance policies underwritten by one insurance company. Should this insurance company seek to terminate its arrangements with us or to otherwise decrease the number of insurance policies underwritten for us, we believe that other insurance companies are available to underwrite the business, although some additional expense and loss of market share could result.","2026-03-13T06:20:48.876426Z","2022-02-23",0.9828,"Non-ESG",265,"Non-ESG",6.542,"BRO_2022_RISK_011","WE DERIVE A SIGNIFICANT PORTION OF OUR COMMISSION REVENUES FROM A LIMITED NUMBER OF INSURANCE COMPANIES, THE LOSS OF WHICH COULD RESULT IN ADDITIONAL EXPENSE AND LOSS OF MARKET SHARE OR A MATERIAL DECREASE IN OUR PROFIT-SHARING CONTINGENT COMMISSIONS, GUARANTEED SUPPLEMENTAL COMMISSIONS OR INCENTIVE COMMISSIONS.","Risks Related to Our Business","","BRO","2026-03-13T06:20:48.876437Z"
1761,"1",1904,"Business and Operational Risks
We may also be obligated to indemnify our customers or vendors in connection with claims or litigation. The litigation to enforce or defend our intellectual property rights could be costly and time-consuming. We are involved in litigation from time to time arising from the operation of our business and, as such, we could incur substantial judgments, fines, legal fees, or other costs. We are sometimes the subject of complaints or litigation from customers, employees, or other third-parties for various actions. From time to time, we are involved in litigation involving claims related to, among other things, breach of contract, tortious conduct, and employment and labor law matters. The damages sought against us in some of these litigation proceedings could be substantial. Although we maintain liability insurance for some litigation claims, if one or more of the claims were to greatly exceed our insurance coverage limits or if our insurance policies do not cover a claim, this could have a material adverse effect on our business, financial condition, results of operations, and cash flows. General Risk Factors  Our business, results of operations, and financial condition may continue to be impacted by the outbreak of COVID-19 and such impact could be materially adverse. The global spread of COVID-19 created significant volatility, uncertainty and economic disruption. The restrictions imposed to prevent the spread of COVID-19 disrupted economic activity, resulting in reduced commercial and consumer confidence and spending, increased unemployment, closure or restricted operating conditions for businesses, volatility in the global capital markets, instability in the credit and financial markets, labor shortages, regulatory relief for impacted consumers, disruption in supply chains, and restrictions on many hospitality and travel industry operations.","2026-03-13T06:21:37.643451Z","2021-07-16",0.7268,"Non-ESG",266,"Business Ethics & Values",48.458,"PAYX_2021_RISK_017","Business and Operational Risks","Business and Operational Risks","","PAYX","2026-03-13T06:21:37.643461Z"
1762,"1",1412,"The Company faces intense competition from lower cost generic products.
In general, the Company faces increasing competition from lower-cost generic products. The patent rights that protect its products are of varying strengths and durations. In addition, in some countries, patent protection is significantly weaker than in the U.S. or in the EU. In the U.S. and the EU, political pressure to reduce spending on prescription drugs has led to legislation and other measures that encourage the use of generic and biosimilar products. Although it is the Company’s policy to actively protect its patent rights, generic challenges to the Company’s products can arise at any time, and the Company’s patents may not prevent the emergence of generic competition for its products. Loss of patent protection for a product typically is followed promptly by generic substitutes, reducing the Company’s sales of that product. Availability of generic substitutes for the Company’s drugs may adversely affect its results of operations and cash flow. In addition, proposals emerge from time to time in the U.S. and other countries for legislation to further encourage the early and rapid approval of generic drugs. Any such proposal that is enacted into law could worsen this substantial negative effect on the Company’s sales and, potentially, its business, cash flow, results of operations, financial condition and prospects.","2026-03-13T06:22:03.087086Z","2022-02-25",0.9501,"Non-ESG",267,"Non-ESG",25.079,"MRK_2022_RISK_016","The Company faces intense competition from lower cost generic products.","Risks Related to the Company’s Business","","MRK","2026-03-13T06:22:03.087097Z"
1763,"1",727,"Business and Operational Risks
costs at completion, fees earned on the contract, or both. This estimation process, particularly due to the technical nature of the services performed and the long-term nature of certain contracts, is complex and involves significant judgment. Adjustments to original estimates are often required as work progresses, experience is gained and additional information becomes known, even though the scope of the work required under the contract may not change. Any adjustment as a result of a change in estimate is recognized as events become known. Changes in the underlying assumptions, circumstances or estimates could result in adjustments that may adversely affect our future financial results.","2026-03-13T06:22:23.374769Z","2022-02-15",0.9729,"Non-ESG",268,"Non-ESG",19.953,"LDOS_2022_RISK_052","Business and Operational Risks","Business and Operational Risks","","LDOS","2026-03-13T06:22:23.374778Z"
1764,"1",1966,"Global Operational Risks
We earn revenue, pay expenses, own assets and incur liabilities in countries using currencies other than the U.S. dollar, including among others the British pound, the Australian dollar, the Canadian dollar, the Argentine peso, the Chilean peso, the Euro, the New Zealand dollar, the Costa Rican colon, the Singapore dollar, the Brazilian real, the Russian ruble and the Indian rupee. Because our consolidated financial statements are presented in U.S. dollars, we must translate revenue, income and expenses, as well as assets and liabilities, into U.S. dollars at exchange rates in effect during or at the end of each reporting period. Therefore, increases or decreases in the value of the U.S. dollar against major currencies will affect our operating revenues, operating income and the value of balance sheet items denominated in foreign currencies. We generally do not mitigate the risks associated with fluctuating exchange rates, although we may from time to time through forward contracts or other derivative instruments hedge a portion of our translational foreign currency exposure or exchange rate risks associated with material transactions which are denominated in a foreign currency. The use of such hedging activities may not offset any or more than a portion of the adverse financial effects of unfavorable movements in foreign exchange rates over the limited time the hedges are in place. Accordingly, fluctuations in foreign currency exchange rates, particularly the strengthening of the U.S. dollar against major currencies, may materially affect our consolidated financial results. Compliance with applicable U.S. and foreign laws and regulations, such as anti-corruption laws, tax laws, foreign exchange controls and restrictions on repatriation of earnings or other similar restraints, data privacy requirements, labor laws and anti-competition regulations increases the cost of doing business in foreign jurisdictions.","2026-03-13T06:23:06.031980Z","2022-02-24",0.9679,"Non-ESG",269,"Non-ESG",42.303,"EFX_2022_RISK_040","Global Operational Risks","Global Operational Risks","","EFX","2026-03-13T06:23:06.032000Z"
1765,"1",619,"RISKS RELATED TO OUR INDEBTEDNESS
Upon the occurrence of a “change of control,” as defined in our indentures, we will be required to offer to repurchase all of our outstanding senior notes. However, it is possible that we will not have sufficient funds at the time of a change of control to make the required repurchase of any outstanding notes or that restrictions in our Credit Agreement will not allow such repurchases. Certain important corporate events, however, such as leveraged recapitalizations that would increase the level of our indebtedness, would not constitute a “change of control” under our indentures.","2026-03-13T06:23:30.469239Z","2022-02-24",0.6011,"Non-ESG",270,"Corporate Governance",24.057,"IRM_2022_RISK_055","RISKS RELATED TO OUR INDEBTEDNESS","RISKS RELATED TO OUR INDEBTEDNESS","","IRM","2026-03-13T06:23:30.469249Z"
1766,"1",1847,"Legal and Compliance Risks
This data is reviewed by the governing bodies to determine if Solventum has provided the necessary and sufficient information to demonstrate the safety and effectiveness of its products for the intended use described in its labeling. In many cases, the governing bodies request additional information to make this determination, which sometimes requires Solventum to conduct new testing or clinical trials, delaying the approval and commercialization of the product. In rare instances, the governing body may disapprove the application, prohibiting Solventum’s ability to commercialize the product in that market. In these instances, Solventum may decide to cease commercialization efforts for the product in that (or those) market(s) or it may decide to modify the product or retest the products and resubmit the data to the governing bodies. Delays to products approvals or disapproval of Solventum’s applications may have a negative impact to Solventum’s capital expenditures, earnings and competitive position. Solventum’s failure to properly maintain approvals for its products may result in its inability to continue to commercialize products in that market. This global regulatory environment will likely continue to evolve, which could impact Solventum’s ability, or increase the time and cost, to obtain future approvals for its products. The process of obtaining regulatory clearances and/or approvals to market and sell Solventum’s products can be rigorous, costly and time-consuming and the clearances and/or approvals might not be granted timely or result in limitations on the indicated uses of products. Regulatory authorities, including the FDA, also strictly regulate the indications for use and associated promotional safety and effectiveness claims that may be made about approved or cleared products.","2026-03-13T06:24:57.172373Z","2025-02-28",0.4143,"Product Liability",271,"Product Liability",39.79,"SOLV_2025_RISK_081","Legal and Compliance Risks","Legal and Compliance Risks","","SOLV","2026-03-13T06:24:57.172382Z"
1767,"1",1314,"General Risks
Since COVID-19 was declared a global pandemic by the World Health Organization, our business, operations and financial performance have been, and may continue to be, affected by the macroeconomic impacts resulting from the efforts to control the spread of COVID-19. As a result of the scale of the ongoing pandemic, including the introduction of new variants of COVID-19 and vaccination and other efforts to control the spread, our revenue growth rate and expenses as a percentage of our revenues in future periods may differ significantly from our historical rates, and our future operating results may fall below expectations. Additionally, we may experience a significant and prolonged shift in user behavior such as a shift in interests to less commercial topics. As a result of the pandemic, our workforce shifted to operating in a primarily remote working environment, which continues to create inherent productivity, connectivity, and oversight challenges. The effects of the ongoing pandemic are dynamic and uneven. As we prepare to return our workforce in more locations back to the office, we may experience increased costs and/or disruption as we experiment with hybrid work models, in addition to potential effects on our ability to operate effectively and maintain our corporate culture.","2026-03-13T06:25:08.893913Z","2022-02-02",0.9727,"Human Capital",272,"Human Capital",11.382,"GOOG_2022_RISK_066","General Risks","General Risks","","GOOG","2026-03-13T06:25:08.893926Z"
1768,"1",881,"Economic and Strategic Risks
Our operating results are subject to quarterly and seasonal sales patterns. The profile of our sales may be weighted differently during the year. A large portion of our quarterly sales have historically been made in the last month of the quarter. This uneven sales pattern makes prediction of revenue for each financial period difficult and increases the risk of unanticipated variations in quarterly results and financial condition. In addition, our operating results tend to vary seasonally with the markets in which our products are sold. For example, historically, our net revenue has been generally higher in the second half of the year than in the first half of the year, although market conditions and product transitions could impact these trends. Many of the factors that create and affect quarterly and seasonal trends are beyond our control.","2026-03-13T06:25:23.241782Z","2023-02-27",0.9843,"Non-ESG",273,"Non-ESG",14.038,"AMD_2023_RISK_024","Economic and Strategic Risks","Economic and Strategic Risks","","AMD","2026-03-13T06:25:23.241791Z"
1769,"1",1759,"A change in the assumptions regarding the future performance of our businesses or a different weighted-average cost of capital used to value our reporting units or our indefinite-lived intangible assets could negatively affect our consolidated results of operations and net worth.
Reaching a determination on useful life requires significant judgments and assumptions regarding the future effects of obsolescence, demand, competition, other economic factors (such as the stability of the industry, known technological advances, legislative action that results in an uncertain or changing regulatory environment, and expected changes in distribution channels), the level of required maintenance expenditures, and the expected lives of other related groups of assets. Our indefinite-lived intangible assets are also tested for impairment annually and whenever events or changes in circumstances indicate that impairment may have occurred. Our estimate of the fair value of the brands is based on a discounted cash flow model using inputs including projected revenues from our long-range plan, assumed royalty rates which could be payable if we did not own the brands, and a discount rate. If current expectations for growth rates for sales and margins are not met, or other market factors and macroeconomic conditions that could be affected by the COVID-19 pandemic or otherwise were to change, then our indefinite-lived intangible assets could become significantly impaired. Our Progresso, Green Giant, and EPIC brands had experienced declining business performance, and we continue to monitor these businesses. For further information on goodwill and intangible assets, please refer to Note 6 to the Consolidated Financial Statements in Item 8 of this report.","2026-03-13T06:25:55.452218Z","2021-06-30",0.9784,"Non-ESG",274,"Non-ESG",31.882,"GIS_2021_RISK_019","A change in the assumptions regarding the future performance of our businesses or a different weighted-average cost of capital used to value our reporting units or our indefinite-lived intangible assets could negatively affect our consolidated results of operations and net worth.","Business and Industry Risks","","GIS","2026-03-13T06:25:55.452229Z"
1770,"1",1380,"Strategic and Operational Risks
The costs to eliminate or address security threats and vulnerabilities before or after a cyber-incident could be significant. Our remediation efforts may not be successful and could result in interruptions, delays, or cessation of service and loss of existing or potential customers. In addition, the unauthorized dissemination of sensitive personal information, proprietary information or confidential information about us, our customers or other third parties could expose our customers' and their private information to the risk of financial or medical identity theft. Unauthorized dissemination of confidential and proprietary information about our business and strategy could also negatively affect the achievement of our strategic initiatives. Such events could cause us to breach our contractual obligations and violate applicable laws. These events would negatively affect our ability to compete, others' trust in us, our reputation, customer base and revenues and expose us to mandatory disclosure requirements, government investigations, litigation and other enforcement proceedings, material fines, penalties or remediation costs and compensatory, special, punitive and statutory damages, consent orders and other adverse actions, any of which could adversely affect our business, results of operations, financial condition or liquidity.","2026-03-13T06:26:53.211442Z","2022-02-24",0.8375,"Product Liability",275,"Product Liability",57.44,"CI_2022_RISK_049","Strategic and Operational Risks","Strategic and Operational Risks","","CI","2026-03-13T06:26:53.211454Z"
1771,"1",1579,"Risks Related to the Jurisdictions in Which We Operate
Our Merian operation in Suriname is subject to political and economic risks. We hold a 75% interest in the Merian gold mine (“Merian”) in the mid-eastern part of Suriname. Suriname has experienced political instability and uncertainty in the past which may continue in future years. Suriname is faced with high debts to foreign creditors, significant inflation rates and has experienced a hyperinflationary economy. Significant devaluation of the Surinamese dollar against the U.S. dollar in recent years has resulted in an increase of the prices of certain goods and services within Suriname, including without limitation, the price of fuel, which had been subsidized by successive governments. The government of Suriname recently passed a new law to introduce Value Added Tax, which came into effect on January 1, 2023 and has drastically increased the cost of living and negatively impacts the purchasing power of the residents of Suriname, including our employees. These impacts and negative economic trends can cause social unrest, which may present risks for our operations in Suriname. Operations and development in Suriname are governed by a mineral agreement with the Republic of Suriname. The mineral agreement was approved by parliament and requires approval by parliament to change. However, in 2021, the government made requests for prepayment of taxes and special solidarity payments in light of budgetary concerns, it is possible that the government may request changes to the mineral agreement in the future.","2026-03-13T06:28:19.695562Z","2023-02-23",0.7161,"Community Relations",276,"Non-ESG",86.106,"NEM_2023_RISK_102","Risks Related to the Jurisdictions in Which We Operate","Risks Related to Our Industry","","NEM","2026-03-13T06:28:19.695570Z"
1772,"1",1771,"Market, Capital, and Liquidity risks
Events or developments that have a negative impact on any particular industry, group of related industries, or geographic region may have a greater adverse effect on our investment portfolio to the extent that the portfolio is concentrated within those issuers, sectors, or industries.•Liquidity risk - the risk that we will not be able to convert investment securities into cash on favorable terms and on a timely basis, or that we will not be able to sell them at all, when desired. Disruptions in the financial markets or a lack of buyers for the specific securities that we are trying to sell, could prevent us from liquidating securities or cause a reduction in prices to levels that are not acceptable to us.•Reinvestment risk - the possibility that the cash flows produced by an investment will have to be reinvested at a reduced rate of return. Approximately 42% of our fixed maturity portfolio is expected to mature over the next three years. Our equity securities have exposure to price risk. Equity markets, sectors, industries, and individual securities may also be subject to some of the same risks that affect our fixed income portfolio, as discussed above. All of our fixed income and equity securities are subject to market volatility. To the extent that future market volatility negatively impacts our investments, our financial condition will be negatively impacted. We review the fixed income portfolio on a continuous basis to evaluate positions that are in an unrealized loss position to determine whether impairments are a result of credit loss or other factors. Inherent in management's evaluation of a security are assumptions and estimates about the operations of the issuer and its future earnings potential.","2026-03-13T06:30:30.556424Z","2022-02-24",0.9717,"Non-ESG",277,"Non-ESG",130.454,"ERIE_2022_RISK_028","Market, Capital, and Liquidity risks","Market, Capital, and Liquidity risks","","ERIE","2026-03-13T06:30:30.556432Z"
1773,"1",2049,"The COVID-19 pandemic has caused substantial disruption in television production, financial markets and economies worldwide, both of which could result in adverse effects on our business, operations, stock price and ability to raise capital.
The COVID-19 pandemic has negatively impacted the global economy and continues to create significant volatility and disruption in the credit and financial markets, and while some economic disruption may ease from time to time, such disruption is expected to continue and may worsen for an undetermined period of time. There is a significant degree of uncertainty and lack of visibility as to the extent and duration of the global economic disruption caused by COVID-19; however, a prolonged disruption, slowdown or recession could materially adversely affect our credit ratings, stock price, ability to access capital on favorable terms and ability to meet our liquidity needs. Our businesses, as with other businesses globally, have been significantly affected by the COVID-19 pandemic both domestically and internationally, including as a result of governmentally imposed shutdowns, workforce realignments, labor and supply chain interruptions, and quarantines and travel restrictions, among other factors. Shutdowns and/or restrictions relating to television production activity have impacted, and may continue to impact, various aspects of project scheduling, completion and budgets, as well as revenue streams tied to projected release or availability dates. All such impacts may continue for an indefinite length of time. Our actions to limit the adverse effects of COVID-19 on our financial condition may not be successful, as the extent and duration of the adverse effects of the pandemic is not determinable and depends on future developments, which are highly uncertain and cannot be predicted. Events resulting from the effects of COVID-19 may negatively impact our ability to comply with our financial covenants. Also, additional funding may not be available to us on acceptable terms or at all.","2026-03-13T06:31:15.562071Z","2022-02-24",0.8052,"Non-ESG",278,"Non-ESG",44.576,"WBD_2022_RISK_022","The COVID-19 pandemic has caused substantial disruption in television production, financial markets and economies worldwide, both of which could result in adverse effects on our business, operations, stock price and ability to raise capital.","Risks Related to the COVID-19 Pandemic","","WBD","2026-03-13T06:31:15.562080Z"
1774,"1",1175,"If we were to experience a downgrade in our credit ratings to below investment grade or otherwise fail to satisfy the credit standards in our agreements with our counterparties or regulatory financial requirements, we would be required to provide significant amounts of collateral that could affect our liquidity and we could experience higher borrowing costs.
Our business is subject to credit quality standards that could require market participants to post collateral for their obligations upon a decline in ratings. We are also subject to certain financial requirements under NRC regulations as a result of our operation of nuclear power plants that could require us to provide cash collateral or surety bonds if those requirements are not met. One or both events could adversely affect available liquidity and, in the case of a rating downgrade, borrowing and credit support costs. See ITEM 7. MANAGEMENT'S DISCUSSION AND ANALYSIS OF FINANCIAL CONDITION AND RESULTS OF OPERATIONS – Liquidity and Capital Resources – Credit Matters – Market Conditions and Security Ratings for additional information regarding the potential impacts of credit downgrades on our cash flows.","2026-03-13T06:32:13.435460Z","2022-02-25",0.9826,"Non-ESG",279,"Non-ESG",57.511,"CEG_2022_RISK_007","If we were to experience a downgrade in our credit ratings to below investment grade or otherwise fail to satisfy the credit standards in our agreements with our counterparties or regulatory financial requirements, we would be required to provide significant amounts of collateral that could affect our liquidity and we could experience higher borrowing costs.","","","CEG","2026-03-13T06:32:13.435473Z"
1775,"1",1148,"Government and Political Factors
We also may be adversely affected by the outcome of litigation, especially in countries such as the United States in which very large and unpredictable punitive damage awards may occur; by government enforcement proceedings alleging non-compliance with applicable laws or regulations; or by state and local government actors as well as private plaintiffs acting in parallel that attempt to use the legal system to promote public policy agendas (including seeking to reduce the production and sale of hydrocarbon products though litigation targeting the company or other industry participants), gain political notoriety, or obtain monetary awards from the company. Security concerns. Successful operation of particular facilities or projects may be disrupted by civil unrest, acts of sabotage or terrorism, cybersecurity attacks, the application of national security laws or policies that result in restricting our ability to do business in a particular jurisdiction, and other local security concerns. Such concerns may require us to incur greater costs for security or to shut down operations for a period of time.","2026-03-13T06:33:28.388111Z","2022-02-23",0.5842,"Product Liability",280,"Non-ESG",74.628,"XOM_2022_RISK_006","Government and Political Factors","Government and Political Factors","","XOM","2026-03-13T06:33:28.388122Z"
1776,"1",166,"Risks Related to the Separation
We may not be able to engage in desirable capital-raising or strategic transactions as a result of the Separation and the related TMA.","2026-03-13T06:33:32.618539Z","2022-02-04",0.9731,"Non-ESG",281,"Non-ESG",3.852,"OTIS_2022_RISK_059","Risks Related to the Separation","Risks Related to the Separation","","OTIS","2026-03-13T06:33:32.618550Z"
1777,"1",1965,"Risks Related to Our Business
Our operating results are subject to substantial quarterly and annual fluctuations. Our operating results have fluctuated in the past and are likely to fluctuate in the future. These fluctuations may occur on a quarterly and annual basis and are due to a number of factors, many of which are beyond our control. In addition to many of the risks described elsewhere in this “Risk Factors” section, these factors include, among others:•the timing of launches by our customers of new product in which our products are included and changes in end-user demand for our customers’ the products;•fluctuations in the levels of component or product inventories held by our customers;•the shift to cloud-based IT solutions and services, such as hyperscale computing, which may adversely affect the timing and volume of sales of our products for use in traditional enterprise data centers;•the timing of new software contracts and renewals, as well as the timing of any terminations of software contracts that require us to refund to customers any pre-paid amounts under the contract;•our ability to timely develop, introduce and market new products and technologies;•the timing and extent of our software license and subscription revenue, and other non-product revenue;•new product announcements and introductions by us or our competitors;•seasonality or other fluctuations in demand in our markets;•timing and amount of research and development and related new product expenditures, and the timing of receipt of any research and development grant monies; and•timing of any regulatory changes, particularly with respect to trade sanctions and customs duties and tariffs, and tax reform. The foregoing factors are often difficult to predict, and these, as well as other factors, could materially adversely affect our quarterly or annual operating results. In addition, a significant amount of our operating expenses are relatively fixed in nature.","2026-03-13T06:33:45.696256Z","2021-12-17",0.9825,"Non-ESG",282,"Non-ESG",12.764,"AVGO_2021_RISK_041","Risks Related to Our Business","Risks Related to Our Business","","AVGO","2026-03-13T06:33:45.696267Z"
1778,"1",205,"Risks Related to Our Business
We urge our stockholders to consult with their legal and tax advisors with respect to any such legislation and the potential tax consequences of investing in our common stock.","2026-03-13T06:33:51.776871Z","2022-02-25",0.9539,"Corporate Governance",283,"Corporate Governance",5.789,"IR_2022_RISK_046","Risks Related to Our Business","Risks Related to Our Business","","IR","2026-03-13T06:33:51.776880Z"
1779,"1",1044,"•Certain provisions of Maryland law may limit the ability of a third-party to acquire control of Host Inc. Certain provisions of the MGCL may have the effect of inhibiting a third-party from acquiring Host Inc., including:
Host Inc.’s charter contains provisions relating to restrictions on transfer and ownership of Host Inc.’s stock, fixing the size of the Board of Directors within the range set forth in the charter, removal of directors, the filling of vacancies, exculpation and indemnification of directors, calling special stockholder meetings and other provisions, all of which may be amended only by a resolution adopted by the Board of Directors and approved by Host Inc.’s stockholders holding two-thirds of the votes entitled to be cast on the matter. These provisions may make it more difficult to amend Host Inc.’s charter to alter the provisions described herein that could delay, defer or prevent a transaction or a change in control or the acquisition of Host Inc. common stock, without the approval of the Board of Directors.","2026-03-13T06:33:59.064981Z","2022-02-24",0.9944,"Corporate Governance",284,"Corporate Governance",6.967,"HST_2022_RISK_049","•Certain provisions of Maryland law may limit the ability of a third-party to acquire control of Host Inc. Certain provisions of the MGCL may have the effect of inhibiting a third-party from acquiring Host Inc., including:","Financial Risks and Risks of Operation","","HST","2026-03-13T06:33:59.065012Z"
1780,"1",2034,"Risks Related to the Use of Technology
Under these agreements, we may be responsible for certain losses and penalties if one of our merchant customers suffers a data security breach. Over the last few years, several large companies disclosed that they had suffered substantial data security breaches compromising millions of user accounts and credentials. Moreover, to the extent more consumer confidential information becomes available to bad actors through the cumulative effect of data breaches at companies generally, bad actors may find it easier to use such information to gain access to our customer accounts. Other cyber attacks are not focused on gaining access to credit card or user credential information, but instead seek access to a range of other types of confidential information, such as internal emails and other forms of customer financial information. Ransomware attacks have sought to deny access to data and possibly shut down systems and devices maintained by target companies. In a ransomware attack, system data is encrypted or access is otherwise denied, accompanied by a demand for ransom to restore access to the data. A number of companies have fallen victim to BEC scams in recent years. BEC scams involve using social engineering to cause employees to wire funds to the perpetrators in the mistaken belief that the requests were made by a company executive or established vendor. Attacks on our customers may put these relationships at risk, particularly if customers’ ability to continue operations is impaired due to the losses suffered. Other attacks in recent years have included distributed denial of service cyber attacks, in which individuals or organizations flood commercial websites with extraordinarily high volumes of traffic with the goal of disrupting the ability of commercial enterprises to process transactions and possibly making their websites unavailable to customers for extended periods of time. We (as well as other financial services companies) have been subject to such attacks.","2026-03-13T06:34:10.771078Z","2022-02-25",0.9353,"Product Liability",285,"Product Liability",11.399,"PNC_2022_RISK_048","Risks Related to the Use of Technology","Risks Related to the Use of Technology","","PNC","2026-03-13T06:34:10.771087Z"
1781,"1",455,"Our operations depend on compliance with complex FDA and comparable international regulations. Failure to obtain broad approvals on a timely basis or to maintain compliance could delay or halt commercialization of our products.
Failure to comply with these or other requirements imposed by FDA could result in significant civil monetary penalties, fines, suspensions of regulatory approvals, product recalls, seizure of products and criminal prosecutions.","2026-03-13T06:34:28.068010Z","2022-02-23",0.4858,"Non-ESG",286,"Business Ethics & Values",16.944,"GILD_2022_RISK_023","Our operations depend on compliance with complex FDA and comparable international regulations. Failure to obtain broad approvals on a timely basis or to maintain compliance could delay or halt commercialization of our products.","Regulatory and Other Legal Risks","","GILD","2026-03-13T06:34:28.068018Z"
1782,"1",1917,"Operational and Execution Risks
Our customers have no obligation to renew their subscriptions for our services after the expiration of their contractual subscription period, which is typically 12 to 36 months, and in the normal course of business, some customers have elected not to renew. In addition, our customers may renew for fewer subscriptions, renew for shorter contract lengths, or switch to lower cost offerings of our services. It is difficult to predict attrition rates given our varied customer base of enterprise and small and medium-size business customers and the number of multi-year subscription contracts. Historically, our subscription and support revenues primarily consisted of subscription fees; however, with the May 2018 acquisition of MuleSoft and the August 2019 acquisition of Tableau, subscription and support revenues also now include term software license sales. We have less experience forecasting the renewal rates of such term software license sales. Our attrition rates may increase or fluctuate as a result of a number of factors, including customer dissatisfaction with our services, customers’ spending levels, mix of customer base, decreases in the number of users at our customers, competition, pricing increases or changes and deteriorating general economic conditions, including as a result of the COVID-19 pandemic. Our future success also depends in part on our ability to sell additional features and services, more subscriptions or enhanced editions of our services to our current customers. This may also require increasingly sophisticated and costly sales efforts that are targeted at senior management. Similarly, the rate at which our customers purchase new or enhanced services depends on a number of factors, including general economic conditions and that our customers do not react negatively to any price changes related to these additional features and services.","2026-03-13T06:34:49.479977Z","2021-03-17",0.9665,"Non-ESG",287,"Non-ESG",21.049,"CRM_2021_RISK_037","Operational and Execution Risks","Operational and Execution Risks","","CRM","2026-03-13T06:34:49.480002Z"
1783,"1",746,"We are subject to the risk of increased taxes.
Several jurisdictions in which we operate have tax laws with detailed transfer pricing rules that require that all transactions with non-resident related parties be priced using arm’s length pricing principles, and that contemporaneous documentation must exist to support such pricing. There is a risk that the taxing authorities may not deem our transfer pricing documentation acceptable. In addition, the Organization for Economic Cooperation and Development continues to issue guidelines and proposals related to Base Erosion and Profit Shifting which may result in legislative changes that could reshape international tax rules in numerous countries and negatively impact our effective tax rate.","2026-03-13T06:41:26.897251Z","2021-10-22",0.8583,"Non-ESG",288,"Non-ESG",396.936,"JBL_2021_RISK_044","We are subject to the risk of increased taxes.","Financial Risks","","JBL","2026-03-13T06:41:26.897271Z"
1784,"1",2059,"WE MAY INCUR LOSSES ASSOCIATED WITH CURRENCY FLUCTUATIONS AND MAY NOT BE ABLE TO EFFECTIVELY HEDGE OUR EXPOSURE.
Our operating results are subject to volatility due to fluctuations in foreign currency exchange rates. Our primary exposure to fluctuations in foreign currency exchange rates relates to revenue and operating expenses denominated in currencies other than the U.S. dollar. The weakening of foreign currencies relative to the U.S. dollar adversely affects our foreign currency-denominated revenue. Margins on OUS revenue could also be materially adversely affected by foreign currency exchange rate fluctuations, as we may not be able to raise local prices to fully offset the strengthening of the U.S. dollar. Conversely, the strengthening of foreign currencies relative to the U.S. dollar, while generally beneficial to our foreign currency-denominated revenue and earnings, may cause us to reduce pricing on our products in our OUS markets and may cause us to incur losses on our foreign currency hedging instruments, thereby limiting the benefit that strengthened foreign currencies could have on our results of operations. We attempt to mitigate a portion of these risks through foreign currency hedging, based on our judgment of the appropriate trade-offs among risk, opportunity, and expense. Although we have established a hedging program to partially hedge our exposure to foreign currency exchange rate fluctuations, primarily related to transactions denominated in the Euro, the British Pound, the Japanese Yen, the Korean Won, the New Taiwan Dollar, and the Swiss Franc, and we regularly review our hedging program and make adjustments as necessary, our hedging activities may not offset more than a portion of the adverse financial impact caused by unfavorable movement in foreign currency exchange rates, which could materially adversely affect our financial condition or results of operations. See “Item 7A. Quantitative and Qualitative Disclosures About Market Risk” for additional discussion on the impact of foreign exchange risk.","2026-03-13T06:41:31.908275Z","2023-02-10",0.9849,"Non-ESG",289,"Non-ESG",4.573,"ISRG_2023_RISK_031","WE MAY INCUR LOSSES ASSOCIATED WITH CURRENCY FLUCTUATIONS AND MAY NOT BE ABLE TO EFFECTIVELY HEDGE OUR EXPOSURE.","RISKS RELATING TO OUR BUSINESS","","ISRG","2026-03-13T06:41:31.908285Z"
1785,"1",822,"Increased competitive pressures may reduce our revenues or increase our costs.
Increased competition may divert consumers from our creative or other products, or to other products or other forms of entertainment, which could reduce our revenue or increase our marketing costs. Competition for the acquisition of resources can increase the cost of producing our products and services, deprive us of talent necessary to produce high quality creative material or increase the cost of compensation for our employees. Such competition may also reduce, or limit growth in, prices for our products and services, including advertising rates and subscription fees at our media networks, parks and resorts admissions and room rates, prices for consumer products from which we derive license revenues, and fees for our DTC offerings.","2026-03-13T06:42:32.448385Z","2021-11-24",0.9455,"Non-ESG",290,"Non-ESG",60.036,"DIS_2021_RISK_022","Increased competitive pressures may reduce our revenues or increase our costs.","","","DIS","2026-03-13T06:42:32.448403Z"
1786,"1",1999,"Intellectual Property Risks
Much of our business and many of our products rely on key technologies developed or licensed by third parties. For example, many of our software offerings are developed using software components or other intellectual property licensed from third parties, including through both proprietary and open source licenses. These third-party software components may become obsolete, defective or incompatible with future versions of our products, or our relationship with the third party may deteriorate, or our agreements with the third party may expire or be terminated. We may face legal or business disputes with licensors that may threaten or lead to the disruption of inbound licensing relationships. In order to remain in compliance with the terms of our licenses, we must carefully monitor and manage our use of third-party software components, including both proprietary and open source license terms that may require the licensing or public disclosure of our intellectual property without compensation or on undesirable terms. Additionally, some of these licenses may not be available to us in the future on terms that are acceptable or that allow our product offerings to remain competitive. Our inability to obtain licenses or rights on favorable terms could have a material effect on our business, including our financial condition and results of operations. In addition, it is possible that as a consequence of a merger or acquisition, third parties may obtain licenses to some of our intellectual property rights or our business may be subject to certain restrictions that were not in place prior to such transaction. Because the availability and cost of licenses from third parties depends upon the willingness of third parties to deal with us on the terms we request, there is a risk that third parties who license to our competitors will either refuse to license us at all, or refuse to license us on terms equally favorable to those granted to our competitors.","2026-03-13T06:43:38.550550Z","2021-12-10",0.9375,"Non-ESG",291,"Non-ESG",65.732,"HPE_2021_RISK_048","Intellectual Property Risks","Intellectual Property Risks","","HPE","2026-03-13T06:43:38.550558Z"
1787,"1",213,"Financial and Related Regulatory, Including Tax, Risks
Our outstanding debt could adversely affect our cash flows and financial flexibility, and we may not be able to obtain financing on favorable terms or at all.","2026-03-13T06:43:43.940806Z","2022-02-24",0.9908,"Non-ESG",292,"Non-ESG",5.006,"WTW_2022_RISK_084","Financial and Related Regulatory, Including Tax, Risks","Risk Factors","","WTW","2026-03-13T06:43:43.940825Z"
1788,"1",1958,"Credit and Liquidity Risks
Tight credit markets could impact our ability to obtain financing on reasonable terms or increase the cost of existing or future financing and interest rate fluctuations could adversely impact our results. As of December 31, 2021, we had $390.0 of outstanding debt obligations, of which $365.0 is senior unsecured promissory notes issued under our master note agreement (the Master Note Agreement), while $25.0 is loans outstanding under our revolving credit facility (the Credit Facility). Loans under the Credit Facility bear interest at a rate per annum based on the London Interbank Offered Rate (LIBOR) and mature on November 30, 2023. The notes issued under our Master Note Agreement consist of seven series and are described in further detail in Note 9 of the Notes to Consolidated Financial Statements included later in this Form 10-K. During periods of volatility and disruption in the United States credit markets, financing may become more costly and more difficult to obtain. This was a factor most recently in 2020. The turmoil that came with the onset of the COVID-19 pandemic did not have a significant adverse impact on our liquidity or borrowing costs given our low level of indebtedness at that time. However, the availability of funds tightened and credit spreads on corporate debt increased. We currently have the capacity under our Credit Facility and Master Note Agreement to increase borrowings in the future. If credit market volatility were to return, the cost of servicing any existing balances on our Credit Facility at that time could increase due to the LIBOR-based interest rate provided for under our Credit Facility. On March 5, 2021, the U.K. Financial Conduct Authority announced that immediately after December 31, 2021, publication of certain LIBOR settings would permanently cease, with most other LIBOR settings, including 1 month, 3 month, and 6 month LIBOR settings ceasing on June 30, 2023.","2026-03-13T06:43:49.429172Z","2022-02-07",0.9897,"Non-ESG",293,"Non-ESG",5.068,"FAST_2022_RISK_027","Credit and Liquidity Risks","Credit and Liquidity Risks","","FAST","2026-03-13T06:43:49.429180Z"
1789,"1",165,"RISKS RELATED TO RESERVES AND LEASEHOLD ACREAGE
Discoveries or acquisitions of additional reserves are needed to avoid a material decline in reserves and production.","2026-03-13T06:46:05.497977Z","2022-02-22",0.9921,"Non-ESG",294,"Non-ESG",135.571,"APA_2022_RISK_024","RISKS RELATED TO RESERVES AND LEASEHOLD ACREAGE","RISKS RELATED TO RESERVES AND LEASEHOLD ACREAGE","","APA","2026-03-13T06:46:05.497985Z"
1790,"1",831,"Risks related to our Business and our Industry
Our success depends, in part, on the quality, efficacy and safety of our products. Our success depends, in part, on the quality, efficacy and safety of our products. If our products are found to be defective or unsafe, our product claims are found to be deceptive, or our products otherwise fail to meet our consumers’ expectations, our relationships with customers or consumers could suffer, the appeal of our brands could be diminished, and we could lose sales and become subject to liability or claims, any of which could result in a material adverse effect on our business. In addition, counterfeit versions of some of our products may be sold by third parties, which may pose safety risks, may fail to meet consumers’ expectations, and may have a negative impact on our business.","2026-03-13T06:46:13.896536Z","2021-08-27",0.6977,"Product Liability",295,"Product Liability",7.962,"EL_2021_RISK_016","Risks related to our Business and our Industry","Risks related to our Business and our Industry","","EL","2026-03-13T06:46:13.896547Z"
1791,"1",1977,"Risks Relating to Our Industry
The ongoing COVID-19 pandemic, including the related impact on the U.S. and global economies, had materially and adversely affected our results of operations. We expect the pandemic and its impact on our business may continue, and potentially even worsen, but we cannot predict the magnitude or duration of its continued impact, particularly given the great uncertainties associated with COVID-19, including regarding the reopening of the U.S. and global economies and the recovery from its devastating economic and other effects. The ultimate impact of COVID-19 on our results of operations, financial position and liquidity is not yet known, and likely will not be known for some time, but includes the following: Adverse Legislative and Regulatory Action. Legislative and regulatory initiatives taken or which may be taken in response to COVID-19 may adversely affect us, particularly in our workers’ compensation and property coverages businesses. For example, our business may be subject to, certain initiatives, including, but not limited to: legislative and regulatory action that seeks to retroactively mandate coverage for losses that our insurance policies would not otherwise cover and which were not priced to cover; legislative and regulatory action providing for shifting presumptions with respect to the burdens of proof for “essential” workers on workers’ compensation coverages and varying definitions of “essential” workers; actions prohibiting us from cancelling insurance policies in accordance with our policy terms or non-renewing policies at their natural expiration; and/or orders to provide premium refunds, grant extended grace periods for premium payments, and provide extended time to pay past due premiums. Any such action would likely increase both our underwriting losses and our expenses and any legal challenges to any such action could take years to resolve. Claim Losses Related to COVID-19 May Exceed Reserves.","2026-03-13T06:46:34.996244Z","2022-02-24",0.6965,"Non-ESG",296,"Non-ESG",20.74,"WRB_2022_RISK_013","Risks Relating to Our Industry","Risks Relating to Our Industry","","WRB","2026-03-13T06:46:34.996254Z"
1792,"1",429,"Risks Related to Our Business and Operations
We may not be able to purchase properties pursuant to our rights under certain agreements, including put-call, call right, right of first refusal agreements and right of first offer agreements, if we are unable to obtain additional financing. In addition, pursuant to one such agreement, we may be forced to dispose of Harrah’s Las Vegas to Caesars, possibly on disadvantageous terms.","2026-03-13T06:46:43.811958Z","2023-02-23",0.9864,"Non-ESG",297,"Non-ESG",8.448,"VICI_2023_RISK_033","Risks Related to Our Business and Operations","Risks Related to Our Business and Operations","","VICI","2026-03-13T06:46:43.811978Z"
1793,"1",1541,"Financial and Liquidity Risks
Negative tax consequences could materially and adversely affect the Company’s business. The Company is subject to the tax laws of the many jurisdictions in which it operates. These tax laws are complex, and the manner in which they apply to the Company’s facts is sometimes open to interpretation. In calculating the provision for income taxes, the Company must make judgments about the application of these inherently complex tax laws. The Company’s domestic and international tax liabilities are largely dependent upon the distribution of profit before tax among these many jurisdictions. However, the Company’s provision for income taxes also includes estimates of additional tax that may be incurred for tax exposures and reflects various estimates and assumptions, including assessments of future earnings of the Company that could impact the valuation of its deferred tax assets. The Company’s future results of operations and tax liability could be adversely affected by changes in the effective tax rate as a result of a change in the mix of earnings in countries with differing statutory tax rates, changes in the overall profitability of the Company, changes in tax legislation and rates, changes in generally accepted accounting principles, changes in the valuation of deferred tax assets and liabilities, changes in the amount of earnings permanently reinvested offshore, the results of audits and examinations of previously filed tax returns, and ongoing assessments of the Company’s tax exposures.","2026-03-13T06:46:50.567958Z","2022-02-23",0.976,"Non-ESG",298,"Non-ESG",6.367,"MHK_2022_RISK_056","Financial and Liquidity Risks","Financial and Liquidity Risks","","MHK","2026-03-13T06:46:50.567966Z"
1794,"1",1783,"Risks Related to Our Business
Increased competition for acquisitions may result in fewer acquisition opportunities for us, higher acquisition prices, and increased difficulty in negotiating and consummating agreements to acquire such towers. Furthermore, to the extent that the tower acquisition opportunities are for significant tower portfolios, some of our competitors and financial sponsors are significantly larger and have greater financial resources than we do. Finally, laws regulating competition, domestically and internationally, may limit our ability to acquire certain portfolios. As a result of these risks, the cost of acquiring these towers may be higher than we expect, or we may not be able to meet our annual and long-term tower portfolio growth targets. If we are not able to successfully address these challenges, we may not be able to materially increase our tower portfolio in the long-term through acquisitions. Our ability to build new towers is dependent upon the availability of sufficient capital to fund construction, our ability to locate, and acquire at commercially reasonable prices, attractive locations for such towers and our ability to obtain the necessary zoning and permits. Local regulations, including municipal or local ordinances, zoning restrictions and restrictive covenants imposed by community developers, vary greatly, but typically require antenna tower and structure owners to obtain approval from local officials or community standards organizations prior to tower or structure construction or modification. With respect to our international new builds, our tower construction may be delayed or halted as a result of local zoning restrictions, inconsistencies between laws or other barriers to construction in international markets.","2026-03-13T06:47:22.545370Z","2022-03-01",0.9672,"Non-ESG",299,"Non-ESG",31.597,"SBAC_2022_RISK_018","Risks Related to Our Business","Risks Related to Our Business","","SBAC","2026-03-13T06:47:22.545381Z"
1795,"1",2111,"Our loss reserves, our largest liability, are based on estimates and could be inadequate to cover our actual losses.
Our consolidated financial statements are prepared using GAAP. These principles require us to make estimates and assumptions that affect the amounts reported in the Consolidated Financial Statements and accompanying Notes. Actual results could differ materially from those estimates. For a discussion of the significant accounting policies we use to prepare our financial statements, the material implications of uncertainties associated with the methods, assumptions and estimates underlying our critical accounting policies and the process used to determine our loss reserves, please refer to Item 8, Note 1 of the Consolidated Financial Statements, and Item 7, Critical Accounting Estimates, Property Casualty Insurance Loss and Loss Expense Reserves and Life Insurance Policy Reserves. Our most critical accounting estimate is loss reserves. Loss reserves are the amounts we expect to pay for covered claims and expenses we incur to settle those claims. The loss reserves we establish in our financial statements represent an estimate of amounts needed to pay and administer claims arising from insured events that have already occurred, including events that have not yet been reported to us. Loss reserves are estimates and are inherently uncertain; they do not and cannot represent an exact measure of liability. Inflationary scenarios, especially scenarios outside of historical norms or regulatory changes that affect the assumptions underlying our critical accounting estimates, may make it more difficult to estimate loss reserves. Accordingly, our loss reserves for past periods could prove to be inadequate to cover our actual losses and related expenses. Any changes in these estimates are reflected in our results of operations during the period in which the changes are made. An increase in our loss reserves would decrease earnings, while a decrease in our loss reserves would increase earnings. Unforeseen losses, the type and magnitude of which we cannot predict, may emerge.","2026-03-13T06:47:27.394162Z","2022-02-24",0.9624,"Non-ESG",300,"Non-ESG",4.478,"CINF_2022_RISK_016","Our loss reserves, our largest liability, are based on estimates and could be inadequate to cover our actual losses.","Risks related to insurance operations","","CINF","2026-03-13T06:47:27.394172Z"
1796,"1",1691,"The COVID-19 pandemic and resulting adverse economic conditions have had, and may to continue to have, a material adverse effect on our financial condition, results of operations and cash flows.
The COVID-19 pandemic caused a significant and swift reduction in global economic activity during 2020, which significantly weakened demand for oil and gas, and in turn, for our products and services.  Other effects of the pandemic included, and may continue to include, significant volatility and disruption of the global financial markets; adverse revenue and net income effects; disruptions to our operations, including suspension or deferral of drilling activities; customer shutdowns of oil and gas exploration and production; downward revisions to customer budgets; limitations on access to sources of liquidity; supply chain disruptions; limitations on access to raw materials; employee impacts from illness, school closures and other community response measures; and temporary closures of our facilities or the facilities of our customers and suppliers.  The pandemic is continuously evolving, and the extent to which our operating and financial results will continue to be affected will depend on various factors beyond our control, such as the ultimate duration, severity and sustained geographic resurgence of the virus; the emergence of new variants and strains of the virus; and the success of actions to contain the virus and its variants, or treat its impact, such as the availability and acceptance of vaccines.  COVID-19, and the volatile regional and global economic conditions stemming from the pandemic, could also aggravate our other risk factors described in this Form 10-K.","2026-03-13T06:47:34.045603Z","2022-01-26",0.3478,"Non-ESG",301,"Non-ESG",6.324,"SLB_2022_RISK_013","The COVID-19 pandemic and resulting adverse economic conditions have had, and may to continue to have, a material adverse effect on our financial condition, results of operations and cash flows.","General Risk Factors","","SLB","2026-03-13T06:47:34.045613Z"
1797,"1",1009,"Risks Related to Our Business
We are subject to fluctuations in foreign currency exchange rates. We record transactions in the functional currencies of our reporting entities. Because our consolidated financial statements are presented in U.S. dollars, we translate revenues and expenses, as well as assets and liabilities, into U.S. dollars at exchange rates in effect during or at the end of each reporting period, which subjects us to foreign currency translation risks. The strengthening of the U.S. dollar against the functional currencies of our foreign operations could have an adverse effect on our U.S. dollar financial results. We are a parent company whose primary source of cash is distributions from our subsidiaries. Fluctuations in the U.S. dollar/SGD exchange rate, the U.S. dollar/Macao pataca exchange rate and/or the U.S. dollar/Hong Kong Dollar (""HKD"") exchange rate could have a material adverse effect on the amount of dividends and distributions from our Singapore and Macao operations.","2026-03-13T06:47:37.475299Z","2022-02-04",0.9867,"Non-ESG",302,"Non-ESG",3.018,"LVS_2022_RISK_022","Risks Related to Our Business","Risks Related to Our Business","","LVS","2026-03-13T06:47:37.475308Z"
1798,"1",1230,"Pension and Other Postretirement Benefits: Increased obligations and expenses related to the Company's defined benefit pension plans and other postretirement benefit plans could negatively impact its financial condition and results of operations.
The Company has defined benefit pension plans and other postretirement benefit plans (the “plans”) in the United States and a number of other countries. The assets of the Company's funded plans are primarily invested in fixed income securities, equity securities of U.S. and foreign issuers and alternative investments, including investments in real estate, private equity and absolute return strategies. Changes in the market value of plan assets, investment returns, discount rates, mortality rates, regulations and the rate of increase in compensation levels may affect the funded status of the Company's plans and could cause volatility in the net periodic benefit cost, future funding requirements of the plans and the funded status of the plans. A significant increase in the Company's obligations or future funding requirements could have a negative impact on the Company's results of operations and cash flows for a particular period and on the Company's financial condition.","2026-03-13T06:48:54.676877Z","2022-02-04",0.9805,"Non-ESG",303,"Non-ESG",76.868,"DOW_2022_RISK_008","Pension and Other Postretirement Benefits: Increased obligations and expenses related to the Company's defined benefit pension plans and other postretirement benefit plans could negatively impact its financial condition and results of operations.","MACROECONOMIC RISKS","","DOW","2026-03-13T06:48:54.676887Z"
1799,"1",2026,"Risks Related to COVID-19
We attempt to protect and restrict access to our intellectual property and proprietary information by relying on the patent, trademark, copyright and trade secret laws of the U.S. and other countries, as well as non-disclosure agreements. However, it may be possible for a third party to obtain our information without our authorization, independently develop similar technologies, or breach a non-disclosure agreement entered into with us. In addition, many of the countries in which we operate do not have intellectual property laws that protect proprietary rights as fully as do laws in the U.S. The use of our intellectual property by someone else without our authorization could reduce or eliminate certain    17     competitive advantages we have, cause us to lose sales or otherwise harm our business. Further, the costs associated with protecting our intellectual property rights could materially adversely impact our business. We have obtained and applied for U.S. and foreign trademark registrations and patents, and will continue to evaluate whether to register additional trademarks and apply for additional patents. We cannot guarantee that any of the pending applications will be approved by the applicable governmental authorities. Further, we cannot assure that the validity of our patents or our trademarks will not be challenged. In addition, third parties may be able to develop competing products using technology that avoids our patents. Unfavorable developments in legal proceedings, investigations and other legal, environmental, compliance and regulatory matters, could impact us in a materially adverse manner. There can be no assurance that any outcome of any litigation, investigation or other legal, environmental, compliance and regulatory matter will be favorable. Our financial results could be materially adversely affected by an unfavorable outcome to pending or future litigation and investigations, and other legal, environmental, compliance and regulatory matters.","2026-03-13T06:52:55.273089Z","2021-02-25",0.8479,"Non-ESG",304,"Non-ESG",240.152,"AVY_2021_RISK_038","Risks Related to COVID-19","Risks Related to COVID-19","","AVY","2026-03-13T06:52:55.273100Z"
1800,"1",1815,"If we are unable to successfully integrate our acquisitions, our business, results of operations and financial condition may be materially adversely affected.
Successful integration of acquired companies depends primarily on our ability to consolidate operations, systems, procedures, properties and personnel, and to eliminate redundancies and reduce costs. We may encounter difficulties in these integrations. Potential difficulties associated with acquisitions include: (i) our ability to effectively monitor and manage our expanded portfolio of properties; (ii) the loss of key employees; (iii) the disruption of our ongoing business or that of the acquired entity; (iv) possible inconsistencies in standards, controls, procedures and policies; and (v) the assumption of unexpected liabilities, including:•liabilities relating to the cleanup or remediation of undisclosed environmental conditions;•unasserted claims of vendors, residents, patients or other persons dealing with the seller;•liabilities, claims and litigation, whether or not incurred in the ordinary course of business, relating to periods prior to our acquisition;•claims for indemnification by general partners, directors, officers and others indemnified by the seller;•claims for return of government reimbursement payments; and•liabilities for taxes relating to periods prior to our acquisition. In addition, acquired companies and their properties may fail to perform as expected, including in respect of estimated cost savings. Inaccurate assumptions regarding future rental or occupancy rates could result in overly optimistic estimates of future revenues. Similarly, we may underestimate future operating expenses or the costs necessary to bring properties up to standards established for their intended use or for property improvements.","2026-03-13T06:53:42.993936Z","2022-02-09",0.5028,"Corporate Governance",305,"Non-ESG",47.251,"DOC_2022_RISK_038","If we are unable to successfully integrate our acquisitions, our business, results of operations and financial condition may be materially adversely affected.","Risks Related to Our Business and Operations","","DOC","2026-03-13T06:53:42.993946Z"
1801,"1",611,"Risks Related to our Business Operations and Industry
Given the nature of the markets in which we participate, we cannot reliably predict future revenue and profitability. Changes in competitive, market and economic conditions may require us to adjust our operations, and we may not be able to make those adjustments or make them quickly enough to adapt to changing conditions. A high proportion of our costs are fixed in the short term, due in part to our research and development and manufacturing costs. As a result, small declines in sales could disproportionately affect our operating results in a quarter.","2026-03-13T06:53:51.452605Z","2021-03-02",0.986,"Non-ESG",306,"Non-ESG",8.045,"RVTY_2021_RISK_018","Risks Related to our Business Operations and Industry","Risks Related to our Business Operations and Industry","","RVTY","2026-03-13T06:53:51.452615Z"
1802,"1",1792,"Legal and Regulatory Risks
We are also subject to a variety of other risks and challenges in managing an organization operating globally, including those related to: 



 

•

general economic conditions in each country or region;



 

•

public health risks, social risks and supporting infrastructure stability risks, particularly in areas in which we have significant operations;



 

•

fluctuations in currency exchange rates and related impacts on customer demand and our operating results;



 

•

difficulties in transferring funds from or converting currencies in certain countries that could lead to a devaluation of our net assets, in particular our cash assets, in that country’s currency;



 

•

regulatory changes, including government austerity measures in certain countries that we may not be able to sufficiently plan for or avoid that may unexpectedly impair bank deposits or other cash assets that we hold in these countries or that impose additional taxes that we may be required to pay in these countries;



 

•

political unrest, terrorism and the potential for other hostilities;



 

•

common local business behaviors that are in direct conflict with our business ethics, practices and conduct policies;



 

•

natural disasters;



 

•

the effects of climate change (such as sea level rise, drought, flooding, wildfires and increased storm sensitivity);



 

•

longer payment cycles and difficulties in collecting accounts receivable;



 

•

overlapping tax regimes; and



 

•

reduced protection for intellectual property rights in some countries. The variety of risks and challenges listed above could also disrupt or otherwise negatively impact our supply chain operations and sales of our products and services in affected countries or regions.","2026-03-13T06:53:58.884728Z","2021-06-21",0.7317,"Non-ESG",307,"Non-ESG",7.069,"ORCL_2021_RISK_028","Legal and Regulatory Risks","Legal and Regulatory Risks","","ORCL","2026-03-13T06:53:58.884739Z"
1803,"1",254,"Legal, Regulatory and Compliance Risks
If we are not able to protect our intellectual property, or successfully defend against any infringement or misappropriation assertions brought against us, our revenue and profitability could be negatively affected.","2026-03-13T06:54:08.537074Z","2022-02-11",0.9774,"Non-ESG",308,"Non-ESG",9.25,"AXP_2022_RISK_071","Legal, Regulatory and Compliance Risks","Legal, Regulatory and Compliance Risks","","AXP","2026-03-13T06:54:08.537085Z"
1804,"1",2015,"Regulatory, Tax, Litigation and Legal Compliance Risks
From time to time, we are subject to litigation and other legal and regulatory proceedings relating to our business or investigations or other actions by governmental agencies, including as described in Part I, Item 3. Legal Proceedings, of this report. In addition, the Company is subject to an increased risk of litigation and other proceedings as a result of the COVID-19 pandemic and responsive measures. For example, the Company is involved in litigation relating to its vaccination requirements for employees. No assurances can be given that the results of these or new matters will be favorable to us. An adverse resolution of lawsuits, arbitrations, investigations or other proceedings or actions could have a material adverse effect on our financial condition and operating results, including as a result of non-monetary remedies, and could also result in adverse publicity. Defending ourselves in these matters may be time-consuming, expensive and disruptive to normal business operations and may result in significant expense and a diversion of management's time and attention from the operation of our business, which could impede our ability to achieve our business objectives. Additionally, any amount that we may be required to pay to satisfy a judgment, settlement, fine or penalty may not be covered by insurance. If we fail to comply with the terms contained in any settlement, order or agreement with a governmental authority relating to these matters, we could be subject to criminal or civil penalties, which could have a material adverse impact on the Company. Under our charter and certain indemnification agreements that we have entered into (and may in the future enter into) with our officers, directors and certain third parties, we could be required to indemnify and advance expenses to them in connection with their involvement in certain actions, suits, investigations and other proceedings. Any of these payments may be material.","2026-03-13T06:54:56.951819Z","2022-02-18",0.4511,"Business Ethics & Values",309,"Non-ESG",47.987,"UAL_2022_RISK_056","Regulatory, Tax, Litigation and Legal Compliance Risks","Human Capital Management Risks","","UAL","2026-03-13T06:54:56.951831Z"
1805,"1",1227,"Risks Relating to the Company’s Businesses and Operations
The Company’s businesses depend upon the continued efforts, abilities and expertise of its corporate and divisional executive teams and other highly qualified employees who possess substantial business, technical and operational knowledge. The market for highly skilled personnel, including for technology-related, product development, data science, marketing and sales roles, is very competitive, and the Company cannot ensure that it will be successful in retaining these employees or hiring and training suitable additions or replacements without significant costs or delays, particularly as its focus on digital products and services increases. These risks may be further exacerbated by changes in the nature of the office environment and remote working as a result of the COVID-19 pandemic, particularly if the Company’s needs are not aligned with increased demand for flexible work arrangements or as a result of workplace culture challenges due to increased remote working. The loss of key employees, or the failure to attract and retain other highly qualified personnel, could harm the Company’s business, including the ability to execute its business strategy.","2026-03-13T06:55:21.880759Z","2021-08-10",0.9657,"Human Capital",310,"Human Capital",24.55,"NWS_2021_RISK_027","Risks Relating to the Company’s Businesses and Operations","","","NWS","2026-03-13T06:55:21.880779Z"
1806,"1",777,"Holders of our common stock may receive dividends that vary from anticipated amounts, or no dividends at all.
We may not have sufficient cash each quarter to pay dividends or maintain current or expected levels of dividends. The actual amount of cash we pay in the form of dividends may fluctuate from quarter to quarter and will depend on various factors, some of which are beyond our control, including our working capital needs, our ability to borrow, the restrictions contained in our indentures and credit facility, our debt service requirements and the cost of acquisitions, if any.  A failure either to pay dividends or to pay dividends at expected levels could result in a loss of investor confidence, reputational damage and a decrease in the value of our stock price.","2026-03-13T06:56:50.683121Z","2022-03-01",0.6253,"Non-ESG",311,"Non-ESG",44.222,"OKE_2022_RISK_042","Holders of our common stock may receive dividends that vary from anticipated amounts, or no dividends at all.","GENERAL RISK FACTORS","","OKE","2026-03-13T06:56:50.683129Z"
1807,"1",1735,"LEGAL AND REGULATORY RISKS
Notwithstanding our views on the merits, litigation is inherently subject to many uncertainties, and we ultimately may not prevail. Adverse court rulings or determinations of liability, among other factors, could affect the lead pigment and lead-based paint litigation against us and encourage an increase in the number and nature of future claims and proceedings. From time to time, various legislation and administrative regulations have been enacted, promulgated or proposed to impose obligations on present and former manufacturers of lead pigments and lead-based paints respecting asserted health concerns associated with such products or to overturn the effect of court decisions in which we and other manufacturers have been successful. Due to the uncertainties involved, management is unable to predict the outcome of the lead pigment and lead-based paint litigation, the number or nature of possible future claims and proceedings, or the effect any legislation and/or administrative regulations may have on the litigation or against us. Further, management cannot reasonably determine the scope or amount of the potential costs and liabilities related to such litigation, or resulting from any such legislation and regulations. Except with respect to the California public nuisance litigation, we have not accrued any amounts for such litigation because we do not believe it is probable that a loss has occurred, and we believe it is not possible to estimate the range of potential losses as there is no substantive information upon which an estimate could be based. In addition, any potential liability that may result from any changes to legislation and regulations cannot reasonably be estimated.","2026-03-13T06:57:44.482068Z","2022-02-17",0.8207,"Non-ESG",312,"Product Liability",53.455,"SHW_2022_RISK_053","LEGAL AND REGULATORY RISKS","LEGAL AND REGULATORY RISKS","","SHW","2026-03-13T06:57:44.482077Z"
1808,"1",1550,"Litigation and Regulatory Risks
We recorded a charge of $6.6 billion in the fiscal year ended September 30, 2020 related to the proposed global settlement and other related opioid litigation and recorded an additional $147.7 million accrual in the fiscal year ended September 30, 2021 in connection with the proposed settlement agreement and related obligations and other opioid-related litigation. Until such time as a plaintiff participates in a global settlement or otherwise resolves its lawsuit, we will continue to litigate and prepare for trial in the cases pending in the MDL, those remanded from the MDL to federal district courts, as well as in state courts where lawsuits have been filed, and we intend to continue to vigorously defend ourselves in all such cases. Since these matters are still developing, we are unable to predict the outcome, but the result of these lawsuits could include excessive monetary verdicts and/or injunctive relief, including changes to our anti-diversion programs, that may affect how we operate our business. Further, any final settlement amongst parties may differ materially from our advanced discussions related to global resolution of the MDL. The inability to reach a global settlement of the MDL and adverse resolution of any of these lawsuits or investigations could have a material adverse effect on our business, results of operations, and cash flows and could result in a lower than historical level of capital available for deployment, including a lower level of capital returned to stockholders.","2026-03-13T06:58:47.732549Z","2021-11-23",0.5769,"Non-ESG",313,"Product Liability",62.842,"COR_2021_RISK_050","Litigation and Regulatory Risks","Litigation and Regulatory Risks","","COR","2026-03-13T06:58:47.732558Z"
1809,"1",260,"Risks Relating to Regulatory and Legal Matters
If we fail to comply with the extensive federal and state fraud, waste and abuse laws, our business, reputation, results of operations, financial position and cash flows could be materially and adversely affected.","2026-03-13T06:59:00.918301Z","2022-02-22",0.9224,"Business Ethics & Values",314,"Business Ethics & Values",12.82,"CNC_2022_RISK_067","Risks Relating to Regulatory and Legal Matters","Risks Relating to Our Business","","CNC","2026-03-13T06:59:00.918314Z"
1810,"1",1060,"Risks Related to Our Indebtedness and Credit Markets
We are currently a borrower under several credit facilities. These facilities all contain customary covenants restricting, among other things, our ability to incur certain liens and indebtedness. We are also subject to certain financial covenants, including maintenance of a maximum consolidated leverage ratio. A breach of any covenant or our inability to comply with the required financial ratios could result in a default under one or more of our credit facilities and limit our ability to do further borrowing. We cannot assure you that we will be able to maintain compliance with these covenants in the future and, if we fail to do so, we may be prohibited from undertaking actions that are necessary or desirable to maintain or expand our business. Additionally, if it becomes necessary to refinance these borrowings on less favorable terms, or if we are unable to refinance at all, our results of operations and financial condition could be materially adversely affected by increased costs and rates.","2026-03-13T06:59:15.122540Z","2022-11-21",0.9778,"Non-ESG",315,"Non-ESG",13.841,"J_2022_RISK_147","Risks Related to Our Indebtedness and Credit Markets","Risks Related to Climate Change","","J","2026-03-13T06:59:15.122548Z"
1811,"1",727,"Risks Associated with Our Indebtedness and Financing
Fitch, Moody's, and Standard & Poor's, the major debt rating agencies, routinely evaluate our debt and have given us ratings of A- with stable outlook, A3 with stable outlook, and A- with stable outlook, respectively, on our senior unsecured debt as of December 31, 2021. These ratings are based on a number of factors, which include their assessment of our financial strength, liquidity, capital structure, asset quality, and sustainability of cash flow and earnings. Due to changes in market conditions, we may not be able to maintain our current credit ratings, which could adversely affect our cost of funds and related margins, liquidity, and access to capital markets.","2026-03-13T06:59:20.884460Z","2022-02-17",0.982,"Non-ESG",316,"Non-ESG",5.39,"CPT_2022_RISK_030","Risks Associated with Our Indebtedness and Financing","Risks Associated with Our Indebtedness and Financing","","CPT","2026-03-13T06:59:20.884474Z"
1812,"1",179,"Risks Related to Legislation and Regulation
2021 Form 10-K24WEC Energy Group, Inc. We face significant costs to comply with existing and future environmental laws and regulations.","2026-03-13T07:00:30.044756Z","2022-02-24",0.405,"Non-ESG",317,"Non-ESG",68.737,"WEC_2022_RISK_004","Risks Related to Legislation and Regulation","","","WEC","2026-03-13T07:00:30.044770Z"
1813,"1",1960,"Risks Related to our Business Model and Capital Structure
We may not realize our deferred tax assets. As of December 31, 2021, we had deferred tax assets of $164.2 million, against which we provided a valuation allowance of $25.2 million. The ultimate realization of our deferred tax assets is dependent upon generating future taxable income. While we have recorded valuation allowances against certain of our deferred tax assets, the valuation allowances are subject to change as facts and circumstances change. Our ability to utilize net operating losses (“NOLs”) and other tax attributes to offset our future taxable income or income tax would be limited if we were to undergo an “ownership change” within the meaning of Section 382 of the Internal Revenue Code (the “IRC”). An ""ownership change"" under Section 382 of the IRC would establish an annual limitation to the amount of NOLs and other tax attributes we could utilize to offset our taxable income or income tax in any single year. The application of these limitations might prevent full utilization of the deferred tax assets. To preserve our ability to utilize NOLs and other tax attributes in the future without a Section 382 limitation, we adopted a shareholder rights plan, which is triggered upon certain transfers of our securities, and amended our by-laws to prohibit certain transfers of our securities. Our shareholder rights plan, as amended, expires June 1, 2022, unless our Board of Directors and shareholders approve an amendment to extend the term prior thereto. Notwithstanding the foregoing measures, there can be no assurance that we will not undergo an ownership change within the meaning of Section 382. In addition, our shareholder rights plan may adversely affect the marketability of our common stock, because any non-exempt third party that acquires shares of our common stock in excess of the applicable threshold would suffer substantial dilution of its ownership interest.","2026-03-13T07:01:29.538663Z","2022-02-07",0.9301,"Corporate Governance",318,"Corporate Governance",59.122,"PHM_2022_RISK_030","Risks Related to our Business Model and Capital Structure","Risks Related to our Business Model and Capital Structure","","PHM","2026-03-13T07:01:29.538673Z"
1814,"1",1959,"LEGAL, REGULATORY AND PUBLIC POLICY RISKS
Our license agreements with the BCBSA contain certain requirements and restrictions regarding our operations and our use of the BCBS names and marks, and failure to comply with those requirements could result in a termination of the license agreements. The license agreements may be modified by the BCBSA, which could have a material adverse effect on our future expansion plans or results of operations. Further, BCBS licensees have certain requirements to perform administrative services for members of other BCBS licensees. As of December 31, 2021, we provided services to approximately 32 million Blue Cross and/or Blue Shield enrollees. If we or another BCBS licensee are not in compliance with all legal requirements or are unable to perform administrative services as required, this could have an adverse effect on our members and our ability to maintain our licenses, which could have a material adverse effect on our business, cash flows, financial condition and results of operations. Upon the occurrence of an event causing termination of the license agreements, we would no longer have the right to use the BCBS names and marks or to sell BCBS health insurance products and services in one or more of our service areas. Furthermore, the BCBSA would be free to issue a license to use the BCBS names and marks in these service areas to another entity. Our existing BCBS members would be provided with instructions for obtaining alternative products and services licensed by the BCBSA. We believe that the BCBS names and marks are valuable identifiers of our products and services in the marketplace. Upon termination of either license agreement, the BCBSA would have the right to impose a “Re-establishment Fee” upon us, which would be used in part to fund the establishment of a replacement Blue Cross and/or Blue Shield licensee in the vacated service area. The fee is set at $98.33 per licensed enrollee.","2026-03-13T07:01:43.896647Z","2022-02-16",0.6225,"Non-ESG",319,"Non-ESG",13.997,"ELV_2022_RISK_048","LEGAL, REGULATORY AND PUBLIC POLICY RISKS","LEGAL, REGULATORY AND PUBLIC POLICY RISKS","","ELV","2026-03-13T07:01:43.896657Z"
1815,"1",1781,"Risks Relating to Compliance and the Regulatory Environment
The Company may be subject to more stringent capital and liquidity requirements. Bank holding companies, including M&T, are subject to capital and liquidity requirements and standards imposed as a result of the Dodd-Frank Act (as amended by EGRRCPA) and the U.S. Basel III-based capital rules. For additional information, see “Capital Requirements” under Part I, Item 1 — Business. Regulators have implemented and may, from time to time, implement changes to these regulatory capital adequacy and liquidity requirements. If the Company fails to meet these minimum capital adequacy and liquidity requirements and other regulatory requirements, its business activities, including lending, and its ability to expand, either organically or through acquisitions, could be limited. It could also result in M&T being required to take steps to increase its regulatory capital that may be dilutive to shareholders or limit its ability to pay dividends or otherwise return capital to shareholders, or sell or refrain from acquiring assets. In addition, the liquidity-related provisions of the Federal Reserve’s liquidity-related enhanced prudential supervision requirements may reduce the Company’s ability to invest in other longer-term assets even if deemed more desirable from a balance sheet management perspective, which could adversely affect its net interest income and net interest margin. The federal bank regulators have not yet released a proposal to implement the significant revisions of the Basel capital framework announced by the Basel Committee in December 2017, and the impact on the Company of these revisions will depend on the manner in which they are implemented in the U.S. with respect to firms such as M&T.","2026-03-13T07:02:03.068407Z","2023-02-22",0.8441,"Non-ESG",320,"Non-ESG",18.834,"MTB_2023_RISK_035","Risks Relating to Compliance and the Regulatory Environment","Market Risk","","MTB","2026-03-13T07:02:03.068415Z"
1816,"1",1835,"Risks Related to COVID-19, Food Safety and Catastrophic Events
Our business could be materially and adversely impacted by various future occurrences (which may be beyond our control), including future health epidemics or pandemics, natural disasters, geopolitical events, terrorism, political, financial or social instability, boycotts, social or civil unrest, workplace violence, or other events that lead to avoidance of public places or restrictions on public gatherings such as in our and our Concepts' restaurants. For example, the outbreak of a widespread future health epidemic or pandemic, including an outbreak arising from various strains of avian flu or swine flu, such as H1N1, particularly if located in regions from which we derive a significant amount of revenue or profit could materially and adversely affect our business. In addition, our operations could be disrupted if any of our employees or employees of our business partners were suspected of having the avian flu or swine flu, or other illnesses such as hepatitis A or norovirus, since this could require us or our business partners to quarantine some or all of such employees or disinfect our restaurant facilities. Prior outbreaks of avian flu have resulted in confirmed human cases and it is possible that outbreaks could reach pandemic levels. Public concern over avian flu generally may cause fear about the consumption of chicken, eggs and other products derived from poultry, which could cause customers to consume less poultry and related products, which would adversely affect us as the result of the fact that poultry is a menu offering for our Concepts’ restaurants. Avian flu outbreaks could also adversely affect the price and availability of poultry, which could negatively impact profit margins and revenues for us and our Concepts’ franchisees.","2026-03-13T07:03:25.236738Z","2022-02-23",0.4202,"Human Capital",321,"Product Liability",81.833,"YUM_2022_RISK_009","Risks Related to COVID-19, Food Safety and Catastrophic Events","","","YUM","2026-03-13T07:03:25.236749Z"
1817,"1",1941,"Risks Related to Teradyne’s Finances
We have incurred indebtedness and may incur additional indebtedness. On December 12, 2016, we completed a private offering of $460.0 million aggregate principal amount of 1.25% convertible senior unsecured notes (the “Notes”) due December 15, 2023 and received net proceeds, after issuance costs, of approximately $450.8 million, $33.0 million of which was used to pay the net cost, after being partially offset by proceeds from the sale of the warrants, of the convertible note hedge transactions and $50.1 million of which was used to repurchase 2.0 million shares of our common stock. Holders of the Notes may require us to repurchase the Notes upon the occurrence of certain fundamental changes involving us or the holders may elect to convert into shares of our common stock. As of February 23, 2022, eighty three holders had converted $362.6 million worth of notes. On May 1, 2020, we entered into a three-year, senior secured revolving credit facility of up to $400.0 million. On December 10, 2021, the credit agreement was amended to extend maturity date of the credit facility to December 10, 2026. The amended credit agreement provides that, subject to customary conditions, we may seek to obtain from existing or new lenders the available incremental amount under the credit facility, not to exceed the greater of $200.0 million or 15% of consolidated EBIDTA. We could borrow funds under this credit facility at any time for general corporate purposes and working capital. As of February 23, 2022, we have not borrowed any funds under this credit facility. The issuance of the Notes and any additional indebtedness, among other things, could: 

 
•
 
 make it difficult to make payments on this indebtedness and our other obligations;    

 
•
 
 make it difficult to obtain any necessary future financing for working capital, capital expenditures, debt service requirements or other purposes;","2026-03-13T07:03:32.298829Z","2022-02-23",0.9844,"Non-ESG",322,"Non-ESG",6.725,"TER_2022_RISK_020","Risks Related to Teradyne’s Finances","Risks Related to Teradyne’s Finances","","TER","2026-03-13T07:03:32.298838Z"
1818,"1",149,"General Risk Factors
Our continued success is dependent upon our ability to attract, hire and retain highly qualified, skilled and/or diverse talent.","2026-03-13T07:03:35.926467Z","2023-02-15",0.9005,"Human Capital",323,"Human Capital",3.265,"AWK_2023_RISK_092","General Risk Factors","General Risk Factors","","AWK","2026-03-13T07:03:35.926476Z"
1819,"1",1950,"Strategy and Operational Risks
In November 2021, OSHA announced an Emergency Temporary Standard (“ETS”) mandating either full vaccination against COVID-19 or weekly testing of employees for employers with 100 or more employees; however, the agency withdrew the ETS in January 2022 following an unfavorable decision by the U.S. Supreme Court. OSHA has indicated that it will continue to pursue the vaccine and testing requirements of the ETS through the traditional rulemaking process, and additional vaccine mandates may be announced in jurisdictions in which our businesses operate. We cannot currently predict the impact of any such vaccine requirements on our workforce, although implementation may result in our inability to perform or compete for certain contracts, as well as significant cost, operational disruption, attrition and difficulty securing future labor needs in the already-constrained labor market. Market disruption, including labor shortages and supply chain constraints, and macroeconomic pressures, including the heightened pace of inflation, have adversely impacted our business and results of operations. Certain macroeconomic pressures and market disruption, driven in part by the COVID-19 pandemic, intensified during the second half of 2021 and are continuing. The constrained labor market has resulted in increased costs for wage adjustments, overtime hours and training new hires to address operational challenges servicing customers. The COVID-19 pandemic and the constrained labor market have also contributed to significant global supply chain disruption and inflationary pressure for the goods and services we purchase, with a particular impact on our repair and maintenance costs. Supply chain constraints have also caused delayed delivery of fleet, steel containers and other purchases. Aspects of our business rely on third-party transportation providers, and such services have become more limited and expensive.","2026-03-13T07:03:45.150931Z","2022-02-15",0.9874,"Human Capital",324,"Human Capital",8.852,"WM_2022_RISK_016","Strategy and Operational Risks","Strategy and Operational Risks","","WM","2026-03-13T07:03:45.150950Z"
1820,"1",1742,"Risks Related to Our Business and Operations
Climate change and other sustainability matters are embedded in our core value and vision. As part of our strategic long-term plans to address sustainability, we are committed to reducing our absolute Scope 1 and Scope 2 greenhouse gas emissions 35% by 2030 among other sustainability goals. The execution of our plans and achievement of our goals are subject to risks and uncertainties, including our ability to develop, obtain, license or scale the innovations, technologies and modeling and measurement tools that may be necessary to achieve our plans and the availability, cost and benefits of materials and infrastructure associated with our sustainability projects, such as our CNG vehicles, fleet electrification, recycling, circularity of key materials, landfill gas-to-energy and other renewable energy projects. In addition, increasing governmental and societal attention to sustainability matters, including expanding mandatory and voluntary reporting, diligence, and disclosure on topics such as climate change, waste production, water usage, human capital, labor, and risk oversight, could expand the nature, scope, and complexity of matters that we are required to control, assess, and report. These and other rapidly changing laws, regulations, policies and related interpretations, as well as increased enforcement actions by various governmental and regulatory agencies, create challenges for us. If we are unable to continue to meet these challenges and comply with all laws, regulations, policies and related interpretations, and meet the sustainability values, standards and metrics that we set for ourselves, it could negatively impact our reputation and our business results.","2026-03-13T07:03:48.778696Z","2022-02-11",0.9802,"Climate Change",325,"Climate Change",3.304,"RSG_2022_RISK_028","Risks Related to Our Business and Operations","Risks Related to Our Business and Operations","","RSG","2026-03-13T07:03:48.778708Z"
1821,"1",268,"Information about our Executive Officers
The following is a list of the executive officers of BD, their ages and all positions and offices held by each of them during the past five years. There is no family relationship between any executive officer or director of BD.","2026-03-13T07:03:51.828020Z","2021-11-24",0.9932,"Corporate Governance",326,"Corporate Governance",2.724,"BDX_2021_RISK_046","Information about our Executive Officers","General Business Risks","","BDX","2026-03-13T07:03:51.828030Z"
1822,"1",1207,"The Company’s business, results of operations, financial condition and cash flows could be adversely affected by interruption of the Company’s information technology or network systems and other business disruptions.
DuPont relies on centralized and local information technology networks and systems, some of which are managed or accessible by third parties, to process, transmit and store electronic information, and to otherwise manage or support its business. Additionally, the Company collects and stores certain data, including proprietary business information, and has access to confidential or personal information that is subject to privacy and security laws, regulations and customer-imposed controls. The processing and storage of personal information is increasingly subject to privacy and data security regulations, and many such regulations are country-specific. The interpretation and application of data protection laws in the U.S., Europe, including the EU General Data Protection Regulation, Asia Pacific, Latin America, and elsewhere are uncertain, evolving and may be inconsistent among jurisdictions. Violations of these laws could result in criminal or civil sanctions and even the mere","2026-03-13T07:04:00.978126Z","2022-02-11",0.9353,"Product Liability",327,"Product Liability",8.851,"DD_2022_RISK_021","The Company’s business, results of operations, financial condition and cash flows could be adversely affected by interruption of the Company’s information technology or network systems and other business disruptions.","","","DD","2026-03-13T07:04:00.978137Z"
1823,"1",1666,"Operational Risk
Although we generally have agreements relating to cybersecurity and data privacy in place with our service providers, we cannot guarantee that such agreements will prevent a cyber incident impacting our systems or information or enable us to obtain adequate or any reimbursement from our service providers in the event we should suffer any such incidents. However, due to applicable laws and regulations or contractual obligations, we may be held responsible for cyber incidents attributed to our service providers as they relate to the information we share with them. In addition, the increasing prevalence and the evolution of cyber-attacks and other efforts to breach or disrupt our systems or networks or those of our customers, service providers, partners or other third parties with which we interact has led, and will likely continue to lead, to increased costs to us with respect to preventing, mitigating and remediating these risks, as well as any related attempted fraud. In order to address ongoing and future risks, we must expend significant resources to support protective security measures, investigate and remediate any vulnerabilities of our information systems and infrastructure and invest in new technology designed to mitigate security risks. Further, high profile cyber incidents at Capital One or other large financial institutions could lead to a general loss of customer confidence in financial institutions that could negatively affect us, including harming the market perception of the effectiveness of our security measures or the financial system in general, which could result in reduced use of our financial products.","2026-03-13T07:04:10.068804Z","2022-02-25",0.8233,"Product Liability",328,"Product Liability",8.738,"COF_2022_RISK_029","Operational Risk","Operational Risk","","COF","2026-03-13T07:04:10.068821Z"
1824,"1",1979,"Operational Risks
Our factories, facilities and distribution system are subject to catastrophic loss due to fire, flood, terrorism, public health crises, increasing severity or frequency of extreme weather events, or other climate-change related risks. For example, in the first quarter of fiscal year 2020, the outbreak of COVID-19 in China led to an extension of the Lunar New Year holiday, which adversely impacted our business and results, reduced the number of selling days and otherwise impacted our supply chain. In addition, several of our facilities could be subject to a catastrophic loss caused by earthquake due to their locations. Our production facilities, headquarters and laboratories in California, and our production facilities in Japan, are all located in areas with above-average seismic activity. If any of our facilities were to experience a catastrophic loss, it could disrupt our operations, delay production, shipments and revenue and result in large expenses to repair or replace the facility. If such a disruption were to occur, we could breach agreements, our reputation could be harmed, and our business and operating results could be adversely affected. In addition, because we have consolidated our manufacturing facilities and we may not have redundant manufacturing capability readily available, we are more likely to experience an interruption to our operations in the event of a catastrophe in any one location. Although we carry insurance for property damage and business interruption, we do not carry insurance or financial reserves for interruptions or potential losses arising from earthquakes or terrorism. Also, our third-party insurance coverage will vary from time to time in both type and amount depending on availability, cost and our decisions with respect to risk retention. Economic conditions and uncertainties in global markets may adversely affect the cost and other terms upon which we are able to obtain third-party insurance.","2026-03-13T07:04:15.608024Z","2021-12-17",0.7239,"Non-ESG",329,"Non-ESG",5.167,"A_2021_RISK_061","Operational Risks","Operational Risks","","A","2026-03-13T07:04:15.608032Z"
1825,"1",124,"Other Risks:
Con Edison has no unresolved comments from the SEC staff. CECONY has no unresolved comments from the SEC staff.","2026-03-13T07:04:18.868986Z","2022-02-17",0.9161,"Non-ESG",330,"Non-ESG",2.938,"ED_2022_RISK_013","Other Risks:","Other Risks:","","ED","2026-03-13T07:04:18.868996Z"
1826,"1",257,"Our work with government clients exposes us to additional risks inherent in the government contracting environment.
Negative publicity, including an allegation of improper or illegal activity, regardless of its accuracy, may adversely affect our reputation.","2026-03-13T07:04:28.961949Z","2021-10-15",0.8428,"Business Ethics & Values",331,"Business Ethics & Values",9.71,"ACN_2021_RISK_051","Our work with government clients exposes us to additional risks inherent in the government contracting environment.","Legal and Regulatory Risks","","ACN","2026-03-13T07:04:28.961961Z"
1827,"1",1927,"Business, Strategic and Operational Risks
We expect acquisitions to continue to play a role in the growth of the Company. There can be no assurance that we will continue to be able to identify suitable acquisition candidates or new venture opportunities, to finance or complete such transactions on acceptable terms. Additionally, the integration of acquired businesses may result in significant challenges and additional costs, and we may be unable to accomplish such transactions smoothly or successfully. Acquisitions may not provide us with the benefits that we anticipate, require significant effort and expenditures, and entail numerous risks, difficulties and uncertainties. These include, among others, diversion of management’s attention and resources to the integration of operations and infrastructure, which could otherwise have been devoted to other strategic opportunities; inaccurate assessment of risks and liabilities; difficulties in realizing projected efficiencies, synergies and cost savings, including the incurrence of unexpected integration costs; difficulties in keeping existing customers and obtaining new customers; exposure to jurisdictions or businesses with heightened legal and regulatory risks, including corruption, which may increase compliance costs; difficulties in integrating operations and systems, including cybersecurity and other technology systems, and internal control over financial reporting; difficulties in assimilating employees and corporate cultures; failure to achieve anticipated revenues, earnings, cash flows, business opportunities and growth prospects; an increase in our indebtedness or future borrowing costs; and limitations on our ability to access additional capital when needed. Our failure to adequately address these and other acquisition risks, difficulties and uncertainties could materially adversely affect our results of operations and financial condition.","2026-03-13T07:04:50.831453Z","2022-02-22",0.9106,"Non-ESG",332,"Non-ESG",13.635,"AIZ_2022_RISK_021","Business, Strategic and Operational Risks","General Risk Factors","","AIZ","2026-03-13T07:04:50.831464Z"
1828,"1",1168,"Adverse worldwide economic or other conditions could reduce the demand for cruises and passenger spending, adversely impacting our operating results, cash flows and financial condition including impairing the value of our goodwill, ships,
Natural disasters (e.g. earthquakes, volcanos, wildfires), weather and/or climate events (including hurricanes and typhoons) could impact our source markets and operations resulting in travel restrictions, guest cancellations, an inability to source our crew or our provisions and supplies from certain places. We are often forced to alter itineraries and occasionally cancel a cruise or a series of cruises or to redeploy our ships due to these types of events, which could have an adverse effect on our sales, operating costs and profitability in the current and future periods. Increases in the frequency, severity or duration of these types of events could exacerbate their impact and disrupt our operations or make certain destinations less desirable or unavailable, impacting our revenues and profitability further. Any of the foregoing could have an adverse impact on our results of operations and on industry performance.","2026-03-13T07:05:08.162456Z","2022-03-01",0.9533,"Non-ESG",333,"Non-ESG",16.97,"RCL_2022_RISK_040","Adverse worldwide economic or other conditions could reduce the demand for cruises and passenger spending, adversely impacting our operating results, cash flows and financial condition including impairing the value of our goodwill, ships,","COVID-19 and Financial Risks","","RCL","2026-03-13T07:05:08.162467Z"
1829,"1",1288,"NEE's and FPL's business, financial condition, results of operations and prospects could be materially adversely affected as a result of new or revised laws or regulations or interpretations of these laws and regulations.
There can be no assurance that FPL will be able to respond adequately to such regulatory changes, which could have a material adverse effect on FPL's business, financial condition, results of operations and prospects. NEER is subject to FERC rules related to transmission that are designed to facilitate competition in the wholesale market on practically a nationwide basis by providing greater certainty, flexibility and more choices to wholesale power customers. NEE cannot predict the impact of changing FERC rules or the effect of changes in levels of wholesale supply and demand, which are typically driven by factors beyond NEE's control. There can be no assurance that NEER will be able to respond adequately or sufficiently quickly to such rules and developments, or to any changes that reverse or restrict the competitive restructuring of the energy industry in those jurisdictions in which such restructuring has occurred. Any of these events could have a material adverse effect on NEE's business, financial condition, results of operations and prospects.","2026-03-14T03:45:21.710765Z","2022-02-18",0.9606,"Non-ESG",334,"Non-ESG",207.971,"NEE_2022_RISK_008","NEE's and FPL's business, financial condition, results of operations and prospects could be materially adversely affected as a result of new or revised laws or regulations or interpretations of these laws and regulations.","Regulatory, Legislative and Legal Risks","","NEE","2026-03-14T03:45:21.710776Z"
1830,"1",1758,"Business Risks
Any inability to compete effectively can adversely affect our business. Our products compete against products of international beverage and convenient food companies that, like us, operate in multiple geographies, as well as regional, local and private label and economy brand manufacturers and other competitors, including smaller companies developing and selling micro brands directly to consumers through e-commerce platforms or through retailers focused on locally sourced products. In many countries in which our products are sold, including the United States, The Coca-Cola Company is our primary beverage competitor. Our products compete primarily on the basis of brand recognition and loyalty, taste, price, value, quality, product variety, innovation, distribution, advertising, marketing and promotional activity, packaging, convenience, service and the ability to anticipate and effectively respond to consumer preferences and trends. Our business can be adversely affected if we are unable to effectively promote or develop our existing products or introduce and effectively market new products, if we are unable to effectively adopt new technologies, including artificial intelligence and data analytics to develop new commercial insights and improve operating efficiencies, if we are unable to continuously strengthen and evolve our capabilities in digital marketing, if our competitors spend more aggressively than we do or if we are otherwise unable to effectively respond to supply disruptions, pricing pressure (including as a result of commodity inflation) or otherwise compete effectively, and we may be unable to grow or maintain sales or category share or we may need to increase capital, marketing or other expenditures.","2026-03-14T04:13:55.809652Z","2022-02-10",0.9648,"Non-ESG",335,"Non-ESG",1713.58,"PEP_2022_RISK_009","Business Risks","Business Risks","","PEP","2026-03-14T04:13:55.809664Z"
1831,"1",208,"Financial, Tax and Accounting Risks
If we fail to manage our exposure to global financial and securities market risks successfully, our operating results and financial statements could be materially impacted.","2026-03-14T04:13:59.474100Z","2023-02-27",0.9881,"Non-ESG",336,"Non-ESG",3.114,"ALGN_2023_RISK_119","Financial, Tax and Accounting Risks","Financial, Tax and Accounting Risks","","ALGN","2026-03-14T04:13:59.474114Z"
1832,"1",1910,"Risks related to our operations
In order to maintain access to the Chinese market, we may be required to comply with significant technical and other regulatory requirements that are unique to the Chinese market, at times with challenging lead times. These actions may increase the cost of doing business in China or limit how and under what conditions we may do business in China, which could materially and adversely affect our profitability and financial condition. We benefit from many ongoing strategic business relationships, and a significant amount of our operations are conducted by joint ventures, which we cannot operate solely for our benefit. We are engaged in many strategic business relationships, and we expect that such arrangements will continue to be an important factor in the growth and success of our business, particularly in light of industry consolidation. However, there are no assurances that we will be able to identify or secure suitable business relationships in the future or that our competitors will not capitalize on such opportunities before we do, or that any strategic business relationships that we enter into will be successful. If we are unable to successfully source and execute on strategic business relationships in the future, our overall growth could be impaired, and our business, prospects and results of operations could be materially adversely affected. In addition, many of our operations, primarily in China and Korea as well as our battery manufacturing operations with LG Energy Solution, are carried out by joint ventures. In joint ventures we share ownership and management of a company with one or more parties who may not have the same goals, strategies, priorities or resources as we do and may compete with us outside the joint venture. Joint ventures are intended to be operated for the benefit of all co-owners, rather than for our exclusive benefit.","2026-03-14T04:15:18.951934Z","2022-02-02",0.9457,"Non-ESG",337,"Non-ESG",78.945,"GM_2022_RISK_011","Risks related to our operations","Risks related to our operations","","GM","2026-03-14T04:15:18.951957Z"
1833,"1",675,"Financial and Liquidity Risks
We anticipate that we will retain future earnings and other cash resources for the future operation and development of our business, including acquisitions, and to fund potential share repurchases and debt reduction. Accordingly, we do not expect to declare or pay regular cash dividends on our common stock in the near future. Our board of directors may approve the payment of future dividends after taking into account many factors, including our operating results, financial condition, current and anticipated cash needs, plans for expansion, and any restrictions on the payment of such dividends by the terms of our outstanding indebtedness.","2026-03-14T04:15:27.221371Z","2022-03-01",0.7038,"Corporate Governance",338,"Corporate Governance",7.724,"BLDR_2022_RISK_052","Financial and Liquidity Risks","Financial and Liquidity Risks","","BLDR","2026-03-14T04:15:27.221380Z"
1834,"1",2011,"A disruption in, shortage of, or price increases for, supply of our components and raw materials may adversely impact our operations.
While we manufacture certain parts and components used in our products, we require substantial amounts of raw materials and purchase some parts and components from suppliers. The availability and prices for raw materials, parts and components may be subject to curtailment or change due to, among other things, suppliers' allocation to other purchasers, interruptions in production by suppliers, changes in exchange rates and prevailing price levels, including as a result of inflation. While we generally attempt to pass along higher raw material, part and component costs to our customers in the form of price increases, there historically has been a delay between an increase in our raw material costs and our ability to increase the prices of our products. Additionally, we may not be able to increase the prices of our products due to competitive pricing pressure and other factors. Shortages in raw materials or our inability to pass along price increases could affect the prices we charge, our operating costs and our competitive position, which could adversely affect our business, financial condition, results of operations and cash flows. In addition, our facilities, supply chains, distribution systems, and products may be impacted by natural or man-made disruptions, including armed conflict, demand surges, damaging weather or other acts of nature, pandemics or other public health crises. A shutdown of, or inability to utilize, one or more of our facilities, our supply chain, or our distribution system could significantly disrupt our operations, delay production and shipments, impact our relationships and reputation with customers, suppliers, employees and others, result in lost sales, or result in legal exposure and large remediation or other expenses, which could adversely affect our business, financial condition, results of operations and cash flows.","2026-03-14T04:24:16.650418Z","2021-12-17",0.864,"Non-ESG",339,"Non-ESG",528.861,"NDSN_2021_RISK_007","A disruption in, shortage of, or price increases for, supply of our components and raw materials may adversely impact our operations.","Risks Related to Our Business and Operations","","NDSN","2026-03-14T04:24:16.650426Z"
1835,"1",1357,"Inflationary price pressures and uncertain availability of commodities, raw materials, utilities, labor or other inputs used by us and our suppliers, or instability in logistics and related costs, among other factors, could negatively impact our profitability
Increases in the price of commodities, raw materials, utilities, labor or other inputs that we or our suppliers use in manufacturing and supplying products, components and parts, along with logistics and other related costs, may lead to higher production and shipping costs for our products, parts and components. Further, increasing global demand for, and uncertain supply of, such materials could disrupt our or our suppliers’ ability to obtain such materials in a timely manner to meet our supply needs and/or could lead to increased costs. Any increase in the cost of inputs to our production could lead to higher costs for our products and could negatively impact our operating results, future profitability and ability to successfully deliver on our strategy. Increasing our prices to our customers may cause certain of our customers to push out, cancel or refrain from purchasing our products, which could materially adversely impact demand for our products, and thereby also negatively impact our operating results, future profitability and ability to successfully deliver on our strategy.","2026-03-14T04:24:24.664393Z","2025-02-13",0.9739,"Non-ESG",340,"Non-ESG",7.443,"GLW_2025_RISK_001","Inflationary price pressures and uncertain availability of commodities, raw materials, utilities, labor or other inputs used by us and our suppliers, or instability in logistics and related costs, among other factors, could negatively impact our profitability","Risks Related to Our Business","","GLW","2026-03-14T04:24:24.664405Z"
1836,"1",1964,"Business and Operational Risks
Amounts drawn under our revolving credit facility may bear interest rates in relation to LIBOR, depending on our selection of repayment options. In addition, certain of our outstanding interest rate swap agreements have a floating interest rate in relation to three-month LIBOR. On July 27, 2017, the Financial Conduct Authority in the U.K. announced that it would phase out LIBOR as a benchmark by the end of 2021. It is unclear whether new methods of calculating LIBOR will be established such that it continues to exist after 2021. However, for U.S. dollar LIBOR, the relevant date was deferred to June 30, 2023 for certain tenors (including overnight and one, three, six and 12 months), at which time the LIBOR administrator will cease publication of U.S. dollar LIBOR. Despite this deferral, the LIBOR administrator has advised that no new contracts using U.S. dollar LIBOR should be entered into after December 31, 2021. These actions indicate that the continuation of U.S. LIBOR on the current basis cannot be guaranteed after June 30, 2023. Moreover, it is possible that U.S. LIBOR will be discontinued or modified prior to June 30, 2023. The U.S. Federal Reserve, in conjunction with the Alternative Reference Rates Committee, a steering committee consisting of large U.S. financial institutions, is considering replacing U.S. dollar LIBOR with the Secured Overnight Financing Rate (SOFR), a new index calculated with a broad set of short-term repurchase agreements backed by treasury securities. If LIBOR ceases to exist, we may need to renegotiate the credit facility and any interest rate swap agreements expiring after 2021 and may not be able to do so with terms that are favorable to us. An alternative reference rate could be higher or more volatile than LIBOR prior to its discontinuance, which could result in an increase in the cost of our indebtedness, impacting our financial condition and results of operations.","2026-03-14T04:24:30.157876Z","2021-08-30",0.9806,"Non-ESG",341,"Non-ESG",4.969,"SYY_2021_RISK_060","Business and Operational Risks","Business and Operational Risks","","SYY","2026-03-14T04:24:30.157886Z"
1837,"1",2077,"We may be unsuccessful in our attempts to introduce reduced-risk products, and regulators may not permit the commercialization of these products or the communication of scientifically substantiated information and claims.
Prior to CoP 9 that took place in November 2021, the WHO and the WHO FCTC Secretariat published two reports on novel and emerging tobacco products. The reports were noted by CoP 9 and related substantive discussions and decisions were deferred to CoP 10, currently scheduled for 2023. It is not possible to predict whether or to what extent measures recommended by the WHO's reports will be implemented as the reports are not binding to the WHO Member States. Additionally, any claims, regardless of merit, challenging our research and clinical data available to date, may impact the development of science-based regulatory frameworks for the commercialization of the RRP category and the commercialization of the RRP category in general. Our RRPs and commercial activities for these products are designed for, and directed toward, current adult smokers and users of nicotine-containing products, and not for non-smokers or youth. We put significant effort in place to restrict access of our products to non-smokers or youth. Nevertheless, technological, regulatory and/or commercial setbacks might prevent us from delivering necessary infrastructure required to fulfill our commitment of having 100% of our RRP device portfolio equipped with “Age Verification”-technology and device activation features by 2023. If nonetheless there is a significant usage of our products or competitive products among youth or non-smokers, even in situations over which we have no control, our credibility may suffer, and our efforts to advocate for the development of science-based regulatory frameworks for the commercialization of RRPs may be significantly impacted. Moreover, the FDA’s premarket tobacco product and modified risk tobacco product authorizations of a version of our Platform 1 product are subject to strict marketing, reporting and other requirements.","2026-03-14T04:25:21.141391Z","2022-02-11",0.8585,"Product Liability",342,"Product Liability",50.431,"PM_2022_RISK_005","We may be unsuccessful in our attempts to introduce reduced-risk products, and regulators may not permit the commercialization of these products or the communication of scientifically substantiated information and claims.","Overall Business Risks","","PM","2026-03-14T04:25:21.141412Z"
1838,"1",237,"Legal and Regulatory Compliance Risks
The Company is subject to complex and changing laws and regulations worldwide, which exposes the Company to potential liabilities, increased costs and other adverse effects on the Company’s business.","2026-03-14T04:25:41.200253Z","2021-10-29",0.6985,"Non-ESG",343,"Non-ESG",19.51,"AAPL_2021_RISK_050","Legal and Regulatory Compliance Risks","Legal and Regulatory Compliance Risks","","AAPL","2026-03-14T04:25:41.200264Z"
1839,"1",1998,"Risks Related to Laws, Regulations, and Policies
A variety of new and existing laws and/or interpretations could harm our business. We are subject to numerous U.S. and foreign laws and regulations covering a wide variety of subject matters. New laws and regulations, or new interpretations or applications of existing laws and regulations in a manner inconsistent with our practices, have made, and may continue to make, our products and services less useful, limit our ability to pursue certain business models or offer certain products and services in certain jurisdictions, require us to incur substantial costs, expose us to civil or criminal liability, or cause us to change our business practices. These laws and regulations are evolving and involve matters central to our business, including, among others:•Laws and regulations around the world focused on large technology platforms, including the Digital Markets Act in the European Union and proposed antitrust legislation on self-preferencing and mergers and acquisitions in the U.S., which may limit certain business practices, and in some cases, create the risk of significant penalties.•Privacy laws, such as the GDPR, CCPA, CPRA, Virginia CDPA, and ColoPA (as defined and discussed further below).•Data protection laws passed by many states within the U.S. and by certain countries regarding notification to data subjects and/or regulators when there is a security breach of personal data.•Consumer protection laws, including EU’s New Deal for Consumers, which could result in monetary penalties and create a range of new compliance obligations. •New laws further restricting the collection, processing and/or sharing of advertising-related data. Copyright or similar laws around the world, including the EU Directive on Copyright in the Digital Single Market (EUCD) and EU member state transpositions. These and similar laws that have been adopted or proposed introduce new licensing regimes that could affect our ability to operate.","2026-03-14T04:27:17.379129Z","2022-02-02",0.8036,"Product Liability",344,"Product Liability",95.644,"GOOGL_2022_RISK_044","Risks Related to Laws, Regulations, and Policies","Risks Related to our Industry","","GOOGL","2026-03-14T04:27:17.379140Z"
1840,"1",187,"Market Risks
Changes in interest rates and prolonged periods of low interest rates and even negative interest rates may adversely affect our financial condition and results of operations.","2026-03-14T04:27:20.316367Z","2022-02-25",0.9895,"Non-ESG",345,"Non-ESG",2.411,"AMP_2022_RISK_008","Market Risks","Market Risks","","AMP","2026-03-14T04:27:20.316377Z"
1841,"1",221,"Risks Related to our Reliance on Government Contracts
Increased competition and bid protests in a budget-constrained environment may make it more difficult to maintain our financial performance and customer relationships.","2026-03-14T04:27:29.480342Z","2022-01-25",0.9853,"Non-ESG",346,"Non-ESG",8.644,"LMT_2022_RISK_019","Risks Related to our Reliance on Government Contracts","","","LMT","2026-03-14T04:27:29.480355Z"
1842,"1",1897,"BUSINESS RISKS
Our success depends upon the continued contributions of our associates. Our associates are the driving force behind our success. We believe that one of the things that distinguishes CarMax is a culture centered on valuing our associates. A failure to maintain our culture, in response to COVID-19 or in response to some other crisis, could have a material adverse effect on our business, sales and results of operations. In addition, managing our response to the ongoing COVID-19 pandemic as well as our strategic initiatives require management, employees and contractors to adapt and learn new skills and capabilities. A failure to maintain an adaptable and responsive culture or to continue developing and retaining the associates that drive our success could have a material adverse effect on our business, sales and results of operations. The spread of COVID-19, especially in the early half of fiscal 2021, caused us to modify our business practices, including adopting measures such as hiring freezes, employee furloughs and reduction in pay for certain officers. We have subsequently lifted these measures, but as the pandemic continues or potentially worsens, we may have to adopt similar measures in the future that may affect our ability to maintain positive associate relations. If we are unable to maintain positive relations, or if, despite our efforts, we become subject to successful unionization efforts, it could increase costs, limit our ability to respond to competitive threats and have a material adverse effect on our business, sales and results of operations. Our response to COVID-19 and our ongoing success also depend upon the continued contributions of our store, region and corporate management teams. Consequently, the loss of the services of any of these associates could have a material adverse effect on our business, sales and results of operations.","2026-03-14T04:28:12.796743Z","2021-04-20",0.923,"Human Capital",347,"Human Capital",42.786,"KMX_2021_RISK_018","BUSINESS RISKS","BUSINESS RISKS","","KMX","2026-03-14T04:28:12.796769Z"
1843,"1",173,"Risks Related to Operating Our Business
Because we operate in a highly competitive industry, our revenues or profits could be harmed if we are unable to compete effectively.","2026-03-14T04:28:16.365446Z","2022-02-16",0.9889,"Non-ESG",348,"Non-ESG",3.051,"HLT_2022_RISK_018","Risks Related to Operating Our Business","Risks Related to Operating Our Business","","HLT","2026-03-14T04:28:16.365457Z"
1844,"1",1186,"Macroeconomic and Industry Risks
There can be no assurances we will achieve our emission reduction targets or aspirations, or that the associated costs will not be higher than expected, or that the regulatory landscape will not have a negative impact on our results of operations, financial condition, and liquidity. Government mandates may lead to the premature adoption of unproven and unreliable technology, which could negatively affect operational reliability, customer service and supply chain continuity. Our Business, Financial Condition, and Results of Operations Have Been Adversely Affected, and in The Future, Could Be Materially Adversely Affected by Pandemics or Other Public Health Crises – Pandemics, epidemics, and other outbreaks of disease can have significant and widespread impacts. As we saw during the peaks of the COVID pandemic, outbreaks of disease can cause a global slowdown of economic activity (including the decrease in demand for a broad variety of goods), disruptions in global supply chains, and significant volatility and disruption of financial markets, resulting further in adverse effects on workforces, customers, and regional and local economies.","2026-03-14T04:28:57.764991Z","2025-02-07",0.3785,"Human Capital",349,"Non-ESG",40.857,"UNP_2025_RISK_016","Macroeconomic and Industry Risks","Macroeconomic and Industry Risks","","UNP","2026-03-14T04:28:57.765002Z"
1845,"1",1820,"Dependence on limited facilities for production of our Mexican beer brands, and expansion and construction issues
We are dependent on our Nava and Obregon breweries as our sole sources of supply to fulfill our Mexican beer brands product requirements, both now as well as for the near-term. We are expanding our Nava and Obregon breweries. In a public consultation process in Mexicali, Baja California, Mexico, voters voiced opposition to the construction of our Mexicali Brewery, and we have suspended construction of that brewery. We are currently working with local authorities, Mexican government officials, and members of the community in Mexicali on next steps related to that brewery construction project and options elsewhere in Mexico for our long-term production requirements. These are multi-million-dollar activities, with a potential risk of completion delays and cost overruns. Expansion of current production facilities and construction of new production facilities are subject to various regulatory and developmental risks, including but not limited to: (i) our ability to obtain timely certificate authorizations, necessary approvals and permits from regulatory agencies and on terms that are acceptable to us; (ii) potential changes in federal, state, and local statutes and regulations, including environmental requirements, that prevent a project from proceeding or increase the anticipated cost of the project; (iii) inability to acquire rights-of-way or land or water rights on a timely basis on terms that are acceptable to us; (iv) inability to acquire the necessary energy supplies, including electricity, natural gas, and diesel fuel; or (v) a temporary halt in construction activities due to COVID-19. Any of these events could delay the expansion or construction of our production facilities.","2026-03-14T04:29:31.524480Z","2021-04-20",0.7674,"Natural Capital",350,"Natural Capital",33.208,"STZ_2021_RISK_008","Dependence on limited facilities for production of our Mexican beer brands, and expansion and construction issues","Operational Risks","","STZ","2026-03-14T04:29:31.524495Z"
1846,"1",605,"Economic and Industry Risks
We have experienced, and may continue to experience, decreasing prices for certain of our goods and services due to pricing pressure from managed care organizations and other third-party payers on our customers, increased market power of our customers as the medical device industry consolidates and increased competition among medical engineering and manufacturing services providers. If the prices for our goods and services decrease and we are unable to reduce our expenses, our business, results of operations, financial condition and cash flows will be adversely affected.","2026-03-14T06:42:45.514701Z","2021-06-25",0.9862,"Non-ESG",351,"Non-ESG",5149.082,"MDT_2021_RISK_068","Economic and Industry Risks","Economic and Industry Risks","","MDT","2026-03-14T06:42:45.514712Z"
1847,"1",679,"General Risk Factors
Maryland law restricts some business combinations and requires compliance with statutory procedures before some mergers and acquisitions may occur, which may delay or prevent offers to acquire us or increase the difficulty of completing any offers, even if they are in our stockholders' best interests. In addition, other provisions of the Maryland General Corporation Law permit the Board of Directors to make elections and to take actions without stockholder approval (such as classifying our Board such that the entire Board is not up for re-election annually) that, if made or taken, could have the effect of discouraging or delaying a change in control.","2026-03-14T06:43:04.579548Z","2022-02-25",0.9923,"Corporate Governance",352,"Corporate Governance",18.52,"AVB_2022_RISK_060","General Risk Factors","General Risk Factors","","AVB","2026-03-14T06:43:04.579561Z"
1848,"1",262,"Risks Related to Accounting, Capital Management and Liquidity
We issued perpetual preferred stock having a value of approximately $4 billion, which could adversely affect our ability to raise additional capital and may limit our ability to fund other priorities.","2026-03-14T06:43:55.299181Z","2023-02-23",0.9831,"Non-ESG",353,"Non-ESG",50.196,"IVZ_2023_RISK_054","Risks Related to Accounting, Capital Management and Liquidity","Risks Related to Operations and Technology","","IVZ","2026-03-14T06:43:55.299192Z"
1849,"1",1921,"We may be unable to protect our intellectual property or retain key employees who are knowledgeable of and develop our intellectual property.
We maintain a system of controls over our intellectual property, including U.S. and foreign patents, trademarks, copyrights, trade secrets, licensing arrangements, confidentiality procedures, non-disclosure agreements with employees, consultants, and vendors, and a general system of internal controls. Despite our system of controls over our intellectual property, it may be possible for our current or future competitors to obtain, copy, use, or disclose, illegally or otherwise, our product and process technology or other proprietary information. The laws of some foreign countries may not protect our intellectual property to the same degree as do U.S. laws, and our confidentiality, non-disclosure, and non-compete agreements may be unenforceable or difficult and costly to enforce. Additionally, our ability to maintain and develop intellectual property is dependent upon our ability to attract, develop, and retain highly skilled employees. Global competition for such skilled employees in our industry is intense. A decline in our operating results and/or stock price may adversely affect our ability to retain key employees whose compensation is dependent, in part, upon the market price of our common stock, achieving certain performance metrics, levels of company profitability, or other financial or company-wide performance. If our competitors or future entrants into our industry are successful in hiring our employees, they may directly benefit from the knowledge these employees gained while they were under our employment. Our inability to protect our intellectual property or retain key employees who are knowledgeable of and develop our intellectual property could have a material adverse effect on our business, results of operations, or financial condition.","2026-03-14T06:44:02.910711Z","2021-10-08",0.6876,"Human Capital",354,"Human Capital",7.087,"MU_2021_RISK_044","We may be unable to protect our intellectual property or retain key employees who are knowledgeable of and develop our intellectual property.","26 | 2021 10-K","","MU","2026-03-14T06:44:02.910742Z"
1850,"1",1067,"Legal and Compliance Risks
We are subject to income and other taxes in the many jurisdictions in which we operate. Tax laws and regulations are complex and the determination of our global provision for income taxes and current and deferred tax assets and liabilities requires judgment and estimation. We are subject to routine examinations of our income tax returns, and tax authorities may disagree with our tax positions and assess additional tax. Our future income taxes could also be negatively impacted by our mix of earnings in the jurisdictions in which we operate being different than anticipated given differences in statutory tax rates in the countries in which we operate. In addition, certain tax policy efforts, including the U.S. corporate income tax rate increase proposed by the new U.S. administration and any tax law changes resulting from the Organization for Economic Cooperation and Development (""OECD"") and the G20's inclusive framework on Base Erosion and Profit Sharing (""BEPS""), could adversely impact our tax rate and subsequent tax expense.","2026-03-14T06:44:18.675567Z","2021-08-24",0.9708,"Non-ESG",355,"Non-ESG",15.215,"AMCR_2021_RISK_062","Legal and Compliance Risks","Legal and Compliance Risks","","AMCR","2026-03-14T06:44:18.675582Z"
1851,"1",173,"RISKS RELATED TO OUR BUSINESS AND OPERATIONS
Our revenues are subject to cyclical variations in the railway and passenger transit markets and changes in government spending.","2026-03-14T06:44:24.235493Z","2022-02-17",0.9918,"Non-ESG",356,"Non-ESG",5.021,"WAB_2022_RISK_005","RISKS RELATED TO OUR BUSINESS AND OPERATIONS","RISKS RELATED TO OUR BUSINESS AND OPERATIONS","","WAB","2026-03-14T06:44:24.235504Z"
1852,"1",2130,"We depend on the market availability, quantity, and quality of attractive brand name merchandise at desirable discounts, and on the ability of our buyers to purchase merchandise to enable us to offer customers a wide assortment of merchandise at competitive prices.
Opportunistic buying, lean inventory levels, and frequent inventory turns are critical elements of our off-price business strategy. Maintaining an overall pricing differential to department and specialty stores is also key to our ability to attract customers and sustain our sales and gross margins. Our opportunistic buying places considerable discretion with our merchants, who are in the marketplace continually and who are generally purchasing merchandise for the current or upcoming season. Our ability to meet or exceed our operating performance targets depends upon the continuous, sufficient availability of high quality merchandise that we can acquire at prices sufficiently below those paid by conventional retailers and that represent a value to our customers. To the extent that certain of our vendors are better able to manage their inventory levels and reduce the amount of their excess inventory, the amount of high quality merchandise available to us could be materially reduced. To the extent that certain of our vendors decide not to sell to us or go out of business, the amount of high quality merchandise available to us could also be materially reduced. Because a significant portion of the apparel and other goods we sell is originally manufactured in other countries, constraints on the availability of shipping capacity, changes in transportation costs or in U.S. tariffs, trade relationships, or tax policies, and natural disasters, or public health issues such as the current COVID-19 pandemic (or other, future pandemics), that reduce the supply or increase the relative cost of imported goods, could also result in disruptions to our existing supply relationships. Shortages, delays, or disruptions in the availability to us of high quality, value-priced merchandise would likely have a material adverse effect on our sales and margins.","2026-03-14T06:44:40.855821Z","2021-03-30",0.9607,"Non-ESG",357,"Non-ESG",16.109,"ROST_2021_RISK_010","We depend on the market availability, quantity, and quality of attractive brand name merchandise at desirable discounts, and on the ability of our buyers to purchase merchandise to enable us to offer customers a wide assortment of merchandise at competitive prices.","","","ROST","2026-03-14T06:44:40.855832Z"
1853,"1",2015,"Business environment and competition risk factors
In periods of rapid change, it may be more difficult to match our staffing levels to our business needs. In addition, we have other expenses that are fixed for a period of time, and we may not be able to adequately adjust them in a period of rapid change in market demand. Higher carrier prices may result in decreased adjusted gross profit margin and increases in working capital. Carriers can be expected to charge higher prices if market conditions warrant or to cover higher operating expenses. Our adjusted gross profit and income from operations may decrease if we are unable to increase our pricing to our customers. Increased demand for over the road transportation services and changes in regulations may reduce available capacity and increase motor carrier pricing. In some instances where we have entered into contract freight rates with customers, in the event market conditions change and those contracted rates are below market rates, we may be required to provide transportation services at a loss. As our volumes increase or we increase freight rates charged to our customers, the resulting increase in revenues may increase our working capital needs due to our business model which generally has a higher length of days sales outstanding than days payables outstanding. Changing fuel costs and interruptions of fuel supplies may have an impact on our adjusted gross profit margins. In our truckload transportation business, fluctuating fuel prices may result in decreased adjusted gross profit margin. While our different pricing arrangements with customers and contracted motor carriers make it very difficult to measure the precise impact, we believe that fuel costs essentially act as a pass-through cost to our truckload business. In times of fluctuating fuel prices, our adjusted gross profit margin may also fluctuate. Adjusted gross profit margin is a non-GAAP financial measure calculated as adjusted gross profit divided by total revenues.","2026-03-14T06:44:49.109839Z","2022-02-23",0.9434,"Non-ESG",358,"Non-ESG",7.755,"CHRW_2022_RISK_002","Business environment and competition risk factors","","","CHRW","2026-03-14T06:44:49.109850Z"
1854,"1",254,"RISKS RELATED TO INFORMATION TECHNOLOGY, DATA AND INFORMATION SECURITY
We must successfully maintain and upgrade our IT systems, and our failure to do so could have a material adverse effect on our business, financial condition and results of operations.","2026-03-14T06:45:15.668594Z","2021-08-06",0.9233,"Non-ESG",359,"Non-ESG",26.062,"STX_2021_RISK_096","RISKS RELATED TO INFORMATION TECHNOLOGY, DATA AND INFORMATION SECURITY","LEGAL, REGULATORY AND COMPLIANCE RISKS","","STX","2026-03-14T06:45:15.668602Z"
1855,"1",338,"Legal Proceedings
From time to time, we are involved in litigation arising in the ordinary course of our business.  There are no material legal proceedings, other than ordinary routine litigation incidental to the business, to which we or any of our subsidiaries is a party or of which any of our or our subsidiaries' property is subject.","2026-03-14T06:45:21.883531Z","2021-02-26",0.7186,"Non-ESG",360,"Non-ESG",5.678,"TRMB_2021_RISK_051","Legal Proceedings","Legal Proceedings","","TRMB","2026-03-14T06:45:21.883540Z"
1856,"1",1481,"Risks Relating to Our Business
We may be subject to claims by others that we are infringing on their intellectual property rights. Third parties may assert claims that we or our clients infringe their intellectual property rights and these claims, with or without merit, could be expensive to litigate, cause us to incur substantial costs and divert management resources and attention in defending the claim. In some jurisdictions, plaintiffs can also seek injunctive relief that may limit the operation of our business or prevent the marketing and selling of our services that infringe on the plaintiff’s intellectual property rights. To resolve these claims, we may enter into licensing agreements with restrictive terms or significant fees, stop selling, be required to implement costly redesigns to the affected services, or pay damages to satisfy contractual obligations to others. If we do not resolve these claims in advance of a trial, there is no guarantee that we will be successful in court. These outcomes may have a material adverse impact on our business, operating results and financial condition. In addition, certain contracts with our suppliers or clients contain provisions whereby we indemnify, subject to certain limitations, the counterparty for damages suffered as a result of claims related to intellectual property infringement and the use of data. Claims made under these provisions could be expensive to litigate and could result in significant payments.","2026-03-14T06:45:28.469093Z","2022-02-16",0.883,"Non-ESG",361,"Non-ESG",6.052,"IQV_2022_RISK_040","Risks Relating to Our Business","Risks Relating to Our Business","","IQV","2026-03-14T06:45:28.469101Z"
1857,"1",1529,"Human Capital Management
We provided extra pay and benefits, including special cash bonuses totaling $1.6 billion, and the introduction of the COVID-19 Emergency Leave Policy in the U.S. See ""COVID-19 Updates"" in Management's Discussion and Analysis for additional information regarding our response to the COVID-19 pandemic. Growth - Provide ongoing growth, development and learning opportunities for associates and continue to attract talent with new skills. To help associates acquire the experiences and skills needed for success in the jobs of today and tomorrow, we have invested in their development – including new roles and career paths, cross-training, on-the-job coaching, and formal, classroom-style training such as Walmart Academy in the U.S. We also provide access to educational opportunities for our eligible associates through our Live Better U program, which provides a pathway to earn a high school diploma at no cost or a college degree for $1 a day, as well as multiple digital learning opportunities. Digital - Accelerate digital transformation and ways of working to improve the associate experience and drive business results. To deliver a seamless customer and associate experience, we continue to invest in digital tools to improve associate productivity, engagement, and performance. As more customers shop digitally, we have adapted by adding more roles in eCommerce fulfillment and our home office associates have accelerated tech-based solutions that enhance the customer and associate experiences.","2026-03-14T06:45:32.749140Z","2021-03-19",0.9928,"Human Capital",362,"Human Capital",3.758,"WMT_2021_RISK_003","Human Capital Management","Human Capital Management","","WMT","2026-03-14T06:45:32.749150Z"
1858,"1",1966,"General Economic and Market Risks
We offer a broad array of financial products and services to consumers, small businesses and commercial clients. A prolonged period of economic volatility, slow growth, or a significant deterioration in economic conditions, in the U.S., Canada or the U.K., could have a material adverse effect on our financial condition and results of operations as customers default on their loans, maintain lower deposit levels or, in the case of credit card accounts, carry lower balances and reduce credit card purchase activity. Some of the risks we face in connection with adverse changes and instability in the macroeconomic environment and changes in consumer confidence levels and behavior, include the following:•Monetary policies and actions taken by the Federal Reserve and other central banks or governmental authorities;•Economic deterioration due to escalation of military hostilities or other geopolitical instabilities;•Changes in payment patterns, increases or fluctuations in delinquencies and default rates, decreased consumer spending, inflation, fluctuation in interest rates, lower demand for credit and shifts in consumer behavior, including deposits and payments;•Increases in our charge-off rate caused by bankruptcies and reduced ability to recover debt that we have previously charged-off;•Recent changes in usage of commercial real estate, which may have a sustained negative impact on utilization rates and values; •Decreased reliability of the process and models, including those we use to estimate our allowance for credit losses, particularly if unexpected variations in key inputs and assumptions cause actual losses to diverge from the projections of our models and our estimates become increasingly subject to management’s judgment. See “We face risks resulting from the extensive use of models and data.”The U.K. and the EU agreed to a free trade deal at the end of 2020 relating to the U.K.’s exit from the EU.","2026-03-14T06:45:36.874575Z","2023-02-24",0.9649,"Non-ESG",363,"Non-ESG",3.606,"COF_2023_RISK_004","General Economic and Market Risks","General Economic and Market Risks","","COF","2026-03-14T06:45:36.874587Z"
1859,"1",566,"General Risk Factors
Our ability to identify, implement and maintain appropriate information technology systems differentiates and creates competitive advantages for us in the operations of our business.  These systems often are developed and hosted by third-party vendors whom we rely upon for ongoing maintenance, upgrades and enhancements.  While we maintain a rigorous process around selecting appropriate information technology systems and partnering with vendors, our failure to adequately do so could negatively impact our operations and competitive position.","2026-03-14T06:45:43.499734Z","2022-02-17",0.8946,"Non-ESG",364,"Non-ESG",6.134,"EQR_2022_RISK_070","General Risk Factors","General Risk Factors","","EQR","2026-03-14T06:45:43.499745Z"
1860,"1",1554,"Statement Regarding Forward-Looking Information
The statements contained in this Form 10-K or in our other documents or in oral presentations or other management statements that are not purely historical are forward-looking statements within the meaning of the U.S. federal securities laws. Statements that are not historical facts, including statements about anticipated financial outcomes, including any earnings guidance or projections of the Company, projected revenue or expense synergies, business and market conditions, outlook, foreign currency exchange rates, deleveraging plans, expected dividends and share repurchases, the Company's sales pipeline and anticipated profitability and growth, as well as other statements about our expectations, beliefs, intentions, or strategies regarding the future, or other characterizations of future events or circumstances, are forward-looking statements. In many cases, forward-looking statements can be identified by terminology such as ""may,"" ""will,"" ""should,"" ""expect,"" ""plan,"" ""anticipate,"" ""believe,"" ""estimate,"" ""predict,"" ""potential,"" or ""continue,"" or the negative of these terms and other comparable terminology. These statements relate to future events and our future results and involve a number of risks and uncertainties. Forward-looking statements are based on management's beliefs as well as assumptions made by, and information currently available to, management. Actual results, performance or achievement could differ materially from those contained in these forward-looking statements.","2026-03-14T06:45:49.465800Z","2022-02-23",0.9738,"Non-ESG",365,"Non-ESG",5.456,"FIS_2022_RISK_093","Statement Regarding Forward-Looking Information","Risks Related to Our Indebtedness","","FIS","2026-03-14T06:45:49.465817Z"
1861,"1",929,"General Risks
We face competitive risks from many sources that may negatively impact our profitability. Competition within the packaging and aerospace industries is intense. Increases in productivity, combined with potential surplus capacity in the industry, have maintained competitive pricing pressures. The principal methods of competition in the general packaging industry are price, innovation, sustainability, service and quality. In the aerospace industry, they are technical capability, cost and schedule. Some of our competitors may have greater financial, technical and marketing resources, and some may currently have excess capacity. Our current or potential competitors may offer products at a lower price or products that are deemed superior to ours. The global economic environment has resulted in reductions in demand for our products in some instances, which, in turn, could increase these competitive pressures.","2026-03-14T06:46:15.107722Z","2022-02-16",0.9709,"Non-ESG",366,"Non-ESG",25.106,"BALL_2022_RISK_008","General Risks","General Risks","","BALL","2026-03-14T06:46:15.107732Z"
1862,"1",767,"Risks Related to Our Financial Performance and Our Common Stock
•Global economic conditions, including inflation and supply chain disruptions, have adversely affected, and could continue to adversely affect, our operations.•Our operating results and financial condition may fluctuate.•We may not achieve our financial goals.•We have incurred a substantial amount of debt in connection with the Hillrom acquisition.•Changes in foreign currency exchange rates and interest rates could have a material adverse effect on our operating results and liquidity.•Our common stock price has fluctuated significantly and may continue to do so. •Future material impairments in the value of our long-lived assets, including goodwill, could negatively affect our operating results.","2026-03-14T06:46:22.239086Z","2023-02-09",0.9807,"Non-ESG",367,"Non-ESG",6.618,"BAX_2023_RISK_003","Risks Related to Our Financial Performance and Our Common Stock","Risks Related to Our Financial Performance and Our Common Stock","","BAX","2026-03-14T06:46:22.239099Z"
1863,"1",1993,"Commercial, Operational, Financial and Regulatory Risks
Our properties and many aspects of our business operations are subject to various domestic and international environmental laws and regulations, including those that control and restrict the use, transportation, emission, discharge, storage and disposal of certain chemicals, gases and other substances. Any failure to comply with applicable environmental laws, regulations or requirements may subject us to a range of consequences, including fines, suspension of certain of our business activities, limitations on our ability to sell our products, obligations to remediate environmental contamination, and criminal and civil liabilities or other sanctions. In addition, changes in environmental regulations (including regulations relating to climate change and greenhouse gas emissions) could require us to invest in potentially costly pollution control equipment, alter our manufacturing processes or use substitute (potentially more expensive and/or rarer) materials. Further, we use hazardous and other regulated materials that subject us to risks of strict liability for damages caused by any release, regardless of fault. We also face increasing complexity in our manufacturing, product design and procurement operations as we adjust to new and prospective requirements relating to the materials composition of our products, including restrictions on lead and other substances and requirements to track the sources of certain metals and other materials. The cost of complying, or of failing to comply, with these and other regulatory restrictions or contractual obligations could adversely affect our operating results, financial condition and ability to conduct our business. In addition, we may from time to time be involved in legal proceedings or claims regarding employment, immigration, contracts, product performance, product liability, antitrust, environmental regulations, securities, unfair competition and other matters.","2026-03-14T06:49:28.698535Z","2021-08-06",0.7717,"Climate Change",368,"Pollution & Waste",185.927,"KLAC_2021_RISK_024","Commercial, Operational, Financial and Regulatory Risks","Risks Related to the COVID-19 Pandemic","","KLAC","2026-03-14T06:49:28.698548Z"
1864,"1",1900,"Strategic and Operational Risks
Our business and financial results could be negatively impacted by COVID-19 or other pandemics or epidemics. The severity, magnitude and duration of the current COVID-19 pandemic remain uncertain and hard to predict. Since 2020, COVID-19 has significantly impacted economic activity and markets around the world, and it could negatively impact our business in numerous ways, including but not limited to those outlined below:•In 2020, the COVID-19 pandemic resulted in lower revenues in some of our emerging market countries that have a greater concentration of traditional trade outlets (such as small family-run stores), as well as in our world travel retail (such as international duty-free stores) and foodservice businesses and categories like gum and candy, which are more traditionally purchased and consumed out of home. Some of these parts of our business continue to be negatively affected by the ongoing pandemic, and some of these areas such as gum that grew in 2021 have not fully recovered to pre-pandemic levels. We are unable to predict how long these trends will continue or whether they will worsen.•In 2020 and 2021, sales of some of our products in some markets and channels increased, such as products for in-home consumption and categories like biscuits, as well as the modern trade and digital commerce channels. We are unable to predict how long this sustained demand will last. Different markets and parts of our business will recover from the COVID-19 pandemic at different rates depending on many factors including vaccination levels or new COVID-19 variants and related outbreaks within a market.•The COVID-19 pandemic has disrupted and could materially disrupt our global supply chain, operations and routes to market or those of our suppliers, their suppliers, our external manufacturing partners, distributors or other business partners.","2026-03-14T06:49:44.759745Z","2022-02-04",0.4825,"Non-ESG",369,"Non-ESG",15.535,"MDLZ_2022_RISK_002","Strategic and Operational Risks","Strategic and Operational Risks","","MDLZ","2026-03-14T06:49:44.759759Z"
1865,"1",735,"Our results may be adversely affected by our inability to complete or realize the projected benefits of acquisitions, divestitures and other strategic transactions
Potential risks of divestitures may also include:•diversion of management's attention from other business concerns;•loss of key suppliers and/or customers of divested businesses;•the inability to separate divested businesses or business units effectively and efficiently from our existing business operations; and•the inability to reduce or eliminate associated overhead costs. If we are unable to complete or realize the projected benefits of future acquisitions, divestitures or other strategic transactions, our business or financial results may be adversely impacted.","2026-03-14T06:49:52.867748Z","2021-09-23",0.9793,"Non-ESG",370,"Non-ESG",7.585,"CPB_2021_RISK_017","Our results may be adversely affected by our inability to complete or realize the projected benefits of acquisitions, divestitures and other strategic transactions","Business and Operational Risks","","CPB","2026-03-14T06:49:52.867759Z"
1866,"1",939,"If our efforts to maintain the privacy and security of customer, associate, supplier and Company information are not successful, we could incur substantial costs and reputational damage and could become subject to litigation and enforcement actions.
Further, the regulatory environment related to data privacy and cybersecurity is constantly changing, with new and increasingly rigorous requirements applicable to our business. The implementation of these requirements has also become more complex. Maintaining our compliance with those requirements, including recently enacted state consumer privacy laws, may require significant effort and cost, require changes to our business practices, and limit our ability to obtain data used to provide a personalized customer experience. In addition, failure to comply with applicable requirements could subject us to fines, sanctions, governmental investigations, lawsuits or reputational damage.","2026-03-14T06:49:59.534200Z","2021-03-24",0.847,"Product Liability",371,"Product Liability",6.147,"HD_2021_RISK_019","If our efforts to maintain the privacy and security of customer, associate, supplier and Company information are not successful, we could incur substantial costs and reputational damage and could become subject to litigation and enforcement actions.","Operational Risks","","HD","2026-03-14T06:49:59.534209Z"
1867,"1",1031,"Industry and Economic Risks
We may have difficulties in sourcing or selling products due to a variety of causes. We might experience difficulties and delays in sourcing and selling products due to a variety of causes, such as: difficulties in complying with the legal requirements for export or import of pharmaceuticals or components; suppliers’ failure to satisfy production demand; manufacturing or supply problems such as inadequate resources; and real or perceived quality issues. Difficulties in product manufacturing or access to raw materials could result in supplier production shutdowns, product shortages and other supply disruptions. The FDA banned certain manufacturers from selling raw materials and drug ingredients in the U.S. due to quality issues. The COVID-19 pandemic adversely affects the availability of some products, resulting in product allocation and delivery delays. Any of these risks might have a materially adverse impact on our business operations and our financial position or results of operations.","2026-03-14T06:50:32.711733Z","2021-05-12",0.8486,"Non-ESG",372,"Product Liability",32.669,"MCK_2021_RISK_049","Industry and Economic Risks","Industry and Economic Risks","","MCK","2026-03-14T06:50:32.711756Z"
1868,"1",182,"OPERATIONAL RISKS
If Kioxia fails to do so, we could suffer significant unreimbursable losses, and such failure could also cause Flash Ventures to breach various financing covenants.","2026-03-14T06:50:36.679682Z","2021-08-27",0.9631,"Non-ESG",373,"Non-ESG",3.45,"WDC_2021_RISK_012","OPERATIONAL RISKS","OPERATIONAL RISKS","","WDC","2026-03-14T06:50:36.679697Z"
1869,"1",209,"GENERAL
Significant declines in future financial and stock market conditions could diminish our pension plan asset performance and adversely impact our results of operations, financial condition and cash flow.","2026-03-14T06:50:42.241189Z","2022-02-08",0.9899,"Non-ESG",374,"Non-ESG",5.056,"CMI_2022_RISK_050","GENERAL","GENERAL","","CMI","2026-03-14T06:50:42.241201Z"
1870,"1",1285,"Operational Risks
•Many types of operational risks can affect our earnings negatively.•Failures of, or disruptions to, our technological systems or breaches of our security measures, including, but not limited to, those resulting from cyber-attacks, may result in losses.•Errors, breakdowns in controls or other mistakes in the provision of services to clients or in carrying out transactions for our own account can subject us to liability, result in losses or have a negative effect on our earnings in other ways.•Our dependence on technology, and the need to update frequently our technology infrastructure, exposes us to risks that also can result in losses.•A failure or circumvention of our controls and procedures could have a material adverse effect on our business, financial condition and results of operations.•Failure of any of our third-party vendors (or their vendors) to perform can result in losses.•We are subject to certain risks inherent in operating globally which may affect our business adversely.•Failure to control our costs and expenses adequately could affect our earnings negatively.•Pandemics, natural disasters, global climate change, acts of terrorism, geopolitical tensions, and global conflicts may have a negative impact on our business and operations.","2026-03-14T06:50:56.915222Z","2023-02-28",0.675,"Non-ESG",375,"Non-ESG",14.159,"NTRS_2023_RISK_003","Operational Risks","Operational Risks","","NTRS","2026-03-14T06:50:56.915232Z"
1871,"1",785,"■We are subject to U.S. and global laws and regulations covering our domestic and international operations that could adversely affect our business and results of operations
Due to our global operations, we are subject to many laws governing international relations, including those that prohibit improper payments to government officials and restrict where we can do business, what information or products we can supply to certain countries and what information we can provide to a non-U.S. government, including but not limited to the Foreign Corrupt Practices Act and the U.S. Export Administration Act. Violations of these laws may result in criminal penalties or sanctions that could have a material adverse effect on our financial condition, results of operations and cash flows.","2026-03-14T06:51:06.806563Z","2022-02-11",0.8452,"Business Ethics & Values",376,"Business Ethics & Values",9.354,"AOS_2022_RISK_018","■We are subject to U.S. and global laws and regulations covering our domestic and international operations that could adversely affect our business and results of operations","Legal, Regulatory, and Governance Risks","","AOS","2026-03-14T06:51:06.806572Z"
1872,"1",1511,"The Arconic Inc. Separation Transaction could result in substantial tax liability.
Separation Transaction (and any related costs and other damages) to the extent such amounts resulted from (i) an acquisition of all or a portion of the equity securities or assets of Arconic Corporation, whether by merger or otherwise (and regardless of whether we participated in or otherwise facilitated the acquisition), (ii) other actions or failures to act by Arconic Corporation, or (iii) any of Arconic Corporation’s representations, covenants or undertakings contained in the separation agreement and certain other agreements and documents or in any documents relating to the opinion of counsel being incorrect or violated. However, the indemnity from Arconic Corporation may not be sufficient to protect us against the full amount of such additional taxes or related liabilities, and Arconic Corporation may not be able to fully satisfy its indemnification obligations. Moreover, even if we ultimately succeed in recovering from Arconic Corporation any amounts for which we are held liable, we may be temporarily required to bear such losses. In addition, we and our subsidiaries may incur certain tax costs in connection with the Arconic Inc. Separation Transaction, including non-U.S. tax costs resulting from transactions (including the internal reorganization) in non-U.S. jurisdictions, which may be material. Each of these risks could negatively affect our business, results of operations and financial condition.","2026-03-14T06:51:23.666057Z","2022-02-14",0.7532,"Corporate Governance",377,"Corporate Governance",16.356,"HWM_2022_RISK_038","The Arconic Inc. Separation Transaction could result in substantial tax liability.","Risks Related to Our Business and Operations","","HWM","2026-03-14T06:51:23.666073Z"
1873,"1",1244,"Technology Risks:
•Technological and new product discovery/development - Our ability to compete successfully depends in part upon our ability to maintain a superior technological capability and to continue to identify, develop and commercialize new and innovative, high value-added products for existing and future customers. Our investment in the discovery and development of new pesticidal active ingredients relies on discovery of new chemical molecules or biological strains. Such discovery processes depend on our scientists being able to find new molecules and strains, which are novel and outside of patents held by others, and such molecules/strains being efficacious against target pests, and our ability to develop those molecules and strains into new products without creating an undue risk to human health and the environment, and then meeting applicable regulatory criteria. The timeline from active ingredient discovery through full development and product launch averages 8-10 years depending on local regulatory requirements; the complexity and duration of developing new products create risks that product concepts may fail during development or, when launched, may not meet then-current market needs or competitive conditions.","2026-03-14T06:51:37.835557Z","2022-02-25",0.5971,"Product Liability",378,"Product Liability",13.666,"FMC_2022_RISK_011","Technology Risks:","Technology Risks:","","FMC","2026-03-14T06:51:37.835567Z"
1874,"1",1081,"III.Risks Related to Our Intellectual Property
Our software products are proprietary. We protect our intellectual property rights in these items by relying on copyrights, trademarks, patents and common law safeguards, including trade secret protection, as well as restrictions on disclosures and transferability contained in our agreements with other parties. Despite these measures, the laws of all relevant jurisdictions may not afford adequate protection to our products and other intellectual property. In addition, we frequently encounter attempts by individuals and companies to pirate our software. If our measures to protect our intellectual property rights fail, others may be able to use those rights, which could reduce our competitiveness and revenues. In addition, any legal action to protect our intellectual property rights that we may bring or be engaged in could be costly, may distract management from day-to-day operations and may lead to additional claims against us, and we may not succeed, all of which would materially adversely affect our operating results.","2026-03-14T06:51:44.111606Z","2021-11-22",0.801,"Non-ESG",379,"Non-ESG",5.752,"PTC_2021_RISK_031","III.Risks Related to Our Intellectual Property","","","PTC","2026-03-14T06:51:44.111618Z"
1875,"1",1089,"Risks Related to our REIT Status and Certain Other Tax Items
We believe that we have been organized and have operated in conformity with the requirements for qualification and taxation as a REIT and that our current organization and proposed method of operation enable us to continue to qualify as a REIT. However, qualification as a REIT involves the application of highly technical and complex Code provisions for which only a limited number of judicial or administrative interpretations exist, and we cannot assure you that we qualify or that we will remain qualified as a REIT. Our qualification as a REIT depends upon our satisfaction of certain asset, income, organizational, distribution, stockholder ownership, and other requirements on a continuing basis, and even a technical or inadvertent violation of these requirements could jeopardize our REIT qualification. In addition, our qualification as a REIT may depend upon the qualification as a REIT of certain subsidiary entities of our investments in unconsolidated joint ventures that have also elected to be treated as a REIT.","2026-03-14T06:52:02.286276Z","2024-02-21",0.5502,"Corporate Governance",380,"Non-ESG",17.668,"INVH_2024_RISK_135","Risks Related to our REIT Status and Certain Other Tax Items","Risks Related to Our Indebtedness","","INVH","2026-03-14T06:52:02.286294Z"
1876,"1",793,"We may be required to post additional collateral because of changes in our reinsurance liabilities to regulated insurance companies, or because of regulatory changes that affect our companies.
If our reinsurance liabilities increase, including in our property & casualty and variable annuity reinsurance businesses, we may be required to post additional collateral for insurance company clients. In addition, regulatory changes sometimes affect our obligations to post collateral. The need to post this additional collateral, if significant enough, may require us to sell investments at a loss in order to provide securities of suitable credit quality or otherwise secure adequate capital at an unattractive cost. This could adversely impact our net income and liquidity and capital resources.","2026-03-14T06:52:18.262448Z","2022-02-24",0.987,"Non-ESG",381,"Non-ESG",15.441,"CB_2022_RISK_018","We may be required to post additional collateral because of changes in our reinsurance liabilities to regulated insurance companies, or because of regulatory changes that affect our companies.","Financial","","CB","2026-03-14T06:52:18.262458Z"
1877,"1",641,"Changes in the competitive environment in which we operate may eliminate any competitive advantages that we currently have, which could adversely impact our business.
Our operations are subject to competition from a wide variety of global, regional and local competitors, which could adversely affect our results of operations by creating downward pricing pressure and/or a decline in our margins or market shares.  To compete successfully, we must excel in terms of product quality and innovation, technological and engineering capability, manufacturing and distribution capability, delivery, price competitiveness, and customer experience.","2026-03-14T07:00:09.260499Z","2021-08-25",0.9554,"Non-ESG",382,"Non-ESG",470.093,"PH_2021_RISK_011","Changes in the competitive environment in which we operate may eliminate any competitive advantages that we currently have, which could adversely impact our business.","Business and Operational Risks","","PH","2026-03-14T07:00:09.260534Z"
1878,"1",2266,"Risks Related to Our Organization, Structure, and Ownership of Our Common Stock
Certain provisions of the Maryland General Corporation Law (the “MGCL”) may have the effect of inhibiting a third party from making a proposal to acquire us or of impeding a change in control under circumstances that otherwise could provide our stockholders with the opportunity to realize a premium over the then-prevailing market price of their shares of common stock, including:•“business combination” provisions that, subject to certain exceptions and limitations, prohibit certain business combinations between a Maryland corporation and an “interested stockholder” (defined generally as any person who beneficially owns 10% or more of the voting power of our outstanding voting stock or an affiliate or associate of ours who, at any time within the two-year period immediately prior to the date in question, was the beneficial owner of 10% or more of the voting power of our then outstanding shares of stock) or an affiliate of any interested stockholder for five years after the most recent date on which the stockholder becomes an interested stockholder, and thereafter imposes two super-majority stockholder voting requirements on these combinations, unless, among other conditions, our common stockholders receive a minimum price, as defined in the MGCL, for their shares of stock and the consideration is received in cash or in the same form as previously paid by the interested stockholder for its shares of stock; and•“control share” provisions that provide that, subject to certain exceptions, holders of “control shares” (defined as voting shares that, when aggregated with all other shares controlled by the stockholder, entitle the stockholder to exercise one of three increasing ranges of voting power in electing directors) acquired in a “control share acquisition” (defined as the direct or indirect acquisition of ownership or control of issued and outstanding “control shares”) have no voting rights except to the extent approved by our stockholders by the affirmative vote of at least two-thirds of all the votes entitled to be cast on the matter, excluding shares owned by the acquirer, by our officers, or by our employees who are also directors of our company.","2026-03-14T07:00:19.273074Z","2023-02-22",0.9951,"Corporate Governance",383,"Corporate Governance",9.409,"INVH_2023_RISK_123","Risks Related to Our Organization, Structure, and Ownership of Our Common Stock","Risks Related to Our Indebtedness","","INVH","2026-03-14T07:00:19.273104Z"
1879,"1",1072,"RISKS RELATED TO THE CORONAVIRUS (COVID-19) PANDEMIC
The Company’s debt is subject to restrictive debt covenants that limit the Company’s ability to engage in certain activities that could otherwise benefit the Company. These debt covenants include restrictions on the Company’s ability to enter into certain contracts or agreements, which may limit the Company’s ability to make dividend or other payments, secure other indebtedness, enter into transactions with affiliates and consolidate, merge or transfer all or substantially all of the Company’s assets. The Company is also required to meet specified financial ratios under the terms of the Company’s debt agreements. The Company’s ability to comply with these financial restrictions and all other covenants is dependent on the Company’s future performance, which is subject to, but not limited to, prevailing economic conditions and other factors, including factors that are beyond the Company’s control, such as foreign exchange rates, interest rates, changes in technology and changes in the level of competition.","2026-03-14T07:00:23.871975Z","2022-02-24",0.9759,"Non-ESG",384,"Non-ESG",4.0,"WAT_2022_RISK_029","RISKS RELATED TO THE CORONAVIRUS (COVID-19) PANDEMIC","Risk Factors","","WAT","2026-03-14T07:00:23.871984Z"
1880,"1",351,"Risks Related to Us and Our Subsidiary, Loews Hotels & Co
In addition to materially affecting the business of Loews Hotels & Co generally, these factors, and the reputational repercussions of these factors, could materially adversely affect, and from time to time have materially adversely affected, individual hotels and hotels in particular regions.","2026-03-14T07:00:29.784901Z","2023-02-07",0.9669,"Non-ESG",385,"Non-ESG",5.326,"L_2023_RISK_089","Risks Related to Us and Our Subsidiary, Loews Hotels & Co","","","L","2026-03-14T07:00:29.784909Z"
1881,"1",349,"We face various risks related to pandemics, epidemics or similar widespread public health concerns, which may have a material adverse effect on our business, results of operations, cash flows and financial condition.
We face various risks related to pandemics, epidemics or similar widespread public health concerns, including the COVID-19 pandemic.","2026-03-14T07:00:34.057949Z","2022-02-17",0.8462,"Non-ESG",386,"Non-ESG",3.71,"CL_2022_RISK_010","We face various risks related to pandemics, epidemics or similar widespread public health concerns, which may have a material adverse effect on our business, results of operations, cash flows and financial condition.","Business and Industry Risks","","CL","2026-03-14T07:00:34.057960Z"
1882,"1",2001,"Risks related to our indebtedness:
also pledged as collateral under our first lien notes. If any of the lenders under the senior secured credit facilities accelerate the repayment of borrowings, there can be no assurance there will be sufficient assets to repay the senior secured credit facilities, the first lien notes and our other indebtedness. Discontinuation, reform or replacement of LIBOR may adversely affect our borrowing costs. As of December 31, 2021, we had $4.740 billion of borrowings under our senior secured credit facilities that bore interest at a floating rate based on LIBOR and $3.640 billion of unfunded commitments under those facilities. The U.K. Financial Conduct Authority announced in 2017 that it intends to phase out LIBOR by the end of 2021 and will not compel panel banks to continue to contribute to LIBOR after the end of 2021. However, the ICE Benchmark Administration, in its capacity as administrator of LIBOR, has published a consultation regarding its intention to continue publication of certain LIBOR tenors and subsequently confirmed it expects to cease publication of all remaining LIBOR tenors in June 2023. However, the Federal Reserve Board, the Office of the Comptroller of the Currency, and the Federal Deposit Insurance Corporation have encouraged banks to cease entering into new contracts that use U.S. dollar LIBOR as a reference rate no later than December 31, 2021. The Federal Reserve Board, together with the Alternative Reference Rates Committee, has chosen the Secured Overnight Financing Rate (“SOFR”) as the recommended risk-free reference rate. At this time, it is not possible to predict the effect any discontinuance, modification or other reforms to LIBOR, or the establishment of alternative reference rates such as SOFR, or any other reference rate, will have on us or our borrowing costs. As of December 31, 2021, we also had a $500 million interest rate swap agreement based on LIBOR that is scheduled to expire on December 30, 2022.","2026-03-14T07:00:40.296236Z","2022-02-18",0.9304,"Non-ESG",387,"Non-ESG",5.662,"HCA_2022_RISK_009","Risks related to our indebtedness:","Risks related to our indebtedness:","","HCA","2026-03-14T07:00:40.296245Z"
1883,"1",1012,"Strategic Transactions and Investments Risks
Many of these factors will be outside of our control and any one of them could result in increased costs, decreases in the amount of expected revenue and diversion of management’s time and energy, which could materially impact our business, financial condition and results of operations. In addition, even if our operations are integrated successfully, the full benefits of the L3Harris Merger may not be realized, including the synergies, cost savings or sales or growth opportunities that are expected. These benefits may not be achieved within the anticipated time frame or at all. Further, additional unanticipated costs may be incurred in the integration. All of these factors could cause dilution to our earnings per share, decrease or delay the expected benefits of the L3Harris Merger and negatively impact the price of our stock. As a result, we can give no assurances that the L3Harris Merger will result in the realization of the full benefits anticipated.","2026-03-14T07:00:48.016711Z","2021-03-01",0.8691,"Non-ESG",388,"Non-ESG",7.133,"LHX_2021_RISK_081","Strategic Transactions and Investments Risks","Legal, Tax and Regulatory Risks","","LHX","2026-03-14T07:00:48.016719Z"
1884,"1",2365,"We face security risks, including denial of service attacks, hacking, social engineering attacks targeting our colleagues and customers, malware intrusion or data corruption attempts, and identity theft that could result in the disclosure of confidential information, adversely affect our business or reputation, and create significant legal and financial exposure.
Despite efforts to ensure the integrity of our systems and implement controls, processes, policies, and other protective measures, we may not be able to anticipate all security breaches, nor may we be able to implement sufficient preventive measures against such security breaches, which may result in material losses or consequences for us. Cybersecurity risks for banking organizations have significantly increased in recent years in part because of the proliferation of new technologies, and the use of the internet and telecommunications technologies to conduct financial transactions. For example, cybersecurity risks may increase in the future as we continue to increase our mobile-payment and other internet-based product offerings and expand our internal usage of web-based products and applications. In addition, cybersecurity risks have significantly increased in recent years in part due to the increased sophistication and activities of organized crime affiliates, terrorist organizations, hostile foreign governments, disgruntled employees or vendors, activists, and other external parties, including those involved in corporate espionage. Even the most advanced internal control environment may be vulnerable to compromise. Due to increasing geopolitical tensions, nation state cyber-attacks and ransomware are both increasing in sophistication and prevalence. Targeted social engineering and email attacks (i.e. “spear phishing” attacks) are becoming more sophisticated and are extremely difficult to prevent. In such an attack, an attacker will attempt to fraudulently induce colleagues, customers, or other users of our systems to disclose sensitive information in order to gain access to our data or that of our clients. Persistent attackers may succeed in penetrating defenses given enough resources, time, and motive. The techniques used by cyber criminals change frequently, may not be recognized until launched, and may not be recognized until well after a breach has occurred.","2026-03-14T07:00:56.301249Z","2022-02-18",0.9003,"Product Liability",389,"Product Liability",7.741,"HBAN_2022_RISK_031","We face security risks, including denial of service attacks, hacking, social engineering attacks targeting our colleagues and customers, malware intrusion or data corruption attempts, and identity theft that could result in the disclosure of confidential information, adversely affect our business or reputation, and create significant legal and financial exposure.","Operational Risks:","","HBAN","2026-03-14T07:00:56.301257Z"
1885,"1",220,"Risks Related to Us and Our Subsidiary, Boardwalk Pipelines
Boardwalk Pipelines’ operations are subject to catastrophic losses, operational hazards and unforeseen interruptions for which it may not be adequately insured.","2026-03-14T07:01:06.351989Z","2022-02-08",0.9769,"Non-ESG",390,"Non-ESG",9.475,"L_2022_RISK_082","Risks Related to Us and Our Subsidiary, Boardwalk Pipelines","","","L","2026-03-14T07:01:06.351997Z"
1886,"1",233,"General Risk Factors
Uncertainty and illiquidity in credit and capital markets can impair our ability to obtain credit and financing on acceptable terms, and can adversely affect the financial strength of our business counterparties.","2026-03-14T07:01:11.264845Z","2022-02-22",0.9918,"Non-ESG",391,"Non-ESG",4.371,"VLO_2022_RISK_059","General Risk Factors","General Risk Factors","","VLO","2026-03-14T07:01:11.264859Z"
1887,"1",246,"Risks Related to our Business, Operations and Our Industry
Our success in marketing and selling “AC module” versions of our microinverter system depends in part upon our ability to continue to work closely with leading solar module manufacturers.","2026-03-14T07:01:15.321913Z","2022-02-11",0.9698,"Non-ESG",392,"Non-ESG",3.513,"ENPH_2022_RISK_034","Risks Related to our Business, Operations and Our Industry","Risks Related to our Business, Operations and Our Industry","","ENPH","2026-03-14T07:01:15.321921Z"
1888,"1",1438,"Risks Related to Financing Our Business
Our hedging activities might not be effective and could increase the volatility of our results. In an effort to manage our financial exposure related to commodity price and market fluctuations, we have entered, and may in the future enter into contracts to hedge certain risks associated with our assets and operations. In these hedging activities, we have used, and may in the future use, fixed-price, forward, physical purchase, and sales contracts, futures, financial swaps, and option contracts traded in the over-the-counter markets or on exchanges. Nevertheless, no single hedging arrangement can adequately address all risks present in a given contract. For example, a forward contract that would be effective in hedging commodity price volatility risks would not hedge the contract’s counterparty credit or performance risk. Therefore, unhedged risks will always continue to exist. While we attempt to manage counterparty credit risk within guidelines established by our credit policy, we may not be able to successfully manage all credit risk and as such, future cash flows and results of operations could be impacted by counterparty default. The difference in accounting treatment for the underlying position and the financial instrument used to hedge the value of the contract can cause volatility in our reported net income while the positions are open due to mark-to-market accounting.","2026-03-14T07:01:19.696737Z","2022-02-28",0.9691,"Non-ESG",393,"Non-ESG",3.805,"WMB_2022_RISK_062","Risks Related to Financing Our Business","Risks Related to Financing Our Business","","WMB","2026-03-14T07:01:19.696747Z"
1889,"1",1726,"EXECUTIVE OFFICERS OF THE REGISTRANT
Ullmann has worldwide responsibility for legal, government affairs & policy, global security, aviation, health care compliance, global brand protection and privacy.(i)Ms. K. E. Wengel joined the Company in 1988 as Project Engineer and Engineering Supervisor at Janssen, a subsidiary of the Company. During her tenure with the Company, she has held a variety of strategic leadership and executive positions across the global enterprise, in roles within operations, quality, engineering, new products, information technology, and other technical and business functions. In 2010, Ms. Wengel became the first Chief Quality Officer of the Company. In 2014, she was promoted to Vice President, Johnson & Johnson Supply Chain. In July 2018, she was promoted to Executive Vice President, Chief Global Supply Chain Officer, and became a member of the Executive Committee.(j)Mr. J. J. Wolk joined the Company in 1998 as Finance Manager, Business Development for Ortho-McNeil, a subsidiary of the Company, and through the years held a variety of senior leadership roles in several segments and functions across the Company's subsidiaries, in Pharmaceuticals, Medical Devices and Supply Chain. From 2014 to 2016, he served as Vice President, Finance and Chief Financial Officer of the Janssen Pharmaceutical Companies of Johnson & Johnson. In 2016, Mr. Wolk became the Vice President, Investor Relations. In July 2018, he was appointed Executive Vice President, Chief Financial Officer and became a member of the Executive Committee. Mr. Wolk plays a strategic role in the overall management of the Company, and leads the development and execution of the Company's global long-term financial strategy.","2026-03-14T07:01:25.474891Z","2021-02-22",0.9898,"Corporate Governance",394,"Corporate Governance",5.235,"JNJ_2021_RISK_052","EXECUTIVE OFFICERS OF THE REGISTRANT","EXECUTIVE OFFICERS OF THE REGISTRANT","","JNJ","2026-03-14T07:01:25.474901Z"
1890,"1",975,"Risks Related to Our Business
Whether or not we hold a majority interest or maintain operational control in such arrangements, our partners and similar business associates may, for example: (1) have economic or business interests or objectives that are inconsistent with or contrary to our own; (2) exercise veto or other rights, to the extent available, to block actions that we believe are in our or the joint venture’s best interests; (3) act contrary to our policies or objectives; or (4) be unable or unwilling to fulfill their obligations. In addition, there can be no assurance that any particular joint venture or strategic relationship will continue to be beneficial to us in the long term. For example, some of our joint ventures or other strategic agreements prohibit us from competing in certain geographic markets or product and services channels, and these restrictions may apply to other products and services we develop or businesses we acquire in the future.","2026-03-14T07:01:51.188883Z","2022-02-08",0.8777,"Corporate Governance",395,"Non-ESG",25.149,"CARR_2022_RISK_021","Risks Related to Our Business","Risks Related to Our Business","","CARR","2026-03-14T07:01:51.188905Z"
1891,"1",2389,"Ameren Illinois expects to use the IEIMA performance-based formula ratemaking framework to establish annual customer rates effective through 2023. Effective for rates beginning in 2024, Ameren Illinois will establish electric distribution rates through either a traditional regulatory rate review or an MYRP. As a result of its participation in the IEIMA performance-based formula ratemaking, Ameren Illinois’ ROE for its electric distribution service through 2023 and its electric energy-efficiency investments is directly correlated to yields on United States Treasury bonds. Additionally, Ameren Illinois is subject to certain performance standards.  With respect to its natural gas delivery service business, unless extended, Ameren Illinois’ QIP will expire after December 2023.
With respect to the MYRP, the ICC-determined ROE would be subject to annual adjustments during the four-year period based on certain performance metrics, with aggregate symmetrical performance-based ROE incentives and penalties ranging from 20 to 60 basis points annually. While the ICC has approved a plan for Ameren Illinois to invest approximately $100 million per year in electric energy-efficiency programs through 2025, the ICC has the ability to reduce the amount of electric energy-efficiency savings goals in the future plan program years if there are insufficient cost-effective programs available, which could reduce the investments in electric energy-efficiency programs. The QIP provides Ameren Illinois with recovery of, and a return on, qualifying natural gas infrastructure investments that are placed in service between regulatory rate reviews. Infrastructure investments under the QIP earn a return at the applicable WACC. Ameren Illinois’ QIP is subject to a rate impact limitation of a cumulative 4% per year since the most recent delivery service rate order, with no single year exceeding 5.5%. If the rate impact limitation was met in a particular year, the amount of rate base causing the QIP rate to exceed the limitation would be exposed to regulatory lag until a year when that amount could be recovered under QIP or is added to rate base as a part of a regulatory rate review. Upon issuance of a natural gas delivery service rate order, QIP rate base is transferred to base rates and the QIP is reset to zero. Without legislative action, the QIP will expire after December 2023.","2026-03-14T07:22:46.058724Z","2022-02-23",0.9153,"Non-ESG",396,"Non-ESG",1254.178,"AEE_2022_RISK_007","Ameren Illinois expects to use the IEIMA performance-based formula ratemaking framework to establish annual customer rates effective through 2023. Effective for rates beginning in 2024, Ameren Illinois will establish electric distribution rates through either a traditional regulatory rate review or an MYRP. As a result of its participation in the IEIMA performance-based formula ratemaking, Ameren Illinois’ ROE for its electric distribution service through 2023 and its electric energy-efficiency investments is directly correlated to yields on United States Treasury bonds. Additionally, Ameren Illinois is subject to certain performance standards.  With respect to its natural gas delivery service business, unless extended, Ameren Illinois’ QIP will expire after December 2023.","REGULATORY AND LEGISLATIVE RISKS","","AEE","2026-03-14T07:22:46.058736Z"
1892,"1",1956,"Operational Risks
Unplanned outages of the Companies’ facilities and extensions of scheduled outages due to mechanical failures or other problems occur from time to time and are an inherent risk of the Companies’ business. Unplanned outages typically increase the Companies’ operation and maintenance expenses and may reduce their revenues as a result of selling less output or may require the Companies to incur significant costs as a result of operating higher cost units or obtaining replacement output from third parties in the open market to satisfy forward energy and capacity or other contractual obligations. Moreover, if the Companies are unable to perform their contractual obligations, penalties or liability for damages could result. In addition, there are many risks associated with the Companies’ principal operations and the transportation and storage of natural gas  including nuclear accidents, fires, explosions, uncontrolled release of natural gas and other environmental hazards, pole strikes, electric contact cases, the collision of third party equipment with pipelines and avian and other wildlife impacts. Such incidents could result in loss of human life or injuries among employees, customers or the public in general, environmental pollution, damage or destruction of facilities or business interruptions and associated public or employee safety impacts, loss of revenues, increased liabilities, heightened regulatory scrutiny and reputational risk. Further, the location of natural gas pipelines and associated distribution facilities, or electric generation, transmission, substations and distribution facilities near populated areas, including residential areas, commercial business centers and industrial sites, could increase the level of damages resulting from these risks. The Companies’ financial results can be adversely affected by various factors driving supply and demand for electricity and gas and related services.","2026-03-14T07:23:31.997138Z","2022-02-24",0.7193,"Human Capital",397,"Pollution & Waste",45.397,"D_2022_RISK_020","Operational Risks","Operational Risks","","D","2026-03-14T07:23:31.997148Z"
1893,"1",155,"Risks Related to Acquisitions
We may not achieve the anticipated benefits of the acquisition of the Infrastructure and Automotive business of Silicon Labs.","2026-03-14T07:23:36.066036Z","2021-11-24",0.992,"Non-ESG",398,"Non-ESG",3.477,"SWKS_2021_RISK_036","Risks Related to Acquisitions","Risks Related to Acquisitions","","SWKS","2026-03-14T07:23:36.066047Z"
1894,"1",797,"Business and Operating Risks
The ultimate impact that the COVID-19 pandemic and any future pandemic or other contagious outbreak will have on our business, financial condition, and results of operations is uncertain. To date, the efforts by national, state and local governments worldwide to control the spread of COVID-19 have resulted in widespread measures aimed at containing the disease such as quarantines, travel bans, shutdowns, and shelter-in-place or stay-at-home orders, which have significantly restricted the movement of people and goods. These restrictions and measures, and our efforts to act in the best interests of our employees, customers, suppliers, vendors, and joint venture and other business partners, have affected and are continuing to affect our business and operations.","2026-03-14T07:23:54.446326Z","2021-07-27",0.6401,"Community Relations",399,"Non-ESG",17.823,"LW_2021_RISK_002","Business and Operating Risks","Business and Operating Risks","","LW","2026-03-14T07:23:54.446347Z"
1895,"1",1319,"Public health emergencies or outbreaks of epidemics, pandemics, or contagious diseases have had and will likely continue to have significant impacts on our business.
If the economy experiences a sustained downturn of significant proportion that impacts portions of our business, we may also need to incur the costs and organizational impacts of personnel restructuring. Additional risks and impacts including gross margin fluctuation, foreign currency fluctuations, product development challenges, impacts to our key personnel, and dependencies on third party suppliers, may be heightened as a result of the COVID-19 pandemic and evolving variants of the virus that causes COVID-19. There are further unknown risks and impacts due to the uncertainty and rapidly evolving nature of the pandemic including, but not limited to, uncertainty around the evolution of the pandemic, the unprecedented imposition of preventative measures by governments that impact the economy and normal operations of a business and the timing and manner of relaxation of those measures. Potential future health emergencies may present risks and impacts similar to the ongoing COVID-19 pandemic. If we are unable to manage these risks and uncertainties, our business, financial condition, and results of operations could be materially impacted.","2026-03-14T07:24:01.903815Z","2022-02-16",0.6392,"Non-ESG",400,"Non-ESG",6.908,"GRMN_2022_RISK_008","Public health emergencies or outbreaks of epidemics, pandemics, or contagious diseases have had and will likely continue to have significant impacts on our business.","Risks Related to the Company","","GRMN","2026-03-14T07:24:01.903825Z"
1896,"1",841,"Risks Related to Cybersecurity and Technology
We are subject to risks relating to our information technology systems. We rely extensively on information technology systems, some of which are supported by third party vendors including cloud-based systems and managed service providers, to manage and operate our business. We invest in new information technology systems designed to improve our operations. We have had failures of these systems in the past and may have failures of these systems in the future. If these systems cease to function properly, if these systems experience security breaches or disruptions or if these systems do not provide the anticipated benefits, our ability to manage our operations could be impaired, which could have a material adverse impact on our results of operations, financial condition, and cash flows.","2026-03-14T07:24:14.285025Z","2022-02-07",0.7327,"Non-ESG",401,"Product Liability",11.814,"TT_2022_RISK_022","Risks Related to Cybersecurity and Technology","Risks Related to Litigation","","TT","2026-03-14T07:24:14.285035Z"
1897,"1",2037,"Risks Relating to Laws and Regulations
If we are not able to adequately protect our proprietary rights, our business could be harmed. We rely on a combination of patent, copyright, and trademark laws, trade secret protections, confidentiality procedures, and contractual provisions to protect our proprietary rights. However, the steps we take to protect our intellectual property rights may be inadequate. While we have patent applications pending in the United States and throughout the world, we may be unable to obtain patent protection for the technology covered in our patent applications. In addition, any patents issued to us in the future may not provide us with competitive advantages or may be successfully challenged by third parties. Furthermore, legal standards relating to the validity, enforceability, and scope of protection of intellectual property rights are uncertain. Despite our efforts to protect our proprietary rights, unauthorized parties from time to time have copied or reverse engineered aspects of our software or have obtained and used information that we regard as proprietary. Policing unauthorized use of our software is time-consuming and costly. We are unable to measure the extent to which unauthorized use of our software exists and we expect that unauthorized use of software will remain a persistent problem, particularly in emerging economies. Additionally, we actively protect the secrecy of our confidential information and trade secrets, including our source code. If unauthorized disclosure of our source code occurs, we could potentially lose future trade secret protection for that source code. Unauthorized disclosure of our source code could make it easier for third parties to compete with our offerings by copying functionality, which could adversely affect our financial performance and our reputation. We also seek to protect our confidential information and trade secrets through the use of non-disclosure agreements with our employees, customers, contractors, vendors, and partners.","2026-03-14T07:41:37.770438Z","2021-03-19",0.7984,"Non-ESG",402,"Non-ESG",1042.9,"ADSK_2021_RISK_068","Risks Relating to Laws and Regulations","Risks Relating to Laws and Regulations","","ADSK","2026-03-14T07:41:37.770448Z"
1898,"1",551,"Disruptions in the credit markets could affect our business
We are also exposed to risks from tightening credit markets, through the interest payable on any variable-rate debt, including the interest cost on future borrowings under our credit facilities. While management believes our credit ratings will remain at a composite investment-grade level, we cannot be assured these ratings will remain at those levels. Also, while we believe the Company will continue to have adequate credit available to meet its needs, there can be no assurance of that.","2026-03-14T07:45:06.950957Z","2022-02-22",0.9871,"Non-ESG",403,"Non-ESG",208.579,"MLM_2022_RISK_039","Disruptions in the credit markets could affect our business",": Accounting Policies","","MLM","2026-03-14T07:45:06.950966Z"
1899,"1",1299,"Risks Related to Applied’s Business, Finance and Operations
Applied periodically implements new or enhanced enterprise resource planning and related information systems in order to better manage its business operations, align its global organizations and enable future growth. Implementation of new business processes and information systems requires the commitment of significant personnel, training and financial resources, and entails risks to Applied’s business operations. If Applied does not successfully implement enterprise resource planning and related information systems improvements, or if there are delays or difficulties in implementing these systems, Applied may not realize anticipated productivity improvements or cost efficiencies, and may experience interruptions in service and operational difficulties, such as its ability to track orders, timely manufacture and ship products, project inventory requirements, effectively manage its supply chain and allocate human resources, aggregate financial data and report operating results, and otherwise effectively manage its business, all of which could result in quality issues, reputational harm, lost market and revenue opportunities, and otherwise adversely affect Applied’s business, financial condition and results of operations.","2026-03-14T07:45:56.065266Z","2021-12-17",0.875,"Non-ESG",404,"Non-ESG",48.533,"AMAT_2021_RISK_049","Risks Related to Applied’s Business, Finance and Operations","Risks Associated with Applied’s Industry","","AMAT","2026-03-14T07:45:56.065287Z"
1900,"1",1399,"Industry Specific Risk Factors
Numerous states, including Washington, Oregon and New York, are considering establishing requirements for Environmental Product Declarations (“EPDs”) to evaluate environmental impacts of products. California has enacted the “Buy Clean California Act” and California has established Global Warming Potential (GWP) benchmarks through EPDs for certain materials, including certain steel products.  Currently, the federal government is considering similar legislation. To provide for greater product transparency, Nucor contracted an independent, third-party to evaluate and publish EPDs for many of its products.  Nucor’s EPDs extend beyond what is required under the “Buy Clean California Act”, which requires EPDs for four steel products.  The following Nucor products have been evaluated and issued a corresponding EPD: fabricated hot-rolled structural steel sections; fabricated steel concrete reinforcing bar and merchant bar products; steel reinforcing bar and merchant bar products; fabricated steel hollow structural sections; fabricated structural plate; fabricated open web steel joist and joist girders; and fabricated steel roof and floor deck. EPD legislation has the potential to put domestic steel manufacturers at a disadvantage to foreign competitors unless standardized mechanisms are used to fully evaluate products produced by foreign steel producers.","2026-03-14T07:46:04.463097Z","2022-02-28",0.9797,"Climate Change",405,"Climate Change",7.797,"NUE_2022_RISK_019","Industry Specific Risk Factors","Industry Specific Risk Factors","","NUE","2026-03-14T07:46:04.463113Z"
1901,"1",1888,"Government regulations and environmental matters could negatively affect our operations.
We are subject to various local, state and federal statutes, ordinances, rules and regulations concerning zoning, building design, construction and similar matters, including local regulations that impose restrictive zoning and density requirements in order to limit the number of homes that can eventually be built within the boundaries of a particular area. These regulations may further increase the cost to produce and market our products. In addition, we have from time to time been subject to, and may also be subject in the future to, periodic delays in our homebuilding projects due to building moratoriums in the areas in which we operate or delays in receiving the necessary governmental approvals. Changes in regulations that restrict homebuilding activities in one or more of our principal markets could have a material adverse effect on our sales, profitability, stock performance, ability to service our debt obligations and future cash flows. In addition, new housing developments are often subject to various assessments or impact fees for schools, parks, streets, highways and other public improvements. The cost of these assessments is subject to substantial change and could cause increases in the construction cost of our homes, which, in turn, could reduce our profitability. We are also subject to a variety of local, state and federal statutes, ordinances, rules and regulations concerning the protection of health and the environment. We are subject to a variety of environmental conditions that can affect our business and our homebuilding projects. The particular environmental laws that apply to any given homebuilding site vary greatly according to the location and environmental condition of the site and the present and former uses of the site and adjoining properties.","2026-03-14T07:46:21.430771Z","2022-02-16",0.3805,"Non-ESG",406,"Non-ESG",16.39,"NVR_2022_RISK_020","Government regulations and environmental matters could negatively affect our operations.","Regulatory Risk","","NVR","2026-03-14T07:46:21.430785Z"
1902,"1",1817,"Consummation of our planned acquisition of the BBH Investor Services business is subject to the receipt of regulatory approvals and the satisfaction of other closing conditions, the failure or delay of which may prevent or delay the consummation of the acquisition.
As a financial institution with substantial international operations, we are subject to extensive regulation and supervisory oversight, both inside and outside of the U.S. This regulation and supervisory oversight affects, among other things, the scope of our activities and client services, our capital and organizational structure, our ability to fund the operations of our subsidiaries, our lending practices, our dividend policy, our common share repurchase actions, the manner in which we market our services, our acquisition activities and our interactions with foreign regulatory agencies and officials. In particular, we are registered with the Federal Reserve as a bank holding company pursuant to the Bank Holding Company Act of 1956. The Bank Holding Company Act generally limits the activities in which we and our non-banking subsidiaries may engage to managing or controlling banks and to activities considered to be closely related to banking. As a bank holding company that has elected to be treated as a financial holding company under the Bank Holding Company Act, we and some of our non-banking subsidiaries may also engage in a broader range of activities considered to be “financial in nature.” Financial holding company status may be denied if we and our banking subsidiaries do not remain well capitalized and well managed or fail to comply with Community Reinvestment Act obligations. Currently, under the Bank Holding Company Act, we may not be able to engage in new activities or acquire shares or control of other businesses.","2026-03-14T07:46:27.797412Z","2022-02-17",0.7289,"Corporate Governance",407,"Corporate Governance",5.795,"STT_2022_RISK_048","Consummation of our planned acquisition of the BBH Investor Services business is subject to the receipt of regulatory approvals and the satisfaction of other closing conditions, the failure or delay of which may prevent or delay the consummation of the acquisition.","Strategic Risks","","STT","2026-03-14T07:46:27.797423Z"
1903,"1",1874,"Finance Risks
Effective internal controls are necessary for us to provide reasonable assurance with respect to our financial reports. We spend a substantial amount of management and other employee time and resources to comply with laws, regulations and standards relating to corporate governance and public disclosure. In the U.S., such regulations include the Sarbanes-Oxley Act of 2002, SEC regulations and the NASDAQ listing standards. In particular, Section 404 of the Sarbanes-Oxley Act of 2002 requires management’s annual review and evaluation of our internal control over financial reporting and attestation as to the effectiveness of these controls by our independent registered public accounting firm. During the third quarter of 2021, we began to transition certain support services from Pfizer, as well as certain subsidiaries, to a new ERP system. We have modified and will continue to modify our internal controls relating to our business and financial processes throughout the transition period, which is expected through the end of calendar year 2022. While we believe that this new system and the related changes to internal controls will ultimately strengthen our internal control over financial reporting, there are inherent risks in implementing any new ERP system. If we fail to maintain the adequacy of our internal controls, we may not be able to ensure that we can conclude on an ongoing basis that we have effective internal control over financial reporting. Additionally, internal control over financial reporting may not prevent or detect misstatements because of its inherent limitations, including the possibility of human error, the circumvention or overriding of controls, or fraud. Therefore, even effective internal controls can provide only reasonable assurance with respect to the preparation and fair presentation of financial statements.","2026-03-14T07:46:33.675434Z","2022-02-28",0.9814,"Corporate Governance",408,"Corporate Governance",5.333,"VTRS_2022_RISK_148","Finance Risks","Finance Risks","","VTRS","2026-03-14T07:46:33.675444Z"
1904,"1",1135,"We are subject to the risk our licensees may not generate expected sales or maintain the value of our brands.
We currently license, and expect to continue licensing, certain of our proprietary rights, such as trademarks or copyrighted material, to third parties. If our licensees fail to successfully market and sell licensed products, or fail to obtain sufficient capital or effectively manage their business operations, customer relationships, labor relationships, supplier relationships or credit risks, it could adversely affect our revenues, both directly from reduced royalties received and indirectly from reduced sales of our other products. We also rely on our licensees to help preserve the value of our brands. Although we attempt to protect our brands through approval rights over the design, production processes, quality, packaging, merchandising, distribution, advertising and promotion of our licensed products, we cannot completely control the use of our licensed brands by our licensees. The misuse of a brand by or negative publicity involving a licensee could have a material adverse effect on that brand and on us.","2026-03-14T07:47:57.535624Z","2021-07-20",0.9627,"Non-ESG",409,"Non-ESG",83.167,"NKE_2021_RISK_031","We are subject to the risk our licensees may not generate expected sales or maintain the value of our brands.","2021 FORM 10-K       16","","NKE","2026-03-14T07:47:57.535632Z"
1905,"1",1727,"Business and Operating Risks
Our industry is rapidly evolving, including demands for faster deliveries and increased visibility into shipments. We expect to continue to face significant competition on a local, regional, national and international basis. Competitors include the U. S. and other international postal services, various motor carriers, express companies, freight forwarders, air couriers, large transportation and e-commerce companies that have made and continue to make significant investments in their own logistics capabilities, some of whom are currently our customers. We also face competition from start ups and other smaller companies that combine technologies with crowdsourcing to focus on local market needs. Competition may also come from other sources in the future as new technologies are developed. Competitors have cost, operational and organizational structures that differ from ours and may offer services or pricing terms that we are not willing or able to offer. Additionally, to sustain the level of service and value that we deliver to our customers, from time to time we may raise prices and our customers may not be willing to accept these higher prices. If we do not timely and appropriately respond to competitive pressures, including replacing any lost volume or maintaining our profitability, we could be materially adversely affected. Continued transportation market growth may further increase competition. As a result, competitors may improve their financial capacity and strengthen their competitive positions. Business combinations could also result in competitors providing a wider variety of services and products at competitive prices, which could materially adversely affect us.","2026-03-14T07:48:03.315630Z","2022-02-22",0.9598,"Non-ESG",410,"Non-ESG",5.21,"UPS_2022_RISK_007","Business and Operating Risks","Business and Operating Risks","","UPS","2026-03-14T07:48:03.315641Z"
1906,"1",1526,"Increased competition from other companies that supply energy or generation and storage technologies and changes in customer demand for energy could negatively impact Southern Company and its subsidiaries.
The traditional electric operating companies operate under a business model that invests capital to serve customers and recovers those investments and earns a return for investors through state regulation. Southern Power's business model is primarily focused on investing capital or building energy assets to serve creditworthy counterparties using a bilateral contract model. A key premise of these business models is that generating power at power plants achieves economies of scale and produces power at a competitive cost. Customers and stakeholders are increasingly focused on the Registrants' ability to meet rapidly changing demands for new and varied products, services, and offerings. Additionally, the risk of global climate change continues to shape customers' and stakeholders' sustainability goals and energy needs. New technologies such as distributed energy resources and microgrids and increased customer and stakeholder demand for sustainable assets could change the type of assets constructed and/or the methods for cost recovery. Advances in these technologies or changes in laws or regulations could reduce the cost of distributed generation storage technologies or other alternative methods of producing power to a level that is competitive with that of most power generation production or result in","2026-03-14T07:48:11.987413Z","2022-02-17",0.9911,"Climate Change",411,"Climate Change",8.08,"SO_2022_RISK_018","Increased competition from other companies that supply energy or generation and storage technologies and changes in customer demand for energy could negatively impact Southern Company and its subsidiaries.","I-18","","SO","2026-03-14T07:48:11.987422Z"
1907,"1",1908,"If We Violate our DPA That We Entered Into on July 20, 2021, It Could Have a Material Adverse Effect on our Reputation and Consolidated Financial Statements
On July 21, 2021, we entered into a three-year DPA with the U.S. Attorney’s Office that, subject to court proceedings, resolves the previously disclosed U.S. Attorney’s Office investigation into us relating to our lobbying and governmental affairs activities concerning HB 6. Under the DPA, the U.S. Attorney’s Office filed a single charge alleging that we conspired to commit honest services wire fraud. The DPA provides that the U.S. Attorney’s Office will defer any prosecution of such conspiracy charge and any other criminal or civil case against us in connection with the matters identified therein for a three-year period subject to certain obligations of ours, including, but not limited to, the following: (i) continued cooperation with the U.S. Attorney’s Office in all matters relating to the conduct described in the DPA and other conduct under investigation by the U.S. government; (ii) payment of a criminal monetary penalty totaling $230 million, which was paid in 2021; (iii) publish a list of all payments made in 2021 to either 501(c)(4) entities or to entities known by FirstEnergy to be operating for the benefit of a public official, either directly or indirectly, and update the same on a quarterly basis during the term of the DPA; (iv) publication of a public acknowledgement of our conduct, including a statement, as dictated in the DPA, regarding our use of 501(c)(4) entities; and (v) continued implementation and review of our compliance and ethics program, internal controls, policies and procedures designed, implemented and enforced to prevent and detect violations of the U.S. laws throughout its operations, and to take certain related remedial measures. If we are found to have breached the terms of the DPA, the U.S.","2026-03-14T07:48:16.078825Z","2022-02-16",0.9641,"Business Ethics & Values",412,"Business Ethics & Values",3.501,"FE_2022_RISK_003","If We Violate our DPA That We Entered Into on July 20, 2021, It Could Have a Material Adverse Effect on our Reputation and Consolidated Financial Statements","Risks Associated with the Ongoing Investigations","","FE","2026-03-14T07:48:16.078837Z"
1908,"1",968,"Legal, Regulatory, Compliance and Reputational Risks
Significant developments or changes in U.S. laws and policies, such as laws and policies governing non-U.S. trade, manufacturing, and development and investment in the territories and countries where we or our customers operate, or governing the health care system and drug prices, can adversely affect our business and financial statements.  For example, in recent years the U.S. has increased tariffs on certain imported goods and trade tensions between the U.S. and China escalated, with each country imposing significant, additional tariffs on a wide range of goods imported from the other country.  The U.S. and China could impose other types of restrictions such as limitations on government procurement or technology export restrictions, which could affect our access to markets.  These factors have adversely affected, and in the future could further adversely affect, our business and financial statements.","2026-03-14T07:48:22.726378Z","2022-02-23",0.9147,"Non-ESG",413,"Non-ESG",6.047,"DHR_2022_RISK_086","Legal, Regulatory, Compliance and Reputational Risks","Financial and Tax Risks","","DHR","2026-03-14T07:48:22.726389Z"
1909,"1",1265,"The Registrants could be negatively affected by federal and state RPS and/or energy conservation legislation, along with energy conservation by customers (All Registrants).
Changes to current state legislation or the development of Federal legislation that requires the use of clean, renewable, and alternate fuel sources could significantly impact the Utility Registrants, especially if timely cost recovery is not allowed. Federal and state legislation mandating the implementation of energy conservation programs that require the implementation of new technologies, such as smart meters and smart grid, could increase capital expenditures and could significantly impact the Utility Registrants consolidated financial statements if timely cost recovery is not allowed. These energy conservation programs, regulated energy consumption reduction targets, and new  energy consumption technologies could cause declines in customer energy consumption and lead to a decline in the Registrants' revenues. See ITEM 1. BUSINESS — Environmental Matters and Regulation — Renewable and Clean Energy Standards and ""The Registrants are potentially affected by emerging technologies that could over time affect or transform the energy industry"" above for additional information.","2026-03-14T07:48:27.198564Z","2022-02-25",0.987,"Climate Change",414,"Climate Change",3.896,"EXC_2022_RISK_016","The Registrants could be negatively affected by federal and state RPS and/or energy conservation legislation, along with energy conservation by customers (All Registrants).","","","EXC","2026-03-14T07:48:27.198574Z"
1910,"1",384,"Risks Related to Macroeconomic Conditions, Our Business and Our Industry
Our investments in new businesses, products, services and technologies through acquisitions and other strategic investments present many risks, and we may not realize the financial and strategic goals we had contemplated, which could adversely affect our business, financial condition and results of operations.","2026-03-14T07:48:30.365135Z","2021-08-10",0.9877,"Non-ESG",415,"Non-ESG",2.594,"FOXA_2021_RISK_031","Risks Related to Macroeconomic Conditions, Our Business and Our Industry","","","FOXA","2026-03-14T07:48:30.365144Z"
1911,"1",147,"Business and Operating Risks
Unsuccessful clinical trials or procedures relating to products could have a material adverse effect on our prospects.","2026-03-14T07:48:32.308200Z","2022-02-14",0.9897,"Non-ESG",416,"Non-ESG",1.36,"EW_2022_RISK_005","Business and Operating Risks","Business and Operating Risks","","EW","2026-03-14T07:48:32.308212Z"
1912,"1",917,"Risks Related to Ownership of Our Class A Common Stock
Additionally, the stock markets have at times experienced extreme price and volume fluctuations that have affected and may in the future affect the market prices of equity securities of many companies. These fluctuations have, in some cases, been unrelated or disproportionate to the operating performance of these companies. Further, the trading prices of publicly traded shares of companies in our industry have been particularly volatile and may be very volatile in the future. In the past, some companies that have experienced volatility in the market price of their stock have been subject to securities class action litigation. We may be the target of this type of litigation in the future. Securities litigation against us could result in substantial costs and divert our management’s attention from other business concerns, which could harm our business.","2026-03-14T07:48:35.186159Z","2021-03-02",0.6815,"Non-ESG",417,"Non-ESG",2.313,"WDAY_2021_RISK_100","Risks Related to Ownership of Our Class A Common Stock","Risks Related to Financial Matters","","WDAY","2026-03-14T07:48:35.186168Z"
1913,"1",1136,"We may not realize all of the anticipated benefits of our acquisitions, joint ventures or divestitures, or these benefits may take longer to realize than expected.
In pursuing our business strategy, we routinely evaluate targets and enter into agreements regarding possible acquisitions, divestitures and joint ventures. We often compete with others for the same opportunities. To be successful, we conduct due diligence to identify valuation issues and potential loss contingencies, negotiate transaction terms, complete complex transactions and manage post-closing matters such as the integration of acquired businesses. Further, while we seek to mitigate risks and liabilities of such transactions through due diligence, among other things, there may be risks and liabilities that our due diligence efforts fail to discover, that are not accurately or completely disclosed to us or that we inadequately assess. We may incur unanticipated costs or expenses following a completed acquisition, including post-closing asset impairment charges, expenses associated with eliminating duplicate facilities, litigation, and other liabilities.","2026-03-14T07:48:38.428423Z","2022-02-16",0.9369,"Non-ESG",418,"Non-ESG",2.654,"CAT_2022_RISK_016","We may not realize all of the anticipated benefits of our acquisitions, joint ventures or divestitures, or these benefits may take longer to realize than expected.","OPERATIONAL RISKS","","CAT","2026-03-14T07:48:38.428436Z"
1914,"1",2006,"REGULATORY AND LEGAL
Our research and development and manufacturing processes involve the controlled use of hazardous materials, such as toxic and carcinogenic chemicals and various radioactive compounds, and the risk of contamination or injury from these materials cannot be eliminated. In such event, we could be held liable for any resulting damages, and any such liability could be extensive. From time to time new regulations are enacted, and it is difficult to anticipate how such regulations will be implemented and enforced. We continue to evaluate the necessary steps for compliance with regulations as they are enacted. These regulations include, for example, regulations enacted in the EU such as the Registration, Evaluation, Authorization and Restriction of Chemical Substances, or REACH, which requires the registration of and regulates use of certain chemicals, the Restriction on the Use of Certain Hazardous Substances in Electrical and Electronic Equipment Directive, or RoHS, which regulates the use of certain hazardous substances in certain products we manufacture, and the Waste Electrical and Electronic Equipment Directive, or WEEE, which requires the collection, reuse and recycling of waste from certain products we manufacture. These and similar legislation that has been or is in the process of being enacted in Japan, China and various states of the U.S. may require us to re-design our products to ensure compliance with the applicable standards, for example by requiring the use of different types of materials. These redesigns or the use of alternative materials may detrimentally impact the performance of our products, add greater testing lead times for product introductions, result in additional costs or have other similar effects. We are also subject to other substantial regulation relating to environmental, health and safety matters, including occupational health and safety, environmental protection, hazardous substance control, and waste management and disposal.","2026-03-14T07:48:48.520638Z","2021-11-16",0.9452,"Pollution & Waste",419,"Pollution & Waste",9.527,"HOLX_2021_RISK_053","REGULATORY AND LEGAL","REGULATORY AND LEGAL","","HOLX","2026-03-14T07:48:48.520649Z"
1915,"1",440,"Privacy and Protection of Customer Data
matters involves judgment and may not reflect the full range of uncertainties and unpredictable outcomes. We may be exposed to losses in excess of the amount recorded, and such amounts could be material. If any of our estimates and assumptions change or prove to have been incorrect, this could have a material adverse effect on our business, financial position, results of operations, or cash flows.","2026-03-14T07:48:52.301807Z","2022-02-03",0.9658,"Non-ESG",420,"Non-ESG",3.214,"PYPL_2022_RISK_028","Privacy and Protection of Customer Data","Privacy and Protection of Customer Data","","PYPL","2026-03-14T07:48:52.301820Z"
1916,"1",1789,"Business and Operational Risks
We face a wide variety of risks related to health epidemics, pandemics and similar outbreaks, especially of infectious diseases, including COVID-19. Since first reported in late 2019, the COVID-19 pandemic has dramatically impacted the global health and economic environment, including millions of confirmed cases and deaths, business slowdowns or shutdowns, labor shortages, supply chain challenges, changes in government spending and requirements, regulatory challenges, inflationary pressures and market volatility. Although we have, to date, managed to continue most of our operations, we cannot predict the future course of events nor can we assure that this global pandemic, including its economic impact, will not have a material adverse impact on our business, financial position, results of operations and/or cash flows. (For further information relating to the evolving environment, our experience to date, and various steps taken related to the COVID-19 pandemic, see MD&A). Our operations have been and, we expect, will continue to be further impacted by the COVID-19 pandemic. The pandemic likely will continue to impact our workforce, including staffing levels (as a result of illnesses, quarantine, isolation and absenteeism) and adjusted work locations and schedules; our facilities and access to them; those with whom we do business and on whom we rely to continue our operations; travel restrictions; and, overall, our ability to perform as required, at cost and on schedule, and to achieve and increase efficiencies. The pandemic may require us to continue to take extraordinary measures to protect the health and well-being of our employees. We have incurred and will continue to incur additional costs which may not be fully recoverable.","2026-03-14T07:49:00.830906Z","2022-01-27",0.9658,"Human Capital",421,"Human Capital",7.978,"NOC_2022_RISK_033","Business and Operational Risks","Business and Operational Risks","","NOC","2026-03-14T07:49:00.830916Z"
1917,"1",1994,"Risks Related to our Operations, Business and Industry
•Explosion of a boiler or other major facilities.•Disruption in the supply of raw materials, such as wood fiber, energy, or chemicals.•A spill or release of pollutants or hazardous substances.•Closure or curtailment related to environmental concerns.•Labor difficulties.•Disruptions in the transportation infrastructure, including roads, bridges, railroad tracks, and tunnels.•Terrorism or threats of terrorism.•Other operational problems. These events could harm our ability to produce our products and serve our customers and may lead to higher costs and reduced earnings. Extreme Weather Events - Our facilities are susceptible to extreme weather events, which could disrupt our business. Extreme weather events like hurricanes, tornadoes, floods and winter storms have caused disruptions to our business both directly and indirectly in recent history. Climate change may increase the frequency and intensity of these extreme weather events. Certain weather events may cause damage to our facilities and require us to temporarily halt operations. In 2020, Hurricane Laura resulted in widespread damage and power interruption at our DeRidder, Louisiana containerboard mill resulting in a multiple day outage and significant lost production and incremental costs. These types of events may also disrupt our suppliers’ operations and their ability to transport materials to our facilities. Disruptions to the supply chain may cause the cost of goods to temporarily increase. Damage to our facilities may cause insurance premiums to increase and also require us to incur additional costs to mitigate future risks. Reliance on Personnel - We may fail to attract and retain qualified personnel, including key management personnel. Our ability to operate and grow our business depends on our ability to attract and retain employees with the skills necessary to operate and maintain our facilities, produce our products and serve our customers.","2026-03-14T07:49:14.631509Z","2022-02-24",0.6413,"Product Liability",422,"Non-ESG",13.238,"PKG_2022_RISK_009","Risks Related to our Operations, Business and Industry","Risks Related to our Operations, Business and Industry","","PKG","2026-03-14T07:49:14.631519Z"
1918,"1",323,"Risks related to operating in foreign jurisdictions
A significant portion of our operations are conducted in foreign jurisdictions, including jurisdictions presenting a high risk of bribery and corruption, and are subject to the economic, political, legal and business environments of the countries in which we do business.","2026-03-14T07:49:22.731410Z","2022-02-15",0.5554,"Non-ESG",423,"Non-ESG",7.528,"ZTS_2022_RISK_131","Risks related to operating in foreign jurisdictions","Risks related to manufacturing","","ZTS","2026-03-14T07:49:22.731419Z"
1919,"1",1049,"Legal and Regulatory Risks
Litigation may adversely impact our business. From time to time, we are or may become involved in various legal proceedings relating to matters incidental to the ordinary course of our business, including patent, commercial, product liability, breach of contract, employment, class action, whistleblower and other litigation and claims, and governmental and other regulatory investigations and proceedings. In addition, under our charter, we could be required to indemnify and advance expenses to our directors and officers in connection with their involvement in certain actions, suits, investigations and other proceedings. Such matters can be time-consuming, divert management’s attention and resources and cause us to incur significant expenses. Furthermore, because litigation is inherently unpredictable and may not be covered by insurance, there can be no assurance that the results of any litigation matters will not have an adverse impact on our business, results of operations, financial condition or cash flows.","2026-03-14T07:51:00.414825Z","2022-02-28",0.4512,"Corporate Governance",424,"Non-ESG",96.779,"AKAM_2022_RISK_059","Legal and Regulatory Risks","Legal and Regulatory Risks","","AKAM","2026-03-14T07:51:00.414838Z"
1920,"1",1380,"Risks Relating to Our Common Stock
We value constructive input from investors and regularly engage in dialogue with our shareholders regarding strategy and performance. The Board of Directors and management team are committed to acting in the best interests of all of our shareholders. There is no assurance that the actions taken by the Board of Directors and management in seeking to maintain constructive engagement with our shareholders will be successful. Activist shareholders who disagree with our strategy or the way we are managed have sought to effect change, and may seek to effect change in the future, through various strategies that range from private engagement to publicity campaigns, proxy contests, efforts to force transactions not supported by the Board of Directors and litigation. Responding to these actions may be costly and time-consuming, disrupt our operations, divert the attention of our Board of Directors, management and employees, and interfere with our ability to execute our strategic plan and attract and retain qualified executive leadership. A contested election, for example, could also require us to incur substantial legal and public relations fees and proxy solicitation expenses. The perceived uncertainty as to our future direction resulting from activist strategies could also affect the market price and volatility of our common stock.","2026-03-14T07:51:06.155658Z","2021-03-16",0.9937,"Corporate Governance",425,"Corporate Governance",5.176,"DLTR_2021_RISK_044","Risks Relating to Our Common Stock","Risks Relating to Our Common Stock","","DLTR","2026-03-14T07:51:06.155670Z"
1921,"1",1228,"Risks Relating to Our Business
We may experience cost and other inflation. During 2021, we experienced inflationary cost increases of raw materials, such as metals, resins and electronics (including drives and motors), as well as increases in logistics and labor costs, and we expect inflationary cost increases to continue in 2022. We strive for productivity improvements and implement increases in selling prices to help mitigate cost increases in raw materials (especially metals, resins and electronics), logistics, energy and other costs including wages, pension, health care and insurance. We continue to implement operational initiatives in order to mitigate the impacts of this inflation and continuously reduce our costs. However, these actions may not be successful in managing our costs or increasing our productivity and we anticipate inflation to continue with respect to materials (especially resins, copper, steel, stainless steel and electronics) as well as labor and logistics. Continued cost inflation or failure of our initiatives to increase prices, generate cost savings or improve productivity could have a material adverse effect on our business, financial condition, results of operations and cash flows.","2026-03-14T07:51:09.168437Z","2022-02-22",0.9369,"Non-ESG",426,"Non-ESG",2.436,"PNR_2022_RISK_014","Risks Relating to Our Business","Risks Relating to Our Business","","PNR","2026-03-14T07:51:09.168447Z"
1922,"1",1995,"GENERAL RISK FACTORS
Tax liabilities could adversely affect our results of operations. We are subject to income taxes in the United States and numerous foreign jurisdictions. Significant judgment is required in determining our provision for income taxes. We regularly are subject to examination of our tax returns and reports by taxing authorities in the United States federal jurisdiction and various state and foreign jurisdictions, most notably in countries where we earn a routine return and the tax authorities believe substantial value-add activities are performed, as well as countries where we own intellectual property. The final determination of tax audits and any related legal proceedings could materially differ from amounts reflected in our income tax provisions and accruals. In such case, our income tax provision, results of operations and cash flows in the period or periods in which that determination is made could be negatively affected. Tax rules may change in a manner that adversely affects our future reported results of operations or the way we conduct our business. In response to the 2017 Tax Cuts and Jobs Act and to better align our profits with our activities, we implemented certain restructuring in fiscal 2018 and 2019. After our restructuring, most of our income is taxable in the United States with a significant portion qualifying for preferential treatment as FDII (foreign-derived intangible income). Beginning in fiscal 2027, the effective tax rate for FDII increases from 13% to 16%. Further, if U.S. tax rates increase and/or the FDII deduction is eliminated or reduced, both of which have been proposed by the current U.S. presidential administration and Congress, our provision for income taxes, results of operations and cash flows would be adversely (potentially materially) affected beginning as early as the first quarter of fiscal 2022. Also, if our customers move manufacturing operations to the United States, our FDII deduction may be reduced.","2026-03-14T07:51:13.050007Z","2021-11-03",0.9274,"Non-ESG",427,"Non-ESG",3.334,"QCOM_2021_RISK_091","GENERAL RISK FACTORS","GENERAL RISK FACTORS","","QCOM","2026-03-14T07:51:13.050018Z"
1923,"1",1926,"The Duke Energy Registrants’ results of operations may be negatively affected by overall market, economic and other conditions that are beyond their control.
Sustained downturns or sluggishness in the economy generally affect the markets in which the Duke Energy Registrants operate and negatively influence operations. Declines in demand for electricity or natural gas as a result of economic downturns in the Duke Energy Registrants’ regulated service territories will reduce overall sales and lessen cash flows, especially as industrial customers reduce production and, therefore, consumption of electricity and the use of natural gas. Although the Duke Energy Registrants’ regulated electric and natural gas businesses are subject to regulated allowable rates of return and recovery of certain costs, such as fuel and purchased natural gas costs, under periodic adjustment clauses, overall declines in electricity or natural gas sold as a result of economic downturn or recession could reduce revenues and cash flows, thereby diminishing results of operations. The Duke Energy Registrants also monitor the impacts of inflation on the procurement of goods and services and seek to minimize its effects in future periods through pricing strategies, productivity improvements, and cost reductions. Rapidly rising prices as a result of inflation or other factors may impact the ability of the company to recover costs timely or execute on its business strategy including the achievement of growth objectives. Additionally, prolonged economic downturns that negatively impact the Duke Energy Registrants’ results of operations and cash flows could result in future material impairment charges to write-down the carrying value of certain assets, including goodwill, to their respective fair values. The Duke Energy Registrants also sell electricity into the spot market or other competitive power markets on a contractual basis.","2026-03-14T07:51:19.444521Z","2022-02-24",0.9752,"Non-ESG",428,"Non-ESG",5.838,"DUK_2022_RISK_012","The Duke Energy Registrants’ results of operations may be negatively affected by overall market, economic and other conditions that are beyond their control.","OPERATIONAL RISKS","","DUK","2026-03-14T07:51:19.444529Z"
1924,"1",1151,"Sales or issuances of shares of our common stock may adversely affect the market price of our common stock.
Future sales or issuances of common stock or other equity related securities may adversely affect the market price of our common stock, including any shares of our common stock issued to finance capital expenditures, finance acquisitions or repay debt. In October 2020, we established an ""at the market"" equity offering program (the ""2020 ATM Program"") in the amount of $1.5 billion under which we may, from time to time, issue and sell shares of our common stock to or through sales agents up to established limits. As of December 31, 2021, we had $1.0 billion available for sale under the 2020 ATM Program. We expect to refresh our ATM program periodically, which could lead to additional dilution for our stockholders in the future. We may also seek authorization to sell additional shares of common stock through other means which could lead to additional dilution for our stockholders. Please see Note 12 within the Consolidated Financial Statements of this Annual Report on Form 10-K for sales of our common stock under our ATM programs.","2026-03-14T07:55:00.653533Z","2022-02-18",0.9471,"Non-ESG",429,"Non-ESG",220.617,"EQIX_2022_RISK_052","Sales or issuances of shares of our common stock may adversely affect the market price of our common stock.","Risks Related to Our Expansion Plans","","EQIX","2026-03-14T07:55:00.653559Z"
1925,"1",1054,"ESG concerns or negative public perception regarding us and/or our industry could have an adverse effect on our business operations and the price of our common stock.
Further, negative public perception regarding us and/or our industry resulting from, among other things, concerns raised by advocacy groups about climate change impacts of methane and other greenhouse gas emissions, hydraulic fracturing, oil spills, and pipeline explosions coupled with increasing societal expectations on businesses to address climate change and potential consumer use of substitutes to carbon-intensive energy commodities may result in increased costs, reduced demand for our oil, natural gas and NGL production, reduced profits, increased regulation, regulatory investigations and litigation, and negative impacts on our stock price and access to capital markets. These factors could also cause the permits we need to conduct our operations to be challenged, withheld, delayed, or burdened by requirements that restrict our ability to profitably conduct our business.","2026-03-14T07:55:09.527263Z","2022-03-01",0.9891,"Climate Change",430,"Climate Change",8.284,"CTRA_2022_RISK_035","ESG concerns or negative public perception regarding us and/or our industry could have an adverse effect on our business operations and the price of our common stock.","Risks associated with our debt and the provisions of our debt agreements could adversely affect our business, financial position and results of operations.","","CTRA","2026-03-14T07:55:09.527281Z"
1926,"1",267,"Risks Related to Our Business and Industry
Transition to consumption-based business models may adversely affect our revenues and profitability in other areas of our business and as a result may harm our business, operating results, financial condition and cash flows.","2026-03-14T07:55:39.163501Z","2021-06-21",0.9901,"Non-ESG",431,"Non-ESG",29.066,"NTAP_2021_RISK_014","Risks Related to Our Business and Industry","Risks Related to Our Business and Industry","","NTAP","2026-03-14T07:55:39.163510Z"
1927,"1",1855,"Risks Related to Our Ability to Grow Our Business
Quality management plays an essential role in meeting customer requirements, preventing defects, improving our products and services and assuring the safety and efficacy of our products. While we have a quality system that covers the lifecycle of our products, quality and safety issues have and may in the future occur with respect to our products. New or unintended uses of our products (for example, in response to COVID-19 or changing clinical practice) may also raise quality or safety issues. A quality or safety issue may result in adverse inspection reports, voluntary or official action indicated, warning letters, import bans, product recalls (either voluntary or required by FDA or similar governmental authorities in other countries) or seizures, monetary sanctions, injunctions to halt manufacture and distribution of products, civil or criminal sanctions (which may include corporate integrity agreements), costly litigation, refusal of a government to grant approvals and licenses, restrictions on operations or withdrawal of existing approvals and licenses. See “—Risks Related to Legal and Regulatory Matters.” An inability to address a quality or safety issue in an effective and timely manner may also cause negative publicity, a loss of customer confidence in us or our current or future products, which may result in the loss of sales and difficulty in successfully launching new products. Additionally, we have made and continue to make significant investments in assets, including inventory and property, plant and equipment, which relate to potential new products or modifications to existing products. Product quality or safety issues may restrict us from being able to realize the expected returns from these investments, potentially resulting in asset impairments in the future.","2026-03-14T07:55:47.696415Z","2022-02-23",0.8462,"Product Liability",432,"Product Liability",7.996,"BAX_2022_RISK_011","Risks Related to Our Ability to Grow Our Business","Risks Relating to the COVID-19 Pandemic","","BAX","2026-03-14T07:55:47.696426Z"
1928,"1",1047,"Risks Related to Our Business and Operations
There remains uncertainty regarding the duration and breadth of the COVID-19 pandemic. The degree to which the COVID-19 pandemic will continue to adversely impact our business, financial condition, results of operation, cash flows, liquidity and performance, and that of our tenants, will be driven primarily by the emergence of additional variants, the effectiveness, availability and distribution of vaccines, including their efficacy against new variant strains and the willingness of individuals to be vaccinated, the severity and duration of indirect economic and social impacts such as recession, supply chain disruptions, labor market disruptions, inflation, dislocation and volatility in capital markets, job losses, potential longer-term changes in consumer and tenant behavior, as well as current and possible future governmental responses. These uncertainties make it impossible for us to predict with certainty the overall impact that COVID-19 will have on us and our tenants prospectively.","2026-03-14T07:56:06.848174Z","2022-02-25",0.5494,"Community Relations",433,"Non-ESG",18.572,"BXP_2022_RISK_011","Risks Related to Our Business and Operations","Risks Related to Our Business and Operations","","BXP","2026-03-14T07:56:06.848183Z"
1929,"1",1995,"Changes in the regulatory framework under which we operate could adversely affect our business prospects or results of operations.
•Privacy and data protection - We are subject to federal, state and international laws related to privacy and data protection. Europe's General Data Protection Regulation, which went into effect in May 2018, and the California Consumer Privacy Act, which went into effect in January 2020, both include significant penalties for non-compliance. In addition, other states and countries have continued to adopt new privacy laws that apply to us. Generally, attention to privacy and data security requirements is increasing at all levels of government globally, and privacy-related legislation has been introduced or is under consideration in many locations. These regulations could have a significant impact on our businesses.•Regulation of broadband internet access services - In its 2015 Title II Order, the FCC nullified its longstanding ""light touch"" approach to regulating broadband internet access services and ""reclassified"" these services as telecommunications services subject to utilities-style common carriage regulation. The FCC repealed the 2015 Title II Order in December 2017, and returned to its traditional light-touch approach for these services. The 2017 order has been affirmed in part by the D.C. Circuit but may be revisited by the FCC or by Congress. Several states have also adopted or are considering adopting laws or executive orders that would impose net neutrality and other requirements on some of our services (in some cases different from the FCC’s 2015 rules). Although some of these have been challenged in court, the ultimate enforceability and effect of these state rules is uncertain.•""Open Access"" - We hold certain wireless licenses that require us to comply with so-called ""open access"" FCC regulations, which generally require licensees of particular spectrum to allow customers to use devices and applications of their choice.","2026-03-14T08:16:28.615664Z","2022-02-11",0.8999,"Product Liability",434,"Product Liability",1221.212,"VZ_2022_RISK_013","Changes in the regulatory framework under which we operate could adversely affect our business prospects or results of operations.","Regulatory and Legal Risks","","VZ","2026-03-14T08:16:28.615674Z"
1930,"1",1973,"SUMMARY OF RISK FACTORS
Disruptions in deliveries, capacity constraints, production disruptions up-or down-stream, price increases, cyber- related attacks, or decreased availability of raw materials or commodities, including as a result of war, natural disasters, actual or threatened public health emergencies, increased tariffs or import or export restrictions, or other business continuity events, adversely affect our operations and, depending on the length and severity of the disruption, could limit our ability to manufacture products on a timely basis and could harm our financial results. Additionally, nonperformance or underperformance by third-party suppliers could materially impact our ability to perform obligations to our customers, which could result in a customer terminating their contract with us, exposing us to liability, and substantially impairing our ability to compete for future contracts and orders. Furthermore, we depend on multiple routes and modes of transport to acquire components and materials used in our operations. We are vulnerable to disruptions in transport and logistics activities due to weather-related problems, strikes, lockouts, inadequacy of roadways, transportation infrastructure and port facilities, hostilities, acts of terrorism, or other events. We are also subject to fluctuations in the costs of transportation. We may be unable to store components and materials sufficient for more than a limited period of production, which increases our dependence on efficient logistics. In addition, during transport and shipping, our products and/or their components and materials may become damaged. Such factors could also result in liability and significant reputational harm. These factors could adversely impact our ability to deliver quality products, solutions, and services to our customers and may have a substantial adverse impact on our business activities, results of operations, cash flows, and financial condition.","2026-03-14T08:16:37.678259Z","2025-02-06",0.512,"Non-ESG",435,"Non-ESG",8.343,"GEV_2025_RISK_011","SUMMARY OF RISK FACTORS","SUMMARY OF RISK FACTORS","","GEV","2026-03-14T08:16:37.678270Z"
1931,"1",2021,"Security and/or Data Privacy Breaches, or Disruptions of Our Information Technology Systems Could Adversely Affect Our Business
The Company relies on information technology networks and systems, including the internet, to process, transmit and store electronic information, and to manage or support a variety of business processes and activities. These technology networks and systems may be susceptible to damage, disruptions or shutdowns due to failures during the process of upgrading or replacing software, databases or components; power outages; telecommunications or system failures; terrorist attacks; natural disasters; employee error or malfeasance; server or cloud provider breaches; and computer viruses or cyberattacks. Cybersecurity threats and incidents can range from uncoordinated individual attempts to gain unauthorized access to information technology networks and systems to more sophisticated and targeted measures, known as advanced persistent threats, directed at the Company, its products, its customers and/or its third-party service providers. Despite the implementation of cybersecurity measures (including access controls, data encryption, vulnerability assessments, continuous monitoring, and maintenance of backup and protective systems), the Company’s information technology systems may still be vulnerable to cybersecurity threats and other electronic security breaches. It is possible for such vulnerabilities to remain undetected for an extended period. In addition, it is possible a security breach could result in theft of trade secrets or other intellectual property or disclosure of confidential customer, supplier or employee information. Should the Company be unable to prevent security breaches or other damage to our information technology systems, disruptions could have an adverse effect on our operations, as well as expose the Company to litigation, liability or penalties under privacy laws, increased cybersecurity protection costs, reputational damage and product failure.","2026-03-14T08:16:41.060079Z","2021-11-15",0.8578,"Product Liability",436,"Product Liability",2.659,"EMR_2021_RISK_010","Security and/or Data Privacy Breaches, or Disruptions of Our Information Technology Systems Could Adversely Affect Our Business","Business and Operational Risks","","EMR","2026-03-14T08:16:41.060092Z"
1932,"1",1416,"WE UTILIZE DISTRIBUTORS FOR A PORTION OF OUR SALES AND SERVICE OF OUR PRODUCTS IN CERTAIN COUNTRIES, WHICH SUBJECTS US TO A NUMBER OF RISKS THAT COULD HARM OUR BUSINESS.
We have strategic relationships with a number of key distributors for sales and service of our products in certain countries. If these strategic relationships are terminated and not replaced, our revenues and/or ability to sell or service our products in the markets serviced by these distributors could be adversely affected. In addition, we may be named as a defendant in lawsuits against our distributors related to sales or service of our products performed by them. Please see our risk factor below titled “We Are Subject to Product Liability and Negligence Claims Relating to the Use of Our Products and Other Legal Proceedings That Could Materially Adversely Affect Our Financial Condition, Divert Management’s Attention, and Harm Our Business.” Our distributors may affect our ability to effectively market our products in certain countries or regulatory jurisdictions if a distributor holds the regulatory authorization or certification in such countries or within such regions and causes, by action or inaction, the suspension of such marketing authorization or certification or sanctions for non-compliance. It may be difficult, expensive, and time-consuming for us to re-establish market access or regulatory compliance in such cases.","2026-03-14T08:16:47.173188Z","2022-02-03",0.6792,"Non-ESG",437,"Non-ESG",5.396,"ISRG_2022_RISK_045","WE UTILIZE DISTRIBUTORS FOR A PORTION OF OUR SALES AND SERVICE OF OUR PRODUCTS IN CERTAIN COUNTRIES, WHICH SUBJECTS US TO A NUMBER OF RISKS THAT COULD HARM OUR BUSINESS.","RISKS RELATING TO OUR BUSINESS","","ISRG","2026-03-14T08:16:47.173196Z"
1933,"1",2167,"Failure to comply with, or changes in, laws and regulations applicable to our businesses could have a materially adverse effect on our reputation, results of operations or financial condition, or have other adverse consequences
Any cyberattack, unauthorized intrusion, malicious software infiltration, network disruption, denial of service, corruption of data, theft of non-public or other sensitive information, or similar act by a malevolent party (including our personnel), or inadvertent acts or inactions by our vendors, partners or personnel, could result in the loss, disclosure or misuse of confidential personal or business information or the theft of client or ADP funds, and could have a materially adverse effect on our business or results of operations or that of our clients, result in liability, litigation, regulatory investigations and sanctions or a loss of confidence in our ability to serve clients, or cause current or potential clients to choose another service provider. As the global environment continues to grow increasingly hostile, the security of our operating environment is ever more important to our clients and potential clients. As a result, the breach or perceived breach of our security systems could result in a loss of confidence by our clients or potential clients and cause them to choose another service provider, which could have a materially adverse effect on our business. Although we believe that we maintain a robust program of information security and controls and none of the data or cyber security incidents that we have encountered to date have materially impacted us, a data or cyber security incident could have a materially adverse effect on our business, results of operations, financial condition and reputation. While ADP maintains insurance coverage that, subject to policy terms and conditions and a significant self-insured retention, is designed to address losses or claims that may arise in connection with certain aspects of data and cyber risks, such insurance coverage may be insufficient to cover all losses or all types of claims that may arise in the continually evolving area of data and cyber risk.","2026-03-14T08:17:02.568335Z","2021-08-04",0.8999,"Product Liability",438,"Product Liability",14.666,"ADP_2021_RISK_011","Failure to comply with, or changes in, laws and regulations applicable to our businesses could have a materially adverse effect on our reputation, results of operations or financial condition, or have other adverse consequences","LEGAL AND COMPLIANCE RISKS","","ADP","2026-03-14T08:17:02.568346Z"
1934,"1",185,"Risks Related to Our Manufacturing and Operations
Our financial results are affected by changing commodity prices and margins for refined petroleum, petrochemical and plastics products.","2026-03-14T08:17:05.853261Z","2022-02-18",0.9924,"Non-ESG",439,"Non-ESG",2.56,"PSX_2022_RISK_004","Risks Related to Our Manufacturing and Operations","Risks Related to the COVID-19 Pandemic","","PSX","2026-03-14T08:17:05.853283Z"
1935,"1",217,"Risks Related to Our Business Model and Capital Structure
We are subject to the risks of additional government actions in the event we were to breach the terms of any settlement arrangement into which we have entered.","2026-03-14T08:17:09.118089Z","2022-08-05",0.9477,"Non-ESG",440,"Non-ESG",2.573,"KLAC_2022_RISK_104","Risks Related to Our Business Model and Capital Structure","Risks Related to Our Business Model and Capital Structure","","KLAC","2026-03-14T08:17:09.118098Z"
1936,"1",1883,"LEGAL, ENVIRONMENTAL AND REGULATORY RISKS
We have made voluntary refunds in those cases we believe appropriate, have settled some allegations and, in some cases, continue to negotiate and/or litigate. We may be, and have been, required to make payments into escrow of disputed liabilities while the related litigation is pending. If the litigation is resolved in our favor, any such payments will be returned to us with interest. The Defense Contract Audit Agency (DCAA) and the Defense Contract Management Agency (DCMA) also review the adequacy of and our compliance with our internal control systems and policies, including our accounting, purchasing, government property, estimating, earned value management and material management accounting systems. Our final allowable incurred costs for each year are subject to audit and have from time to time resulted in disputes between us and the U.S. government, including DCMA claims to recover payments for alleged noncompliance with cost accounting standards. In some cases, the Department of Justice (DOJ) has convened grand juries to investigate possible irregularities in our costs. Any costs found to be improperly allocated to a specific contract will not be reimbursed by the U.S. government or must be refunded by us to the U.S. government if already reimbursed. An adverse outcome of any audit or investigation could result in civil and criminal penalties and fines, which could negatively impact our results of operations, financial condition and liquidity. In addition, if allegations of impropriety were made against us, we could suffer serious reputational harm, which could negatively affect our financial position, results of operations and liquidity. We Are Subject to Litigation, Environmental, Anti-Corruption and Other Legal and Compliance Risks. We are subject to a variety of litigation and legal compliance risks.","2026-03-14T08:17:16.222460Z","2022-02-11",0.7699,"Business Ethics & Values",441,"Business Ethics & Values",6.4,"RTX_2022_RISK_036","LEGAL, ENVIRONMENTAL AND REGULATORY RISKS","LEGAL, ENVIRONMENTAL AND REGULATORY RISKS","","RTX","2026-03-14T08:17:16.222469Z"
1937,"1",1859,"Risks Related to Product Development, Market Access and Competition
The medical device industry is intensely competitive, subject to rapid change resulting from technological advances and scientific discoveries as well as other market activities of industry participants. The Omnipod System competes with several existing insulin delivery devices as well as other methods for the treatment of diabetes. We also compete with Medtronic and Tandem, among others. Medtronic has been the insulin pump market leader for many years. The competitive landscape in our industry continues to undergo significant change. In addition to the established insulin pump competitors, several companies are working to develop and market new insulin “patch” pumps, smart pens, and other methods for the treatment of diabetes. These companies are at various stages of development and the number of such companies continuously changes as they enter or exit the market on an ongoing basis. Some of our competitors are large, well-capitalized companies with more resources than we have. These companies may have competitive advantages over us, including:•significantly greater name recognition;•different and more complete reimbursement profiles;•established relations with healthcare professionals, customers and third-party payors;•larger and more established distribution networks;•greater experience in conducting research and development, clinical trials, manufacturing, marketing and obtaining regulatory approval; and•greater financial and human resources for product development, sales and marketing, and patent litigation. As a result, we may not be able to compete effectively against these companies or their products, which may adversely impact our business. We also compete with MDI therapy, including smart pens, which is substantially less expensive than pump therapy.","2026-03-14T08:17:23.025629Z","2022-02-24",0.9519,"Non-ESG",442,"Non-ESG",6.121,"PODD_2022_RISK_014","Risks Related to Product Development, Market Access and Competition","Risks Related to Our Business and Industry","","PODD","2026-03-14T08:17:23.025637Z"
1938,"1",201,"Risks Related to our Business and Industry
We are exposed to fluctuations in the market values of our portfolio investments and in interest rates; impairment of our investments could harm our earnings.","2026-03-14T08:17:26.135033Z","2021-09-09",0.9892,"Non-ESG",443,"Non-ESG",2.374,"CSCO_2021_RISK_057","Risks Related to our Business and Industry","Risks Related to our Business and Industry","","CSCO","2026-03-14T08:17:26.135042Z"
1939,"1",221,"Risks Related to Our Personnel and Growth
Our success depends substantially on the continuing efforts of our senior executives and other key personnel, and our business may be severely disrupted if we lose their services.","2026-03-14T08:17:57.589309Z","2022-02-25",0.6613,"Non-ESG",444,"Non-ESG",30.64,"EPAM_2022_RISK_011","Risks Related to Our Personnel and Growth","Risks Related to COVID-19","","EPAM","2026-03-14T08:17:57.589321Z"
1940,"1",1948,"Risks related to our business operations
We face risks related to security vulnerabilities in our products. We and third parties regularly identify security vulnerabilities with respect to our products and services. The same holds for the operating systems and workloads that run on them and the components that interact with them. Components and IP we purchase or license from third parties for use in our products, as well as industry-standard specifications we implement in our products, are also regularly subject to security vulnerabilities. As we have become a more data-centric company, our processors and other products are being used in additional and new and critical application areas that create new or increased cybersecurity, privacy or safety risks. This includes applications that gather and process large amounts of data, such as the cloud or Internet of Things, and critical infrastructure and automotive applications. We, our customers, and the users of our products do not always promptly learn of or have the ability to fully assess the magnitude or effects of a vulnerability, including the extent, if any, to which a vulnerability has been exploited. Additionally, new information can subsequently develop that may impact our assessment of a security vulnerability, including additional information learned as we develop and deploy mitigations or updates, become aware of additional variants and evaluate the competitiveness of existing and new products. Security vulnerabilities and any limitations of, or adverse effects resulting from, mitigation techniques can adversely affect our results of operations, financial condition, sales, branding, customer relationships, share price, prospects, and reputation in a number of ways, any of which may be material. Adverse publicity about security vulnerabilities or mitigations could damage our reputation with customers or users and reduce demand for our products and services.","2026-03-14T08:18:03.693711Z","2022-02-24",0.9253,"Product Liability",445,"Product Liability",5.358,"NXPI_2022_RISK_031","Risks related to our business operations","Risks related to our business operations","","NXPI","2026-03-14T08:18:03.693721Z"
1941,"1",1806,"Risks Related to Our Operations
These issues may also materially affect our future access to our sources of liquidity, particularly our cash flows from operations, financial condition and ability to consummate future acquisitions. In compliance with stay-at-home orders issued in connection with the COVID-19 pandemic, a significant subset of our employees have transitioned to working from home. As a result, more of our employees are working from locations where our cybersecurity program may be less effective and IT security may be less robust. This change may create increased vulnerability to cybersecurity incidents, including breaches of information systems security, which could result in a disruption of our operations, customer dissatisfaction, damage to our reputation and a loss of customers or revenues. If significant portions of our workforce are unable to work effectively, including because of illness, quarantines or absenteeism; government actions; facility closures; work slowdowns or stoppages; limited supplies or resources; or other circumstances related to COVID-19, our operations will be further impacted. We may be unable to perform fully on our customer obligations and we may incur liabilities and suffer losses as a result. The continued spread of COVID-19 may also affect our ability to hire, develop and retain our talented and diverse workforce, and our ability in short periods to fully maintain and support our corporate culture. A scarcity of resources or other hardships caused by the COVID-19 pandemic may result in increased nationalism, protectionism and political tensions which may cause governments and/or other entities to take actions that may have significant negative impact on the Company, its suppliers, and its customers to conduct business in the future.","2026-03-14T08:18:12.988268Z","2022-02-22",0.9814,"Human Capital",446,"Human Capital",8.592,"AME_2022_RISK_003","Risks Related to Our Operations","Risks Related to Our Operations","","AME","2026-03-14T08:18:12.988277Z"
1942,"1",243,"2022 Form 10-K |  47
The occurrence of any of these events could result in a reduction in our expected recovery and have a material adverse effect on SDG&E’s and Sempra’s results of operations, financial condition, cash flows and/or prospects.","2026-03-14T08:18:15.951150Z","2023-02-28",0.9845,"Non-ESG",447,"Non-ESG",2.277,"SRE_2023_RISK_072","2022 Form 10-K |  47","2022 Form 10-K |  47","","SRE","2026-03-14T08:18:15.951160Z"
1943,"1",1323,"Cautionary Note on Forward-Looking Statements
This Annual Report contains forward-looking statements within the meaning of Section 27A of the Securities Act of 1933, as amended (the Securities Act) and Section 21E of the Exchange Act. The words “anticipate,” “believe,” “could,” “should,” “propose,” “continue,” “estimate,” “expect,” “intend,” “may,” “plan,” “predict,” “project,” “will” and similar terms and phrases are used in this Annual Report to identify forward-looking statements. Except for historical information contained herein, the matters addressed in this Annual Report are forward-looking statements. These statements relate to analyses and other information based on forecasts of future results and estimates of amounts not yet determinable. These statements also relate to our future prospects, developments and business strategies. These forward-looking statements are made based on our management’s expectations and beliefs concerning future events affecting us and are subject to uncertainties and factors relating to our operations and business environment, all of which are difficult to predict and many of which are beyond our control. These uncertainties and factors could cause our actual results to differ materially from those matters expressed in or implied by these forward-looking statements.","2026-03-14T08:18:20.382672Z","2022-03-01",0.9666,"Non-ESG",448,"Non-ESG",3.739,"CBRE_2022_RISK_075","Cautionary Note on Forward-Looking Statements","Risks Related to our Investments","","CBRE","2026-03-14T08:18:20.382683Z"
1944,"1",184,"Risks Relating to our Business and Operations
Our workforce covered by collective bargaining and similar agreements could cause interruptions in our provision of products and services.","2026-03-14T08:18:26.253191Z","2022-03-01",0.9197,"Human Capital",449,"Human Capital",5.168,"TFX_2022_RISK_061","Risks Relating to our Business and Operations","Risks Relating to our Business and Operations","","TFX","2026-03-14T08:18:26.253202Z"
1945,"1",743,"Risks Related to Acquisitions
We may be unsuccessful in evaluating material risks involved in completed and future acquisitions. We regularly evaluate potential acquisitions of businesses that are complementary to our businesses and client needs. As part of the process, we conduct business, legal and financial due diligence to identify and evaluate material risks involved in any particular transaction. Despite our efforts, we may be unsuccessful in ascertaining or evaluating all such risks. As a result, the intended advantages of any given acquisition may not be realized. If we fail to identify certain material risks from one or more acquisitions, our business, results of operations and financial position could be adversely affected.","2026-03-14T08:36:33.306997Z","2022-02-09",0.9592,"Non-ESG",450,"Non-ESG",1086.388,"OMC_2022_RISK_019","Risks Related to Acquisitions","Risks Related to Acquisitions","","OMC","2026-03-14T08:36:33.307007Z"
1946,"1",215,"Strategic Risks Related to Our Business
If we or our partners fail to successfully develop and deliver engaging storytelling through entertainment media our ability to build our brands and sell products will suffer.","2026-03-14T08:36:40.592402Z","2022-02-23",0.9463,"Non-ESG",451,"Non-ESG",6.564,"HAS_2022_RISK_003","Strategic Risks Related to Our Business","Strategic Risks Related to Our Business","","HAS","2026-03-14T08:36:40.592412Z"
1947,"1",249,"Market, Financial and Economic Risks
Our assets or positions cannot be fully hedged against changes in commodity prices and market heat rates, and hedging transactions may not work as planned or hedge counterparties may default on their obligations.","2026-03-14T08:36:44.388444Z","2022-02-25",0.9902,"Non-ESG",452,"Non-ESG",3.099,"VST_2022_RISK_019","Market, Financial and Economic Risks","Market, Financial and Economic Risks","","VST","2026-03-14T08:36:44.388452Z"
1948,"1",1964,"Operational Risks
We may incur unexpected costs from increases in fuel and raw material prices, which could reduce our earnings and cash flows. Our primary commodity exposures are for fuel, petroleum-based resins and steel. While we may seek to minimize the impact of price increases through higher prices to customers and various cost-saving measures, our earnings and cash flows could be adversely affected in the event these measures are insufficient to cover our costs. Because we rely heavily on third-party package-delivery services, a significant disruption in these services or significant increases in prices may disrupt our ability to ship products, increase our costs and lower our profitability. We ship a significant portion of our products to our customers through independent package delivery companies, such as Federal Express in the U.S. and DHL in Europe. We also maintain a small fleet of vehicles dedicated to the delivery of our products and ship our products through other carriers, including national and regional trucking firms, overnight carrier services and the U.S. Postal Service. If one or more of these third-party package-delivery providers were to experience a major work stoppage, preventing our products from being delivered in a timely fashion or causing us to incur additional shipping costs we could not pass on to our customers, our costs could increase and our relationships with certain of our customers could be adversely affected. In addition, if one or more of these third-party package-delivery providers were to increase prices, and we were not able to find comparable alternatives or make adjustments in our delivery network, our profitability could be adversely affected. Natural disasters, public health crises, political crises, and other catastrophic events or other events outside of our control may disrupt our facilities or the facilities of third parties on which we depend, and could impact customer spending.","2026-03-14T08:36:56.632278Z","2022-02-24",0.9074,"Non-ESG",453,"Non-ESG",11.534,"TMO_2022_RISK_015","Operational Risks","Operational Risks","","TMO","2026-03-14T08:36:56.632289Z"
1949,"1",1833,"COVID-19 Risks
Additionally, when economic recovery following the COVID-19 pandemic occurs, we may experience unpredictable increases in demand for certain products, which could exceed our capacity to meet such demand on a timely basis or at all, which could have a material adverse impact on our financial performance and results of operations. •Customer-related risks: In particular, as a result of impacts associated with preventive and precautionary measures that we, other businesses and governments have taken to quell the spread of COVID-19 and protect our customers, employees, and the patients receiving our products, we have experienced significant and unpredictable reductions in demand for certain of our products as health care customers re-prioritize the treatment of patients. In certain jurisdictions in the U.S., governmental authorities have recommended, and in certain cases required, that elective procedures be suspended or canceled to avoid non-essential patient exposure to medical environments and potential infection with COVID-19 and to focus limited resources and personnel capacity toward the treatment of COVID-19. Further, staffing shortages within healthcare facilities, and resulting procedural delays, have and may continue to negatively impact demand for our products. These measures and challenges significantly reduced our net sales and could continue to do so in the future. Further, once the pandemic subsides, we anticipate there may be some continued reluctance upon the part of some patients to seek medical attention in a hospital setting. In addition, for the majority of patients who do seek appointments with physicians and surgeries to be performed at hospitals and ambulatory surgery centers relating to a variety of medical conditions, we anticipate there may be a substantial backlog.","2026-03-14T08:37:11.272922Z","2022-02-23",0.9499,"Human Capital",454,"Human Capital",13.909,"BSX_2022_RISK_004","COVID-19 Risks","COVID-19 Risks","","BSX","2026-03-14T08:37:11.272931Z"
1950,"1",1941,"Risks Related to Ownership of our Common Stock
The Company's charter, bylaws and Maryland law contain provisions that could make it more difficult for a third party to acquire the Company without the consent of our Board. The Company's charter permits a majority of its entire Board, without stockholder approval, to amend the charter to increase or decrease the aggregate number of shares of stock or the number of shares of stock of any class or series that the Company has the authority to issue. In addition, the Company's Board may classify or reclassify any unissued shares of common stock or preferred stock and may set the preferences, rights and other terms of the classified or reclassified shares. Although the Company's Board has no intention to do so at the present time, it could establish a class or series of preferred stock that could have the effect of delaying, deferring or preventing a transaction or a change in control that might involve a premium price for the Company's common stock or otherwise be in the best interest of the Company's stockholders. The Company's bylaws can be amended by our Board or by the approval of a majority of the votes entitled to be cast by our stockholders. The Company's bylaws provide that nominations of persons for election to the Company's Board and the proposal of business to be considered at an annual meeting of stockholders may be made only in the notice of the meeting, by the Company's Board or by a stockholder who is a stockholder of record as of the record date set by the Company's Board for purposes of determining stockholders entitled to vote at the meeting, at the time of giving of notice by the stockholder pursuant to the Company's bylaws and at the time of the meeting, who is entitled to vote at the meeting in the election of each individual so nominated or on any such other business and has complied with the advance notice procedures of the Company's bylaws.","2026-03-14T08:39:05.885327Z","2021-08-19",0.9949,"Corporate Governance",455,"Corporate Governance",5.067,"TPR_2021_RISK_073","Risks Related to Ownership of our Common Stock","Risks Related to our Indebtedness","","TPR","2026-03-14T08:39:05.885342Z"
1951,"1",257,"Influence of Other Organizations and Potential Regulatory Changes
SoCalGas has incurred and may continue to incur significant costs, expenses and other liabilities related to the Leak, a substantial portion of which may not be recoverable through insurance.","2026-03-14T08:39:09.525070Z","2022-02-25",0.9331,"Non-ESG",456,"Non-ESG",2.926,"SRE_2022_RISK_081","Influence of Other Organizations and Potential Regulatory Changes","CPUC Authority Over Operational Matters","","SRE","2026-03-14T08:39:09.525078Z"
1952,"1",267,"Industry and Financial Risks
If we are unable to maintain effective internal control over financial reporting, investors may lose confidence in the accuracy and completeness of our financial reports and the market price of our common stock may be negatively affected.","2026-03-14T08:39:13.202411Z","2022-02-17",0.8714,"Corporate Governance",457,"Corporate Governance",2.975,"PAYC_2022_RISK_063","Industry and Financial Risks","Industry and Financial Risks","","PAYC","2026-03-14T08:39:13.202420Z"
1953,"1",950,"CMS Energy and Consumers are subject to risks that are beyond their control, including but not limited to natural disasters, civil unrest, terrorist attacks and related acts of war, cyber incidents, vandalism, and other catastrophic events.
Natural disasters, severe weather, wars, terrorist acts, civil unrest, vandalism, theft, cyber incidents, pandemics, and other catastrophic events could result in severe damage to CMS Energy’s and Consumers’ assets beyond what could be recovered through insurance policies (which are subject to deductibles, limitations, and self-insurance amounts that could be material), could require CMS Energy and Consumers to incur significant upfront costs, and could severely disrupt operations, resulting in loss of service to customers. There is also a risk that regulators could, after the fact, conclude that Consumers’ preparedness or response to such an event was inadequate and take adverse actions as a result.","2026-03-14T08:39:18.820741Z","2022-02-10",0.57,"Non-ESG",458,"Non-ESG",4.913,"CMS_2022_RISK_025","CMS Energy and Consumers are subject to risks that are beyond their control, including but not limited to natural disasters, civil unrest, terrorist attacks and related acts of war, cyber incidents, vandalism, and other catastrophic events.","","","CMS","2026-03-14T08:39:18.820752Z"
1954,"1",727,"Risks Related to Regulatory and Legal Matters
Increased regulation related to global climate change could negatively affect our business. Increased public awareness and concern regarding global climate change may result in more international, regional and/or federal requirements to reduce or mitigate global warming and these regulations could mandate stricter limits on greenhouse gas emissions. If environmental or climate change laws or regulations are either changed or adopted and impose significant operational restrictions and compliance requirements upon our business or our products, they could negatively impact our business, capital expenditures, results of operations, financial condition and competitive position.","2026-03-14T10:55:35.981206Z","2021-02-19",0.9841,"Climate Change",459,"Climate Change",8176.497,"TXT_2021_RISK_043","Risks Related to Regulatory and Legal Matters","Financial Risks","","TXT","2026-03-14T10:55:35.981228Z"
1955,"1",645,"Risks related to our business and the animal health industry
The market for our products could be impacted negatively by the introduction and/or broad market acceptance of newly-developed or alternative products that address the diseases and conditions for which we sell products, including “green” or “holistic” health products or specially bred disease-resistant animals. In addition, technological breakthroughs by others may obviate our technology and reduce or eliminate the market for our products. Introduction or acceptance of such products or technologies could materially adversely affect our operating results and financial condition.","2026-03-14T10:56:33.974692Z","2023-02-14",0.9529,"Non-ESG",460,"Non-ESG",57.246,"ZTS_2023_RISK_058","Risks related to our business and the animal health industry","Risks related to our business and the animal health industry","","ZTS","2026-03-14T10:56:33.974700Z"
1956,"1",1665,"Risks Related to Business Environment and Economic Conditions
Cost-cutting initiatives adopted by our customers result in increased downward pressure on pricing. Our customer supply agreements generally require step-downs in component pricing over the period of production, typically one to three percent per year. In addition, our customers often reserve the right to terminate their supply contracts for convenience, which enhances their ability to obtain price reductions. OEMs have also possessed significant leverage over their suppliers, including us, because the automotive technology and component supply industry is highly competitive, serves a limited number of customers, has a high fixed cost base and historically has had excess capacity. Based on these factors, and the fact that our customers’ product programs typically last a number of years and are anticipated to encompass large volumes, our customers are able to negotiate favorable pricing. Accordingly, as a Tier I supplier, we are subject to substantial continuing pressure from OEMs to reduce the price of our products. For example, our customer supply agreements generally provide for annual reductions in pricing of our products over the period of production. It is possible that pricing pressures beyond our expectations could intensify as OEMs pursue restructuring and cost-cutting initiatives. If we are unable to generate sufficient production cost savings in the future to offset price reductions, our gross margin and profitability would be adversely affected. See Item 1. Supply Relationships with Our Customers for a detailed discussion of our supply agreements with our customers.","2026-03-14T10:56:50.878124Z","2022-02-07",0.9808,"Non-ESG",461,"Non-ESG",16.205,"APTV_2022_RISK_033","Risks Related to Business Environment and Economic Conditions","Risks Related to Business Environment and Economic Conditions","","APTV","2026-03-14T10:56:50.878135Z"
1957,"1",168,"Business and Operational Risks
Increasing employee benefit costs and funding requirements could have a negative effect on our operating results and financial condition.","2026-03-14T10:57:13.799946Z","2021-11-09",0.9874,"Non-ESG",462,"Non-ESG",22.223,"ROK_2021_RISK_025","Business and Operational Risks","Business and Operational Risks","","ROK","2026-03-14T10:57:13.799957Z"
1958,"1",183,"Risks Relating to Strategic Transactions
Our operations expose us to the risk of material environmental liabilities, litigation, government enforcement actions, and reputational risk.","2026-03-14T10:57:39.531509Z","2021-11-09",0.9176,"Non-ESG",463,"Non-ESG",25.023,"TEL_2021_RISK_035","Risks Relating to Strategic Transactions","","","TEL","2026-03-14T10:57:39.531521Z"
1959,"1",1853,"Our transmission and distribution systems may not operate as expected, and could require unplanned expenditures, which could adversely affect our financial position, results of operations and cash flows.
Our ability to properly operate our transmission and distribution systems is critical to the financial performance of our business. Our transmission and distribution businesses face several operational risks, including the breakdown, failure of, or damage to operating equipment, information technology systems, or processes, especially due to age; labor disputes; disruptions in the delivery of electricity, natural gas and water; increased capital expenditure requirements, including those due to environmental regulation; catastrophic events such as fires, explosions, a solar event, an electromagnetic event, or other similar occurrences; extreme weather conditions beyond equipment and plant design capacity; human error; global supply chain disruptions; and potential claims for property damage or personal injuries beyond the scope of our insurance coverage. Many of our transmission projects are expected to alleviate identified reliability issues and reduce customers' costs. However, if the in-service date for one or more of these projects is delayed due to economic events or factors, or regulatory or other delays, the risk of failures in the electric transmission system may increase. We also implement new information technology systems from time to time, which may disrupt operations.  Any failure of our transmission and distribution systems to operate as planned may result in increased capital costs, reduced earnings or unplanned increases in operation and maintenance costs. The inability to recover a significant amount of such costs could have an adverse effect on our financial position, results of operations and cash flows.","2026-03-14T10:57:45.351992Z","2022-02-17",0.3786,"Non-ESG",464,"Non-ESG",5.101,"ES_2022_RISK_008","Our transmission and distribution systems may not operate as expected, and could require unplanned expenditures, which could adversely affect our financial position, results of operations and cash flows.","Business and Operational Risks:","","ES","2026-03-14T10:57:45.352001Z"
1960,"1",1877,"Risks Related to Cybersecurity, Data Privacy, and Intellectual Property
Additionally, during the ongoing COVID-19 pandemic, and potentially beyond as remote work and resource access expand, there is an increased risk of cybersecurity-related events such as COVID-19 themed phishing attacks, exploitation of any cybersecurity flaws that may exist, an increase in the number cybersecurity threats or attacks, and other security challenges as a result of most of our employees and our service providers continuing to work remotely from non-corporate managed networks. Furthermore, we have acquired or partnered with a number of companies, products, services, and technologies over the years, and incorporated third-party products, services and technologies in connection with our products and services. Although we devote significant resources to address any known security issues with respect to such acquisitions, partnerships, incorporated technologies, and our supply chain, we may still inherit additional risks when they are integrated within or used by Workday. In addition, if a high-profile security breach occurs with respect to an industry peer, our customers and potential customers may generally lose trust in the security of financial management, spend management, human capital management, planning, or analytics applications, or in cloud applications for enterprises in general. Any or all of these issues could negatively affect our ability to attract new customers, cause existing customers to elect to terminate or not renew their subscriptions, result in reputational damage, cause us to pay remediation and indemnity costs and/or issue service credits or refunds to customers for prepaid and unused subscription services, or result in lawsuits, regulatory fines, or other action or liabilities, which could adversely affect our business and operating results.","2026-03-14T10:57:51.093571Z","2022-02-28",0.874,"Product Liability",465,"Product Liability",5.035,"WDAY_2022_RISK_059","Risks Related to Cybersecurity, Data Privacy, and Intellectual Property","Risks Related to Our Business and Industry","","WDAY","2026-03-14T10:57:51.093581Z"
1961,"1",1908,"Risks Related to the COVID Pandemic
The virus causing COVID was identified in late 2019 and spread globally (COVID pandemic). Efforts to combat the virus have been complicated by viral variants and uneven access to, and acceptance and effectiveness of, vaccines globally. The pandemic resulted in governments and other authorities implementing numerous measures to try to contain the virus, such as travel bans and restrictions, quarantines, shelter in place orders, and business closures. These measures have impacted and may continue to impact all or portions of John Deere’s workforce and operations and the operations of customers, dealers, and suppliers. Although certain restrictions related to the COVID pandemic have eased, uncertainty continues to exist regarding such measures and potential future measures. Current material and component shortages have limited and could continue to limit John Deere’s ability to meet customer demand, which could have a material adverse effect on the Company’s financial condition, cash flows, and results of operations. The COVID pandemic caused a global recession and the sustainability of the economic recovery observed in 2021 remains unclear. The COVID pandemic has also significantly increased economic and demand uncertainty, has caused inflationary pressure in the U.S. and elsewhere, and has led to disruption and volatility in demand for John Deere’s products and services, suppliers’ ability to fill orders, and global capital markets. Economic uncertainties could continue to affect demand for John Deere’s products and services, the value of the equipment financed or leased, the demand for financing, and the financial condition and credit risk of John Deere’s dealers and customers. Continued uncertainties related to the magnitude, duration, and persistent effects of the COVID pandemic may significantly adversely affect our business and outlook.","2026-03-14T10:58:13.251793Z","2021-12-16",0.3257,"Community Relations",466,"Non-ESG",21.474,"DE_2021_RISK_002","Risks Related to the COVID Pandemic","Risks Related to the COVID Pandemic","","DE","2026-03-14T10:58:13.251804Z"
1962,"1",1980,"—Government and commercial payer actions outside the United States have affected and will continue to affect access to and sales of our products
We are subject to income and other taxes in the United States and other jurisdictions in which we do business. As a result, our provision for income taxes is derived from a combination of applicable tax rates in the various places we operate. Significant judgment is required for determining our provision for income tax. One or more of our legal entities file income tax returns in the U.S. federal jurisdiction, various U.S. state jurisdictions and certain foreign jurisdictions. Our income tax returns are routinely examined by tax authorities in those jurisdictions. Significant disputes can arise with tax authorities involving issues regarding the timing and amount of deductions, the use of tax credits and allocations of income and expenses among various tax jurisdictions because of differing interpretations of tax laws, regulations and relevant facts, and such tax authorities (including the IRS) are becoming more aggressive in their audits and are particularly focused on such matters. In 2017, we received an RAR and a modified RAR from the IRS for the years 2010, 2011 and 2012, proposing significant adjustments that primarily relate to the allocation of profits between certain of our entities in the United States and the U.S. territory of Puerto Rico. We disagreed with the proposed adjustments and calculations and pursued resolution with the IRS administrative appeals office but were unable to reach resolution. In July 2021, we filed a petition in the U.S. Tax Court to contest two duplicate Statutory Notices of Deficiency (Notices) for 2010, 2011 and 2012 that we received in May and July 2021 which seek to increase our U.S. taxable income. We firmly believe that the IRS’s positions set forth in the Notices are without merit, and are contesting the Notices through the judicial process. See Part II, Item 7.","2026-03-14T10:58:24.915367Z","2022-02-16",0.8661,"Non-ESG",467,"Non-ESG",10.943,"AMGN_2022_RISK_045","—Government and commercial payer actions outside the United States have affected and will continue to affect access to and sales of our products","General Risk Factors","","AMGN","2026-03-14T10:58:24.915378Z"
1963,"1",269,"General Risk Factors Affecting Our Businesses
Therefore, Houston Electric may not be able to restore any loss of, or damage to, any of its transmission and distribution properties without negative impact on its financial condition, results of operations and cash flows.","2026-03-14T10:58:27.807677Z","2022-02-22",0.913,"Non-ESG",468,"Non-ESG",2.152,"CNP_2022_RISK_095","General Risk Factors Affecting Our Businesses","Risk Factors Affecting Our Businesses","","CNP","2026-03-14T10:58:27.807685Z"
1964,"1",1801,"32     MOODY'S 2021 10-K
Moody’s business is impacted by general economic conditions and volatility in the U.S. and world financial markets. Furthermore, issuers of debt securities may elect to issue securities without ratings or securities which are rated or evaluated by non-traditional parties such as financial advisors, rather than traditional CRAs, such as MIS. A majority of Moody’s credit-rating-based revenue is transaction-based, and therefore it is especially dependent on the number and dollar volume of debt securities issued in the capital markets. Market disruptions and economic slowdown and uncertainty have in the past, and may in the future, negatively impact the volume of debt securities issued in global capital markets and the demand for credit ratings. Changes to U.S. tax laws and policy can negatively affect the volume of debt securities issued in the U.S. For example, the Tax Act limits deductibility on interest payments and significantly reduces the tax cost associated with the repatriation of cash held outside the U.S., both of which could negatively affect the volume of debt securities issued. Conditions that reduce issuers’ ability or willingness to issue debt securities, such as market volatility, declining growth, currency devaluations or other adverse economic trends, reduce the number and dollar-equivalent volume of debt issuances for which Moody’s provides ratings services and thereby adversely affect the fees Moody’s earns in its ratings business. Economic and government factors such as the scaling back, wind-down or termination of COVID-19 economic stimulus and support programs, a long-term continuation of difficult economic conditions, and current uncertainty in various other jurisdictions, may have an adverse impact on the Company’s business.","2026-03-14T10:58:35.768749Z","2022-02-22",0.9681,"Non-ESG",469,"Non-ESG",7.232,"MCO_2022_RISK_028","32     MOODY'S 2021 10-K","32     MOODY'S 2021 10-K","","MCO","2026-03-14T10:58:35.768761Z"
1965,"1",2016,"Financial and Market Risks
Our third-party insurance coverage varies from time to time in both type and amount depending on availability, cost and our decisions with respect to risk retention. Economic conditions and uncertainties in global markets may adversely affect the cost and other terms upon which we are able to obtain third-party insurance. In addition, our third-party insurance policies are subject to deductibles, policy limits, and exclusions that result in our retention of a level of risk on a self-insurance basis. Further, certain types of coverages may be difficult or expensive to obtain. We self-insure against certain business risks and expenses where we believe we can adequately self-insure against the anticipated exposure and risk or where insurance is either not deemed cost-effective or is not available. If the amount of our third-party insurance coverage is not available or adequate to cover all claims or liabilities, or to the extent we have elected to self-insure, we may be forced to bear substantial costs from an accident, incident, or claim. Losses not covered by insurance could be substantial and unpredictable and could adversely affect our financial condition and results of operations. Our indebtedness could adversely affect our business. Our indebtedness could have important consequences, including the following:•We may experience difficulty in satisfying our obligations with respect to our existing indebtedness or future indebtedness;•Our ability to obtain additional financing for working capital, capital expenditures, acquisitions, or general corporate purposes may be impaired;•We may be at a competitive disadvantage with reduced flexibility in planning for, or responding to, changing conditions in the industry, including increased competition; and•We may be more vulnerable to economic downturns and adverse developments in the business. We expect to fund our expenses and to pay the principal and interest on our indebtedness from cash flow from operations.","2026-03-14T10:58:41.776571Z","2022-02-10",0.9691,"Non-ESG",470,"Non-ESG",5.302,"ZBRA_2022_RISK_031","Financial and Market Risks","Financial and Market Risks","","ZBRA","2026-03-14T10:58:41.776583Z"
1966,"1",2271,"If the number or percentage of patients with higher-paying commercial insurance declines, if the average rates that commercial payors pay us decline, if patients in commercial plans are subject to restriction in plan designs, if we are unable to maintain contracts with payors with competitive terms, including, without limitation, reimbursement rates, scope and duration of coverage and in-network benefits, it could have a material adverse effect on our business, results of operations, financial condition and cash flows.
Among other things, these negotiations may result in termination or non-renewals of existing agreements, decreases in contracted rates, and reduction in the number of our patients that are covered by commercial plans, and we may not be able to enter into new agreements on competitive terms or at all. In the event that our ongoing negotiations result in overall commercial rate reductions in excess of overall commercial rate increases, the cumulative effect could have a material adverse effect on our business, results of operations, financial condition and cash flows. In addition, to the extent that these negotiations result in a reduction in the number of our patients covered by commercial plans, it could have a material adverse effect on our business, results of operations, financial condition and cash flows. Certain payors have been attempting to design and implement plans that restrict access to ESRD coverage both in the commercial and individual market. Among other things, these restrictive plan designs seek to limit the duration and/or the breadth of ESRD benefits, limit the number of in-network providers, set arbitrary provider reimbursement rates, or otherwise restrict access to care, all of which may result in a decrease in the number of patients covered by commercial insurance. Payors have also disputed the scope and duration of ESRD benefit coverage under their plans, and, among other things, have required patients to seek Medicare coverage for ESRD treatments. The U.S. Supreme Court has accepted review of a case evaluating the scope and impact of the Medicare as Secondary Payor Act (MSPA). For additional information on the appeal, see Note 16 to the consolidated financial statements included in this report.","2026-03-14T10:59:12.318486Z","2022-02-11",0.8973,"Non-ESG",471,"Product Liability",29.849,"DVA_2022_RISK_029","If the number or percentage of patients with higher-paying commercial insurance declines, if the average rates that commercial payors pay us decline, if patients in commercial plans are subject to restriction in plan designs, if we are unable to maintain contracts with payors with competitive terms, including, without limitation, reimbursement rates, scope and duration of coverage and in-network benefits, it could have a material adverse effect on our business, results of operations, financial condition and cash flows.","General Risks","","DVA","2026-03-14T10:59:12.318496Z"
1967,"1",1583,"Fluctuations in foreign currency exchange rates could result in declines in our reported revenues and earnings.
Our reported revenues and earnings are subject to fluctuations in currency exchange rates. We do not engage in foreign currency hedging arrangements; consequently, foreign currency fluctuations may adversely affect our revenues and earnings. Should we choose to engage in hedging activities in the future we cannot be assured our hedges will be effective or that the costs of the hedges will not exceed their benefits. Fluctuations in the rate of exchange between the U.S. dollar and foreign currencies, primarily the British pound, Canadian dollar, Brazilian real, European Union euro, U.A.E. dirham, Omani rial, and Bahraini dinar could adversely affect our consolidated results of operations and financial position. On January 29, 2020, the European Parliament approved the U.K.’s withdrawal from the European Union, commonly referred to as “Brexit.” The U.K. officially left the European Union on January 31, 2020. Although we have not experienced any material disruptions in our business as a result of Brexit to date, the ultimate effects of Brexit on us are still difficult to predict, and adverse consequences concerning Brexit or the European Union could include deterioration in global economic conditions, instability in global financial markets, political uncertainty, volatility in currency exchange rates, or adverse changes in the cross-border agreements currently in place, any of which could have an adverse impact on our financial results in the future.","2026-03-14T10:59:19.513934Z","2021-09-27",0.9735,"Non-ESG",472,"Non-ESG",6.502,"CPRT_2021_RISK_054","Fluctuations in foreign currency exchange rates could result in declines in our reported revenues and earnings.","General Risk Factors","","CPRT","2026-03-14T10:59:19.513945Z"
1968,"1",2295,"Significant federal, state and local governmental actions, including actions by the FDA, and various private sector actions may continue to have an adverse impact on Altria and its tobacco operating companies’ or its investees’ businesses and sales volumes and on Altria’s ability to achieve its Vision.
More broadly, actions by the FDA and other federal, state or local governments or agencies, including those specific actions described in Tobacco Space - Business Environment in Item 7, may (i) impact the adult tobacco consumer acceptability of or access to tobacco products (for example, through nicotine or constituent limits or menthol or other flavor bans), (ii) delay or prevent the launch of new or modified tobacco products or products with claims of reduced risk, (iii) limit adult tobacco consumer choices, (iv) require the recall or other removal of tobacco products from the marketplace (for example as a result of (a) product contamination, (b) legislation and rulemaking that bans menthol or other flavors, (c) a determination by the FDA that one or more tobacco products do not satisfy the statutory requirements for substantial equivalence, (d) because the FDA requires that a currently marketed tobacco product proceed through the pre-market review process or (e) because the FDA does not authorize a PMTA or otherwise determines that removal is necessary for the protection of public health), (v) restrict communications to adult tobacco consumers, (vi) restrict the ability to differentiate tobacco products, (vii) create a competitive advantage or disadvantage for certain tobacco companies, (viii) impose additional manufacturing, labeling or packing requirements, (ix) interrupt manufacturing or otherwise significantly increase the cost of doing business, (x) result in increased illicit trade in tobacco products or (xi) restrict or prevent the use of specified tobacco products in certain locations or the sale of tobacco products by certain retail establishments. Any one or more of these actions may have a material adverse impact on the business, consolidated results of operations, cash flows or financial position of Altria and its tobacco operating companies, including adversely affecting Altria’s investment in JUUL and Altria’s ability to achieve its Vision.","2026-03-14T10:59:30.282781Z","2022-02-25",0.8125,"Product Liability",473,"Product Liability",10.072,"MO_2022_RISK_006","Significant federal, state and local governmental actions, including actions by the FDA, and various private sector actions may continue to have an adverse impact on Altria and its tobacco operating companies’ or its investees’ businesses and sales volumes and on Altria’s ability to achieve its Vision.","","","MO","2026-03-14T10:59:30.282792Z"
1969,"1",224,"Risks Related to Legal, Accounting and Regulatory Matters
Failure To Comply with the U.S. Foreign Corrupt Practices Act, the U.K. Bribery Act or Other Applicable Anti-bribery Laws Could Have an Adverse Effect on the Company.","2026-03-14T10:59:36.484607Z","2022-02-24",0.9089,"Business Ethics & Values",474,"Business Ethics & Values",5.509,"IEX_2022_RISK_028","Risks Related to Legal, Accounting and Regulatory Matters","Risks Related to Economic Conditions","","IEX","2026-03-14T10:59:36.484617Z"
1970,"1",2098,"Our dependence on third-party suppliers could limit our ability to sell certain products or negatively affect our operating results
We rely on third-party suppliers to provide components and raw materials (including biological materials) for our manufactured products, manufacture some of the products that we sell, and perform certain services, including package-delivery services. Actions taken by third-party suppliers in operating their business, as well as any disruptions to their business operations (or their supplier's business operations), could disrupt our supply chain or operations and materially negatively impact our ability to supply the market, substantially decrease sales, lead to higher costs, and damage our reputation with our customers. Longer-term disruptions could potentially result in the permanent loss of our customers, which could reduce our recurring revenues and long-term profitability. Our supply chain and our cost of goods also may be adversely impacted by unanticipated price increases due to factors such as inflation, including wage inflation, or to supply restrictions beyond our control or the control of our suppliers. If current suppliers fail to supply sufficient goods or materials to us on a timely basis, or at all, we could experience inventory shortages and disruptions in our supply of goods or materials. For examples of some of the events that could result in disruption to our supply chain or operations, and negatively impact our operating results, refer to “We are increasingly dependent on the continuous and reliable operation of our information technology systems, and a disruption of these systems or significant security breaches could adversely affect our business” and ""Factors and events beyond our control could disrupt our operations, supply chain, and logistics network and adversely affect our business"" below. In addition, we currently purchase many products, components, and materials from sole or single sources. Some of these products are proprietary and, therefore, cannot be readily or easily replaced by alternative sources.","2026-03-14T13:27:34.696774Z","2022-02-16",0.8207,"Non-ESG",475,"Non-ESG",8877.589,"IDXX_2022_RISK_007","Our dependence on third-party suppliers could limit our ability to sell certain products or negatively affect our operating results","RISKS RELATED TO OUR BUSINESS AND INDUSTRY","","IDXX","2026-03-14T13:27:34.696783Z"
1971,"1",2041,"RISKS RELATED TO OUR BUSINESS AND INDUSTRY
Some locations, such as Lithuania, India and the Philippines, have economies that may be subject to greater political, economic and social uncertainties than countries with more developed institutional structures, which may increase our operational risk. Unforeseen or catastrophic events could interrupt our critical business functions. In addition, our U.S. and European businesses are heavily concentrated in particular areas and may be adversely affected by events in those areas. We may incur losses as a result of unforeseen or catastrophic events, such as terrorist attacks, natural disasters, pandemics (such as COVID-19), extreme weather, fire, power loss, telecommunications failures, human error, theft, sabotage and vandalism. Given our position in the global capital markets, we may be more likely than other companies to be a target for malicious disruption activities. In addition, our U.S. and European business operations are heavily concentrated in the U.S. East Coast, and Stockholm, Sweden, respectively. Any event that impacts either of those geographic areas could potentially affect our ability to operate our businesses. We have disaster recovery and business continuity plans and capabilities for critical systems and business functions to mitigate the risk of an interruption. Any interruption in our critical business functions or systems could negatively impact our financial condition and operating results. Additionally, some colocation customers may lack adequate disaster recovery solutions to avoid loss of trade flow from a sustained interruption of our critical systems. Because we have operations in numerous countries, we are exposed to currency risk. We have operations in the U.S., the Nordic and Baltic countries, Canada, the United Kingdom, Australia and many other foreign countries. We therefore have significant exposure to exchange rate movements between the Euro, Swedish Krona, the Canadian dollar and other foreign currencies towards the U.S. dollar.","2026-03-14T13:28:01.766303Z","2022-02-23",0.4779,"Product Liability",476,"Non-ESG",26.466,"NDAQ_2022_RISK_043","RISKS RELATED TO OUR BUSINESS AND INDUSTRY","RISKS RELATED TO OUR BUSINESS AND INDUSTRY","","NDAQ","2026-03-14T13:28:01.766319Z"
1972,"1",1840,"Regulatory Risks
We are subject to extensive and complex laws and regulations that affect land development, homebuilding and apartment development processes, including laws and regulations related to zoning, permitted land uses, levels of density, building design, elevation of properties, water and waste disposal and use of open spaces. These regulations often provide broad discretion to the administering governmental authorities as to the conditions that must be met prior to development or construction being approved, if they are approved at all. We are also subject to determinations by governmental authorities as to the adequacy of water or sewage facilities, roads and other local services with regard to particular residential communities. New housing developments may also be subject to various assessments for schools, parks, streets and other public improvements. In addition, in many markets government authorities have implemented no growth or growth control initiatives. Any of these can limit, delay, or increase the costs of land development or home construction. Government restrictions, standards, or regulations intended to reduce greenhouse gas emissions or potential climate change impacts are likely to result in restrictions on land development in certain areas and may increase energy, transportation, or raw material costs, which could reduce our profit margins and adversely affect our results of operations. This is a particular concern in the western United States, where some of the most extensive and stringent environmental laws and residential building construction standards in the country have been enacted, and where we have substantial homebuilding and multifamily operations. We are also subject to a variety of local, state and federal laws and regulations concerning protection of the environment.","2026-03-14T13:29:48.037924Z","2022-01-28",0.986,"Climate Change",477,"Climate Change",105.232,"LEN_2022_RISK_042","Regulatory Risks","Regulatory Risks","","LEN","2026-03-14T13:29:48.037935Z"
1973,"1",1605,"Competitive Risks
Our sales are concentrated with three significant customers and this concentration may continue to increase. In 2021, our net sales from our continuing operations to The Home Depot were $3.0 billion (approximately 36 percent of our consolidated net sales), and our net sales from our continuing operations to Ferguson and Lowe’s were each less than 10 percent of our consolidated net sales. These customers can significantly affect the prices we receive for our products and the terms and conditions on which we do business with them. Additionally, these customers have in the past and may in the future reduce the number of vendors from which they purchase and could make significant changes in their volume of purchases from us. Although other retailers, dealers, distributors and homebuilders represent other channels of distribution for our products and services, we might not be able to quickly replace, if at all, the loss of a substantial portion of our sales to The Home Depot or the loss of all of our sales to either Ferguson or Lowe’s, and any such loss would have a material adverse effect on our business, results of operations and financial position. In addition, our Behr business grants Behr brand exclusivity in the retail sales channel in North America to The Home Depot, and from time to time, certain of our other businesses grant product and/or brand exclusivity to our customers. The granting of exclusivity affects our ability to sell those products and brands to other customers and can increase the complexity of our product offerings and can increase our costs.","2026-03-14T13:32:42.156634Z","2022-02-08",0.9821,"Non-ESG",478,"Non-ESG",170.874,"MAS_2022_RISK_026","Competitive Risks","Competitive Risks","","MAS","2026-03-14T13:32:42.156656Z"
1974,"1",308,"Risks Related to Ownership of Our Common Stock
We are a holding company and our only material assets are our equity interests in our subsidiaries. As a consequence, we depend on the ability of our subsidiaries to pay dividends and make other payments and distributions to us in order to meet our obligations.","2026-03-14T13:32:50.253984Z","2025-02-24",0.9261,"Non-ESG",479,"Non-ESG",7.377,"KVUE_2025_RISK_149","Risks Related to Ownership of Our Common Stock","Risks Related to Financial and Economic Market Conditions","","KVUE","2026-03-14T13:32:50.253995Z"
1975,"1",1996,"Market and Industry Risks
Any failure to remediate the material weakness, or the development of new material weaknesses in our internal control over financial reporting, could result in material misstatements in our financial statements and cause us to fail to meet our reporting and financial obligations or fail to prevent fraud, which may cause investors to lose confidence in our reported financial information and subject us to potential delisting from the New York Stock Exchange (“NYSE”) and/or the London Stock Exchange (“LSE”), regulatory investigations and civil or criminal sanctions, any or all of which could adversely affect our results of operations, cash flows and financial condition and the trading price of our ordinary shares. Changes in existing financial accounting standards or practices may have a material adverse effect on our business, results of operations, financial condition and the trading price of our ordinary shares. Changes in existing accounting rules or practices, new accounting pronouncements or rules or varying interpretations of current accounting pronouncements could have a material adverse effect on our business, results of operations, financial conditions and the trading price of our ordinary shares, or the manner in which we conduct our business. Further, such changes could potentially affect our reporting of transactions completed before such changes are effective. GAAP is subject to interpretation by the Financial Accounting Standards Board, the SEC and various bodies formed to promulgate and interpret appropriate accounting principles. A change in these principles or interpretations could have a material adverse effect on our business, results of operations, financial conditions and the trading price of our ordinary shares, and could affect the reporting of transactions completed before the announcement of a change. Financial RisksOur continued growth depends on our ability to retain existing customers and attract new customers.","2026-03-14T13:34:08.953111Z","2025-03-07",0.9033,"Corporate Governance",480,"Corporate Governance",77.623,"SW_2025_RISK_041","Market and Industry Risks","Market and Industry Risks","","SW","2026-03-14T13:34:08.953121Z"
1976,"1",183,"Business and Operational Risks
We use estimates in recognizing revenues, and if we make changes to estimates used in recognizing revenues, our profitability may be adversely affected.","2026-03-14T13:34:14.570161Z","2021-02-23",0.9913,"Non-ESG",481,"Non-ESG",5.021,"LDOS_2021_RISK_056","Business and Operational Risks","Business and Operational Risks","","LDOS","2026-03-14T13:34:14.570173Z"
1977,"1",2037,"Governmental Regulation and Licensing
Material changes, new laws or regulations, or material differences in interpretations by courts or governmental authorities could adversely affect our operating results.•Violations of Gaming Laws. If we, our subsidiaries or the tenants of our properties violate applicable gaming laws, our gaming licenses could be limited, conditioned, suspended or revoked by gaming authorities, and we and any other persons involved could be subject to substantial fines. Further, a supervisor or conservator can be appointed by gaming authorities to operate our gaming properties, or in some jurisdictions, take title to our gaming assets in the jurisdiction, and under certain circumstances, earnings generated during such appointment could be forfeited to the applicable jurisdictions. Violations of laws in one jurisdiction could result in disciplinary action in other jurisdictions. Finally, the loss of our gaming licenses could result in an event of default under certain of our indebtedness, and cross-default provisions in our debt agreements could cause an event of default under one debt agreement to trigger an event of default under our other debt agreements. As a result, violations by us of applicable gaming laws could have a material adverse effect on us.•Review and Approval of Transactions. Substantially all material loans, leases, sales of securities and similar financing transactions by us and our subsidiaries must be reported to and, in some cases, approved by gaming authorities. Neither we nor any of our subsidiaries may make a public offering of securities without the prior approval of certain gaming authorities. Changes in control through merger, consolidation, stock or asset acquisitions, management or consulting agreements, or otherwise are subject to receipt of prior approval of gaming authorities. Entities seeking to acquire control of us or one of our subsidiaries must satisfy gaming authorities with respect to a variety of stringent standards prior to assuming control.","2026-03-14T13:34:23.780623Z","2022-02-23",0.4496,"Business Ethics & Values",482,"Business Ethics & Values",8.571,"VICI_2022_RISK_009","Governmental Regulation and Licensing","Governmental Regulation and Licensing","","VICI","2026-03-14T13:34:23.780632Z"
1978,"1",1794,"Risks Related to Legal, Regulatory and Tax
We face risks related to legal and regulatory proceedings. We are subject to various laws, regulations and other requirements of government authorities in the U.S. and foreign countries, any violation of which could potentially create substantial liability for us and damage our reputation. Changes in laws, ordinances, regulations or other government policies, the nature, timing, and effect of which are uncertain, may significantly increase our expenses and liabilities. From time to time, we are involved in legal and regulatory proceedings that are incidental to the operation of our businesses (or the business operations of previously-owned entities). These proceedings may seek remedies relating to environmental matters, tax, intellectual property, acquisitions or divestitures, product liability, property damage, personal injury, privacy, employment, labor and pensions, government contract issues and commercial or contractual disputes. Our continued transition to connected and digital technologies and solutions has increased our exposure to intellectual property litigation and we expect that this risk will continue to increase as we execute on our innovation and technology priorities. It is not possible to predict with certainty the outcome of claims, investigations, regulatory proceedings and lawsuits, and we could in the future incur judgments, fines or penalties or enter into settlements and claims that could have an adverse effect on our reputation, our business, results of operations and financial condition. Additionally, we may be required to change or cease operations at one or more facilities if a regulatory agency determines that we have failed to comply with laws, regulations or orders applicable to our business.","2026-03-14T13:34:29.140533Z","2022-02-25",0.7353,"Business Ethics & Values",483,"Business Ethics & Values",4.733,"XYL_2022_RISK_059","Risks Related to Legal, Regulatory and Tax","Risks Related to Our Business and Operations","","XYL","2026-03-14T13:34:29.140543Z"
1979,"1",981,"Risks related to the Company’s business
The Company is under substantial pressure from OEMs to reduce the prices of its products. There is substantial and continuing pressure on OEMs to reduce costs, including costs of products the Company supplies. OEM customers expect annual price reductions in its business. To maintain its profit margins, the Company seeks price reductions from its suppliers, improved production processes to increase manufacturing efficiency, and streamlined product designs to reduce costs, and it attempts to develop new products, the benefits of which support stable or increased prices. The Company’s ability to pass through increased raw material costs to its OEM customers is limited, with cost recovery often less than 100% and often on a delayed basis. Inability to reduce costs in an amount equal to annual price reductions, increases in raw material costs, and increases in employee wages and benefits could have an adverse effect on its business.","2026-03-14T13:34:34.478579Z","2022-02-15",0.6,"Non-ESG",484,"Non-ESG",4.726,"BWA_2022_RISK_017","Risks related to the Company’s business","Risks related to the Company’s business","","BWA","2026-03-14T13:34:34.478590Z"
1980,"1",1822,"We Are Subject to Extensive Governmental Regulation, Which Can Change and Could Adversely Impact Our Business
Our operations are subject to extensive federal, state, tribal and local laws, rules and regulations, including with respect to environmental matters, worker health and safety, wildlife conservation, the gathering and transportation of oil, gas and NGLs, conservation policies, reporting obligations, royalty payments, unclaimed property and the imposition of taxes. Such regulations include requirements for permits to drill and to conduct other operations and for provision of financial assurances (such as bonds) covering drilling, completion and well operations and decommissioning obligations. If permits are not issued, or if unfavorable restrictions or conditions are imposed on our drilling or completion activities, we may not be able to conduct our operations as planned. In addition, we may be required to make large expenditures to comply with applicable governmental laws, rules, regulations, permits or orders. For example, certain regulations require the plugging and abandonment of wells and removal of production facilities by current and former operators, including corporate successors of former operators. These requirements may result in significant costs associated with the removal of tangible equipment and other restorative actions. In addition, changes in public policy have affected, and in the future could further affect, our operations. For example, President Biden and certain members of his administration and Congress have expressed support for, and have taken steps to implement, efforts to transition the economy away from fossil fuels and to promote stricter environmental regulations, and such proposals could impose new and more onerous burdens on our industry and business.","2026-03-14T13:34:48.810329Z","2022-02-16",0.4913,"Human Capital",485,"Non-ESG",13.701,"DVN_2022_RISK_007","We Are Subject to Extensive Governmental Regulation, Which Can Change and Could Adversely Impact Our Business","","","DVN","2026-03-14T13:34:48.810338Z"
1981,"1",1890,"RISKS RELATED TO INDUSTRY DYNAMICS AND COMPETITION
Our products and technologies face significant competition. Competition may intensify as our current competitors expand their product offerings, improve their products or reduce the prices of their products as part of a strategy to maintain existing business and customers or attract new business and customers, as new opportunities develop, and as new competitors enter the industry. Competition in wireless communications is affected by various factors that include, among others: OEM concentrations; vertical integration; competition in certain geographic regions; government intervention or support of national industries or competitors; the ability to maintain product differentiation in light of evolving industry standards and speed of technological change (including the transition to smaller geometry process technologies and the demand for always on, always connected capabilities); access to capacity in the supply chain; and value-added features that drive selling prices and consumer demand for new 3G/4G/5G multimode and single-mode devices. We anticipate that additional competitors will introduce products as a result of growth opportunities in wireless communications, the trend toward global expansion by foreign and domestic competitors, and technological and public policy changes. Additionally, the semiconductor industry has experienced and may continue to experience consolidation, which could result in significant changes to the competitive landscape. For example, if any key supplier of technologies and intellectual property to the semiconductor industry was sold to one of our competitors, it could negatively affect our ability to procure or license such technologies and intellectual property in the future, at all or upon acceptable terms which could have wide-ranging impacts on our business and operations.","2026-03-14T13:35:05.106295Z","2022-11-02",0.9783,"Non-ESG",486,"Non-ESG",15.685,"QCOM_2022_RISK_061","RISKS RELATED TO INDUSTRY DYNAMICS AND COMPETITION","RISKS RELATED TO REGULATORY AND LEGAL CHALLENGES","","QCOM","2026-03-14T13:35:05.106307Z"
1982,"1",1523,"Legal and Regulatory Risks
Our business is subject to complex and stringent state and federal regulations, including employment laws and regulations, minimum wage requirements, overtime requirements, working condition requirements, citizenship requirements, transportation and other laws and regulations. In particular, we are subject to the regulations promulgated by the U.S. Department of Transportation (USDOT) and under the Occupational Safety and Health Act of 1970, as amended (OSHA Act). We have incurred, and will continue to incur, capital and operating expenditures and other costs in the ordinary course of our business in complying with the USDOT regulations, the OSHA Act and other laws and regulations to which we are subject. Changes in laws, regulations and the related interpretations, including any laws or regulations that may be enacted by the current U.S. presidential administration and Congress, may alter the landscape in which we do business and may affect our costs of doing business. The impact of new laws and regulations cannot be predicted. Compliance with new laws and regulations may increase our operating costs or require significant capital expenditures. Any failure to comply with applicable laws or regulations could result in substantial fines by government authorities, payment of damages to private litigants, or possible revocation of our authority to conduct our operations, which could adversely affect our ability to service customers and our consolidated results of operations.","2026-03-14T13:36:19.477870Z","2021-07-28",0.4704,"Business Ethics & Values",487,"Business Ethics & Values",73.64,"CTAS_2021_RISK_030","Legal and Regulatory Risks","Legal and Regulatory Risks","","CTAS","2026-03-14T13:36:19.477882Z"
1983,"1",260,"Risks Relating to Our Leverage
To service our debt and lease obligations and to fund potential acquisitions, artist and ticketing advances and capital expenditures, we will require a significant amount of cash, which depends on many factors beyond our control.","2026-03-14T13:36:29.688777Z","2022-02-23",0.9905,"Non-ESG",488,"Non-ESG",9.593,"LYV_2022_RISK_056","Risks Relating to Our Leverage","Risks Relating to Our Leverage","","LYV","2026-03-14T13:36:29.688788Z"
1984,"1",1417,"Our business is subject to the risk of earthquakes and other catastrophic events.
Our corporate headquarters, including certain of our research and development operations and certain of our distribution facilities, is located in the Silicon Valley area of Northern California, a region known to experience seismic activity and wildfires. If significant seismic activity or wildfires were to occur or reoccur, our operations may be interrupted, which could adversely impact our business and results of operations. Our offices in the United States and in other countries around the world may also be adversely impacted by natural disasters, including fires, earthquakes, flooding and other climate change-related risks, or actions by utility providers, as well as other catastrophic events such as an actual or threatened public health emergency. If a catastrophic event occurs at or near any of our offices, or utility providers or public health officials take certain actions (e.g., shut off power to our facilities or impose travel restrictions), our operations may be interrupted, which could adversely impact our business and results of operations. If a catastrophic event impacts a significant number of our customers, resulting in decreased demand for their and our products, or our ability to provide services and maintenance to our customers, our business and results of operations could be adversely impacted.","2026-03-14T13:36:35.302646Z","2021-02-22",0.4753,"Non-ESG",489,"Non-ESG",4.621,"CDNS_2021_RISK_030","Our business is subject to the risk of earthquakes and other catastrophic events.","Risks associated with our international operations could adversely impact our financial condition.","","CDNS","2026-03-14T13:36:35.302664Z"
1985,"1",462,"Risks Relating to Information Systems and Technology
We have cybersecurity insurance to respond to a breach which is designed to cover expenses around notification, credit monitoring, investigation, crisis management, public relations and legal advice. We also carry other insurance which may cover ancillary aspects of the event; however, damage and claims arising from a breach may not be completely covered or may exceed the amount of any insurance available.","2026-03-14T13:36:39.398868Z","2022-02-24",0.8512,"Product Liability",490,"Product Liability",3.474,"CZR_2022_RISK_036","Risks Relating to Information Systems and Technology","","","CZR","2026-03-14T13:36:39.398878Z"
1986,"1",235,"International risks
PT-FI and the Indonesia government have begun preliminary discussions regarding the extension of PT-FI's IUPK beyond 2041. We cannot predict whether PT-FI will be successful in the extension of its IUPK beyond 2041.","2026-03-14T13:36:45.398942Z","2023-02-15",0.9848,"Non-ESG",491,"Non-ESG",5.062,"FCX_2023_RISK_037","International risks","International risks","","FCX","2026-03-14T13:36:45.398955Z"
1987,"1",377,"Risks Related to Our Business and Industry
The rapidly changing retail landscape, including our increasing dependence on key retail trade customers in developed markets, changes in the policies of our retail trade customers and the emergence of e-commerce and other alternative retail channels, could adversely affect our business, results of operations or financial condition.","2026-03-14T13:36:53.224245Z","2024-03-01",0.9899,"Non-ESG",492,"Non-ESG",7.179,"KVUE_2024_RISK_027","Risks Related to Our Business and Industry","Risks Related to Our Business and Industry","","KVUE","2026-03-14T13:36:53.224256Z"
1988,"1",240,"Legal Proceedings
Information required by this item is set forth in Note 23 ""Commitments, Contingencies and Guarantees"" in the Notes to the Consolidated Financial Statements, which are included in Item 8. of this Annual Report on Form 10-K.","2026-03-14T13:36:56.788553Z","2023-02-24",0.9907,"Non-ESG",493,"Non-ESG",2.943,"RF_2023_RISK_119","Legal Proceedings","Legal Proceedings","","RF","2026-03-14T13:36:56.788574Z"
1989,"1",670,"Future sales of CSC’s equity securities may adversely affect the market price of CSC’s common stock and result in dilution.
CSC’s certificate of incorporation authorizes CSC’s Board of Directors, among other things, to issue additional shares of common or preferred stock or securities convertible or exchangeable into equity securities, without stockholder approval. CSC may issue additional equity or convertible securities to raise additional capital or for other purposes. The issuance of any additional equity or convertible securities could be substantially dilutive to holders of CSC’s common stock and may adversely affect the market price of CSC’s common stock.","2026-03-14T13:37:25.715056Z","2022-02-24",0.6134,"Non-ESG",494,"Corporate Governance",31.987,"SCHW_2022_RISK_036","Future sales of CSC’s equity securities may adversely affect the market price of CSC’s common stock and result in dilution.","Other Business Risks","","SCHW","2026-03-14T13:37:44.000986Z"
1990,"1",214,"Risk Factors Relating to Delta
We may never realize the full value of our intangible assets or our long-lived assets, causing us to record impairments that may materially adversely affect our results of operations.","2026-03-14T13:37:59.092979Z","2022-02-11",0.9911,"Non-ESG",495,"Non-ESG",6.987,"DAL_2022_RISK_024","Risk Factors Relating to Delta","Risk Factors Relating to Delta","","DAL","2026-03-14T13:37:59.092998Z"
1991,"1",928,"Impacts related to the COVID-19 pandemic could have an adverse effect on our business, financial condition, results of operations and cash flows.
The extent to which the COVID-19 pandemic continues to impact our results of operations and financial condition will depend on future developments that are highly uncertain and cannot be predicted, including the resurgence of COVID-19 and its variants in regions recovering from the impacts of the pandemic, the effectiveness of COVID-19 vaccines and the speed at which populations are vaccinated around the globe, the impact of COVID-19 on economic activity and regulatory actions taken to contain the impact of COVID-19 on public health and the global economy. The impact of COVID-19 may also exacerbate other risks discussed in Item 1A of this Annual Report on Form 10-K, any of which could have a material effect on our financial condition, results of operations and cash flows.","2026-03-14T13:38:02.704462Z","2021-11-15",0.8681,"Non-ESG",496,"Non-ESG",2.982,"JCI_2021_RISK_005","Impacts related to the COVID-19 pandemic could have an adverse effect on our business, financial condition, results of operations and cash flows.","RISK FACTORS","","JCI","2026-03-14T13:38:02.704473Z"
1992,"1",162,"Risks Related to Our Ability to Grow Our Business
We face strong competition for our products and services from a growing list of established and new competitors.","2026-03-14T13:38:06.890906Z","2022-02-07",0.9802,"Non-ESG",497,"Non-ESG",3.581,"TSLA_2022_RISK_020","Risks Related to Our Ability to Grow Our Business","","","TSLA","2026-03-14T13:38:06.890918Z"
1993,"1",1790,"Credit
Property value declines or asset price corrections could increase the risk of borrowers or counterparties defaulting or becoming delinquent in their obligations to us, and could decrease the value of the collateral we hold, which could increase credit losses. Credit risk could also be magnified by lending to leveraged borrowers or declining asset prices, including property or collateral values, unrelated to macroeconomic stress. Simultaneous drawdowns on lines of credit and/or an increase in a borrower’s leverage in a weakening economic environment could result in deterioration in our credit portfolio, should borrowers be unable to fulfill competing financial obligations. Increased delinquency and default rates could adversely affect our credit portfolios, including consumer credit card, home equity and residential mortgage portfolios through increased charge-offs and provisions for credit losses. Although macroeconomic conditions have improved during 2021 in comparison to 2020, the pandemic and the related impacts of inflationary conditions, high input costs and supply chain disruptions, unemployment or labor shortages and the expiration of pandemic-related government benefits and programs could negatively impact the ability of consumer and commercial borrowers or counterparties to meet their financial obligations. Additionally, the pandemic continues to impact the economy and certain sectors remain at risk (e.g., travel and entertainment, as well as commercial real estate office exposure). To the extent the pandemic worsens, as a result of new variants or otherwise, resulting in restrictions on economic activity or other negative impacts on the macroeconomic environment, our credit portfolio and allowance for credit losses could be adversely impacted.","2026-03-14T13:38:14.160607Z","2022-02-22",0.9835,"Non-ESG",498,"Non-ESG",6.642,"BAC_2022_RISK_025","Credit","Credit","","BAC","2026-03-14T13:38:14.160630Z"
1994,"1",1340,"RISKS RELATING TO OUR INDUSTRY
Many aspects of our business present substantial litigation risks. These risks include, among others, potential liability from disputes over terms of a trade, the claim that a system failure or delay caused monetary losses to a customer, that we entered into an unauthorized transaction, that we provided materially false or misleading statements in connection with a transaction or that we failed to effectively fulfill our regulatory oversight responsibilities. We may be subject to disputes regarding the quality of trade execution, the settlement of trades or other matters relating to our services. We may become subject to these claims as a result of failures or malfunctions of our systems and services we provide. We could incur significant legal expenses defending claims, even those without merit. In addition, an adverse resolution of any future lawsuit or claim against us could have a material adverse effect on our business and our reputation. To the extent we are found to have failed to fulfill our regulatory obligations, we could lose our authorizations or licenses or become subject to conditions that could make future operations more costly and impair our profitability. Such events could also result in customer dissatisfaction and a decline in their willingness to trade on our markets.","2026-03-14T13:38:31.744010Z","2022-02-25",0.4437,"Non-ESG",499,"Business Ethics & Values",16.928,"CME_2022_RISK_020","RISKS RELATING TO OUR INDUSTRY","RISKS RELATING TO OUR INDUSTRY","","CME","2026-03-14T13:38:31.744036Z"
1995,"1",855,"If we do not anticipate and respond quickly to changing consumer preferences, our sales and profitability could suffer.
A large part of our business is dependent on our ability to make trend-right decisions and effectively manage our inventory in a broad range of merchandise categories, including apparel, accessories, home décor, electronics, toys, seasonal offerings, food, and others. If we do not obtain accurate and relevant data on guest preferences, predict and quickly respond to changing consumer tastes, preferences, spending patterns and other lifestyle decisions, emphasize the correct categories, implement competitive and effective pricing and promotion strategies, or personalize our offerings to our guests, we may experience lost sales, spoilage, and increased inventory markdowns, which could adversely affect our results of operations.","2026-03-14T13:38:39.066632Z","2021-03-10",0.9682,"Non-ESG",500,"Non-ESG",6.692,"TGT_2021_RISK_005","If we do not anticipate and respond quickly to changing consumer preferences, our sales and profitability could suffer.","Competitive and Reputational Risks","","TGT","2026-03-14T13:38:39.066641Z"
