"annotation_id","annotator","char_count","created_at","finbert_category","finbert_confidence","id","label","lead_time","paragraph_id","text","ticker","updated_at","year"
501,"1",1469,"2026-02-24T09:11:37.755767Z","Human Capital",0.9954,493,"Human Capital",4.78,"ALGN_2021_0004","We believe our strong operational performance in the second half of 2020 is directly attributable to that decision along with the exceptional efforts of our employees throughout the pandemic. Health and Safety
. Our employees are essential to us as a business and their health and well-being is critical to our success and their continuing achievements. We therefore offer a wide variety of robust programs and initiatives designed to promote the overall health and welfare of all our employees and their families. In addition to the compensation and benefits listed above, we offer family support services, healthcare initiatives, and career services support, among many others. In response to the COVID-19 pandemic and the impacts of remote working, we have encouraged employees to take time away from work to be with their families and implemented initiatives to promote better work-life balance. In addition, we have several health and safety programs in place to help protect our employees. For instance, we have training programs and courses that employees exposed to particular risks are required to take and update periodically. Examples include hazardous material training, emergency response and evacuation training, ergonomics training, biohazard and personal protective equipment training, and more recently COVID-19 related safety training. We also invest to ensure our facilities and equipment are safe by complying with OSHA or other statutory standards.","ALGN","2026-02-24T09:11:37.755777Z",2021
502,"1",1369,"2026-02-24T09:13:49.292681Z","Human Capital",0.9954,494,"Human Capital",131.269,"ALGN_2022_0008","We have honored this commitment throughout the pandemic. Health and Safety
. Our employees are essential to us as a business and their health and well-being is critical to our success and their continuing achievements. Our objective is to prevent injuries and occupational diseases by focusing first and foremost on creating and maintaining environments that are safe. We therefore offer a wide variety of robust programs and initiatives designed to promote the overall health and welfare of all our employees and their families. In addition to the compensation and benefits listed above, we offer family support services, healthcare initiatives and career services support, among many others. In response to the COVID-19 pandemic and the impacts of remote working, we have encouraged employees to take time away from work to be with their families and implemented initiatives to promote better work-life balance. In addition, we have several health and safety programs in place to help protect our employees. For instance, we have training programs and courses that employees exposed to particular risks are required to take and update periodically. Examples include hazardous material training, emergency response and evacuation training, ergonomics training, biohazard and personal protective equipment training, and, more recently, COVID-19 related safety training.","ALGN","2026-02-24T09:13:49.292690Z",2022
503,"1",705,"2026-02-24T09:13:52.702483Z","Human Capital",0.9954,495,"Human Capital",3.157,"CDNS_2024_0004","Health, Safety and Wellness

We strive to create a safe and rewarding environment to enable our employees to develop the innovations necessary for our sustained success. 
With the aim of providing for both the physical and mental health of our employees, we offer a variety of benefits that go beyond traditional health insurance. Our U.S. health and well-being benefits include fertility benefits, coverage for transgender employees undergoing medical treatment, expanded new parent leave, adoption and surrogacy benefits, financial planning and coaching services and legal services. We also provide training and tools for stress management, time management, conflict resolution and emotional well-being.","CDNS","2026-02-24T09:13:52.702494Z",2024
504,"1",1282,"2026-02-24T09:13:55.836261Z","Human Capital",0.9954,496,"Human Capital",2.891,"CPRT_2024_0058","The People and Culture team oversees performance management processes that help employees understand their goals and expectations. We facilitate regular performance discussions, feedback sessions, and goal setting to ensure alignment with our corporate objectives, driving a clear path to advancement. We prioritize the well-being and satisfaction of our employees. We organize various engagement initiatives, including team-building events, wellness programs, and recognition efforts to celebrate achievements and milestones. We are dedicated to maintaining a positive and inclusive work environment where every employee feels valued and supported. We provide comprehensive, generous benefits and compensation packages, ensuring that they remain competitive within the industry. We address inquiries about benefits, such as healthcare, retirement plans, and other rewards, to guarantee that our employees have access to the resources they need for a fulfilling work-life balance. Copart pays a sizable portion of the benefit premiums related to healthcare. Copart’s benefit plans are designed around health, financial security, life and education. These include a variety of medical plans, dental and vision coverage, and wellness programs in addition to external support networks.","CPRT","2026-02-24T09:13:55.836274Z",2024
505,"1",636,"2026-02-24T09:13:58.396999Z","Human Capital",0.9954,497,"Human Capital",2.311,"GNRC_2021_0074","Health, wellness and safety
 – Employee health and safety is the Company’s top priority. Generac’s Healthy & Thriving Total Rewards are based on the four pillars of balance, security, well-being and community. These programs are designed to meet the varied and evolving needs of our diverse workforce. We maintain an employee wellness program, incentivize healthy-living activities, provide emergency paid COVID-19 leave benefits to help employees care for themselves and their families, and we develop and administer company-wide policies to ensure the safety of each employee and compliance with government agency and other standards.","GNRC","2026-02-24T09:13:58.397008Z",2021
506,"1",648,"2026-02-24T09:14:00.778707Z","Human Capital",0.9954,498,"Human Capital",2.141,"GNRC_2022_0122","Health, wellness and safety
 – Employee health and safety is the Company’s top priority. Generac’s Healthy & Thriving Total Rewards are based on the four pillars of balance, security, well-being and community. These programs are designed to meet the varied and evolving needs of our diverse workforce. We maintain an employee wellness program, incentivize healthy-living activities, continue to provide emergency paid COVID-19 leave benefits to help employees care for themselves and their families, and we develop and administer company-wide policies to ensure the safety of each employee and compliance with government agency and other standards.","GNRC","2026-02-24T09:14:00.778716Z",2022
507,"1",1499,"2026-02-24T09:14:08.652139Z","Human Capital",0.9954,499,"Human Capital",7.634,"IDXX_2023_0020","These included having employees work from home, if their job duties allowed, while implementing additional safety measures for employees continuing critical on-site work. As of December 31, 2022, our offices are open and we follow public health guidance and protocols, while continuing to support flexible work options. We promote a positive workplace environment and build a collaborative culture through in-person and virtual events, including town halls, in-office celebrations, and employee-led communities. We monitor the state of the pandemic to ensure the continued safety and health of our employees. Ensuring the health, safety, and well-being of our employees is a top priority at IDEXX. We provide our employees with the training, tools, and resources they need to safeguard their health and we empower them to put safety first. Our Environmental Health & Safety (“EH&S”) team oversees the IDEXX EH&S management system and our company-wide safety programs, ensuring that all of our locations implement health and safety processes to maintain and improve employee safety, reduce workplace risks, and drive continuous improvement. Growth and Development
. We are steadfast in our focus on cultivating the diverse leaders of tomorrow and making career development opportunities more accessible across the company. Much of training programs are 100% virtual and available in multiple languages. Our career development programs are designed to build capabilities and enable career progression.","IDXX","2026-02-24T09:14:08.652150Z",2023
508,"1",498,"2026-02-24T09:14:12.758482Z","Human Capital",0.9954,500,"Human Capital",3.86,"OKE_2021_0065","We continue to practice remote work procedures when possible to protect the safety of our employees and their families, and have taken extra precautions for our employees who work in the field or need to report to a ONEOK facility, such as increased facility access restrictions, workspace modifications, social distancing, face covering protocols and sanitation procedures. During 2020, ONEOK employees completed more than 50,000 hours of virtual and classroom training focused on employee safety.","OKE","2026-02-24T09:14:12.758490Z",2021
509,"1",1348,"2026-02-24T09:14:15.386679Z","Human Capital",0.9954,501,"Human Capital",2.394,"VLO_2022_0054","Training and Development

We offer a comprehensive training and development program for our employees in subjects such as engineering and technical excellence, safety, maintenance and machinery/equipment repair, ethics, leadership, and employee performance. Our employee development initiatives include customized professional and technical curriculums, efforts to engage our leadership in the employee’s development process, and providing employee performance discussions. We offer a robust virtual training curriculum, which allows for greater availability and access for employees located across our many facilities and enables just-in-time training. Wellness
We strive to promote the health and well-being of our employees and their families. Our Total Wellness Program serves as the umbrella program for all aspects of employee wellness and is the program through which many of the benefits referenced above are provided. The heart of our Total Wellness Program is the annual wellness assessment, which is intended to provide a detailed picture of an employee’s current health that may educate and inform health decisions by highlighting risk factors and providing information that can help save lives. Under our Total Wellness Program, educational sessions are also scheduled throughout the year on a variety of topics on health and finances.","VLO","2026-02-24T09:14:15.386693Z",2022
510,"1",1371,"2026-02-24T09:14:20.563802Z","Human Capital",0.9953,502,"Human Capital",4.903,"BALL_2021_0005","Our environmental, health and safety function and our operations executives partner to consistently reinforce policies and procedures that are designed to reduce workplace risks and ensure safe methods of plant production, including through regular training and reporting on injuries and lost-time incidents. Over the past 15 years, we have sponsored a variety of health and wellness programs designed to enhance the physical and mental well-being of our employees around the world. During 2020, the company expanded access to its existing Employee Assistance Program (EAP) to our entire global workforce. The EAP provides employees and their families access to mental health, stress management and support resources during these difficult times.
​

Since the onset of the novel coronavirus (COVID-19) pandemic, nearly all of our businesses have been deemed essential by the governments where we operate, and our production facilities have operated continuously. During this time, we have put employee health and well-being front and center, and we have adjusted our approach to how work gets done accordingly. Our guiding principles throughout the pandemic have been safety, flexibility and empathy. Ball has implemented rigorous safety protocols in all its locations, including face coverings, social distancing, contact tracing, employee testing and enhanced cleaning.","BALL","2026-02-24T09:14:20.563835Z",2021
511,"1",1485,"2026-02-24T09:14:25.117806Z","Human Capital",0.9953,503,"Human Capital",4.301,"BALL_2022_0005","Total direct compensation is positioned in a competitive range of the applicable market median in each jurisdiction, differentiated based on tenure, skills and performance, and designed to attract and retain the best talent.
​
Health, Safety and Wellness
​
The health, safety and wellness of each of our employees has been one of Ball’s top priorities for many years. Our environmental, health and safety function and our operations executives partner to consistently reinforce policies and procedures that are designed to reduce workplace risks and ensure safe methods of plant production, including through regular training and reporting on injuries and lost-time incidents. Over the past 15 years, we have sponsored a variety of health and wellness programs designed to enhance the physical and mental well-being of our employees around the world. During 2020, the company expanded access to its existing Employee Assistance Program (EAP) to our entire global workforce. The EAP provides employees and their families access to mental health, stress management and support resources during these difficult times.
​
Since the onset of the ongoing novel coronavirus (COVID-19) pandemic, nearly all of our businesses have been deemed essential by the governments where we operate, and our production facilities have operated continuously. During this time, we have put employee health and well-being front and center, and we have adjusted our approach to how work gets done accordingly.","BALL","2026-02-24T09:14:25.117822Z",2022
512,"1",1342,"2026-02-24T09:16:07.433501Z","Human Capital",0.9953,504,"Human Capital",102.074,"EPAM_2022_0024","Our health and safety programs are designed to comply with the regulations in the multiple cities and countries where we operate, but also provide working conditions designed to be compatible with the working necessities of our delivery and administrative operations. In response to the continued unpredictability of the COVID-19 pandemic, we adapted our remote and onsite working policies to conform with current public health guidance. A vast majority of our employees continue to work from home, but for those who choose or need to work in an office setting, we have implemented safety measures and developed policies or refined safe working technologies for those employees who work in our or our customers’ facilities. Recognizing that the lingering uncertainty associated with the COVID-19 pandemic and remote work could continue to significantly disrupt the work-life balance and wellness of our employees, we increased employee awareness of the programs we offer to support and enhance our employees’ mental, financial, and physical well-being and provided parenting and caregiver resources. Recruitment, Training and Utilization:
 As an innovation-driven business in a competitive industry, our success depends on hiring the most talented employees, training and developing that talent, and deploying them to satisfy customer demand.","EPAM","2026-02-24T09:16:07.433513Z",2022
513,"1",524,"2026-02-24T09:16:09.759772Z","Human Capital",0.9953,505,"Human Capital",2.094,"GNRC_2024_0127","Health, wellness and safety
 – Employee health and safety is the Company’s top priority. Generac’s total rewards program is based on the four pillars of balance, security, well-being and community. These programs are designed to meet the varied and evolving needs of our diverse workforce. We maintain an employee wellness program, incentivize healthy-living activities, and we develop and administer company-wide policies to help ensure the safety of each employee and compliance with government agency and other standards.","GNRC","2026-02-24T09:16:09.759783Z",2024
514,"1",1381,"2026-02-24T09:16:13.371794Z","Human Capital",0.9953,506,"Human Capital",3.389,"IDXX_2024_0020","In addition, all employees have access to financial education and our employees, their spouses, and adult dependents in North America, can engage with a financial coach for help reaching their personal financial goals. We continue to strengthen our approach to maximize the contributions of all through our commitment to flexible work options. This allows managers, teams, and employees to work together to identify the most efficient way to accomplish goals. For some teams this consists of 100% onsite work, while others employ remote or hybrid models. Our goal is to promote a positive workplace environment where everyone can contribute to their fullest potential. We strive to build a collaborative culture through in-person and virtual events, including town halls, in-office celebrations, and employee-led communities. Ensuring the health, safety, and well-being of our employees is a top priority at IDEXX. We provide our employees with the training, tools, and resources they need to safeguard their health and we empower them to put safety first. Our Environmental Health & Safety (“EH&S”) team oversees the IDEXX EH&S management system and our company-wide safety programs, ensuring that all of our locations implement health and safety processes to maintain and improve employee safety, reduce workplace risks, and drive continuous improvement. Growth and Development
.","IDXX","2026-02-24T09:16:13.371827Z",2024
515,"1",1301,"2026-02-24T09:16:17.689301Z","Human Capital",0.9953,507,"Human Capital",4.081,"IEX_2021_0028","Workplace Health & Safety

We are proud to manufacture product components that save lives; this would not be possible without the health and safety of our employees and contractors. The Company’s Employee Health & Safety (“EH&S”) Vision Policy outlines our approach for health and safety governance and applies to all of the Company’s business units and provides for both monthly and annual 

risk assessments which are reviewed by the Company’s senior leaders. We also require safety trainings on topics such as CPR, electrical safety, ergonomics, first aid and machine guarding that all business unit employees must complete every year. We also encourage all our full-time employees enrolled in our U.S. Healthcare Benefit Plan to participate in our third-party operated Wellness Program which provides access to annual biometric screenings, health evaluations and wellness credits that can be earned for meeting individual wellness goals each year. A number of our business units organize complementary wellness programs, including walking clubs, health fairs and lunch and learns with nutritionists for their employees. At the beginning of the COVID-19 pandemic, we acted quickly, forming the IDEX COVID-19 Task Force to protect our employees from the virus, focusing on our safety-first approach.","IEX","2026-02-24T09:16:17.689309Z",2021
516,"1",1324,"2026-02-24T09:25:27.769681Z","Human Capital",0.9953,508,"Human Capital",549.832,"JKHY_2021_0051","Training and Development
Our success depends not only on attracting and retaining talented employees, but also in developing our current employees and providing new opportunities for their growth. We offer our employees numerous live and on-demand training programs and resources to help them build knowledge and improve skills. These trainings include mandatory programs, such as security awareness, as well as recommended but optional programs, such as a recent training on mitigating unconscious bias that received a high level of participation and led many of our employees to take a personal pledge to support inclusion in the workplace. Self-developer weeks specifically allow employees the opportunity to sign-up for curated courses covering topics such as technology trends and JKHY products and services. Through our BIGs, we also offer opportunities for employees to advance their knowledge of diversity, equity, and inclusion matters. Recognizing the importance of mentoring in career development, we host an internal mentorship marketplace, which allows prospective mentors and mentees to connect and self-initiate a mentoring relationship. We also provide an internal mobility marketplace, which offers career coaching and tools for employees to create personalized development plans and build peer connections.","JKHY","2026-02-24T09:25:27.769691Z",2021
517,"1",1256,"2026-02-24T09:25:30.891740Z","Human Capital",0.9953,509,"Human Capital",2.861,"K_2023_0031","The ongoing COVID-19 pandemic has led to unique challenges and we are striving to ensure the health, safety, and general well-being of our colleagues. We continue to evolve our programs to meet our colleagues’ health and wellness needs, which we believe is essential to attract and retain employees of the highest caliber, and we offer a competitive benefits package focused on fostering work/life integration. Our global employee wellbeing framework, ""My Total Health,"" addresses physical, financial, social and emotional wellbeing to support our employees' personal goals. On an ongoing basis, we focus on each aspect of wellbeing and provide useful information, education, tools and resources. In North America, our “Find your Wings” employee assistance program provides access to valuable Mental Health resources. In addition, our “Lean on Me” program trains employees on how to identify other employees that may be struggling with mental health challenges and pointing them towards our available resources. We also provide company paid access to gyms and mindfulness resources in many parts of the world. Most of our locations now use the My Total Health framework to guide how they communicate and engage with employees in support of their wellbeing.","K","2026-02-24T09:25:30.891751Z",2023
518,"1",1105,"2026-02-24T09:25:37.327173Z","Human Capital",0.9953,510,"Human Capital",6.141,"K_2024_0029","We continue to evolve our programs to meet our colleagues’ health and wellness needs, which we believe is essential to attract and retain employees of the highest caliber, and we offer a competitive benefits package focused on fostering work/life integration. Our global employee wellbeing framework, ""My Total Health,"" addresses physical, financial, social and emotional wellbeing to support our employees' personal goals. On an ongoing basis, we focus on each aspect of wellbeing and provide useful information, education, tools and resources. In North America, our “Find your Wings” employee assistance program provides access to valuable Mental Health resources. In addition, our “Lean on Me” program trains employees on how to identify other employees that may be struggling with mental health challenges and pointing them towards our available resources. We also provide company paid access to gyms and mindfulness resources in many parts of the world. Most of our locations now use the My Total Health framework to guide how they communicate and engage with employees in support of their wellbeing.","K","2026-02-24T09:25:37.327184Z",2024
519,"1",1448,"2026-02-24T09:25:42.720771Z","Human Capital",0.9953,511,"Human Capital",5.134,"KLAC_2023_0045","We seek competitiveness and fairness in total compensation relative to peer comparisons and internal equity. We provide long-term incentives to a broad base of employees to share in our success through restricted stock units (“RSU”) and an Employee Stock Purchase Plan (“ESPP”). We also provide bonus plans and profit sharing to employees who do not receive RSUs. In addition to providing our employees with competitive compensation packages, we have built out a robust suite of benefits to help foster the well-being of all employees. Our benefits are designed to meet the needs of employees and their families, including paid time off, parental leave, bereavement leave, health insurance coverage, flexible work arrangements, contributions to retirement savings and access to employee assistance and work-life programs. We also offer programs to employees to help improve their health and wellness habits. KLA’s virtual and in-person wellness course offerings span both physical and mental health. We offer in-person and virtual workout classes as well as seminars on mindfulness, meditation and other wellness topics. We hold online fitness and well-being classes that include body-tune-up, yoga and nutrition as well as the maintenance of life balance and the importance of sleep, hydration and relaxation. Throughout our sites, we host a series of events and challenges, both virtually and in person, to encourage our employees to stay active.","KLAC","2026-02-24T09:25:42.720783Z",2023
520,"1",1445,"2026-02-24T09:25:48.676023Z","Human Capital",0.9953,512,"Human Capital",5.706,"MSFT_2024_0022","Our Occupational Health and Safety program helps to protect employees’ safety while they are working. We also have introduced Hybrid Workplace Flexibility guidance to better support leaders, managers, and employees in hybrid work scenarios. We believe providing employees with access to continual learning enables them to drive impact for the company. We provide individuals and teams with access to first and third-party content resources across professions, disciplines, and roles, and offer skilling opportunities to support employees’ growth while driving organizations’ needs. Our employee listening systems enable us to gather feedback directly from our workforce to inform our programs and employee needs globally, giving us real-time insights into ways we can support our employees. As a company, we will continue to leverage data and research to inform decision making, balancing the needs of the business, team, and individual. OPERATING SEGMENTS

We operate our business and report our financial performance using three segments: Productivity and Business Processes, Intelligent Cloud, and More Personal Computing. Our segments provide management with a comprehensive financial view of our key businesses. The segments enable the alignment of strategies and objectives across the development, sales, marketing, and services organizations, and they provide a framework for timely and rational allocation of resources within businesses.","MSFT","2026-02-24T09:25:48.676034Z",2024
521,"1",1484,"2026-02-24T09:25:56.339767Z","Human Capital",0.9953,513,"Human Capital",7.43,"REGN_2021_0145","Employee Wellness, Health, and Safety

The wellbeing of our employees is a primary focus as we believe that the most productive people are those who are at their best, both physically and mentally. We provide several programs related to employee health and wellness, including onsite amenities and programs such as meditation rooms, gyms, and farmers' markets. We also provide support for work-life balance through flex-time, remote working arrangements, child and elder care, and paid parental leave, among others. Occupational health and safety is critical to our success. We are committed to meeting or exceeding all environmental, health, safety (""EHS""), and security regulations and have a range of programs, plans, and procedures to ensure the safety of all people who come to work at Regeneron. In addition, our 2025 global responsibility goals include a commitment to focus on workplace injury prevention in our drive toward zero incidents. In response to the COVID-19 pandemic, we implemented changes in our business beginning in March 2020 to protect our employees and support appropriate health and safety protocols. For example, we have implemented work-from-home policies for a significant portion of our employees. For these remote employees, we provide ergonomic evaluations of at-home workstations, support information technology needs, and provide guidance for managers to ensure that employees remain connected and maintain physical, mental, and emotional wellbeing.","REGN","2026-02-24T09:25:56.339778Z",2021
522,"1",1366,"2026-02-24T09:48:19.820585Z","Human Capital",0.9953,514,"Human Capital",1343.227,"RMD_2023_0122","Equal opportunity and pay equity are integral to our pay philosophy, and we have processes in place to identify and address any potential pay equity issues where appropriate. Employee Health & Safety 
We believe maintaining a physically safe and mentally healthy working environment is essential in supporting our people to deliver their best work. We employ global standards to provide the framework for our locally compliant, integrated and effective health and safety management systems which enable the capability, autonomy & accountability of the leaders to manage local sites. Our approach is to place health & safety as a positive contributor to innovation, continuous improvement and business sustainability through focusing on making work easier, which in turn makes work safer and more efficient. Employee Engagement & Wellbeing
We regularly seek employee feedback and sentiment about our workplace through global engagement surveys that enable our people to comment on matters related to their employment experience. We openly share the survey results throughout the company and encourage teams to put in place action plans at global and local levels to address priority issues. Where benchmarks are available, our results are evaluated against comparable peer groups. We are committed to improving the quality of life of our employees and their families.","RMD","2026-02-24T09:48:19.820596Z",2023
523,"1",364,"2026-02-24T09:48:22.832909Z","Human Capital",0.9953,515,"Human Capital",2.765,"URI_2015_0018","Employee Training Programs

.
 We are dedicated to providing training and development opportunities to our employees. In 

, our employees enhanced their skills through over 460,000 hours of training, including safety training, sales and leadership training, equipment-related training from our suppliers and online courses covering a variety of relevant subjects.","URI","2026-02-24T09:48:22.832918Z",2015
524,"1",364,"2026-02-24T09:48:25.388556Z","Human Capital",0.9953,516,"Human Capital",2.31,"URI_2020_0020","Employee Training Programs

.
 We are dedicated to providing training and development opportunities to our employees. In 

, our employees enhanced their skills through over 700,000 hours of training, including safety training, sales and leadership training, equipment-related training from our suppliers and online courses covering a variety of relevant subjects.","URI","2026-02-24T09:48:25.388564Z",2020
525,"1",1119,"2026-02-24T09:48:34.408052Z","Human Capital",0.9953,517,"Human Capital",8.751,"VRSN_2024_0009","Employee Health, Safety and Well-being:
 We are committed to maintaining a safe and healthy environment for our employees. We have a robust physical safety and security program, including a life safety program which trains employees on appropriate emergency responses. We also offer a holistic wellness experience for our employees through our internal employee wellness program, called Mindful Connections, that supports employees across three pillars: physical, emotional, and financial. We support a hybrid work posture where our employees operate under team agreements that set the foundation for operating norms and allows employees to create work schedules that align with corporate and individual needs. This provides employees more flexibility to manage a healthy work-life balance. Our offices continue to be utilized to enhance collaboration, networking, and strategic discussion. The following table shows a comparison of our consolidated employee headcount, by function:
As of December 31,

Employee headcount by function:
Cost of revenues
Research and development
Selling, general and administrative

Total","VRSN","2026-02-24T09:48:34.408066Z",2024
526,"1",1318,"2026-02-24T09:48:37.789398Z","Human Capital",0.9953,518,"Human Capital",3.136,"XYL_2024_0043","We offer Employee Network Groups, which are voluntary, employee-led groups formed by people with a common affinity, such as gender, race, sexual orientation and gender identity, military status or other attributes. Each Employee Network Group is sponsored and supported by one or more senior leaders and all groups are open to all employees regardless of any diversity attributes with which they may identify. Collectively, approximately 4,400 colleagues participate as members of our network groups. Health and Safety
Protecting the safety, health and well-being of our colleagues is one of our highest priorities. We have a strong Environmental, Health and Safety program that focuses on governance, risk reduction, training and education, and leadership accountability to provide our colleagues with safe and healthy workplaces. Based on historical employee engagement survey feedback, we have augmented our holistic well-being strategies, including the expansion of our Employee Assistance Program support across the globe and mental health awareness training to our people leaders. Compensation and Benefits
Xylem strives to provide our colleagues with competitive compensation and benefits and takes a total rewards approach that integrates programs for compensation, benefits, recognition and work-life balance.","XYL","2026-02-24T09:48:37.789410Z",2024
527,"1",1429,"2026-02-24T09:48:47.706987Z","Human Capital",0.9952,519,"Human Capital",9.689,"AIZ_2023_0041","We have advanced our commitment to pay transparency, particularly in North America, by providing employees with base salary ranges for their role and grade beginning in 2023. Total Rewards and Wellbeing 
We are committed to the health and safety of our employees as we believe the success of our business is directly connected to their wellbeing. In addition to providing robust compensation and benefits programs and opportunities to invest in their financial future, we offer employees and their families access to a variety of health and wellness programs. Our Total Rewards programs help to provide protection and security related to events that may require time away from work or that impact their financial wellbeing, such as paid time off, family leave, family care resources and flexible work schedules. Our Global Employee Assistance Plan provides additional support to help employees and their families access critical resources for their wellbeing, including financial, physical and mental health. We regularly benchmark our Total Rewards against companies of similar size and industries to ensure our offerings remain competitive and solicit employee feedback on the evolving needs of our workforce. In 2022, we conducted employee focus groups that helped validate that recommended plan changes for 2023 met the needs of our diverse workforce particularly around predictability and affordability of health care costs.","AIZ","2026-02-24T09:48:47.706998Z",2023
528,"1",1344,"2026-02-24T09:48:49.697510Z","Human Capital",0.9952,520,"Human Capital",1.747,"AXON_2023_0011","We believe that our ability to retain our workforce is dependent 

upon fostering an environment that is sustainably safe, respectful, fair and inclusive of everyone and promotes diversity, equity and inclusion inside and outside of our business. Internally, we continue to listen to our employees with town hall sessions, provide expert-led webinars, and host community round tables. Health and Safety
The health and safety of our employees is of utmost importance to us. We conduct regular self-assessments and audits to ensure compliance with our health and safety guidelines and regulatory requirements. Our ultimate goal is to achieve a level of work-related injuries as close to zero as possible through continuous investment in our safety programs. We provide protective gear (e.g. eye protection, masks and gloves) as required by applicable standards and as appropriate given employee job duties. To promote mental and emotional wellbeing, all full-time employees are provided free, unlimited access by Axon to Ginger. Ginger is a 24/7 resource that includes individualized coaching via text in addition to access to articles and activities offering guidance on maintaining emotional balance throughout tumultuous times. Additionally, we have a Wellness Incentive Program for our domestic employees that incentivizes healthy lifestyles.","AXON","2026-02-24T09:48:49.697531Z",2023
529,"1",1477,"2026-02-24T09:48:55.738025Z","Human Capital",0.9952,521,"Human Capital",5.79,"BIIB_2024_0116","The survey is designed to empower managers and leaders with anonymous information on their practices related to building culture, performance and an engaged workforce, allowing them to create plans and measure efficacy for continuous improvement. We care deeply about employee feedback and are building an analytics community across Human Resources to bring more rigor and sophistication to the collection and analysis of employee opinions. We use their perspectives to guide us to take actions that improve engagement and support and help maintain our reputation as a great place to work for all our employees. WORKPLACE HEALTH AND SAFETY
The well-being of our employees is the priority, and we believe every employee plays a role in creating a safe and healthy workplace. Our employees have varied roles and functions, which is why we empower them to promote a safe working environment, regardless of whether work happens in the lab, in an office or in a manufacturing plant. Our policies and practices are intended to protect not only our employees, but also the surrounding communities where we operate. In 2023 we continued to make significant progress integrating Human Performance into our Environment, Health and Safety programs. We believe that, when it comes to safety, workers are part of the solution. We encourage employees to collaboratively engage in proactive problem solving through practices such as Open Reporting and Work Observation and Risk Conversations.","BIIB","2026-02-24T09:48:55.738034Z",2024
530,"1",1394,"2026-02-24T09:57:10.883407Z","Human Capital",0.9952,522,"Human Capital",494.874,"CHRW_2023_0016","This process drives succession planning for critical roles in the organization. As new employees join C.H. Robinson, they are provided onboarding that emphasizes the skills necessary to become productive employees, including training on our proprietary technology systems, our customer service philosophy, and our company culture, values, DEI which includes unconscious bias training, and Leadership Principles. Onboarding is followed by on-the-job training and regular performance and development conversations between employees and their managers. Throughout an employee’s career at C.H. Robinson, we develop and recognize employees by setting clear performance expectations and providing development opportunities. All employees have access to a digital learning platform that supports their ongoing development. Employees can also explore potential roles and career paths through an online resource center, where they are provided resources about performance and development, along with information about how they are supported and rewarded for the work they do. Wellness, Benefits, and Compensation 
At C.H. Robinson, we take a comprehensive view on the importance of supporting our employees’ health and well-being. Our total rewards strategies support employees’ health, wealth, and self and incorporate market-competitive pay and comprehensive benefit programs for all global employees.","CHRW","2026-02-24T09:57:10.883419Z",2023
531,"1",1430,"2026-02-24T09:57:12.998820Z","Human Capital",0.9952,523,"Human Capital",1.874,"DAL_2021_0026","The health and safety of our employees is foundational to achieving these objectives. We have long led the airline industry in employee safety and seek to achieve world-class personal safety performance. In response to the COVID-19 pandemic, we created pay protection programs for employees with symptoms, diagnosed, exposed or at high risk for severe illness from COVID-19 and established a notification process for potential COVID-19 exposure. We also assembled a COVID-19 task force to develop a series of safety measures in an effort to protect our employees and customers, including offering on-site rapid COVID-19 testing in most locations and making at-home testing available for all U.S.-based employees, and offering a return-to-work safety training program. Our commitment to diversity, equity and inclusion is also critical to effective human capital management at Delta. As a global airline, we are in the business of bringing people together, and we believe our business should reflect the diversity of our customer base. To achieve this goal, we seek diverse talent internally and externally in an effort to achieve broader diverse representation throughout our organization. We also promote inclusion through education, training and development opportunities as well as by leveraging insights from our business resource groups, of which approximately one-third of our employees were members as of December 31, 2020.","DAL","2026-02-24T09:57:12.998828Z",2021
532,"1",1336,"2026-02-24T09:57:17.097880Z","Human Capital",0.9952,524,"Human Capital",3.839,"DAL_2022_0033","We have long led the airline industry in employee safety and seek to achieve world-class personal safety performance. We have prioritized the health and safety of our employees by offering an extensive employee COVID-19 testing program, partnering with Georgia to host the state’s largest COVID-19 vaccination site while steadily increasing the vaccination rate among our employees, providing pay protection programs for employees diagnosed with, exposed to or at high risk from COVID-19 and offering free flu shots for all U.S. employees. Our commitment to diversity, equity and inclusion is critical to effective human capital management at Delta. As a global airline, we are in the business of bringing people together, and we believe our business should reflect the diversity of our customer base. To achieve this goal, we seek diverse talent internally and externally in an effort to achieve broader representation throughout our organization. We also promote inclusion through education, training and development opportunities as well as by leveraging insights from our ten employee resource groups, which we refer to as business resource groups, totaling membership of more than 25,000 as of December 31, 2021. During 2021, we offered enhanced inclusion training to our employees, with more than
 
62,000 employees participating.","DAL","2026-02-24T09:57:17.097894Z",2022
533,"1",650,"2026-02-24T09:57:25.682102Z","Human Capital",0.9952,525,"Human Capital",8.334,"DOC_2022_0039","Health, Safety, and Wellness:

The health, safety, and wellness of our employees are vital to our success. We are committed to protecting the well-being and safety of employees through special training and other measures. In light of the continuing Covid pandemic in 2021, we continued to maintain a remote work environment and provide employees with resources, including virtual tools and ergonomic equipment, to maximize work-from-home efficiency. We also introduced a voluntary hybrid return-to-work model for our vaccinated team members that we plan to utilize when we can do so safely, which we believe will maximize company-wide productivity.
•","DOC","2026-02-24T09:57:25.682114Z",2022
534,"1",1465,"2026-02-24T09:57:32.379368Z","Human Capital",0.9952,526,"Human Capital",6.453,"FDS_2024_0028","These arrangements help to retain talent, increase employee satisfaction, and support our commitment to creating a diverse, equitable and inclusive workplace. Additionally, we appointed senior site leaders at each of our locations to collaborate with our employees and local culture committees to drive engagement and improve in-office experiences. Learning and Development
We offer a range of learning opportunities to empower employees through experiences that support their personal and professional growth. We identify learning needs to ensure that our employees have the skills and knowledge to excel in their roles, grow their careers, and contribute to the success of our organization. During fiscal 2024, our employees increasingly leveraged our non-mandatory learning, with particular focus on our expanded technical learning and training courses. During fiscal 2024, we implemented specialized programming to upskill employees in Generative AI, adopting a tailored approach that catered to varying levels of existing knowledge, ranging from offering foundational insights into GenAI concepts to providing advanced technical training aimed at equipping our engineers with the knowledge to develop cutting-edge GenAI products. Compensation, Benefits and Well-being
Our Total Rewards program provides our employees with pay, benefits, and recognition intended to be equitable, comprehensive, locally market-aligned, and spanning the full well-being spectrum.","FDS","2026-02-24T09:57:32.379379Z",2024
535,"1",536,"2026-02-24T09:57:35.406771Z","Human Capital",0.9952,527,"Human Capital",2.756,"GNRC_2023_0125","Health, wellness and safety
 – Employee health and safety is the Company’s top priority. Generac’s Healthy & Thriving Total Rewards are based on the four pillars of balance, security, well-being and community. These programs are designed to meet the varied and evolving needs of our diverse workforce. We maintain an employee wellness program, incentivize healthy-living activities, and we develop and administer company-wide policies to help ensure the safety of each employee and compliance with government agency and other standards.","GNRC","2026-02-24T09:57:35.406782Z",2023
536,"1",1056,"2026-02-24T09:57:38.611642Z","Human Capital",0.9952,528,"Human Capital",2.993,"HAL_2024_0018","Benefits and well-being
We provide our employees around the world with benefits that address the diverse needs of our workforce and their families. We evaluate our benefits package to identify opportunities for improvement and to remain competitive. In 2023, we enhanced healthcare benefits and expenditure planning for United States employees with refreshed medical plans, enhancements to our surrogacy offerings, legal plans, pharmacy advocacy programs, and a global business travel accident program. In 2023, we continued to expand our Employee Assistance Program (EAP) and now all Halliburton employees and their families around the globe have access to EAP and mental health support services in their local markets. Safety
Safety is a Halliburton core value. Our long-term safety programs and processes are tried, tested, and well-established, including our Journey to ZERO initiative, to maintain our strong performance and improve proactive identification and management of safety risks. In 2023, we focused on risk management and leadership visits.","HAL","2026-02-24T09:57:38.611652Z",2024
537,"1",1442,"2026-02-24T09:57:43.001764Z","Human Capital",0.9952,529,"Human Capital",4.146,"HWM_2022_0035","Our Employee Resource Groups continue to be fundamental to building our culture of inclusion. Focusing on Gender, LGBTQ+, African Heritage, Hispanic, Veteran, European and Next Generation, these networks provide colleagues with valuable support and advice, create development opportunities, and provide leadership with feedback that raises awareness of issues and challenges. The Company also provides diversity awareness training and resources regarding implicit bias. Howmet’s strong health and safety culture empowers our employees and contractors to take personal responsibility for their actions and the safety of their coworkers. This culture is supported by internal policies, standards, rules and procedures that clearly articulate our stringent requirements for working safely in all of our worldwide facilities. The Company embeds annual health and safety goals and objectives into its operating plans to progress against our ultimate goal of zero incidents. We prioritize our risk management processes toward the prevention of fatality and serious injury. For the health and safety of our employees, the Company continues to proactively manage impacts from COVID-19 and maintain protocols around self-assessment of symptoms, hygiene, masks, social distancing and robust implementation of tracing and quarantine protocols. Employees
Total worldwide employment at the end of 2021 was approximately 19,900
 
employees in 24 countries.","HWM","2026-02-24T09:57:43.001775Z",2022
538,"1",1458,"2026-02-24T09:57:46.355585Z","Human Capital",0.9952,530,"Human Capital",3.095,"IEX_2022_0030","This is supplemented by the Company’s EHS Framework in which the Company defines the three pillars of its EHS system, and the nine elements that reside under these pillars. These two documents underpin EHS at IDEX and assist leadership and employees in meeting the Company’s vision. The Company also encourages all full-time employees enrolled in the U.S. Healthcare Benefit Plan to participate in the third-party operated Wellness Program which provides access to annual biometric screenings, health evaluations and wellness credits that can be earned for meeting individual wellness goals each year. A number of the business units organize complementary wellness programs, including walking clubs, health fairs and lunch and learns with nutritionists for their employees. The Company continued to remain vigilant with its employees’ health and safety in 2021 as it relates to the COVID-19 pandemic. Many of the policies and procedures that were implemented in 2020 were continued or modified as the situation dictated. Worker Rights and Protection
The Company believes that a respectful workplace is free from unlawful discrimination and harassment, and this involves more than just compliance with the law. The Company strives to create a work environment that is free of inappropriate and unprofessional behavior and consistent with the Company’s values – a place where everyone is invited to do their best every day and feel free to report any concerns.","IEX","2026-02-24T09:57:46.355596Z",2022
539,"1",1383,"2026-02-24T09:57:49.283789Z","Human Capital",0.9952,531,"Human Capital",2.697,"KLAC_2024_0045","We seek competitiveness and fairness in total compensation relative 

to peer comparisons and internal equity. We offer a long-term benefit program to a broad base of employees to share in our success through restricted stock units (“RSU”) and an Employee Stock Purchase Plan (“ESPP”). We also provide incentive bonus or profit sharing to employees. In addition to providing our employees with competitive compensation packages, we have built out a robust suite of benefits to help foster the well-being of all employees. Our benefits are designed to meet the needs of employees and their families. Benefits are inclusive of leave programs (e.g., paid time off, parental leave and bereavement leave), health coverage, contributions to retirement savings and access to employee assistance and work-life programs. We offer programs and opportunities to employees to help improve their health and well-being. KLA’s virtual and in-person well-being course offerings span physical, financial, and mental health. We offer in-person and virtual workout classes. We hold online fitness and well-being classes that include body-tune-up, yoga and nutrition as well as the maintenance of life balance and the importance of sleep, hydration, and relaxation. Throughout our sites, we host a series of events and challenges, both virtually and in person, to encourage our employees to stay active.","KLAC","2026-02-24T09:57:49.283798Z",2024
540,"1",1252,"2026-02-24T10:00:44.682864Z","Human Capital",0.9952,532,"Human Capital",175.167,"KMI_2024_0063","We take affirmative steps to employ and advance in employment all persons without regard to their race/ethnicity; sex; sexual orientation; gender, including gender identity and expression; veteran status; disability; or other protected categories, and base employment decisions solely on valid job requirements. We are committed to a harassment free workplace, supported with online and face-to-face workplace harassment and discrimination prevention training for our employees. Employees and supervisors review our harassment and discrimination prevention policy every two years as part of our required training. Our employees are an integral part of our success, and we value their career development. We support our employees’ ongoing career goals and development through several programs, including workforce training, tuition reimbursement, 

leadership and other development programs. These programs help improve recruitment, development, and retention and help maximize our employees’ potential by providing an opportunity to gain skills they need to further enhance their careers. Our compensation program is linked to long- and short-term strategic financial and operational objectives, including environmental, safety, and compliance targets.","KMI","2026-02-24T10:00:44.682886Z",2024
541,"1",1230,"2026-02-24T10:00:53.351049Z","Human Capital",0.9952,533,"Human Capital",8.408,"LYB_2024_0008","We also have a human rights policy that establishes our standards for workforce health and safety; prevention of discrimination, harassment and retaliation; diversity and inclusion; workplace security; working conditions and fair wages; freedom of association; freely chosen employment; and child labor protections. Global Talent Development and Engagement—
We provide opportunities for growth through training and other development programs. In 2023, we expanded our LYB University, which includes formal learning and development resources to empower our employees to grow their capabilities. Through our leadership development framework, we had approximately 400 leaders participate in a structured leadership development program tailored to different stages in their career. Safety, Employee Health and Well-Being
—We are committed to providing a safe workplace, free from recognized hazards, and we comply with all applicable health and safety laws and recognized standards to achieve a goal of zero incidents, zero injuries and zero accidents. We cultivate a GoalZERO mindset with clear standards, regular communication, training, and targeted campaigns and events, including our annual Global Safety Day. Table of 
Conte
nts","LYB","2026-02-24T10:00:53.351059Z",2024
542,"1",1486,"2026-02-24T10:00:55.521728Z","Human Capital",0.9952,534,"Human Capital",1.938,"PLD_2024_0029","We communicate at all levels of the organization throughout the year about company goals and strategic initiatives to ensure awareness and alignment. We then provide continual feedback to all employees on their performance towards those goals as well as budget for external learning and stretch opportunities to support their growth. Providing our employees learning and development through training, educational opportunities and mentorship is critical to our ability to continue to innovate. In 2023, more than 1,600 employees completed more than 13,600 hours of company-provided or company-sponsored learning and development training. We provide opportunities for our employees to share their insights and perspectives on our company and their work experience. Our most recent employee engagement survey, completed in September 2023, with a participation rate of 92%, indicated that 88% of Prologis employees are engaged based on their positive response to the questions that comprise our engagement driver index. We strive to cultivate a healthy and safe working environment for our employees. We provide workplace flexibility with accountability as determined by role. For those employees who work on-site, we have protocols in place to help ensure a safe working environment. We continue to attract and retain talent in the industry through competitive compensation, a robust benefit package, pathways to career advancement, talent recognition and individual development planning.","PLD","2026-02-24T10:00:55.521740Z",2024
543,"1",1369,"2026-02-24T10:01:00.189838Z","Human Capital",0.9952,535,"Human Capital",4.396,"PSA_2021_0028","Compensation, Health and Wellness

Public Storage believes in aligning employee compensation with our short- and long-term performance goals and providing compensation and incentives needed to attract, motivate and retain employees who are crucial to our success. We tailor our compensation programs to each employee group to ensure competitiveness in the market and to drive employee engagement. Public Storage is also committed to our employees and their overall health and well-being. We want to help them feel happy, healthy, socially connected, and purposeful. Our goal is to provide tools and resources to help empower our employees to explore what they need and to evaluate for themselves what makes sense in achieving a healthy and balanced lifestyle. We offer benefits to virtually all our employees. Anyone working 20 hours or more is eligible to participate in our health benefit offerings which include medical, dental, vision, flexible and health savings accounts, discount and income protection plans. We also offer a 401(k) plan with matching employer contributions to help our employees prepare for retirement. Our dedicated health and wellness website is designed to provide educational and motivational content that help our employees focus on their well-being. We also host individual and team contests to promote goal setting, action and monitoring.","PSA","2026-02-24T10:01:00.189862Z",2021
544,"1",1436,"2026-02-24T10:01:31.483555Z","Human Capital",0.9952,536,"Human Capital",31.048,"SPGI_2021_0016","As a result, management regularly assesses employee feedback, competitor research and market data to ensure our programs remain competitive and are designed with our people’s physical, financial, work-life, mental and emotional health and wellbeing in mind. Based on these insights, we have introduced new and enhanced “people first” benefits in 2018 through 2020 to advance employees’ wellbeing at work and beyond in support of our “people first” philosophy. Workplace Health and Safety
The health and safety of our people working around the globe is a top priority, and our facilities worldwide follow rigorous, internally and externally audited, occupational health and safety policies. We also recognize that protecting the health, safety and wellbeing of our employees is crucial to our ability to ensure crises like the global COVID-19 pandemic are effectively managed. In response to the COVID-19 pandemic, we established a crisis management committee in January to lead a coordinated workplace safety strategy and acted quickly implementing significant changes across the organization to protect our people and the communities in which we operate. As a result of these actions, a majority of our people were working from home by late March and continue to work remotely, as we evolve our preparedness strategy for office reopenings to integrate key learnings, safety measures and employee feedback to rethink the future of work.","SPGI","2026-02-24T10:01:31.483564Z",2021
545,"1",1484,"2026-02-24T10:01:34.744306Z","Human Capital",0.9952,537,"Human Capital",2.967,"SPGI_2022_0016","As a result, management regularly assesses employee feedback, competitor research and market data to ensure our programs remain competitive and are designed with our people’s physical, financial, work-life, mental and emotional health and 

well-being in mind. Based on these insights, each year we continue to introduce new and enhanced “people first” benefits to advance employees’ well-being at work and beyond in support of our “people first” philosophy. In 2021, we launched new initiatives to increase transparency around pay decisions and empower colleagues to initiate pay conversations and to enhance well-being support for our people by providing extended parental leave, more flexible time-off arrangements and wellness days. Workplace Health, Safety and Well-being
The health, safety and well-being of our people working around the globe is a top priority, and our facilities worldwide follow rigorous, internally and externally audited, occupational health and safety policies. At the onset of the COVID-19 pandemic, we established a steering committee to lead a coordinated workplace safety strategy and acted quickly implementing significant changes across the organization to protect our people and the communities in which we operate. In early 2021, most of our employees remained working from home and our plans to introduce a new flexible return to office model and phased approach to office re-openings evolved in response to changing dynamics throughout the year.","SPGI","2026-02-24T10:01:34.744317Z",2022
546,"1",1302,"2026-02-24T10:01:38.541766Z","Human Capital",0.9952,538,"Human Capital",3.548,"TAP_2023_0042","In the U.S. and Canada, employees can participate in our wellness programs that incentivize healthy habits and lifestyles. These resources include connections to virtual healthcare, remote fitness and wellness support, and a free employee assistance program for coping with stress, feelings of isolation and anxiety. In the EMEA&APAC regions, we drive our employee wellbeing culture through a team made up of regional representatives who coordinate activities focused on the topics based on employee feedback. In 2022, these activities included certain wellness programs, as well as flexible work hours, wellness webinars and challenges, to further emphasize our wellbeing culture.
•
Health & Safety
 - Our World Class Supply Chain framework contains an Environmental, Health & Safety (“EHS”) commitment that supports proactive identification and control of EHS risks. We aim to prevent workplace injuries and illness and reduce environmental impacts of our operations through training and other methodologies.
•
Compensation and Benefits
 - We offer competitive, affordable and comprehensive benefits, which we routinely benchmark to try to ensure they are competitive, inclusive, aligned with our company culture and allow our employees to meet their individual needs and the needs of their families.","TAP","2026-02-24T10:01:38.541794Z",2023
547,"1",1401,"2026-02-24T10:01:41.755048Z","Human Capital",0.9952,539,"Human Capital",2.946,"UPS_2015_0036","We do not tolerate unsafe work practices. We recognize employees for health, wellness, and safety accomplishments. We provide programs that help promote the health and wellness of employees and their families, and the safety of our operations. We are committed to fostering the most effective safety practices in our work environment. By meeting our high safety standards and goals, we contribute to the well-being of our people, company, and the communities we serve. We use an all-encompassing Comprehensive Health and Safety Process (""CHSP"") to prevent occupational illnesses, injuries and auto crashes, as well as promote wellness through the development of workplace programs. The foundation of this process is our co-chaired employee and management health and safety committees. Together they conduct facility and equipment audits, perform work practice and behavior analysis, conduct training and recommend work process and equipment changes. The components of CHSP are:
•
Personal Value. Which is the foundation and forms the base of our safety and wellness culture.
•
Management Commitment and Employee Involvement
 - Where employees take an active role in their own safety as well as their fellow workers and are supported by management. All operations management commit to providing a work environment that is conducive to the well-being and safety of their employees.
•
Work Site Analysis.","UPS","2026-02-24T10:01:41.755062Z",2015
548,"1",1366,"2026-02-24T10:01:48.746223Z","Human Capital",0.9952,540,"Human Capital",6.716,"UPS_2016_0035","We train our people to recognize hazards, mitigate risk and avoid injury to themselves and others in all aspects of their work. We do not tolerate unsafe work practices. We recognize employees for health, wellness, and safety accomplishments. We provide programs to educate and promote the health and wellness of employees and their families and the safety of our operations. We are committed to fostering the most effective safety practices in our work environment. By meeting our high safety standards, we contribute to the well-being of our people, company and the communities we serve. We use an all-encompassing Comprehensive Health and Safety Process (""CHSP"") to promote wellness and prevent occupational injuries, illnesses and auto crashes through the development of workplace programs. The foundation of this process is our co-chaired employee and management health and safety committees. Together they conduct facility and equipment audits, perform work practice and behavior analysis, conduct training and recommend work process and equipment changes. The components of CHSP are:
•
Personal Value. Which is the foundation and forms the base of our health, wellness and safety culture.
•
Management Commitment and Employee Involvement. Where employees take an active role in their own safety as well as their fellow workers and are supported by management.","UPS","2026-02-24T10:01:48.746231Z",2016
549,"1",373,"2026-02-24T10:01:50.811512Z","Human Capital",0.9952,541,"Human Capital",1.825,"URI_2016_0018","Employee Training Programs

.
 We are dedicated to providing training and development opportunities to our employees. In 

, our employees enhanced their skills through approximately 460,000 hours of training, including safety training, sales and leadership training, equipment-related training from our suppliers and online courses covering a variety of relevant subjects.","URI","2026-02-24T10:01:50.811528Z",2016
550,"1",373,"2026-02-24T10:01:53.204063Z","Human Capital",0.9952,542,"Human Capital",2.115,"URI_2017_0019","Employee Training Programs

.
 We are dedicated to providing training and development opportunities to our employees. In 

, our employees enhanced their skills through approximately 500,000 hours of training, including safety training, sales and leadership training, equipment-related training from our suppliers and online courses covering a variety of relevant subjects.","URI","2026-02-24T10:01:53.204075Z",2017
551,"1",373,"2026-02-24T10:05:48.449829Z","Human Capital",0.9952,543,"Human Capital",234.99,"URI_2018_0019","Employee Training Programs

.
 We are dedicated to providing training and development opportunities to our employees. In 

, our employees enhanced their skills through approximately 500,000 hours of training, including safety training, sales and leadership training, equipment-related training from our suppliers and online courses covering a variety of relevant subjects.","URI","2026-02-24T10:05:48.449840Z",2018
552,"1",373,"2026-02-24T10:05:50.300696Z","Human Capital",0.9952,544,"Human Capital",1.604,"URI_2019_0019","Employee Training Programs

.
 We are dedicated to providing training and development opportunities to our employees. In 

, our employees enhanced their skills through approximately 670,000 hours of training, including safety training, sales and leadership training, equipment-related training from our suppliers and online courses covering a variety of relevant subjects.","URI","2026-02-24T10:05:50.300707Z",2019
553,"1",1418,"2026-02-24T10:05:57.945919Z","Human Capital",0.9952,545,"Human Capital",7.412,"WMB_2022_0080","Workforce Health, Engagement, and Development

Our employees are our most valued resource, are instrumental in our mission to safely deliver products that fuel the clean energy economy, and are the driving force behind our reputation as a safe, reliable company that does the right thing, every time. Cultivating a healthy work environment increases productivity and promotes long-term value creation. We provide a comprehensive total rewards program that includes base salary, an all-employee annual incentive program, retirement benefits, and health benefits, including wellness and employee assistance programs. We provide employees with company-paid life insurance, disability coverage, and paid parental leave for both birth and non-birth parents. Our annual incentive program is a key component of our commitment to a performance culture focused on recognizing and rewarding high performance. In order to attract and retain top talent, we create and are committed to maintaining a safe, inclusive workplace where employees feel valued, heard, respected, and supported in their personal and professional development. We offer robust corporate and technical training programs to support the professional development of our employees and add long-term value to our business. Additionally, we support strong employee engagement by encouraging open dialogue regarding professional development and succession planning.","WMB","2026-02-24T10:05:57.945931Z",2022
554,"1",1331,"2026-02-24T10:06:00.399095Z","Human Capital",0.9952,546,"Human Capital",2.229,"XYL_2023_0041","Collectively, approximately 3,900 colleagues participate as members of our network groups. Health and Safety
Protecting the safety, health and well-being of our colleagues is one of our highest priorities. We have a strong Environmental, Health and Safety program that focuses on governance, risk reduction, training and education, and leadership accountability to provide our colleagues with safe and healthy workplaces. In our 2021 employee engagement survey, we sought specific feedback from our colleagues on their efforts to manage stress and disconnect from work and, based on the survey responses, we have augmented our holistic well-being strategies, including providing mental health awareness training to our people leaders, which more than 500 people managers have participated in, and expanding our Employee Assistance Program support across the globe. In response to the ongoing crisis in Ukraine, we continue to provide financial and logistical support to our colleagues and partners in Ukraine, including travel assistance and temporary accommodations near our facilities in Poland. Compensation and Benefits
Xylem takes a total rewards approach that integrates programs for compensation, benefits, recognition and work-life balance and we strive to provide our colleagues with competitive compensation and benefits.","XYL","2026-02-24T10:06:00.399104Z",2023
555,"1",1362,"2026-02-24T10:06:04.468886Z","Human Capital",0.9951,547,"Human Capital",3.828,"ALGN_2023_0009","Besides these, we also offer discounts to our employees and their dependents when they undergo Invisalign treatment. We are furthermore committed to pay equity practices. We exceed minimum pay requirements for our manufacturing personnel and we regularly review our pay equity practices globally and locally so that we can appropriately address discrepancies. Health, Wellness and Safety
. Our employees are essential to us as a business and their health and well-being is critical to our success and their continuing achievements. Our objective is to prevent injuries and occupational diseases by focusing first and foremost on creating and maintaining environments that are safe. We therefore offer a wide variety of robust programs and initiatives designed to promote the overall health and welfare of all our employees and their families. It is our responsibility to support the health and well-being of our employees. Every year, we have a month dedicated to well-being, called Month of Wellness, which is a worldwide movement fostering employee health. Throughout the Month of Wellness, employees participate in a variety of activities such as informational sessions and health fairs and receive useful resources aligned to our wellness pillars - mental resilience, physical well-being and healthy living, social/family connections, and financial wellness.","ALGN","2026-02-24T10:06:04.468897Z",2023
556,"1",1042,"2026-02-24T10:06:07.936382Z","Human Capital",0.9951,548,"Human Capital",3.245,"ARE_2022_0021","Providing exceptional benefits to support our employees’ well-being, medical, and financial health

We provide a comprehensive benefits package intended to meet and/or exceed the needs of our employees and their families. Our Company-sponsored suite of benefits covers 100% of the premiums for our employees and their dependents and includes, but is not limited to, a high-coverage, low-deductible PPO medical plan, medical care and services program, PPO dental and orthodontia coverage, a generous vision plan, comprehensive prescription drug plan, infertility and family planning benefits, short- and long-term disability benefits, and life and accidental death and dismemberment coverage. These benefits support the health of our employees and their families, their overall well-being, their plans for the future, and reward and recognize their operational excellence.
In addition, we have prioritized our employees’ total well-being with additional benefits that focus on their emotional, mental, physical, financial, and social health:
•","ARE","2026-02-24T10:06:07.936393Z",2022
557,"1",938,"2026-02-24T10:06:16.053048Z","Human Capital",0.9951,549,"Human Capital",7.871,"BALL_2023_0006","Total direct compensation is positioned in a competitive range of the applicable market median in each jurisdiction, differentiated based on tenure, skills and performance, and designed to attract and retain the best talent.
​
Health, Safety and Wellness
​
The health, safety and wellness of all employees is a top priority at Ball. Our environmental, health and safety function and our operations executives partner to consistently reinforce policies and procedures that are designed to reduce workplace risks and ensure safe methods of plant production, including through regular training and reporting on injuries and lost-time incidents. Over the past 15 years, we have sponsored a variety of health and wellness programs designed to enhance the physical and mental well-being of our employees around the world. During 2020, the company expanded access to its existing Employee Assistance Program (EAP) to our entire global workforce.","BALL","2026-02-24T10:06:16.053059Z",2023
558,"1",1189,"2026-02-24T10:06:17.893429Z","Human Capital",0.9951,550,"Human Capital",1.591,"CDNS_2023_0005","Health, Safety and Wellness

We strive to create a safe and rewarding environment to enable our employees to develop the innovations necessary for our sustained success. 
To provide for both the physical and mental health of our employees, we offer a variety of benefits that go beyond traditional health insurance. Our U.S. health and well-being benefits include fertility benefits, coverage for transgender employees undergoing medical treatment, expanded new parent leave, adoption and surrogacy benefits, financial planning and coaching services, and legal services. We also provide training and tools for stress management, time management, conflict resolution and emotional well-being.
To promote employee health and well-being throughout the course of the COVID-19 pandemic, we have provided employees with a flexible, hybrid work model, additional time off to focus on themselves and their families, wellness initiatives (including physical, emotional and mental health), and global employee assistance programs to connect employees and their families with resources, information and counseling to address the challenges caused by the pandemic, such as increased anxiety or stress.","CDNS","2026-02-24T10:06:17.893441Z",2023
559,"1",140,"2026-02-24T10:06:25.108675Z","Business Ethics & Values",0.9854,551,"Business Ethics & Values",6.957,"ORCL_2016_0073","common local business behaviors that are in direct conflict with our business ethics, practices and conduct policies;
•
natural disasters;
•","ORCL","2026-02-24T10:06:25.108702Z",2016
560,"1",140,"2026-02-24T10:06:27.458929Z","Business Ethics & Values",0.9854,552,"Business Ethics & Values",2.103,"ORCL_2017_0080","common local business behaviors that are in direct conflict with our business ethics, practices and conduct policies;
•
natural disasters;
•","ORCL","2026-02-24T10:06:27.458940Z",2017
561,"1",140,"2026-02-24T10:06:32.397115Z","Business Ethics & Values",0.9854,553,"Business Ethics & Values",4.675,"ORCL_2018_0076","common local business behaviors that are in direct conflict with our business ethics, practices and conduct policies;
•
natural disasters;
•","ORCL","2026-02-24T10:06:32.397124Z",2018
562,"1",896,"2026-02-24T10:06:35.986380Z","Business Ethics & Values",0.9852,554,"Business Ethics & Values",3.365,"PWR_2022_0039","Ethics and Compliance

All of our employees are subject to Quanta’s Code of Conduct, which addresses compliance with applicable laws and Quanta’s policies concerning, among other things, general business ethics, competition, anti-corruption and bribery, environmental protection, conflicts of interest, harassment and discrimination, data security and privacy, and insider trading. Quanta’s Code of Conduct also informs employees and third parties about the resources and confidential reporting mechanisms available to detect, prevent and report unethical and illegal conduct, and our Chief Compliance Officer communicates directly with our Board of Directors about actual and alleged violations of the law or the Code of Conduct. Training with respect to Quanta’s Code of Conduct and other policies and procedures is conducted as part of our comprehensive ethics and compliance training program.","PWR","2026-02-24T10:06:35.986389Z",2022
563,"1",944,"2026-02-24T10:06:40.385763Z","Business Ethics & Values",0.985,555,"Business Ethics & Values",4.16,"WY_2022_0048","CODE OF ETHICS

Integrity is a core value at Weyerhaeuser. We have a strong culture of ethics and integrity at every level of our company. Since our founding in 1900, we have consistently been recognized for our ethical business practices, compliance and high standards. In 2021, we were named for the 12
th
 time as one of the World’s Most Ethical Companies® by Ethisphere Institute, a global leader in defining and advancing the standards of ethical business practices. Our Code of Ethics applies to all employees and members of our board, and it is an expression of our commitment and shared responsibility to conduct our business affairs ethically with stakeholders, including employees, communities, customers, suppliers, contractors and shareholders. Our employees also participate in regular compliance and ethics training, role-model and promote ethical behavior, and are instructed on how to communicate concerns of unethical behavior.","WY","2026-02-24T10:06:40.385773Z",2022
564,"1",227,"2026-02-24T10:06:42.801599Z","Business Ethics & Values",0.9849,556,"Business Ethics & Values",2.187,"CSCO_2015_0316","Our culture demands integrity, and we have the highest confidence in our processes, our internal controls and our people, who are objective in their responsibilities and who operate under the highest level of ethical standards.","CSCO","2026-02-24T10:06:42.801607Z",2015
565,"1",227,"2026-02-24T10:06:46.587325Z","Business Ethics & Values",0.9849,557,"Business Ethics & Values",3.52,"CSCO_2016_0321","Our culture demands integrity, and we have the highest confidence in our processes, our internal controls and our people, who are objective in their responsibilities and who operate under the highest level of ethical standards.","CSCO","2026-02-24T10:06:46.587356Z",2016
566,"1",227,"2026-02-24T10:06:48.508194Z","Business Ethics & Values",0.9849,558,"Business Ethics & Values",1.675,"CSCO_2017_0316","Our culture demands integrity, and we have the highest confidence in our processes, our internal controls and our people, who are objective in their responsibilities and who operate under the highest level of ethical standards.","CSCO","2026-02-24T10:06:48.508202Z",2017
567,"1",227,"2026-02-24T10:06:50.858991Z","Business Ethics & Values",0.9849,559,"Business Ethics & Values",2.095,"CSCO_2018_0312","Our culture demands integrity, and we have the highest confidence in our processes, our internal controls and our people, who are objective in their responsibilities and who operate under the highest level of ethical standards.","CSCO","2026-02-24T10:06:50.859001Z",2018
568,"1",227,"2026-02-24T10:06:52.638586Z","Business Ethics & Values",0.9849,560,"Business Ethics & Values",1.546,"CSCO_2019_0268","Our culture demands integrity, and we have the highest confidence in our processes, our internal controls and our people, who are objective in their responsibilities and who operate under the highest level of ethical standards.","CSCO","2026-02-24T10:06:52.638597Z",2019
569,"1",227,"2026-02-24T10:06:55.030294Z","Business Ethics & Values",0.9849,561,"Business Ethics & Values",2.125,"CSCO_2020_0269","Our culture demands integrity, and we have the highest confidence in our processes, our internal controls and our people, who are objective in their responsibilities and who operate under the highest level of ethical standards.","CSCO","2026-02-24T10:06:55.030305Z",2020
570,"1",227,"2026-02-24T10:06:57.073647Z","Business Ethics & Values",0.9849,562,"Business Ethics & Values",1.804,"CSCO_2021_0272","Our culture demands integrity, and we have the highest confidence in our processes, our internal controls and our people, who are objective in their responsibilities and who operate under the highest level of ethical standards.","CSCO","2026-02-24T10:06:57.073657Z",2021
571,"1",227,"2026-02-24T10:06:59.017602Z","Business Ethics & Values",0.9849,563,"Business Ethics & Values",1.71,"CSCO_2022_0287","Our culture demands integrity, and we have the highest confidence in our processes, our internal controls and our people, who are objective in their responsibilities and who operate under the highest level of ethical standards.","CSCO","2026-02-24T10:06:59.017623Z",2022
572,"1",227,"2026-02-24T10:07:00.297509Z","Business Ethics & Values",0.9849,564,"Business Ethics & Values",1.075,"CSCO_2023_0272","Our culture demands integrity, and we have the highest confidence in our processes, our internal controls and our people, who are objective in their responsibilities and who operate under the highest level of ethical standards.","CSCO","2026-02-24T10:07:00.297521Z",2023
573,"1",227,"2026-02-24T10:07:01.440762Z","Business Ethics & Values",0.9849,565,"Business Ethics & Values",0.888,"CSCO_2024_0313","Our culture demands integrity, and we have the highest confidence in our processes, our internal controls and our people, who are objective in their responsibilities and who operate under the highest level of ethical standards.","CSCO","2026-02-24T10:07:01.440772Z",2024
574,"1",404,"2026-02-24T10:07:08.861830Z","Business Ethics & Values",0.9845,566,"Business Ethics & Values",7.195,"ALB_2023_0361","As first reported in 2018, following receipt of information regarding potential improper payments being made by third-party sales representatives of our Refining Solutions business, within our Catalysts segment, we promptly retained outside counsel and forensic accountants to investigate potential violations of the Company’s Code of Conduct, the Foreign Corrupt 

Albemarle Corporation and Subsidiaries","ALB","2026-02-24T10:07:08.861844Z",2023
575,"1",1299,"2026-02-24T10:07:35.063220Z","Business Ethics & Values",0.9836,567,"Business Ethics & Values",25.949,"AES_2019_0107","The Code of Conduct is intended to govern, as a requirement of employment, the actions of everyone who works at AES, including employees of our subsidiaries and affiliates. Our Ethics and Compliance Department provides training, information, and certification programs for AES employees related to the Code of Conduct. The Ethics and Compliance Department also has programs in place to prevent and detect criminal conduct, promote an organizational culture that encourages ethical behavior and a commitment to compliance with the law, and to monitor and enforce AES policies on corruption, bribery, money laundering and associations with terrorists groups. The Code of Conduct and the Corporate Governance Guidelines are located in their entirety on our website. Any person may obtain a copy of the Code of Conduct or the Corporate Governance Guidelines without charge by making a written request to: Corporate Secretary, The AES Corporation, 4300 Wilson Boulevard, Arlington, VA 22203. If any amendments to, or waivers from, the Code of Conduct or the Corporate Governance Guidelines are made, we will disclose such amendments or waivers on our website. You should consider carefully the following risks, along with the other information contained in or incorporated by reference in this Form 10-K.","AES","2026-02-24T10:07:35.063231Z",2019
576,"1",1289,"2026-02-24T10:07:38.562885Z","Business Ethics & Values",0.9835,568,"Business Ethics & Values",3.262,"AWK_2023_0170","Our business may be adversely affected by the intentional misconduct of our employees and contractors. Our Code of Ethics requires employees and contractors to make decisions ethically and in compliance with applicable law and regulatory requirements, and our Code of Ethics and its underlying policies, practices and procedures. All employees are required to complete training on and review the Code of Ethics on an annual basis, and violations of the Code of Ethics could result in disciplinary actions up to, and including, termination. Despite these efforts to prevent misconduct, it is possible for employees or contractors to engage in intentional misconduct and violate laws and regulations through, among other things, theft, fraud, misappropriation, bribery, corruption and engaging in conflicts of interest or related person transactions, or otherwise committing serious breaches of our Code of Ethics and our policies, practices and procedures. Intentional misconduct by employees or contractors could result in substantial liability, higher costs, increased regulatory scrutiny and significant reputational harm, any of which could have a material adverse effect on our financial condition, results of operations and cash flows. ITEM 1B. UNRESOLVED STAFF COMMENTS
None. ITEM 2.","AWK","2026-02-24T10:07:38.562897Z",2023
577,"1",1312,"2026-02-24T10:07:40.631666Z","Business Ethics & Values",0.9832,569,"Business Ethics & Values",1.828,"AWK_2024_0172","Our business may be adversely affected by the intentional misconduct of our employees and contractors.

Our Code of Ethics requires employees and contractors to make decisions ethically and in compliance with applicable law and regulatory requirements, and our Code of Ethics and its underlying policies, practices and procedures. All employees are required to complete training on and review the Code of Ethics on an annual basis, and violations of the Code of Ethics could result in disciplinary actions up to, and including, termination. Despite these efforts to prevent misconduct, it is possible for employees or contractors to engage in intentional misconduct and violate laws and regulations through, among other things, theft, fraud, misappropriation, bribery, corruption and engaging in conflicts of interest or related person transactions, or otherwise committing serious breaches of our Code of Ethics and our policies, practices and procedures. Intentional misconduct by employees or contractors could result in substantial liability, higher costs, increased regulatory scrutiny and significant reputational harm, any of which could have a material adverse effect on our financial condition, results of operations and cash flows.

ITEM 1B.    UNRESOLVED STAFF COMMENTS
None.
ITEM 1C.    CYBERSECURITY","AWK","2026-02-24T10:07:40.631678Z",2024
578,"1",778,"2026-02-24T10:07:43.554118Z","Business Ethics & Values",0.9832,570,"Business Ethics & Values",2.683,"LKQ_2021_0003","Commitment to Values and Ethics

Along with our core values, we act in accordance with our Code of Ethics, which sets forth guidance for employees to make appropriate ethical decisions. Our Code of Ethics covers topics such as use of company assets, bribery and corruption, conflicts of interest, discrimination, harassment, health and safety, privacy and data protection, protecting confidential information, and reporting Code of Ethics violations. The Code of Ethics reflects our commitment to acting with a high level of integrity and providing guidance for reporting complaints in the event of alleged violations of our policies (including through an anonymous “Speak Up” hotline). We do not tolerate harassment or retaliation against persons that report improper behavior.","LKQ","2026-02-24T10:07:43.554129Z",2021
579,"1",255,"2026-02-24T10:07:45.976862Z","Business Ethics & Values",0.9831,571,"Business Ethics & Values",2.188,"ROL_2019_0454","regarding an amendment to, or waiver from, a provision
of its code of ethics that relates to any elements of the code of ethics definition enumerated in SEC rules by posting such information
on its internet website, the address of which is provided above.","ROL","2026-02-24T10:07:45.976873Z",2019
580,"1",903,"2026-02-24T10:07:48.804440Z","Business Ethics & Values",0.983,572,"Business Ethics & Values",2.557,"TEL_2018_0375","We have adopted a guide to ethical conduct, which applies to all employees, officers, and directors. Our Guide to Ethical Conduct meets the
requirements of a ""code of ethics"" as defined by Item 406 of Regulation S-K and applies to our Chief Executive Officer, Chief Financial Officer, and Chief Accounting Officer, as well as
all other employees and directors. Our Guide to Ethical Conduct also meets the requirements of a code of business conduct and ethics under the listing standards of the NYSE. Our Guide to Ethical
Conduct is posted on our website at 
www.te.com
 under the heading ""Corporate Responsibility—Governance and Environment—Guide to
Ethical Conduct."" We also will provide a copy of our Guide to Ethical Conduct to shareholders upon request. We intend to disclose any amendments to our Guide to Ethical Conduct, as well as any waivers
for executive officers or directors, on our website.","TEL","2026-02-24T10:07:48.804452Z",2018
581,"1",533,"2026-02-24T10:07:53.545478Z","Business Ethics & Values",0.9829,573,"Business Ethics & Values",4.515,"EW_2021_0029","Failure to comply with these laws and regulations could result in criminal liability, significant fines or penalties, negative publicity, and substantial costs and expenses associated with investigation and enforcement activities. To assist in our 

compliance efforts, we work to adhere to many codes of ethics and conduct regarding our business activities in the United States and other countries in which we operate. In addition, we have in place a dedicated team to improve our internal business compliance programs and policies.","EW","2026-02-24T10:07:53.545489Z",2021
582,"1",531,"2026-02-24T10:07:57.843595Z","Business Ethics & Values",0.9829,574,"Business Ethics & Values",4.037,"EW_2022_0032","Failure to comply with these laws and regulations could result in criminal liability, significant fines or penalties, negative publicity, and substantial costs and expenses associated with investigation and enforcement activities. To assist in our compliance efforts, we work to adhere to many codes of ethics and conduct regarding our business activities in the United States and other countries in which we operate. In addition, we have in place a dedicated team to improve our internal business compliance programs and policies.","EW","2026-02-24T10:07:57.843607Z",2022
583,"1",531,"2026-02-24T10:08:01.285020Z","Business Ethics & Values",0.9829,575,"Business Ethics & Values",3.178,"EW_2023_0030","Failure to comply with these laws and regulations could result in criminal liability, significant fines or penalties, negative publicity, and substantial costs and expenses associated with investigation and enforcement activities. To assist in our compliance efforts, we work to adhere to many codes of ethics and conduct regarding our business activities in the United States and other countries in which we operate. In addition, we have in place a dedicated team to improve our internal business compliance programs and policies.","EW","2026-02-24T10:08:01.285031Z",2023
584,"1",531,"2026-02-24T10:08:03.089276Z","Business Ethics & Values",0.9829,576,"Business Ethics & Values",1.594,"EW_2024_0033","Failure to comply with these laws and regulations could result in criminal liability, significant fines or penalties, negative publicity, and substantial costs and expenses associated with investigation and enforcement activities. To assist in our compliance efforts, we work to adhere to many codes of ethics and conduct regarding our business activities in the United States and other countries in which we operate. In addition, we have in place a dedicated team to improve our internal business compliance programs and policies.","EW","2026-02-24T10:08:03.089288Z",2024
585,"1",276,"2026-02-24T10:08:06.683316Z","Business Ethics & Values",0.9829,577,"Business Ethics & Values",3.358,"MS_2018_1606","Morgan Stanley’s Code of Ethics and Business Conduct applies to all directors, officers and employees, including its Chief Executive
Officer, Chief Financial Officer and Deputy Chief Financial Officer. You can find our Code of Ethics and Business Conduct on our Internet site,","MS","2026-02-24T10:08:06.683324Z",2018
586,"1",914,"2026-02-24T10:09:09.724644Z","Business Ethics & Values",0.9828,578,"Business Ethics & Values",62.779,"TEL_2016_0391","We have adopted a guide to ethical conduct, which applies to all of our employees, officers, and directors. Our Guide to Ethical Conduct meets
the requirements of a ""code of ethics"" as defined by Item 406 of Regulation S-K and applies to our Chief Executive Officer, Chief Financial Officer, and Chief Accounting Officer, as well
as all other employees and directors, as indicated above. Our Guide to Ethical Conduct also meets the requirements of a code of business conduct and ethics under the listing standards of the NYSE. Our
Guide to Ethical Conduct is posted on our website at 
www.te.com
 under the heading ""Corporate Responsibility—Governance—Guide to
Ethical Conduct."" We also will provide a copy of our Guide to Ethical Conduct to shareholders upon request. We intend to disclose any amendments to our Guide to Ethical Conduct, as well as any waivers
for executive officers or directors, on our website.","TEL","2026-02-24T10:09:09.724657Z",2016
587,"1",887,"2026-02-24T10:09:11.836851Z","Business Ethics & Values",0.9828,579,"Business Ethics & Values",1.85,"TEL_2017_0381","We have adopted a guide to ethical conduct, which applies to all employees, officers, and directors. Our Guide to Ethical Conduct meets the
requirements of a ""code of ethics"" as defined by Item 406 of Regulation S-K and applies to our Chief Executive Officer, Chief Financial Officer, and Chief Accounting Officer, as well as
all other employees and directors. Our Guide to Ethical Conduct also meets the requirements of a code of business conduct and ethics under the listing standards of the NYSE. Our Guide to Ethical
Conduct is posted on our website at 
www.te.com
 under the heading ""Corporate Responsibility—Governance—Guide to Ethical Conduct.""
We also will provide a copy of our Guide to Ethical Conduct to shareholders upon request. We intend to disclose any amendments to our Guide to Ethical Conduct, as well as any waivers for executive
officers or directors, on our website.","TEL","2026-02-24T10:09:11.836861Z",2017
588,"1",501,"2026-02-24T10:09:16.814210Z","Business Ethics & Values",0.9826,580,"Business Ethics & Values",4.735,"MU_2021_0050","Business – Overview – Impact of COVID-19 on Our Business.”
We are a member of the Responsible Business Alliance (RBA), a group of leading companies focused on promoting responsible working conditions, ethical business practices, and environmental stewardship throughout our global supply chain. We strive to adhere to both our Code of Business Conduct and Ethics (available on our website) and the RBA code of conduct, which is a demonstration of our commitment to integrity and responsible practices.","MU","2026-02-24T10:09:16.814220Z",2021
589,"1",1429,"2026-02-24T10:09:20.349987Z","Business Ethics & Values",0.9824,581,"Business Ethics & Values",3.275,"AES_2015_0135","Our Code of Business Conduct (“Code of Conduct”) and Corporate Governance Guidelines have been adopted by our Board of Directors. The Code of Conduct is intended to govern, as a requirement of employment, the actions of everyone who works at AES, including employees of our subsidiaries and affiliates. Our Ethics and Compliance Department provides training, information, and certification programs for AES employees related to the Code of Conduct. The Ethics and Compliance Department also has programs in place to prevent and detect criminal conduct, promote an organizational culture that encourages ethical behavior and a commitment to compliance with the law, and to monitor and enforce AES policies on corruption, bribery, money laundering and associations with terrorists groups. The Code of Conduct and the Corporate Governance Guidelines are located in their entirety on our website. Any person may obtain a copy of the Code of Conduct or the Corporate Governance Guidelines without charge by making a written request to: Corporate Secretary, The AES Corporation, 4300 Wilson Boulevard, Arlington, VA 22203. If any amendments to, or waivers from, the Code of Conduct or the Corporate Governance Guidelines are made, we will disclose such amendments or waivers on our website. You should consider carefully the following risks, along with the other information contained in or incorporated by reference in this Form 10-K.","AES","2026-02-24T10:09:20.349997Z",2015
590,"1",276,"2026-02-24T10:09:25.892229Z","Business Ethics & Values",0.9824,582,"Business Ethics & Values",5.303,"MS_2019_1560","Morgan Stanley’s Code of Ethics and Business Conduct applies to all directors, officers and employees, including its Chief Executive
Officer, Chief Financial Officer and Deputy Chief Financial Officer. You can find the Code of Ethics and Business Conduct on the Internet site,","MS","2026-02-24T10:09:25.892241Z",2019
591,"1",761,"2026-02-24T10:09:30.865502Z","Business Ethics & Values",0.9823,583,"Business Ethics & Values",4.707,"AEE_2024_0028","The FERC also conducts audits and reviews of Ameren Missouri’s, Ameren Illinois’, and ATXI’s accounting records to assess the accuracy of their respective formula ratemaking process, and it can require refunds to be issued to customers for previously billed amounts, with interest. Additionally, pursuant to the CEJA, Illinois utilities are subject to requirements and provisions related to ethical conduct, including submitting an annual ethics and compliance report to the ICC. The law authorizes the ICC to initiate an investigation into how customer funds were used if a violation of the law is determined to have occurred at an Illinois utility, potentially requiring the utility to issue refunds and imposing a penalty of up to $0.5 million per violation.","AEE","2026-02-24T10:09:30.865517Z",2024
592,"1",925,"2026-02-24T15:09:01.099115Z","Business Ethics & Values",0.9823,584,"Business Ethics & Values",17969.542,"TEL_2015_0417","We have adopted a guide to ethical conduct, which applies to all of our employees, officers, and directors. Our Guide to Ethical
Conduct meets the requirements of a ""code of ethics"" as defined by Item 406 of Regulation S-K and applies to our chief executive officer, chief financial officer, and chief accounting
officer, as well as all other employees and directors, as indicated above. Our Guide to Ethical Conduct also meets the requirements of a code of business conduct and ethics under the listing standards
of the NYSE. Our Guide to Ethical Conduct is posted on our website at 
www.te.com
 under the heading ""Corporate
Responsibility—Governance—Compliance—Guide to Ethical Conduct."" We also will provide a copy of our Guide to Ethical Conduct to shareholders upon request. We intend
to disclose any amendments to our Guide to Ethical Conduct, as well as any waivers for executive officers or directors, on our website.","TEL","2026-02-24T15:09:01.099134Z",2015
593,"1",1431,"2026-02-24T15:09:04.023130Z","Business Ethics & Values",0.9822,585,"Business Ethics & Values",2.634,"AES_2016_0151","Our Code of Business Conduct (""Code of Conduct"") and Corporate Governance Guidelines have been adopted by our Board of Directors. The Code of Conduct is intended to govern, as a requirement of employment, the actions of everyone who works at AES, including employees of our subsidiaries and affiliates. Our Ethics and Compliance Department provides training, information, and certification programs for AES employees related to the Code of Conduct. The Ethics and 

Compliance Department also has programs in place to prevent and detect criminal conduct, promote an organizational culture that encourages ethical behavior and a commitment to compliance with the law, and to monitor and enforce AES policies on corruption, bribery, money laundering and associations with terrorists groups. The Code of Conduct and the Corporate Governance Guidelines are located in their entirety on our website. Any person may obtain a copy of the Code of Conduct or the Corporate Governance Guidelines without charge by making a written request to: Corporate Secretary, The AES Corporation, 4300 Wilson Boulevard, Arlington, VA 22203. If any amendments to, or waivers from, the Code of Conduct or the Corporate Governance Guidelines are made, we will disclose such amendments or waivers on our website. You should consider carefully the following risks, along with the other information contained in or incorporated by reference in this Form 10-K.","AES","2026-02-24T15:09:04.023144Z",2016
594,"1",1431,"2026-02-24T15:09:08.314220Z","Business Ethics & Values",0.9822,586,"Business Ethics & Values",3.977,"AES_2017_0143","Our Code of Business Conduct (""Code of Conduct"") and Corporate Governance Guidelines have been adopted by our Board of Directors. The Code of Conduct is intended to govern, as a requirement of employment, the actions of everyone who works at AES, including employees of our subsidiaries and affiliates. Our Ethics and Compliance Department provides training, information, and certification programs for AES employees related to the 

Code of Conduct. The Ethics and Compliance Department also has programs in place to prevent and detect criminal conduct, promote an organizational culture that encourages ethical behavior and a commitment to compliance with the law, and to monitor and enforce AES policies on corruption, bribery, money laundering and associations with terrorists groups. The Code of Conduct and the Corporate Governance Guidelines are located in their entirety on our website. Any person may obtain a copy of the Code of Conduct or the Corporate Governance Guidelines without charge by making a written request to: Corporate Secretary, The AES Corporation, 4300 Wilson Boulevard, Arlington, VA 22203. If any amendments to, or waivers from, the Code of Conduct or the Corporate Governance Guidelines are made, we will disclose such amendments or waivers on our website. You should consider carefully the following risks, along with the other information contained in or incorporated by reference in this Form 10-K.","AES","2026-02-24T15:09:08.314229Z",2017
595,"1",1429,"2026-02-24T15:09:39.838052Z","Business Ethics & Values",0.9822,587,"Business Ethics & Values",3.505,"AES_2018_0106","Our Code of Business Conduct (""Code of Conduct"") and Corporate Governance Guidelines have been adopted by our Board of Directors. The Code of Conduct is intended to govern, as a requirement of employment, the actions of everyone who works at AES, including employees of our subsidiaries and affiliates. Our Ethics and Compliance Department provides training, information, and certification programs for AES employees related to the Code of Conduct. The Ethics and Compliance Department also has programs in place to prevent and detect criminal conduct, promote an organizational culture that encourages ethical behavior and a commitment to compliance with the law, and to monitor and enforce AES policies on corruption, bribery, money laundering and associations with terrorists groups. The Code of Conduct and the Corporate Governance Guidelines are located in their entirety on our website. Any person may obtain a copy of the Code of Conduct or the Corporate Governance Guidelines without charge by making a written request to: Corporate Secretary, The AES Corporation, 4300 Wilson Boulevard, Arlington, VA 22203. If any amendments to, or waivers from, the Code of Conduct or the Corporate Governance Guidelines are made, we will disclose such amendments or waivers on our website. You should consider carefully the following risks, along with the other information contained in or incorporated by reference in this Form 10-K.","AES","2026-02-24T15:09:39.838062Z",2018
596,"1",679,"2026-02-24T15:09:44.095670Z","Business Ethics & Values",0.9822,588,"Business Ethics & Values",4.031,"KIM_2016_0398","We have adopted a Code of Business Conduct and Ethics that applies to all employees (the “Code of Ethics”). The Code of Ethics is available at the Investors/Governance/Governance Documents section of our website at www.kimcorealty.com. A copy of the Code of Ethics is available in print, free of charge, to stockholders upon request to us at the address set forth in Item 1 of this Annual Report on Form 10-K under the section “Business - Background.” We intend to satisfy the disclosure requirements under the Securities and Exchange Act of 1934, as amended, regarding an amendment to or waiver from a provision of our Code of Ethics by posting such information on our web site.","KIM","2026-02-24T15:09:44.095680Z",2016
597,"1",679,"2026-02-24T15:09:45.869555Z","Business Ethics & Values",0.9822,589,"Business Ethics & Values",1.513,"KIM_2017_0367","We have adopted a Code of Business Conduct and Ethics that applies to all employees (the “Code of Ethics”). The Code of Ethics is available at the Investors/Governance/Governance Documents section of our website at www.kimcorealty.com. A copy of the Code of Ethics is available in print, free of charge, to stockholders upon request to us at the address set forth in Item 1 of this Annual Report on Form 10-K under the section “Business - Background.” We intend to satisfy the disclosure requirements under the Securities and Exchange Act of 1934, as amended, regarding an amendment to or waiver from a provision of our Code of Ethics by posting such information on our web site.","KIM","2026-02-24T15:09:45.869564Z",2017
598,"1",1203,"2026-02-24T15:09:50.114033Z","Business Ethics & Values",0.9821,590,"Business Ethics & Values",4.024,"JCI_2015_0262","Code of Ethics

We have adopted the Tyco Guide to Ethical Conduct, which applies to all employees, officers and directors of Tyco. Our Guide to Ethical Conduct meets the requirements of a ""code of ethics"" as defined by Item 406 of Regulation S-K and applies to our Chief Executive Officer, Chief Financial Officer and Chief Accounting Officer, as well as all other employees. Our Guide to Ethical Conduct also meets the requirements of a code of business conduct and ethics under the listing standards of the New York Stock Exchange. Our Guide to Ethical Conduct is posted on our website at 
www.tyco.com
 under the heading ""About."" We will also provide a copy of our Guide to Ethical Conduct to shareholders upon request. We disclose any amendments to our Guide to Ethical Conduct, as well as any waivers for executive officers or directors, on our website. Item 11. Executive Compensation
Information concerning executive compensation may be found under the captions ""Compensation Discussion & Analysis,"" ""Executive Compensation Tables,"" ""Compensation of Non-Employee Directors,"" and ""Governance of the Company"" of our 

 Proxy Statement. Such information is incorporated herein by reference. Item 12.","JCI","2026-02-24T15:09:50.114046Z",2015
599,"1",999,"2026-02-24T15:09:56.815094Z","Business Ethics & Values",0.9821,591,"Business Ethics & Values",6.41,"O_2021_0070","We are committed to conducting our business according to the highest ethical standards and upholding our corporate responsibilities as a public company operating for the benefit of our stockholders. Our Board of Directors has adopted a Code of Business Ethics that applies to our directors, officers, and other employees. The Code of Business Ethics includes our commitment to dealing fairly with all of our customers, service providers, suppliers, and competitors. We conduct an annual training with our employees regarding ethical behavior and require all employees to acknowledge the terms of, and abide by, our Code of Business Ethics, which is also available on our website. Our employees have access to members of our Board of Directors to report anonymously, if desired, any suspicion of misconduct by any member of our senior management or executive team. Anonymous reporting is always available through the company’s whistleblower hotline and reported to our Audit Committee quarterly.
-18-","O","2026-02-24T15:09:56.815104Z",2021
600,"1",1219,"2026-02-24T15:10:01.793854Z","Business Ethics & Values",0.9821,592,"Business Ethics & Values",4.747,"OKE_2019_0121","Our employees or directors may engage in misconduct or other improper activities, including noncompliance with regulatory standards and requirements. As with all companies, we are exposed to the risk of employee fraud or other misconduct. Our Board of Directors has adopted a code of business conduct and ethics that applies to our directors, officers (including our principal executive and financial officers, principal accounting officer, controllers and other persons performing similar functions) and all other employees. We require all directors, officers and employees to adhere to our code of business conduct and ethics in addressing the legal and ethical issues encountered in conducting their work for our company. Our code of business conduct and ethics requires, among other things, that our directors, officers and employees avoid conflicts of interest, comply with all applicable laws and other legal requirements, conduct business in an honest and ethical manner and otherwise act with integrity and in our company’s best interest. All directors, officers and employees are required to report any conduct that they believe to be an actual or apparent violation of our code of business conduct and ethics.","OKE","2026-02-24T15:10:01.793864Z",2019
601,"1",1219,"2026-02-24T15:10:09.365675Z","Business Ethics & Values",0.9821,593,"Business Ethics & Values",7.332,"OKE_2020_0112","Our employees or directors may engage in misconduct or other improper activities, including noncompliance with regulatory standards and requirements. As with all companies, we are exposed to the risk of employee fraud or other misconduct. Our Board of Directors has adopted a code of business conduct and ethics that applies to our directors, officers (including our principal executive and financial officers, principal accounting officer, controllers and other persons performing similar functions) and all other employees. We require all directors, officers and employees to adhere to our code of business conduct and ethics in addressing the legal and ethical issues encountered in conducting their work for our company. Our code of business conduct and ethics requires, among other things, that our directors, officers and employees avoid conflicts of interest, comply with all applicable laws and other legal requirements, conduct business in an honest and ethical manner and otherwise act with integrity and in our company’s best interest. All directors, officers and employees are required to report any conduct that they believe to be an actual or apparent violation of our code of business conduct and ethics.","OKE","2026-02-24T15:10:09.365686Z",2020
602,"1",1219,"2026-02-24T15:10:11.206736Z","Business Ethics & Values",0.9821,594,"Business Ethics & Values",1.566,"OKE_2021_0138","Our employees or directors may engage in misconduct or other improper activities, including noncompliance with regulatory standards and requirements. As with all companies, we are exposed to the risk of employee fraud or other misconduct. Our Board of Directors has adopted a code of business conduct and ethics that applies to our directors, officers (including our principal executive and financial officers, principal accounting officer, controllers and other persons performing similar functions) and all other employees. We require all directors, officers and employees to adhere to our code of business conduct and ethics in addressing the legal and ethical issues encountered in conducting their work for our company. Our code of business conduct and ethics requires, among other things, that our directors, officers and employees avoid conflicts of interest, comply with all applicable laws and other legal requirements, conduct business in an honest and ethical manner and otherwise act with integrity and in our company’s best interest. All directors, officers and employees are required to report any conduct that they believe to be an actual or apparent violation of our code of business conduct and ethics.","OKE","2026-02-24T15:10:11.206744Z",2021
603,"1",1219,"2026-02-24T15:10:14.258360Z","Business Ethics & Values",0.9821,595,"Business Ethics & Values",2.792,"OKE_2022_0142","Our employees or directors may engage in misconduct or other improper activities, including noncompliance with regulatory standards and requirements. As with all companies, we are exposed to the risk of employee fraud or other misconduct. Our Board of Directors has adopted a code of business conduct and ethics that applies to our directors, officers (including our principal executive and financial officers, principal accounting officer, controllers and other persons performing similar functions) and all other employees. We require all directors, officers and employees to adhere to our code of business conduct and ethics in addressing the legal and ethical issues encountered in conducting their work for our company. Our code of business conduct and ethics requires, among other things, that our directors, officers and employees avoid conflicts of interest, comply with all applicable laws and other legal requirements, conduct business in an honest and ethical manner and otherwise act with integrity and in our company’s best interest. All directors, officers and employees are required to report any conduct that they believe to be an actual or apparent violation of our code of business conduct and ethics.","OKE","2026-02-24T15:10:14.258369Z",2022
604,"1",1219,"2026-02-24T15:10:15.531859Z","Business Ethics & Values",0.9821,596,"Business Ethics & Values",0.976,"OKE_2023_0144","Our employees or directors may engage in misconduct or other improper activities, including noncompliance with regulatory standards and requirements. As with all companies, we are exposed to the risk of employee fraud or other misconduct. Our Board of Directors has adopted a code of business conduct and ethics that applies to our directors, officers (including our principal executive and financial officers, principal accounting officer, controllers and other persons performing similar functions) and all other employees. We require all directors, officers and employees to adhere to our code of business conduct and ethics in addressing the legal and ethical issues encountered in conducting their work for our company. Our code of business conduct and ethics requires, among other things, that our directors, officers and employees avoid conflicts of interest, comply with all applicable laws and other legal requirements, conduct business in an honest and ethical manner and otherwise act with integrity and in our company’s best interest. All directors, officers and employees are required to report any conduct that they believe to be an actual or apparent violation of our code of business conduct and ethics.","OKE","2026-02-24T15:10:15.531868Z",2023
605,"1",596,"2026-02-24T15:10:18.485185Z","Business Ethics & Values",0.982,597,"Business Ethics & Values",2.682,"BX_2020_0999","Code of Business Conduct and Ethics

We have a Code of Business Conduct and Ethics and a Code of Ethics for Financial Professionals, which apply to our principal executive officer, principal financial officer and principal accounting officer. Each of these codes is available on our website at http://ir.blackstone.com under “Corporate Governance.” We intend to disclose any amendment to or waiver of the Code of Ethics for Financial Professionals and any waiver of our Code of Business Conduct and Ethics on behalf of an executive officer or director either on our website or in an 
8-K
 filing.","BX","2026-02-24T15:10:18.485194Z",2020
606,"1",595,"2026-02-24T15:10:19.834713Z","Business Ethics & Values",0.982,598,"Business Ethics & Values",1.097,"BX_2022_1078","Code of Business Conduct and Ethics

We have a Code of Business Conduct and Ethics and a Code of Ethics for Financial Professionals, which apply to our principal executive officer, principal financial officer and principal accounting officer. Each of these codes is available on our website at http://ir.blackstone.com under “Corporate Governance.” We intend to disclose any amendment to or waiver of the Code of Ethics for Financial Professionals and any waiver of our Code of Business Conduct and Ethics on behalf of an executive officer or director either on our website or in an 
8-K filing.","BX","2026-02-24T15:10:19.834726Z",2022
607,"1",775,"2026-02-24T15:10:25.454710Z","Business Ethics & Values",0.9819,599,"Business Ethics & Values",5.393,"AEE_2023_0029","The FERC also conducts audits and reviews of Ameren Missouri’s, Ameren Illinois’, and ATXI’s accounting records to assess the accuracy of their respective formula ratemaking process, and it can require refunds to customers for previously billed amounts, with interest. Additionally, pursuant to the IETL, Illinois utilities are subject to new requirements and provisions related to ethical conduct and transparency, including submitting an annual ethics and compliance report to the ICC. The law authorizes the ICC to initiate an investigation into how customer funds were used if ethical misconduct is determined to have occurred at an Illinois utility, potentially requiring the utility to issue refunds and imposing a potential penalty of up to $0.5 million per violation.","AEE","2026-02-24T15:10:25.454720Z",2023
608,"1",1252,"2026-02-24T15:10:29.479191Z","Business Ethics & Values",0.9817,600,"Business Ethics & Values",3.794,"DOC_2020_0025","Violations of U.S. healthcare fraud and abuse laws carry civil, criminal, and administrative sanctions, including punitive sanctions, monetary penalties, imprisonment, denial of Medicare and Medicaid reimbursement, and potential exclusion from Medicare, Medicaid or other federal or state healthcare programs. These laws are enforced by a variety of federal, state, and local agencies and in the U.S. can also be enforced by private litigants through, among other things, federal and state false claims acts, which allow private litigants to bring 
qui tam
 or “whistleblower” actions. Many of our tenants and operators are subject to these laws, and may become the subject of governmental enforcement actions or whistleblower actions if they fail to comply with applicable laws. Additionally, as of November 2019, the licensed operators of our U.S. long-term care facilities that participate in government reimbursement programs are required to have compliance and ethics programs that meet the requirements of federal laws and regulations relating to the Social Security Act. Consistent with RIDEA, such responsibilities are delegated to our operating partners and we have developed a program to periodically monitor compliance with such obligations.","DOC","2026-02-24T15:10:29.479203Z",2020
609,"1",1169,"2026-02-24T15:10:33.440333Z","Natural Capital",0.9893,601,"Natural Capital",3.732,"KDP_2024_0040","Water Stewardship

Water is a precious natural resource that is essential to our business. As water is the primary ingredient in most of our beverages, we have a particular responsibility to be good stewards of water use in our operations, our communities and throughout our supply chain. Our water stewardship goals are focused on safeguarding water resources and building healthy communities resilient to climate change.
We conduct periodic water risk assessments of our operations and supply chain. To refine our understanding of challenges for our high water-risk sites, we assess each site in the context of the surrounding watershed, the local water issues and other local entities’ interest and perspective on those issues. We last conducted a water risk assessment of our operations and supply chain in 2021. We have public goals and programs to both increase operational efficiency and to replenish water through conservation and restoration projects with conservation organizations in communities where we operate that have high water risk based on our periodic assessments. We report non-financial data annually on our water stewardship efforts to CDP Water.","KDP","2026-02-24T15:10:33.440356Z",2024
610,"1",1404,"2026-02-24T15:10:35.582616Z","Natural Capital",0.9893,602,"Natural Capital",1.894,"NEM_2022_0133","Our operations are dependent on the availability of sufficient water supplies and subject to water-related risks. We recognize the right to clean, safe water and that reliable water supplies are vital for hygiene, sanitation, livelihoods and the health of the environment. Water is also critical to our business, and the increasing pressure on water resources requires us to consider both current and future conditions in our management approach. We have set annual water efficiency targets at each of our operating sites. Additionally, over the next five years, we aim to achieve ambitious long-term water stewardship actions, which integrate our operations and value chain and support collective management of water through external partnerships and collaborations. A failure to meet our water targets and/or societal or investor expectations could also result in damage to our reputation, decreased investor confidence and challenges in maintaining positive community relations, which can pose additional obstacles to our ability to develop our projects, which may result in a material adverse impact on our business, financial position, results of operations and growth prospects. Across the globe, water is a shared and regulated resource. Newmont operates in 
areas
 where watersheds are under stress with limited supply, increasing population and water demand, and impacted water in various forms.","NEM","2026-02-24T15:10:35.582626Z",2022
611,"1",1378,"2026-02-24T15:10:39.485766Z","Natural Capital",0.9893,603,"Natural Capital",3.67,"NEM_2023_0145","Our operations are dependent on the availability of sufficient water supplies and subject to water-related risks. We recognize the right to clean, safe water and that reliable water supplies are vital for hygiene, sanitation, livelihoods and the health of the environment. Water is also critical to our business, and the increasing pressure on water resources requires us to consider both current and future conditions in our management approach. We have set annual water efficiency targets at each of our operating sites. Additionally, we aim to achieve ambitious long-term water stewardship actions, which integrate our operations and value chain and support collective management of water through external partnerships and collaborations. A failure to meet our water targets and/or societal or investor expectations could also result in damage to our reputation, decreased investor confidence and challenges in maintaining positive community relations, which can pose additional obstacles to our ability to develop our projects, which may result in a material adverse impact on our business, financial position, results of operations and growth prospects. Across the globe, water is a shared and regulated resource. Newmont operates in 
areas
 where watersheds are under stress with limited supply, increasing population and water demand, and impacted water in various forms.","NEM","2026-02-24T15:10:39.485791Z",2023
612,"1",1378,"2026-02-24T15:10:41.775227Z","Natural Capital",0.9893,604,"Natural Capital",2.049,"NEM_2024_0177","Our operations are dependent on the availability of sufficient water supplies and subject to water-related risks. We recognize the right to clean, safe water and that reliable water supplies are vital for hygiene, sanitation, livelihoods and the health of the environment. Water is also critical to our business, and the increasing pressure on water resources requires us to consider both current and future conditions in our management approach. We have set annual water efficiency targets at each of our operating sites. Additionally, we aim to achieve ambitious long-term water stewardship actions, which integrate our operations and value chain and support collective management of water through external partnerships and collaborations. A failure to meet our water targets and/or societal or investor expectations could also result in damage to our reputation, decreased investor confidence and challenges in maintaining positive community relations, which can pose additional obstacles to our ability to develop our projects, which may result in a material adverse impact on our business, financial position, results of operations and growth prospects. Across the globe, water is a shared and regulated resource. Newmont operates in 
areas
 where watersheds are under stress with limited supply, increasing population and water demand, and impacted water in various forms.","NEM","2026-02-24T15:10:41.775239Z",2024
613,"1",1049,"2026-02-24T15:10:43.680031Z","Natural Capital",0.9892,605,"Natural Capital",1.671,"KDP_2022_0054","Water Stewardship

Water is a precious natural resource that is essential to our business. As water is the primary ingredient in most of our beverages, we have a particular responsibility to be good stewards of water use in our operations, our communities and throughout our supply chain. Our water stewardship goals are focused on safeguarding water resources and building healthy communities resilient to climate change.
We conduct periodic water risk assessments of our operations and supply chain. To refine our understanding of challenges for our high water-risk sites, we assess each site in the context of the surrounding watershed, the local water issues and other local entities’ interest and perspective on those issues. We have public goals and programs to both increase operational efficiency and to replenish water through conservation and restoration projects with conservation organizations in communities where we operate that have high water risk. We report non-financial data annually on our water stewardship efforts to CDP Water.","KDP","2026-02-24T15:10:43.680056Z",2022
614,"1",1049,"2026-02-24T15:10:45.073436Z","Natural Capital",0.9892,606,"Natural Capital",1.112,"KDP_2023_0049","Water Stewardship

Water is a precious natural resource that is essential to our business. As water is the primary ingredient in most of our beverages, we have a particular responsibility to be good stewards of water use in our operations, our communities and throughout our supply chain. Our water stewardship goals are focused on safeguarding water resources and building healthy communities resilient to climate change.
We conduct periodic water risk assessments of our operations and supply chain. To refine our understanding of challenges for our high water-risk sites, we assess each site in the context of the surrounding watershed, the local water issues and other local entities’ interest and perspective on those issues. We have public goals and programs to both increase operational efficiency and to replenish water through conservation and restoration projects with conservation organizations in communities where we operate that have high water risk. We report non-financial data annually on our water stewardship efforts to CDP Water.","KDP","2026-02-24T15:10:45.073460Z",2023
615,"1",1281,"2026-02-24T15:10:48.689915Z","Natural Capital",0.9885,607,"Natural Capital",3.373,"AWK_2015_0034","Allocation rights are imposed to ensure sustainability of major water sources and passing-flow requirements are most often imposed on source waters from smaller rivers, lakes and streams. These requirements, which can change from time to time, may adversely impact our water supply. Supply issues, such as drought, overuse of sources of water, the protection of threatened species or habitats, or other factors may limit the availability of ground and surface water. For example, in our Monterey County, California operations, we are seeking to augment our sources of water supply, principally to comply with an October 20, 2009 cease and desist order of the California State Water Resources Control Board (the “2009 Order”) that our subsidiary, California-American Water Company (“Cal Am”), significantly decrease its diversions from the Carmel River in accordance with a reduction schedule running through December 31, 2016 (the ""2016 Deadline""). We are also required to augment our Monterey County sources of water supply to comply with the requirements of the Endangered Species Act. We cannot predict whether Cal Am will be able to secure alternative sources of water, or if Cal Am will be exposed to liabilities if it is unable to meet the 2016 Deadline under the 2009 Order.","AWK","2026-02-24T15:10:48.689931Z",2015
616,"1",553,"2026-02-24T15:10:54.555499Z","Natural Capital",0.9884,608,"Natural Capital",5.596,"ACN_2022_0061","Planning for Water Risk

Although Accenture is not a water-intensive company, we minimize our use of water wherever feasible, including responsible use, reuse, management, and discharge across our office portfolio. We are particularly conscious of our locations in water-stressed areas. To plan for water risk, we are developing plans to reduce the impact of flooding, drought and water scarcity on our business and our people in high-risk areas. In addition to developing water resiliency plans, we now measure, and report water use in these locations.","ACN","2026-02-24T15:10:54.555520Z",2022
617,"1",147,"2026-02-24T15:10:56.317601Z","Natural Capital",0.9884,609,"Natural Capital",1.526,"AWK_2016_0057","Our operations and the quality of water we supply are subject to extensive environmental, water quality and health and safety laws and regulations.","AWK","2026-02-24T15:10:56.317609Z",2016
618,"1",798,"2026-02-24T15:10:58.375207Z","Natural Capital",0.9879,610,"Natural Capital",1.816,"AWK_2017_0008","We are dependent on defined sources of water supply and obtain our water supply from surface water sources such as reservoirs, lakes, rivers and streams; from ground water sources, such as wells and aquifers; and water purchased from third party water suppliers. The level of treatment we apply to the water varies significantly depending upon the quality of the water source and customer stipulations. Surface water sources typically generally require significant treatment, while groundwater sources require chemical treatment only. The following chart depicts the sources of water supply as of December 31, 2016: 

 

The percentages of water supply by source type for our top seven states based on our Regulated Businesses operating revenues for 2016 were as follows:
Surface Water
Ground Water","AWK","2026-02-24T15:10:58.375218Z",2017
619,"1",1289,"2026-02-24T15:11:00.470775Z","Natural Capital",0.9879,611,"Natural Capital",1.814,"DLR_2023_0017","Includes properties that have complete water withdrawal data coverage. 
(3)
The scope of water consumed includes potable water and non-potable water purchased from third-party suppliers and water reused.
(4)
Scope of data is aligned with the 2021 GRESB Real Estate Assessment Reference Guide (“Like-for-like Comparison”).
​
b) Water Management Risks and Mitigation Strategies
​
 Some of our assets are in regions of high or extremely high baseline water stress and may face future risk of water scarcity, higher water costs, and regulatory constraints on water consumption. We consider water availability, cost, and alternate supply solutions to potable water such as municipally supplied non-potable water, which accounted for 36% of our total water usage in 2021. We also consider cooling system designs to maximize ‘free cooling’ and reduce or eliminate reliance on access to water for cooling. Our Global Water Strategy addresses the strategic role that water plays in our operations, identifies regions where water quality and scarcity pose the greatest interruption risk to our business, and creates a pipeline of projects and opportunities to advance our position with respect to water conservation, resiliency, and redundancy in our operations.
​

​
Index to Financial Statements
​","DLR","2026-02-24T15:11:00.470788Z",2023
620,"1",1403,"2026-02-24T15:11:02.576594Z","Natural Capital",0.9879,612,"Natural Capital",1.873,"MRK_2024_0006","Water as a shared resource. As water is a key input to the Company’s manufacturing operations, the Company assesses water risk throughout its network as a standard business practice. Both of the Company’s priority water-stress risk sites have conservation plans in place and are actively working on water use reduction and recycling improvement projects. These projects are consistent with the Company’s ongoing commitment to achieving its stated target of maintaining global water use at or below 2015 levels by 2025. The Company’s sites are employing various technologies and techniques aimed at reducing its water footprint and improving operational performance. The Company’s 

Table of C
o
ntent
s
continued endorsement of the United Nations CEO Water Mandate enables continued alignment of the Company’s water program with the mandate’s principles directly in the Company’s operations. The Company has continued to identify partnerships to help it advance its water stewardship priorities in the areas in which it operates. The Company continues to review and explore other opportunities to further its environmental strategy and will evaluate potential impacts and commitments. Management does not believe that expenditures related to these initiatives should have a material adverse effect on the Company’s financial condition, results of operations, liquidity or capital resources for any year.","MRK","2026-02-24T15:11:02.576605Z",2024
621,"1",1264,"2026-02-24T15:11:05.054942Z","Natural Capital",0.9877,613,"Natural Capital",2.247,"DLR_2022_0016","Includes properties that have complete water withdrawal data coverage. 
(3)
The scope of water consumed includes potable water and non-potable water purchased from third-party suppliers and water reused.
(4)
Scope of data is aligned with the 2020 GRESB Real Estate Assessment Reference Guide (“Like-for-like Comparison”).
​
b) Water Management Risks and Mitigation Strategies
​
 Some of our assets are in regions of high or extremely high baseline water stress and may face future risk of water scarcity, higher water costs, and regulatory constraints on water consumption. We consider water availability, cost, and alternate supply solutions to potable water such as municipally supplied non-potable reclaimed water, which accounted for 43% of our total water usage in 2020. We also consider cooling system designs to maximize ‘free cooling’ and reduce or eliminate reliance on access to water for cooling. Our Global Water Strategy addresses the strategic role that water plays in our operations, identifies regions where water quality and scarcity pose the greatest interruption risk to our business, and creates a pipeline of projects and opportunities to advance our position with respect to water conservation, resiliency, and redundancy in our operations.
​","DLR","2026-02-24T15:11:05.054954Z",2022
622,"1",1097,"2026-02-24T15:11:06.648225Z","Natural Capital",0.9876,614,"Natural Capital",1.36,"KDP_2021_0048","Water Stewardship

KDP conducts periodic water risk assessments of its operations and supply chain. To refine our understanding of challenges for our high water-risk sites, we assess each site in the context of the surrounding watershed, the local water issues and other local entities’ interest and perspective on those issues. We have public goals and programs to both increase operational efficiency and to replenish water through conservation and restoration projects with conservation organizations in communities where we operate that have high water risk. We report annually on our water stewardship efforts to CDP Water.
In 2020, KDP joined a water stewardship effort to increase water supply reliability for Arizona, Nevada, and California through a system conservation project with the Colorado River Indian Tribes. Additionally, we were a founding company member in the first-of-its kind beverage industry collaboration project to improve water quantity and quality in Jalisco, Mexico through activities such as planting native vegetation and restoring water infrastructure in the area.","KDP","2026-02-24T15:11:06.648237Z",2021
623,"1",1168,"2026-02-24T15:11:08.203198Z","Natural Capital",0.9876,615,"Natural Capital",1.306,"PEP_2021_0050","Water scarcity can adversely affect our business.

We and our business partners use water in the manufacturing and sourcing of our products. Lack of available water of acceptable quality, increasing focus by governmental and non-governmental organizations, investors, customers and consumers on water scarcity and increasing pressure to conserve and replenish water in areas of scarcity and stress may lead to: supply chain disruption; adverse effects on our operations or the operations of our business partners; higher compliance costs; capital expenditures (including investments in the development of technologies to enhance water efficiency and reduce consumption); higher production costs, including less favorable pricing for water; the interruption or cessation of operations at, or relocation of, our facilities or the facilities of our business partners; failure to achieve our sustainability goals relating to water use; perception of our failure to act responsibly with respect to water use or to effectively respond to legal or regulatory requirements concerning water scarcity; or damage to our reputation, any of which can adversely affect our business.","PEP","2026-02-24T15:11:08.203210Z",2021
624,"1",1160,"2026-02-24T15:11:10.569385Z","Natural Capital",0.9875,616,"Natural Capital",2.124,"AWK_2018_0043","Regulated Businesses

generally own the physical assets used to store, pump, treat and deliver water to our customers and collect, treat, transport and recycle wastewater. Typically, we do not own the water itself, which is held in public trust and is allocated to us through contracts, permits and allocation rights granted by federal and state agencies or through the ownership of water rights pursuant to local law. We are dependent on defined sources of water supply and obtain our water supply from surface water sources such as reservoirs, lakes, rivers and streams; from groundwater sources, such as wells and aquifers; and water purchased from third party water suppliers. The level of treatment we apply to the water varies significantly depending upon the quality of the water source and customer stipulations. Surface water sources typically generally require significant treatment, while groundwater sources require chemical treatment only.

The following chart depicts our sources of water supply as of 
December 31, 2017
: 
The percentages of water supply by source type for our top seven states for 

 were as follows:
Surface Water
Ground Water","AWK","2026-02-24T15:11:10.569396Z",2018
625,"1",998,"2026-02-24T15:11:15.963991Z","Natural Capital",0.9875,617,"Natural Capital",5.156,"MGM_2024_0020","Additionally, as a result of this white paper, MGM Resorts became the first gaming and Las Vegas-based company to endorse the CEO Water Mandate, a global coalition of major companies working to address global water challenges. Throughout 2023, we refined our approach to water stewardship through the identification of five principles: Measurement, Efficiency, Quality, Culture and Citizenship. We strive to be a global leader in water stewardship and envision a sustainable future in which we have a positive impact in Las Vegas and the other communities in which we operate. In order to achieve this goal, we are focused on addressing water issues at the local level across our operations and supply chain, such as in Southern Nevada where consumptive water use reduction is a critical priority. In addition, we continued our water-related disclosures by participating in the 2023 CDP Water Security questionnaire and achieved a score of “A-”, meeting the criteria for the top level (Leadership).","MGM","2026-02-24T15:11:15.964002Z",2024
626,"1",311,"2026-02-24T15:11:17.953913Z","Natural Capital",0.9875,618,"Natural Capital",1.717,"PEP_2020_0084","Water scarcity can have an adverse impact on our business, financial condition or results of operations. We and our suppliers, bottlers, contract manufacturers, joint venture partners and other third parties use water in the manufacturing of our products. Water is a limited resource in many parts of the world.","PEP","2026-02-24T15:11:17.953924Z",2020
627,"1",1311,"2026-02-24T15:11:21.515534Z","Natural Capital",0.9874,619,"Natural Capital",3.325,"AWK_2018_0044","Purchased Water

New Jersey
72%
 
24%
 
4%
Pennsylvania
91%
 
7%
 
2%
Illinois
53%
 
36%
 
11%
Missouri
80%
 
19%
 
1%
Indiana
44%
 
56%
 
—
California
—
 
65%
 
35%
West Virginia
100%
 
—
 
—
Our ability to meet the existing and future water demands of our customers depends on an adequate water supply. Drought, governmental restrictions, overuse of sources of water, the protection of threatened species or habitats, contamination or other factors may limit the availability of ground and surface water. We employ a variety of measures in an effort to obtain adequate sources of water supply, both in the short-term and over the long-term. The geographic diversity of our service areas may mitigate some of the economic effects on the water supply associated with weather extremes we might encounter in any particular service territory. For example, in any given summer, some areas may experience drier than average weather, which may reduce the amount of source water available, while other areas we serve may experience wetter than average weather. In our long-term planning, we evaluate quality, quantity, growth needs and alternate sources of water supply as well as transmission and distribution capacity. Water supply is seasonal in nature and weather conditions can have a pronounced effect on supply.","AWK","2026-02-24T15:11:21.515545Z",2018
628,"1",1265,"2026-02-24T15:11:23.703607Z","Natural Capital",0.9874,620,"Natural Capital",1.947,"AWK_2016_0010","In order to ensure that we have adequate water supply, we use long-term planning processes and maintain contingency plans to minimize the potential impact on service through a wide range of weather fluctuations. In connection with supply planning for most surface or groundwater sources, we employ models to determine safe yields under different rainfall and drought conditions. Surface and ground water levels are routinely monitored so that supply capacity deficits may, to the extent possible, be predicted and mitigated through demand management and additional supply development. An example of our use of long-term planning to ensure that we have adequate water supply is our involvement in the Monterey Peninsula Water Supply Project (the “Water Supply Project”) in California. The Water Supply Project involves the construction of a desalination plant, owned by California-American Water Company, our wholly owned subsidiary (“Cal Am”), which includes the construction of wells that would supply water to the desalination plant. The Water Supply Project is intended, among other things, to fulfill obligations of Cal Am to eliminate unauthorized diversions from the Carmel River as required under orders of the California State Water Resources Control Board.","AWK","2026-02-24T15:11:23.703619Z",2016
629,"1",1076,"2026-02-24T15:11:25.420842Z","Natural Capital",0.9874,621,"Natural Capital",1.409,"DLR_2024_0016","Includes properties that have complete water withdrawal data coverage. 
(3)
The scope of water consumed includes potable water and non-potable water purchased from third-party suppliers and water reused.
(4)
Scope of data is aligned with the 2022 GRESB Real Estate Assessment Reference Guide (“Like-for-like Comparison”).
​
b) Water Management Risks and Mitigation Strategies
​
Our global water strategy addresses the strategic role that water plays in our operations and regions where water quality and scarcity pose the greatest interruption risk to our business. Some of our assets are in regions of high or extremely high baseline water stress and may face future risk of water scarcity, higher water costs, and regulatory constraints on water consumption. We consider water availability, cost, and alternate supply solutions to potable water such as municipally supplied non-potable water, which accounted for 36% of our total water usage in 2023. We also consider cooling system designs to maximize ‘free cooling’ and reduce or eliminate reliance on water for cooling.
​","DLR","2026-02-24T15:11:25.420854Z",2024
630,"1",202,"2026-02-24T15:11:27.715161Z","Natural Capital",0.9874,622,"Natural Capital",2.019,"XYL_2015_0011","Innovation

- We seek to enhance the Company’s innovation efforts with increased focus on disruptive technologies that can significantly improve customers’ water productivity, quality and resilience.

•","XYL","2026-02-24T15:11:27.715182Z",2015
631,"1",1311,"2026-02-24T15:11:31.888799Z","Natural Capital",0.9873,623,"Natural Capital",3.929,"AWK_2019_0044","Purchased Water

New Jersey
71%
 
24%
 
5%
Pennsylvania
91%
 
7%
 
2%
Missouri
79%
 
20%
 
1%
Illinois
53%
 
36%
 
11%
California
—
 
64%
 
36%
Indiana
44%
 
56%
 
—
West Virginia
99%
 
—
 
1%
Our ability to meet the existing and future water demands of our customers depends on an adequate water supply. Drought, governmental restrictions, overuse of sources of water, the protection of threatened species or habitats, contamination or other factors may limit the availability of ground and surface water. We employ a variety of measures in an effort to obtain adequate sources of water supply, both in the short-term and over the long-term. The geographic diversity of our service areas may mitigate some of the economic effects on the water supply associated with weather extremes we might encounter in any particular service territory. For example, in any given summer, some areas may experience drier than average weather, which may reduce the amount of source water available, while other areas we serve may experience wetter than average weather. In our long-term planning, we evaluate quality, quantity, growth needs and alternate sources of water supply as well as transmission and distribution capacity. Water supply is seasonal in nature and weather conditions can have a pronounced effect on supply.","AWK","2026-02-24T15:11:31.888809Z",2019
632,"1",757,"2026-02-24T15:11:38.532382Z","Natural Capital",0.9873,624,"Natural Capital",6.416,"AWK_2016_0008","Typically, we do not own the water itself, which is held in public trust and is allocated to us through contracts and allocation rights granted by federal and state agencies or through the ownership of water rights pursuant to local law. We are dependent on a defined source of water supply and obtain our water supply from surface water sources such as reservoirs, lakes, rivers and streams; from ground water sources, such as wells; and water purchased from third party water suppliers. The following chart depicts the sources of water supply as of December 31, 2015:

The percentages of finished water supply by source type for our top seven states based on our Regulated Businesses operating revenues for 2015 were as follows:
Surface Water
Ground Water","AWK","2026-02-24T15:11:38.532395Z",2016
633,"1",1298,"2026-02-24T15:11:43.675134Z","Natural Capital",0.9873,625,"Natural Capital",4.899,"AWK_2016_0009","Purchased Water

New Jersey

%

%

%

 Pennsylvania

%

%

%

 Illinois

%

%

%

 Missouri

%

%

%

 Indiana

%

%

%

 California

—

%

%

 West Virginia

%

 

—

 

 

—

 

Our ability to meet the existing and future water demands of our customers depends on an adequate water supply. Drought, governmental restrictions, overuse of sources of water, the protection of threatened species or habitats, contamination, or other factors may limit the availability of ground and surface water. We employ a variety of measures in an effort to obtain adequate sources of water supply, both in the short-term and over the long-term. The geographic diversity of our service areas may mitigate some of the economic effect on the water supply associated with weather extremes we might encounter in any particular service territory. For example, in any given summer, some areas may experience drier than average weather, which may reduce the amount of source water available, while other areas we serve may experience wetter than average weather. In our long-term planning, we evaluate quality, quantity, growth needs and alternate sources of water supply as well as transmission and distribution capacity. Water supply is seasonal in nature and weather conditions can have a pronounced effect on supply.","AWK","2026-02-24T15:11:43.675144Z",2016
634,"1",1292,"2026-02-24T15:11:48.179847Z","Natural Capital",0.9873,626,"Natural Capital",4.253,"AWK_2017_0009","Purchased Water

New Jersey

%

%

%

 Pennsylvania

%

%

%

 Missouri

%

%

%

 Illinois

%

%

%

 Indiana

%

%

%

 California

—

%

%

 West Virginia

%

 

—

%

 

Our ability to meet the existing and future water demands of our customers depends on an adequate water supply. Drought, governmental restrictions, overuse of sources of water, the protection of threatened species or habitats, contamination, or other factors may limit the availability of ground and surface water. We employ a variety of measures in an effort to obtain adequate sources of water supply, both in the short-term and over the long-term. The geographic diversity of our service areas may mitigate some of the economic effect on the water supply associated with weather extremes we might encounter in any particular service territory. For example, in any given summer, some areas may experience drier than average weather, which may reduce the amount of source water available, while other areas we serve may experience wetter than average weather. In our long-term planning, we evaluate quality, quantity, growth needs and alternate sources of water supply as well as transmission and distribution capacity. Water supply is seasonal in nature and weather conditions can have a pronounced effect on supply.","AWK","2026-02-24T15:11:48.179857Z",2017
635,"1",1499,"2026-02-24T15:11:50.543784Z","Natural Capital",0.9872,627,"Natural Capital",2.109,"WY_2022_0025","IMPROVING CONSERVATION OUTCOMES

Ensuring our forests provide habitat features that support at-risk, sensitive or threatened and endangered species is a core component of our environmental stewardship. We pursue a number of programs to create and preserve critical habitat, including partnering on conservation easements and agreements, formal Habitat Conservation Plans (HCPs) with the U.S. federal government and mitigation banking. Conservation easements and other local agreements can assure sustainable forest practices and the long-term stewardship and protection of wildlife habitat, biodiversity and recreational access. These partnerships can be made with a variety of groups and organizations, and they allow natural resource management to continue, which helps protect the economic benefits of a working forest. HCPs are administered under the federal Endangered Species Act and help provide more specific guidance on the protection and enhancement of habitats for threatened and endangered species. We currently participate in HCPs and other conservation agreements in Alabama, Arkansas, Florida, Georgia, Louisiana, Maine, Mississippi, New Hampshire, North Carolina, Oklahoma, Oregon, South Carolina, Vermont and Washington. Authorized through the U.S. Clean Water Act, mitigation banking allows us to set aside certain areas of our timberlands to preserve, enhance or restore a wetland, stream or habitat area to make up for development by another entity in a similar nearby ecosystem.","WY","2026-02-24T15:11:50.543795Z",2022
636,"1",1269,"2026-02-24T15:11:52.477389Z","Natural Capital",0.987,628,"Natural Capital",1.71,"AWK_2016_0061","Our ability to meet the existing and future demand of our customers depends on the availability of an adequate supply of water. As a general rule, sources of public water supply, including rivers, lakes, streams and groundwater aquifers, are held in the public trust and are not owned by private interests. As a result, we typically do not own the water that we use in our operations, and the availability of our water supply is established through allocation rights (determined by legislation or court decisions) and passing-flow requirements set by governmental entities. Passing-flow requirements set minimum volumes of water that must pass through specified water sources, such as rivers and streams, in order to maintain environmental habitats and meet water allocation rights of downstream users. Allocation rights are imposed to ensure sustainability of major water sources and passing-flow requirements are most often imposed on source waters from smaller rivers, lakes and streams. These requirements, which can change from time to time, may adversely impact our water supply. Supply issues, such as drought, overuse of sources of water, the protection of threatened species or habitats, or other factors may limit the availability of ground and surface water.","AWK","2026-02-24T15:11:52.477402Z",2016
637,"1",1407,"2026-02-24T15:11:54.221375Z","Natural Capital",0.987,629,"Natural Capital",1.49,"NEM_2023_0025","We operate in water-stressed areas with limited supply and increasing population and water demand. Increasing pressure on water use may occur due to increased populations in and around communities in proximity to our operations. We have set annual water efficiency targets through 2023 to reduce freshwater consumption and developed water action plans in support of our goal to achieve water stewardship. Biodiversity. Our operations span four continents in a range of ecosystems that include tropical, desert and arctic climates. We understand the impact our activities can have on the environment and are committed to protect and prevent – or otherwise minimize, mitigate and remediate – those impacts in the areas where we operate through responsible management during all aspects of the mine lifecycle and collaboration with stakeholders to develop integrated approaches to land use. Our Environmental Impact. We conduct our operations so as to protect public health and the environment and believe our operations are in compliance with applicable laws and regulations in all material respects. Our mining and exploration activities are subject to various laws and regulations in multiple jurisdictions governing the protection of the environment. These laws and regulations are continually changing and are generally becoming more restrictive. Our Environmental Reclamation and Remediation Commitments.","NEM","2026-02-24T15:11:54.221387Z",2023
638,"1",218,"2026-02-24T15:11:56.148182Z","Natural Capital",0.987,630,"Natural Capital",1.672,"XYL_2016_0010","Innovation & Technology

- We seek to enhance the Company’s innovation efforts with increased focus on technologies and innovation that can significantly improve customers’ water productivity, quality and resilience.
•","XYL","2026-02-24T15:11:56.148195Z",2016
639,"1",1198,"2026-02-24T15:11:57.849524Z","Natural Capital",0.9869,631,"Natural Capital",1.454,"AWK_2019_0043","Regulated Businesses

generally own the physical assets used to store, pump, treat and deliver water to our customers and collect, treat, transport and recycle wastewater. Typically, we do not own the water itself, which is held in public trust and is allocated to us through contracts, permits and allocation rights granted by federal and state or multi-state agencies or through the ownership of water rights pursuant to local law. We are dependent on defined sources of water supply and obtain our water supply from surface water sources such as reservoirs, lakes, rivers and streams; from groundwater sources, such as wells and aquifers; and water purchased from third-party water suppliers. The level of water treatment we apply varies significantly depending upon the quality of the water source and customer stipulations. Surface water sources typically generally require significant treatment, while groundwater sources often require chemical treatment only.
The following chart depicts our sources of water supply as of 
December 31, 2018
: 
The following table provides percentages of water supply by source type for our top seven states for 

 were as follows:
Surface Water
Ground Water","AWK","2026-02-24T15:11:57.849534Z",2019
640,"1",116,"2026-02-24T15:11:59.428322Z","Natural Capital",0.9868,632,"Natural Capital",1.303,"NEM_2024_0051","Our operations are dependent on the availability of sufficient water supplies and subject to water-related risks.

•","NEM","2026-02-24T15:11:59.428333Z",2024
641,"1",479,"2026-02-24T15:12:03.067559Z","Natural Capital",0.9868,633,"Natural Capital",3.392,"WYNN_2015_0079","Las Vegas Water Rights

We own approximately 834 acre-feet of permitted and certificated water rights, which we currently use to irrigate the golf course. We also own approximately 151.5 acre-feet of permitted and certificated water rights for commercial use. There are significant cost savings and conservation benefits associated with using water supplied pursuant to our water rights. We anticipate using our water rights to support future development of the golf course land.","WYNN","2026-02-24T15:12:03.067570Z",2015
642,"1",479,"2026-02-24T15:12:05.244622Z","Natural Capital",0.9868,634,"Natural Capital",1.925,"WYNN_2016_0081","Las Vegas Water Rights

We own approximately 834 acre-feet of permitted and certificated water rights, which we currently use to irrigate the golf course. We also own approximately 151.5 acre-feet of permitted and certificated water rights for commercial use. There are significant cost savings and conservation benefits associated with using water supplied pursuant to our water rights. We anticipate using our water rights to support future development of the golf course land.","WYNN","2026-02-24T15:12:05.244634Z",2016
643,"1",479,"2026-02-24T15:12:06.995150Z","Natural Capital",0.9868,635,"Natural Capital",1.501,"WYNN_2017_0081","Las Vegas Water Rights

We own approximately 834 acre-feet of permitted and certificated water rights, which we currently use to irrigate the golf course. We also own approximately 151.5 acre-feet of permitted and certificated water rights for commercial use. There are significant cost savings and conservation benefits associated with using water supplied pursuant to our water rights. We anticipate using our water rights to support future development of the golf course land.","WYNN","2026-02-24T15:12:06.995160Z",2017
644,"1",1025,"2026-02-24T15:12:10.197055Z","Natural Capital",0.9867,636,"Natural Capital",2.942,"AWK_2024_0105","As a general rule, sources of public water supply, including rivers, lakes, streams, groundwater aquifers and recycled water sources, are held in the public trust and are not generally owned by private interests. As a result, we typically do not own the source water that we use in our operations, and the availability of our water supply is established through allocation rights (determined by legislation or court decisions) and passing-flow requirements set by governmental entities or by entering into water purchase agreements. These requirements, which can change from time to time, and vary by state or region, may adversely impact our water supply. Supply issues, such as drought, overuse of sources of water, the protection of threatened species or habitats, contamination or other factors may limit the availability of ground and surface water. If we are unable to secure available or alternative sources of water, our business, financial condition, results of operations and cash flows could be adversely affected.","AWK","2026-02-24T15:12:10.197066Z",2024
645,"1",1314,"2026-02-24T15:12:12.339839Z","Natural Capital",0.9867,637,"Natural Capital",1.9,"AWK_2017_0010","In order to ensure that we have adequate water supply, we use long-term planning processes and maintain contingency plans to minimize the potential impact on service through a wide range of weather fluctuations. In connection with supply planning for most surface or groundwater sources, we employ models to determine safe yields under different rainfall and drought conditions. Surface and ground water levels are routinely monitored so that supply capacity deficits may, to the extent possible, be predicted and mitigated through demand management and additional supply development. An example of our use of long-term planning to ensure that we have adequate water supply is our involvement in the Monterey Peninsula Water Supply Project (the “Water Supply Project”) in California. The Water Supply Project includes the construction of a desalination plant, owned by California-American Water Company, our wholly owned subsidiary (“Cal Am”), which includes the construction of wells that would supply water to the desalination plant. In 

addition, the Water Supply Project also includes Cal Am’s purchase of water from a groundwater replenishment project (the “GWR Project”) between 
the Monterey Regional Water Pollution Control Agency (“MRWPCA”) and the Monterey Peninsula Water Management District (“MPWMD”).","AWK","2026-02-24T15:12:12.339847Z",2017
646,"1",1487,"2026-02-24T15:12:15.069563Z","Natural Capital",0.9867,638,"Natural Capital",2.485,"FCX_2015_0186","Our mining production depends on the availability of sufficient water supplies. Our mining operations require significant quantities of water for mining, ore processing and related support facilities. Most of our mining operations in North and South America are in areas where water is scarce and competition among users for continuing access to water is significant. Continuous production at our mines is dependent on our ability to maintain our water rights and claims, and the continuing physical availability of the water supplies. At our North America mining operations, certain of our water supplies are supported by surface water rights, which allow us to use public waters for a statutorily defined beneficial use at a designated location. In Arizona, where our operations use both surface and ground water, we are a participant in two active general stream adjudications in which the Arizona courts have been attempting, for over 40 years, to quantify and prioritize surface water claims for two of the state's largest river systems, which affect four of our operating mines (Morenci, Safford, Sierrita and Miami). The legal precedent set in these proceedings may also affect our Bagdad mine. The adjudications are addressing the state law claims of thousands of competing users, including us, as well as very significant federally based water claims of U.S. interests in Arizona that are potentially adverse to the claims of surface water and groundwater users under state law.","FCX","2026-02-24T15:12:15.069587Z",2015
647,"1",403,"2026-02-24T15:12:18.532076Z","Natural Capital",0.9865,639,"Natural Capital",3.232,"FCX_2021_0023","The Bagdad operation encompasses approximately 33,100 acres, comprising 21,900 acres of fee lands and 11,200 acres of unpatented mining claims held on public mineral estate and numerous state or federal permits, easements and rights-of-ways. Bagdad receives electrical power from Arizona Public Service Company. We believe the Bagdad operation has sufficient water sources to support current operations.","FCX","2026-02-24T15:12:18.532092Z",2021
648,"1",157,"2026-02-24T15:12:21.948182Z","Natural Capital",0.9864,640,"Natural Capital",3.158,"AWK_2023_0060","The Company utilizes water quality testing equipment and implements new and emerging technologies to help detect potential water supply contamination issues.","AWK","2026-02-24T15:12:21.948194Z",2023
649,"1",157,"2026-02-24T15:12:23.396093Z","Natural Capital",0.9864,641,"Natural Capital",1.216,"AWK_2024_0060","The Company utilizes water quality testing equipment and implements new and emerging technologies to help detect potential water supply contamination issues.","AWK","2026-02-24T15:12:23.396105Z",2024
650,"1",834,"2026-02-24T15:12:25.399550Z","Natural Capital",0.9864,642,"Natural Capital",1.781,"MGM_2023_0098","Water scarcity could negatively impact our operations.

Water is critical to the prosperity of the communities we serve and the ecosystems in which we operate. Water is also a limited resource in many parts of the world, including Las Vegas where the majority of our properties are located. Water availability is facing unprecedented challenges from overexploitation, the effects of climate change, and increasing demand for food and other consumer and industrial products whose manufacturing processes require water. As the demand for water continues to increase in the areas in which we operate, and as water becomes scarcer and the quality of available water deteriorates, our operations may incur higher costs or face capacity constraints and the possibility of reputational damage, which could adversely affect our profitability.","MGM","2026-02-24T15:12:25.399561Z",2023
651,"1",834,"2026-02-24T15:12:26.740290Z","Natural Capital",0.9864,643,"Natural Capital",1.079,"MGM_2024_0101","Water scarcity could negatively impact our operations.

Water is critical to the prosperity of the communities we serve and the ecosystems in which we operate. Water is also a limited resource in many parts of the world, including Las Vegas where the majority of our properties are located. Water availability is facing unprecedented challenges from overexploitation, the effects of climate change, and increasing demand for food and other consumer and industrial products whose manufacturing processes require water. As the demand for water continues to increase in the areas in which we operate, and as water becomes scarcer and the quality of available water deteriorates, our operations may incur higher costs or face capacity constraints and the possibility of reputational damage, which could adversely affect our profitability.","MGM","2026-02-24T15:12:26.740301Z",2024
652,"1",1294,"2026-02-24T15:12:30.668028Z","Natural Capital",0.9863,644,"Natural Capital",3.713,"PEP_2020_0085","The lack of available water of acceptable quality, increasing focus by governmental and non-governmental organizations, investors, customers and consumers on water scarcity and increasing pressure to conserve and replenish water in areas of scarcity and stress may lead to: supply chain disruption; adverse effects on our operations or the operations of our suppliers, bottlers, contract manufacturers, distributor, joint venture partners or other third parties; higher compliance costs; capital expenditures (including additional investments in the development of technologies to enhance water efficiency and reduce water consumption); higher production costs, including less favorable pricing for water; the cessation of operations at, or relocation of, our facilities or the facilities of our suppliers, bottlers, contract manufacturers, distributors, joint venture partners or other third parties; failure to achieve our sustainability goals relating to water use; perception (whether or not valid) of our failure to act responsibly with respect to water use or to effectively respond to new, or changes in, legal or regulatory requirements concerning water scarcity; or damage to our reputation, any of which can adversely affect our business, financial condition or results of operations.","PEP","2026-02-24T15:12:30.668039Z",2020
653,"1",1357,"2026-02-24T15:12:32.671868Z","Natural Capital",0.9862,645,"Natural Capital",1.78,"AWK_2017_0066","Limitations on availability of water supplies or restrict

ions on our use of water supplies as a result of government regulation or action may adversely affect our access to sources of water, our ability to supply water to customers or the demand for our water services. Our ability to meet the existing and future demand of our customers depends on the availability of an adequate supply of water. As a general rule, sources of public water supply, including rivers, lakes, streams and groundwater aquifers, are held in the public trust and are not owned by private interests. As a result, we typically do not own the water that we use in our operations, and the availability of our water supply is established through allocation rights (determined by legislation or court decisions) and passing-flow requirements set by governmental entities. Passing-flow requirements set minimum volumes of water that must pass through specified water sources, such as rivers and streams, in order to maintain environmental habitats and meet water allocation rights of downstream users. Allocation rights are imposed to ensure sustainability of major water sources and passing-flow requirements are most often imposed on source waters from smaller rivers, lakes and streams. These requirements, which can change from time to time, may adversely impact our water supply.","AWK","2026-02-24T15:12:32.671879Z",2017
654,"1",319,"2026-02-24T15:12:34.556481Z","Natural Capital",0.9862,646,"Natural Capital",1.64,"LYB_2016_0046","Additionally, there is growing concern over the reliability of water sources, including around the Texas Gulf Coast where several of our
facilities are located. The decreased availability or less favorable pricing for water as a result of population growth, drought or regulation could negatively impact our operations.","LYB","2026-02-24T15:12:34.556492Z",2016
655,"1",319,"2026-02-24T15:12:36.459910Z","Natural Capital",0.9862,647,"Natural Capital",1.656,"LYB_2017_0045","Additionally, there is growing concern over the reliability of water sources, including around the Texas Gulf Coast where several of our
facilities are located. The decreased availability or less favorable pricing for water as a result of population growth, drought or regulation could negatively impact our operations.","LYB","2026-02-24T15:12:36.459921Z",2017
656,"1",319,"2026-02-24T15:12:37.668430Z","Natural Capital",0.9862,648,"Natural Capital",0.983,"LYB_2018_0042","Additionally, there is growing concern over the reliability of water sources, including around the Texas Gulf Coast where several of our
facilities are located. The decreased availability or less favorable pricing for water as a result of population growth, drought or regulation could negatively impact our operations.","LYB","2026-02-24T15:12:37.668443Z",2018
657,"1",1389,"2026-02-24T15:12:40.079927Z","Natural Capital",0.9862,649,"Natural Capital",2.143,"NEM_2023_0146","Increasing pressure on water use may occur due to in-migration of communities and increased populations in proximity to our operations. Although each of our operations currently has sufficient water rights, claims and contracts to cover its operational demands, we cannot predict the potential outcome of pending or future legal proceedings or community negotiations relating to our 
water rights, claims, contracts and uses. Water shortages and surplus may also result from weather or climate impacts outside of the Company’s control. Changes 
in the quantity of water, whether in excess or deficient amounts, may impact exploration and development activities, mining and processing operations, water management and treatment facilities, tailings storage facilities, closure and reclamation efforts, and may increase levels of dust in dry conditions and land erosion and slope stability in case of prolonged wet conditions. Our Peñasquito and CC&V operations are situated in areas with high baseline water stress. CC&V in Colorado must purchase water supply in order to meet site needs and augmentation requirements. Peñasquito in Mexico takes its water supply from the Cedros Aquifer which has limited and declining yield as it is located in a dry and arid area that is prone to drought, and also is relied upon by nearby communities as a water supply for drinking water and agriculture.","NEM","2026-02-24T15:12:40.079937Z",2023
658,"1",1014,"2026-02-24T15:12:43.710850Z","Natural Capital",0.9862,650,"Natural Capital",3.382,"PNW_2015_0076","San Juan River Adjudication.

Both groundwater and surface water in areas important to APS’s operations have been the subject of inquiries, claims, and legal proceedings, which will require a number of years to resolve. APS is one of a number of parties in a proceeding, filed March 13, 1975, before the Eleventh Judicial District Court in New Mexico to adjudicate rights to a stream system from which water for Four 

Corners is derived. An agreement reached with the Navajo Nation in 1985, however, provides that if Four Corners loses a portion of its rights in the adjudication, the Navajo Nation will provide, for an agreed upon cost, sufficient water from its allocation to offset the loss. In addition, APS is a party to a water contract that allows the company to secure water for Four Corners in the event of a water shortage and is a party to a shortage sharing agreement, which provides for the apportionment of water supplies to Four Corners in the event of a water shortage in the San Juan River Basin.","PNW","2026-02-24T15:12:43.710859Z",2015
659,"1",1012,"2026-02-24T15:12:45.409794Z","Natural Capital",0.9862,651,"Natural Capital",1.465,"PNW_2016_0079","San Juan River Adjudication.

Both groundwater and surface water in areas important to APS’s operations have been the subject of inquiries, claims, and legal proceedings, which will require a number of years to resolve. APS is one of a number of parties in a proceeding, filed March 13, 1975, before the Eleventh Judicial District Court in New Mexico to adjudicate rights to a stream system from which water for Four Corners is derived. An agreement reached with the Navajo Nation in 1985, however, provides that if Four Corners loses a portion of its rights in the adjudication, the Navajo Nation will provide, for an agreed upon cost, sufficient water from its allocation to offset the loss. In addition, APS is a party to a water contract that allows the company to secure water for Four Corners in the event of a water shortage and is a party to a shortage sharing agreement, which provides for the apportionment of water supplies to Four Corners in the event of a water shortage in the San Juan River Basin.","PNW","2026-02-24T15:12:45.409806Z",2016
660,"1",1012,"2026-02-24T15:12:47.043642Z","Natural Capital",0.9862,652,"Natural Capital",1.345,"PNW_2017_0081","San Juan River Adjudication.

Both groundwater and surface water in areas important to APS’s operations have been the subject of inquiries, claims, and legal proceedings, which will require a number of years to resolve. APS is one of a number of parties in a proceeding, filed March 13, 1975, before the Eleventh Judicial District Court in New Mexico to adjudicate rights to a stream system from which water for Four Corners is derived. An agreement reached with the Navajo Nation in 1985, however, provides that if Four Corners loses a portion of its rights in the adjudication, the Navajo Nation will provide, for an agreed upon cost, sufficient water from its allocation to offset the loss. In addition, APS is a party to a water contract that allows the company to secure water for Four Corners in the event of a water shortage and is a party to a shortage sharing agreement, which provides for the apportionment of water supplies to Four Corners in the event of a water shortage in the San Juan River Basin.","PNW","2026-02-24T15:12:47.043652Z",2017
661,"1",1014,"2026-02-24T15:12:48.874130Z","Natural Capital",0.9862,653,"Natural Capital",1.564,"PNW_2018_0083","San Juan River Adjudication.

Both groundwater and surface water in areas important to APS’s operations have been the subject of inquiries, claims, and legal proceedings, which will require a number of years to resolve. APS is one of a number of parties in a proceeding, filed March 13, 1975, before the Eleventh Judicial District Court in New Mexico to adjudicate rights to a stream system from which water for Four 

Corners is derived. An agreement reached with the Navajo Nation in 1985, however, provides that if Four Corners loses a portion of its rights in the adjudication, the Navajo Nation will provide, for an agreed upon cost, sufficient water from its allocation to offset the loss. In addition, APS is a party to a water contract that allows the company to secure water for Four Corners in the event of a water shortage and is a party to a shortage sharing agreement, which provides for the apportionment of water supplies to Four Corners in the event of a water shortage in the San Juan River Basin.","PNW","2026-02-24T15:12:48.874139Z",2018
662,"1",1012,"2026-02-24T15:12:50.754524Z","Natural Capital",0.9862,654,"Natural Capital",1.63,"PNW_2019_0088","San Juan River Adjudication.

Both groundwater and surface water in areas important to APS’s operations have been the subject of inquiries, claims, and legal proceedings, which will require a number of years to resolve. APS is one of a number of parties in a proceeding, filed March 13, 1975, before the Eleventh Judicial District Court in New Mexico to adjudicate rights to a stream system from which water for Four Corners is derived. An agreement reached with the Navajo Nation in 1985, however, provides that if Four Corners loses a portion of its rights in the adjudication, the Navajo Nation will provide, for an agreed upon cost, sufficient water from its allocation to offset the loss. In addition, APS is a party to a water contract that allows the company to secure water for Four Corners in the event of a water shortage and is a party to a shortage sharing agreement, which provides for the apportionment of water supplies to Four Corners in the event of a water shortage in the San Juan River Basin.","PNW","2026-02-24T15:12:50.754535Z",2019
663,"1",159,"2026-02-24T15:12:53.913572Z","Pollution & Waste",0.9908,655,"Pollution & Waste",2.898,"WM_2015_0055","mandates regarding the management of solid waste, including requirements to recycle, divert or otherwise process certain waste, recycling and other streams; or","WM","2026-02-24T15:12:53.913585Z",2015
664,"1",159,"2026-02-24T15:12:55.372396Z","Pollution & Waste",0.9908,656,"Pollution & Waste",1.188,"WM_2016_0056","mandates regarding the management of solid waste, including requirements to recycle, divert or otherwise process certain waste, recycling and other streams; or","WM","2026-02-24T15:12:55.372411Z",2016
665,"1",159,"2026-02-24T15:12:56.752197Z","Pollution & Waste",0.9908,657,"Pollution & Waste",1.086,"WM_2017_0058","mandates regarding the management of solid waste, including requirements to recycle, divert or otherwise process certain waste, recycling and other streams; or","WM","2026-02-24T15:12:56.752208Z",2017
666,"1",103,"2026-02-24T15:12:58.186633Z","Pollution & Waste",0.9906,658,"Pollution & Waste",1.203,"WM_2015_0053","limitations or bans on disposal or transportation of out-of-state waste or certain categories of waste;","WM","2026-02-24T15:12:58.186643Z",2015
667,"1",103,"2026-02-24T15:12:59.804528Z","Pollution & Waste",0.9906,659,"Pollution & Waste",1.37,"WM_2016_0054","limitations or bans on disposal or transportation of out-of-state waste or certain categories of waste;","WM","2026-02-24T15:12:59.804537Z",2016
668,"1",105,"2026-02-24T15:13:02.027293Z","Pollution & Waste",0.9906,660,"Pollution & Waste",1.987,"WM_2017_0056","limitations or bans on disposal or transportation of 
out-of-state
 waste or certain categories of waste;","WM","2026-02-24T15:13:02.027304Z",2017
669,"1",463,"2026-02-24T15:13:04.697686Z","Pollution & Waste",0.9903,661,"Pollution & Waste",2.45,"SBUX_2023_0048","We also purchase a broad range of paper and plastic products, such as cups and cutlery, from several companies to support the needs of our retail stores as well as our manufacturing and distribution operations. We are also expanding our use of reusable packaging to reduce landfill waste. We believe, based on relationships established with these suppliers and manufacturers, that the risk of non-delivery of sufficient amounts of these items generally is remote.","SBUX","2026-02-24T15:13:04.697696Z",2023
670,"1",360,"2026-02-24T15:13:10.340099Z","Pollution & Waste",0.9903,662,"Pollution & Waste",5.369,"STLD_2015_0140","Our
manufacturing and recycling operations produce significant amounts of by-products, some of which are handled as solid or hazardous waste. For example, our mills generate electric arc
furnace (EAF)
dust, which the United States Environmental Protection Agency (U.S. EPA) and other regulatory authorities classify as hazardous waste and regulate accordingly.","STLD","2026-02-24T15:13:10.340123Z",2015
671,"1",367,"2026-02-24T15:13:12.617030Z","Pollution & Waste",0.9902,663,"Pollution & Waste",2.014,"STLD_2016_0143","Our
manufacturing and metals recycling operations produce significant amounts of by-products, some of which are handled as solid or hazardous waste. For example, our mills generate
electric arc furnace (EAF) dust, which the United States Environmental Protection Agency (U.S. EPA) and other regulatory authorities classify as hazardous waste and regulate accordingly.","STLD","2026-02-24T15:13:12.617040Z",2016
672,"1",883,"2026-02-24T15:13:17.048777Z","Pollution & Waste",0.9902,664,"Pollution & Waste",4.158,"WY_2022_0030","MINIMIZING WASTE

On average, 95 percent of each log that enters our mills is turned into a useful product. The primary products we produce are solid lumber, wood panels and engineered wood products. Wood shavings, sawdust, chips and bark are sold or delivered to downstream customers who make other useful and essential products for society. Toilet paper, diapers, paper, cartons, boxes, bags, landscaping mulch and wood pellets are just a few of the countless products made from our wood fiber and forest and mill by-products. We are always looking for ways to reduce the amount of waste we generate, including finding responsible methods for reuse and recycling. On average, we reuse, recycle or repurpose 99 percent of potential waste in our operations. That is equal to approximately 12 billion pounds of material each year that otherwise would have found its way to a landfill.","WY","2026-02-24T15:13:17.048798Z",2022
673,"1",581,"2026-02-24T15:13:19.048964Z","Pollution & Waste",0.9901,665,"Pollution & Waste",1.73,"ACN_2022_0060","Moving Towards Zero Waste

To move towards zero waste, we have committed to:
•
R
euse or recycle 100% of our e-waste, such as computers and servers, as well as all our office furniture, by 2025. During fiscal 2022, we reused or recycled 99% of our e-waste relating to computers and workstations. We continue our efforts to reuse or recycle other e-waste such as monitors and servers; and
•
E
liminate single-use plastics in our locations. During fiscal 2022, we began pivoting to the purchase of durable and/or biodegradable reusable items in our office locations around the world.","ACN","2026-02-24T15:13:19.048987Z",2022
674,"1",255,"2026-02-24T15:13:21.332417Z","Pollution & Waste",0.99,666,"Pollution & Waste",1.989,"WM_2016_0071","In addition, many state and local governments mandate diversion, recycling and waste reduction at the source and prohibit the disposal of certain types
of waste, such as yard waste, food waste, and electronics at landfills. Where such organic waste is not","WM","2026-02-24T15:13:21.332428Z",2016
675,"1",201,"2026-02-24T15:13:22.939244Z","Pollution & Waste",0.9899,667,"Pollution & Waste",1.317,"NCLH_2017_0160","suitable port waste facilities are available, or new technologies
for onboard waste treatment are developed. Accordingly, the cost of complying with these requirements is not determinable at this
time.","NCLH","2026-02-24T15:13:22.939253Z",2017
676,"1",113,"2026-02-24T15:13:24.351501Z","Pollution & Waste",0.9898,668,"Pollution & Waste",1.146,"WM_2015_0057","limitations or restrictions on the recycling, processing or transformation of waste, recycling and other streams.","WM","2026-02-24T15:13:24.351513Z",2015
677,"1",113,"2026-02-24T15:13:25.795787Z","Pollution & Waste",0.9898,669,"Pollution & Waste",1.183,"WM_2016_0058","limitations or restrictions on the recycling, processing or transformation of waste, recycling and other streams.","WM","2026-02-24T15:13:25.795798Z",2016
678,"1",113,"2026-02-24T15:13:27.082789Z","Pollution & Waste",0.9898,670,"Pollution & Waste",0.968,"WM_2017_0060","limitations or restrictions on the recycling, processing or transformation of waste, recycling and other streams.","WM","2026-02-24T15:13:27.082837Z",2017
679,"1",135,"2026-02-24T15:13:28.885796Z","Pollution & Waste",0.9897,671,"Pollution & Waste",1.542,"AWK_2024_0034","The solid waste by-product of the treatment process is disposed of or recycled in accordance with applicable standards and regulations.","AWK","2026-02-24T15:13:28.885808Z",2024
680,"1",1104,"2026-02-24T15:13:30.974640Z","Pollution & Waste",0.9896,672,"Pollution & Waste",1.842,"PEG_2024_0055","Low-Level Radioactive Waste

—As a by-product of their operations, nuclear generation units produce low-level radioactive waste. Such waste includes paper, plastics, protective clothing, water purification materials and other materials. These waste materials are accumulated on site and disposed of at licensed permanent disposal facilities. New Jersey, Connecticut and South Carolina have reached an agreement that gives New Jersey nuclear generators continued access to a waste disposal facility which is owned by South Carolina. We believe that this agreement will provide for adequate low-level radioactive waste disposal for Salem and Hope Creek through the end of their current licenses including full decommissioning, although no assurances can be given. Low-Level Radioactive Waste is periodically being shipped to the South Carolina waste disposal facility from Salem and Hope Creek. Additionally, there are on-site storage facilities for Salem, Hope Creek and Peach Bottom, which we believe have the capacity for at least five years of temporary storage for each facility.

Table of Conte
n
t
s","PEG","2026-02-24T15:13:30.974650Z",2024
681,"1",1224,"2026-02-24T15:13:32.729886Z","Pollution & Waste",0.9896,673,"Pollution & Waste",1.482,"WM_2022_0028","Increasing customer preference for alternatives to landfill disposal and bans on certain types of waste could reduce our landfill volumes and cause our revenues and operating results to decline. Our customers are increasingly diverting waste to alternatives to landfill disposal, such as recycling and composting, while also working to reduce the amount of waste they generate. In addition, many state and local governments mandate diversion, recycling and waste reduction at the source and prohibit the disposal of certain types of materials at landfills, such as recyclables (cardboard, bottles and cans), yard waste, food waste and electronics. Where organic waste is not banned from the landfill, some large customers such as grocery stores and restaurants are choosing to divert their organic waste from landfills. Zero-waste goals (sending no waste to the landfill) have been set by many of the U.S. and Canada’s largest companies. Although such mandates and initiatives help to protect our environment, these developments reduce the volume of waste going to our landfills which may affect the prices that we can charge for landfill disposal. Our landfills currently provide our highest income from operations margins.","WM","2026-02-24T15:13:32.729903Z",2022
682,"1",253,"2026-02-24T15:13:36.397480Z","Pollution & Waste",0.9894,674,"Pollution & Waste",3.423,"NCLH_2018_0062","These requirements may impact our operations unless suitable
port waste facilities are available, or new technologies for onboard waste treatment are developed. Accordingly, the cost of complying
with these requirements is not determinable at this time.","NCLH","2026-02-24T15:13:36.397490Z",2018
683,"1",253,"2026-02-24T15:13:37.811716Z","Pollution & Waste",0.9894,675,"Pollution & Waste",1.138,"NCLH_2019_0059","These requirements may impact our operations unless suitable
port waste facilities are available, or new technologies for onboard waste treatment are developed. Accordingly, the cost of complying
with these requirements is not determinable at this time.","NCLH","2026-02-24T15:13:37.811725Z",2019
684,"1",1103,"2026-02-24T15:13:39.798509Z","Pollution & Waste",0.9894,676,"Pollution & Waste",1.721,"PEG_2021_0068","Low-Level Radioactive Waste

—As a by-product of their operations, nuclear generation units produce low-level radioactive waste. Such waste includes paper, plastics, protective clothing, water purification materials and other materials. These waste materials are accumulated on site and disposed of at licensed permanent disposal facilities. New Jersey, Connecticut and South Carolina have formed the Atlantic Compact, which gives New Jersey nuclear generators continued access to the Barnwell waste disposal facility which is owned by South Carolina. We believe that the Atlantic Compact will provide for adequate low-level radioactive waste disposal for Salem and Hope Creek through the end of their current licenses including full decommissioning, although no assurances can be given. Low-Level Radioactive Waste is periodically being shipped to the Barnwell site from Salem and Hope Creek. Additionally, there are on-site storage facilities for Salem, Hope Creek and Peach Bottom, which we believe have the capacity for at least five years of temporary storage for each facility.

T
able of Contents","PEG","2026-02-24T15:13:39.798519Z",2021
685,"1",1082,"2026-02-24T15:13:41.573798Z","Pollution & Waste",0.9894,677,"Pollution & Waste",1.534,"PEG_2023_0064","Low-Level Radioactive Waste

—As a by-product of their operations, nuclear generation units produce low-level radioactive waste. Such waste includes paper, plastics, protective clothing, water purification materials and other materials. These waste materials are accumulated on site and disposed of at licensed permanent disposal facilities. New Jersey, Connecticut and South Carolina have reached an agreement that gives New Jersey nuclear generators continued access to a waste disposal facility which is owned by South Carolina. We believe that this agreement will provide for adequate low-level radioactive waste disposal for Salem and Hope Creek through the end of their current licenses including full decommissioning, although no assurances can be given. Low-Level Radioactive Waste is periodically being shipped to the South Carolina waste disposal facility from Salem and Hope Creek. Additionally, there are on-site storage facilities for Salem, Hope Creek and Peach Bottom, which we believe have the capacity for at least five years of temporary storage for each facility.","PEG","2026-02-24T15:13:41.573809Z",2023
686,"1",353,"2026-02-24T15:13:44.840216Z","Pollution & Waste",0.9893,678,"Pollution & Waste",3.028,"PCAR_2024_0004","Operations

-
 PACCAR is committed to environmental responsibility in the vehicle production process. PACCAR is continuously looking for ways to reduce waste, reuse materials, conserve energy in its facilities and reduce the environmental impact of our activities. PACCAR’s factories are ISO 14001 certified and more than 80% are zero waste-to-landfill.","PCAR","2026-02-24T15:13:44.840226Z",2024
687,"1",1083,"2026-02-24T15:13:46.765315Z","Pollution & Waste",0.9893,679,"Pollution & Waste",1.681,"PEG_2019_0078","Low-Level Radioactive Waste

—As a by-product of their operations, nuclear generation units produce low-level radioactive waste. Such waste includes paper, plastics, protective clothing, water purification materials and other materials. These waste materials are accumulated on site and disposed of at licensed permanent disposal facilities. New Jersey, Connecticut and South Carolina have formed the Atlantic Compact, which gives New Jersey nuclear generators continued access to the Barnwell waste disposal facility which is owned by South Carolina. We believe that the Atlantic Compact will provide for adequate low-level radioactive waste disposal for Salem and Hope Creek through the end of their current licenses including full decommissioning, although no assurances can be given. Low-Level Radioactive Waste is periodically being shipped to the Barnwell site from Salem and Hope Creek. Additionally, there are on-site storage facilities for Salem, Hope Creek and Peach Bottom, which we believe have the capacity for at least five years of temporary storage for each facility.","PEG","2026-02-24T15:13:46.765326Z",2019
688,"1",1083,"2026-02-24T15:13:48.093286Z","Pollution & Waste",0.9893,680,"Pollution & Waste",1.083,"PEG_2020_0079","Low-Level Radioactive Waste

—As a by-product of their operations, nuclear generation units produce low-level radioactive waste. Such waste includes paper, plastics, protective clothing, water purification materials and other materials. These waste materials are accumulated on site and disposed of at licensed permanent disposal facilities. New Jersey, Connecticut and South Carolina have formed the Atlantic Compact, which gives New Jersey nuclear generators continued access to the Barnwell waste disposal facility which is owned by South Carolina. We believe that the Atlantic Compact will provide for adequate low-level radioactive waste disposal for Salem and Hope Creek through the end of their current licenses including full decommissioning, although no assurances can be given. Low-Level Radioactive Waste is periodically being shipped to the Barnwell site from Salem and Hope Creek. Additionally, there are on-site storage facilities for Salem, Hope Creek and Peach Bottom, which we believe have the capacity for at least five years of temporary storage for each facility.","PEG","2026-02-24T15:13:48.093308Z",2020
689,"1",1083,"2026-02-24T15:13:49.365904Z","Pollution & Waste",0.9893,681,"Pollution & Waste",0.988,"PEG_2022_0073","Low-Level Radioactive Waste

—As a by-product of their operations, nuclear generation units produce low-level radioactive waste. Such waste includes paper, plastics, protective clothing, water purification materials and other materials. These waste materials are accumulated on site and disposed of at licensed permanent disposal facilities. New Jersey, Connecticut and South Carolina have formed the Atlantic Compact, which gives New Jersey nuclear generators continued access to the Barnwell waste disposal facility which is owned by South Carolina. We believe that the Atlantic Compact will provide for adequate low-level radioactive waste disposal for Salem and Hope Creek through the end of their current licenses including full decommissioning, although no assurances can be given. Low-Level Radioactive Waste is periodically being shipped to the Barnwell site from Salem and Hope Creek. Additionally, there are on-site storage facilities for Salem, Hope Creek and Peach Bottom, which we believe have the capacity for at least five years of temporary storage for each facility.","PEG","2026-02-24T15:13:49.365917Z",2022
690,"1",1396,"2026-02-24T15:13:52.041412Z","Pollution & Waste",0.9893,682,"Pollution & Waste",2.4,"WM_2023_0031","Increasing customer preference for alternatives to landfill disposal and bans on certain types of waste could reduce our landfill volumes and cause our revenues and operating results to decline. Our customers are increasingly diverting waste to alternatives to landfill disposal, such as recycling and composting, while also working to reduce the amount of waste they generate. In addition, many state and local governments mandate diversion, recycling and waste reduction at the source and prohibit the disposal of certain types of materials at landfills, such as recyclables (cardboard, bottles and cans), yard waste, food waste and electronics. Where organic waste is not banned from disposal in landfills, some large customers such as grocery stores and restaurants are choosing to divert their organic waste from landfills. Reducing landfilled organic waste also reduces the amount of landfill gas produced from our landfills, adversely impacting our landfill gas-to-energy facilities. Zero-waste goals (sending no waste to the landfill) have been set by many of the U.S. and Canada’s largest companies. Although such mandates and initiatives help to protect our environment, these developments reduce the volume of waste going to our landfills, which may affect the prices that we can charge for landfill disposal. Our landfills currently provide our highest income from operations margins.","WM","2026-02-24T15:13:52.041423Z",2023
691,"1",173,"2026-02-24T15:13:54.408867Z","Pollution & Waste",0.9892,683,"Pollution & Waste",2.069,"LKQ_2021_0087","For example, in 2018 China imposed stringent purity restrictions on the importation of various types of solid waste allegedly in an effort to reduce environmental pollution.","LKQ","2026-02-24T15:13:54.408878Z",2021
692,"1",630,"2026-02-24T15:13:57.054205Z","Pollution & Waste",0.9892,684,"Pollution & Waste",2.356,"MRK_2024_0005","Waste diversion

. The Company continuously evaluates its sites’ waste disposal methods to gain a better understanding of its network and changes therein, as well as to identify risks and opportunities in its value chain. Based on its evaluation, the Company implemented programs to divert non-hazardous landfill waste from its two highest landfill-generating sites. The Company remains committed to its 2025 public waste diversion goals of no more than 20% of the Company’s global operational waste sent to landfills or incinerators (without energy recovery) and that 50% of its sites will send zero waste to landfills by 2025.
•","MRK","2026-02-24T15:13:57.054225Z",2024
693,"1",1087,"2026-02-24T15:13:58.729235Z","Pollution & Waste",0.9892,685,"Pollution & Waste",1.396,"PEG_2015_0141","Low Level Radioactive Waste

—As a by-product of their operations, nuclear generation units produce low level radioactive waste. Such waste includes paper, plastics, protective clothing, water purification materials and other materials. These waste materials are accumulated on site and disposed of at licensed permanent disposal facilities. New Jersey, Connecticut and South Carolina have formed the Atlantic Compact, which gives New Jersey nuclear generators continued access to the Barnwell waste disposal facility which is owned by South Carolina. We believe that the Atlantic Compact will provide for adequate low level radioactive waste disposal for Salem and Hope Creek through the end of their current licenses including full decommissioning, although no assurances can be given. Low Level Radioactive Waste is periodically being shipped to the Barnwell site from Salem and Hope Creek. Additionally, 
t
here are on-site storage facilities for Salem, Hope Creek and Peach Bottom, which we believe have the capacity for at least five years of temporary storage for each facility.
•","PEG","2026-02-24T15:13:58.729244Z",2015
694,"1",1085,"2026-02-24T15:13:59.861923Z","Pollution & Waste",0.9892,686,"Pollution & Waste",0.899,"PEG_2016_0144","Low Level Radioactive Waste

—As a by-product of their operations, nuclear generation units produce low level radioactive waste. Such waste includes paper, plastics, protective clothing, water purification materials and other materials. These waste materials are accumulated on site and disposed of at licensed permanent disposal facilities. New Jersey, Connecticut and South Carolina have formed the Atlantic Compact, which gives New Jersey nuclear generators continued access to the Barnwell waste disposal facility which is owned by South Carolina. We believe that the Atlantic Compact will provide for adequate low level radioactive waste disposal for Salem and Hope Creek through the end of their current licenses including full decommissioning, although no assurances can be given. Low Level Radioactive Waste is periodically being shipped to the Barnwell site from Salem and Hope Creek. Additionally, there are on-site storage facilities for Salem, Hope Creek and Peach Bottom, which we believe have the capacity for at least five years of temporary storage for each facility.
•","PEG","2026-02-24T15:13:59.861931Z",2016
695,"1",1085,"2026-02-24T15:14:01.016716Z","Pollution & Waste",0.9891,687,"Pollution & Waste",0.882,"PEG_2017_0035","Low Level Radioactive Waste

—As a by-product of their operations, nuclear generation units produce low level radioactive waste. Such waste includes paper, plastics, protective clothing, water purification materials and other materials. These waste materials are accumulated on site and disposed of at licensed permanent disposal facilities. New Jersey, Connecticut and South Carolina have formed the Atlantic Compact, which gives New Jersey nuclear generators continued access to the Barnwell waste disposal facility which is owned by South Carolina. We believe that the Atlantic Compact will provide for adequate low level 

radioactive waste disposal for Salem and Hope Creek through the end of their current licenses including full decommissioning, although no assurances can be given. Low Level Radioactive Waste is periodically being shipped to the Barnwell site from Salem and Hope Creek. Additionally, there are on-site storage facilities for Salem, Hope Creek and Peach Bottom, which we believe have the capacity for at least five years of temporary storage for each facility.","PEG","2026-02-24T15:14:01.016726Z",2017
696,"1",1083,"2026-02-24T15:14:04.161500Z","Pollution & Waste",0.9891,688,"Pollution & Waste",2.902,"PEG_2018_0087","Low Level Radioactive Waste

—As a by-product of their operations, nuclear generation units produce low level radioactive waste. Such waste includes paper, plastics, protective clothing, water purification materials and other materials. These waste materials are accumulated on site and disposed of at licensed permanent disposal facilities. New Jersey, Connecticut and South Carolina have formed the Atlantic Compact, which gives New Jersey nuclear generators continued access to the Barnwell waste disposal facility which is owned by South Carolina. We believe that the Atlantic Compact will provide for adequate low level radioactive waste disposal for Salem and Hope Creek through the end of their current licenses including full decommissioning, although no assurances can be given. Low Level Radioactive Waste is periodically being shipped to the Barnwell site from Salem and Hope Creek. Additionally, there are on-site storage facilities for Salem, Hope Creek and Peach Bottom, which we believe have the capacity for at least five years of temporary storage for each facility.","PEG","2026-02-24T15:14:04.161511Z",2018
697,"1",1260,"2026-02-24T15:14:08.207205Z","Pollution & Waste",0.9891,689,"Pollution & Waste",3.759,"WM_2015_0067","Increasing customer preference for alternatives to landfill disposal could reduce our landfill volumes and cause our revenues and
operating results to decline. Our customers are increasingly diverting waste to alternatives to landfill disposal, such as
recycling and composting, while also working to reduce the amount of waste they generate. In addition, several state and local governments mandate recycling and waste reduction at the source and prohibit the disposal of certain types of waste, such
as yard and food waste, at landfills or waste-to-energy facilities. Where such organic waste is not banned from the landfill or waste-to-energy facility, some large customers such as grocery stores and restaurants are choosing to divert their
organic waste from landfills. Zero-waste goals (sending no waste to the landfill) have been set by many of North America’s largest companies. Although such mandates and initiatives help to protect our environment, these developments reduce the
volume of waste going to our landfills which may affect the prices that we can charge for landfill disposal. Our landfills currently provide and, together with our divested waste-to-energy facilities, have historically provided our highest income
from operations margins.","WM","2026-02-24T15:14:08.207217Z",2015
698,"1",1396,"2026-02-24T15:14:10.117763Z","Pollution & Waste",0.9891,690,"Pollution & Waste",1.651,"WM_2024_0032","Increasing customer preference for alternatives to landfill disposal and bans on certain types of waste could reduce our landfill volumes and cause our revenues and operating results to decline. Our customers are increasingly diverting waste to alternatives to landfill disposal, such as recycling and composting, while also working to reduce the amount of waste they generate. In addition, many state and local governments mandate diversion, recycling and waste reduction at the source and prohibit the disposal of certain types of materials at landfills, such as recyclables (cardboard, bottles and cans), yard waste, food waste and electronics. Where organic waste is not banned from disposal in landfills, some large customers such as grocery stores and restaurants are choosing to divert their organic waste from landfills. Zero-waste goals (sending no waste to the landfill) have been set by many of the U.S. and Canada’s largest companies. Although such mandates and initiatives help to protect our environment, these developments reduce the volume of waste going to our landfills, which may affect the prices that we can charge for landfill disposal. Our landfills currently provide our highest income from operations margins. Reducing landfilled organic waste also reduces the amount of landfill gas produced from our landfills, adversely impacting our landfill gas-to-energy facilities.","WM","2026-02-24T15:14:10.117773Z",2024
699,"1",1413,"2026-02-24T15:14:12.191141Z","Pollution & Waste",0.989,691,"Pollution & Waste",1.778,"WM_2018_0028","Increasing customer preference for alternatives to landfill disposal could reduce our landfill volumes and cause our revenues and operating results to decline. Our customers are increasingly diverting waste to alternatives to landfill disposal, such as recycling and composting, while also working to reduce the amount of waste they generate. In addition, many state and local governments mandate diversion, recycling and waste reduction at the source and prohibit the disposal of certain types of waste, such as yard waste, food waste and electronics at landfills. Where such organic waste is not banned from the landfill, some large customers such as grocery stores and restaurants are choosing to divert their organic waste from landfills. Zero-waste goals (sending no waste to the landfill) have been set by many of North America’s largest companies. Although such mandates and initiatives help to protect our environment, these developments reduce the volume of waste going to our landfills which may affect the prices that we can charge for landfill disposal. Our landfills currently provide our highest income from operations margins. If we are not successful in expanding our service offerings and growing lines of businesses to service waste streams that do not go to landfills and to provide services for customers that wish to reduce waste entirely, then our revenues and operating results may decline.","WM","2026-02-24T15:14:12.191152Z",2018
700,"1",1448,"2026-02-24T15:14:13.987368Z","Pollution & Waste",0.9889,692,"Pollution & Waste",1.533,"WM_2019_0033","Increasing customer preference for alternatives to landfill disposal and bans on certain types of waste could reduce our landfill volumes and cause our revenues and operating results to decline. Our customers are increasingly diverting waste to alternatives to landfill disposal, such as recycling and composting, while also working to reduce the amount of waste they generate. In addition, many state and local governments mandate diversion, recycling and waste reduction at the source and prohibit the disposal of certain types of waste, such as yard waste, food waste and electronics at landfills. Where such organic waste is not banned from the landfill, some large customers such as grocery stores and restaurants are choosing to divert their organic waste from landfills. Zero-waste goals (sending no waste to the landfill) have been set by many of North America’s largest companies. Although such mandates and initiatives help to protect our environment, these developments reduce the volume of waste going to our landfills which may affect the prices that we can charge for landfill disposal. Our landfills currently provide our highest income from operations margins. If we are not successful in expanding our service offerings and growing lines of businesses to service waste streams that do not go to landfills and to provide services for customers that wish to reduce waste entirely, then our revenues and operating results may decline.","WM","2026-02-24T15:14:13.987376Z",2019
701,"1",1440,"2026-02-24T15:14:16.143767Z","Pollution & Waste",0.9889,693,"Pollution & Waste",1.868,"WM_2020_0023","Increasing customer preference for alternatives to landfill disposal and bans on certain types of waste could reduce our landfill volumes and cause our revenues and operating results to decline. Our customers are increasingly diverting waste to alternatives to landfill disposal, such as recycling and composting, while also working to reduce the amount of waste they generate. In addition, many state and local governments mandate diversion, recycling and waste reduction at the source and prohibit the disposal of certain types of waste, such as yard waste, food waste and electronics at landfills. Where such organic waste is not banned from the landfill, some large customers such as grocery stores and restaurants are choosing to divert their organic waste from landfills. Zero-waste goals (sending no waste to the landfill) have been set by many of North America’s largest companies. Although such mandates and initiatives help to protect our environment, these developments reduce the volume of waste going to our landfills which may affect the prices that we can charge for landfill disposal. Our landfills currently provide our highest income from operations margins. If we are not successful in expanding our service offerings, growing lines of businesses to service waste streams that do not go to landfills providing services for customers that wish to reduce waste entirely, then our revenues and operating results may decline.","WM","2026-02-24T15:14:16.143778Z",2020
702,"1",1275,"2026-02-24T15:14:18.517863Z","Pollution & Waste",0.9888,694,"Pollution & Waste",2.112,"RSG_2015_0017","Alternatives to landfill disposal could reduce our disposal volumes and cause our revenues and operating results to decline. Most of the states in which we operate landfills require counties and municipalities to formulate comprehensive plans to reduce the volume of solid waste deposited in landfills through waste planning, composting, recycling or other programs. Some state and local governments mandate waste reduction at the source and prohibit the disposal of certain types of wastes, such as yard waste, at landfills. Further, many of our customers voluntarily are diverting waste to alternatives to landfill disposal, such as recycling and composting, while also working to reduce the amount of waste they generate. Many of the largest companies in the U.S. are setting zero-waste goals in which they strive to send no waste to landfills. Although such actions help to protect our environment, they have reduced, and will in the future reduce, the volume of waste going to landfills and may affect the prices that we can charge for landfill disposal. Accordingly, we cannot assure you that we will be able to operate our landfills at their current volumes or charge current prices for landfill disposal services due to possible decreases in demand for such services.","RSG","2026-02-24T15:14:18.517873Z",2015
703,"1",1277,"2026-02-24T15:14:20.825583Z","Pollution & Waste",0.9888,695,"Pollution & Waste",2.065,"RSG_2016_0017","Alternatives to landfill disposal could reduce our disposal volumes and cause our revenues and operating results to decline. Most of the states in which we operate landfills require counties and municipalities to formulate comprehensive plans to reduce the volume of solid waste deposited in landfills through waste planning, composting, recycling or other programs. Some state 

and local governments mandate waste reduction at the source and prohibit the disposal of certain types of wastes, such as yard waste, at landfills. Further, many of our customers voluntarily are diverting waste to alternatives to landfill disposal, such as recycling and composting, while also working to reduce the amount of waste they generate. Many of the largest companies in the U.S. are setting zero-waste goals in which they strive to send no waste to landfills. Although such actions help to protect our environment, they have reduced, and will in the future reduce, the volume of waste going to landfills and may affect the prices that we can charge for landfill disposal. Accordingly, we cannot assure you that we will be able to operate our landfills at their current volumes or charge current prices for landfill disposal services due to possible decreases in demand for such services.","RSG","2026-02-24T15:14:20.825591Z",2016
704,"1",1275,"2026-02-24T15:14:22.474832Z","Pollution & Waste",0.9888,696,"Pollution & Waste",1.403,"RSG_2017_0017","Alternatives to landfill disposal could reduce our disposal volumes and cause our revenues and operating results to decline. Most of the states in which we operate landfills require counties and municipalities to formulate comprehensive plans to reduce the volume of solid waste deposited in landfills through waste planning, composting, recycling or other programs. Some state and local governments mandate waste reduction at the source and prohibit the disposal of certain types of wastes, such as yard waste, at landfills. Further, many of our customers voluntarily are diverting waste to alternatives to landfill disposal, such as recycling and composting, while also working to reduce the amount of waste they generate. Many of the largest companies in the U.S. are setting zero-waste goals in which they strive to send no waste to landfills. Although such actions help to protect our environment, they have reduced, and will in the future reduce, the volume of waste going to landfills and may affect the prices that we can charge for landfill disposal. Accordingly, we cannot assure you that we will be able to operate our landfills at their current volumes or charge current prices for landfill disposal services due to possible decreases in demand for such services.","RSG","2026-02-24T15:14:22.474844Z",2017
705,"1",1433,"2026-02-24T15:14:25.231528Z","Pollution & Waste",0.9887,697,"Pollution & Waste",2.514,"AES_2018_0093","Waste Management — 
In the course of operations, the Company's facilities generate solid and liquid waste materials requiring eventual disposal or processing. With the exception of coal combustion residuals (""CCR""), the wastes are not usually physically disposed of on our property, but are shipped off site for final disposal, treatment or recycling. CCR, which consists of bottom ash, fly ash and air pollution control wastes, is disposed of at some of our coal-fired power generation plant sites using engineered, permitted landfills. Waste materials generated at our electric power and distribution facilities may include asbestos, CCR, oil, scrap metal, rubbish, small quantities of industrial hazardous wastes such as spent solvents, tree and land clearing wastes and polychlorinated biphenyl contaminated liquids and solids. The Company endeavors to ensure that all of its solid and liquid wastes are disposed of in accordance with applicable national, regional, state and local regulations. On October 19, 2015, an EPA rule regulating CCR under the Resource Conservation and Recovery Act as nonhazardous solid waste became effective. The rule established nationally applicable minimum criteria for the disposal of CCR in new and currently operating landfills and surface impoundments, and may impose closure and/or corrective action requirements for existing CCR landfills and impoundments under certain specified conditions.","AES","2026-02-24T15:14:25.231541Z",2018
706,"1",1446,"2026-02-24T15:14:27.112173Z","Pollution & Waste",0.9887,698,"Pollution & Waste",1.636,"WM_2021_0031","Increasing customer preference for alternatives to landfill disposal and bans on certain types of waste could reduce our landfill volumes and cause our revenues and operating results to decline. Our customers are increasingly diverting waste to alternatives to landfill disposal, such as recycling and composting, while also working to reduce the amount of waste they generate. In addition, many state and local governments mandate diversion, recycling and waste reduction at the source and prohibit the disposal of certain types of waste, such as yard waste, food waste and electronics at landfills. Where such organic waste is not banned from the landfill, some large customers such as grocery stores and restaurants are choosing to divert their organic waste from landfills. Zero-waste goals (sending no waste to the landfill) have been set by many of the U.S. and Canada’s largest companies. Although such mandates and initiatives help to protect our environment, these developments reduce the volume of waste going to our landfills which may affect the prices that we can charge for landfill disposal. Our landfills currently provide our highest income from operations margins. If we are not successful in expanding our service offerings, growing lines of businesses to service waste streams that do not go to landfills providing services for customers that wish to reduce waste entirely, then our revenues and operating results may decline.","WM","2026-02-24T15:14:27.112182Z",2021
707,"1",370,"2026-02-24T15:14:29.599625Z","Pollution & Waste",0.9886,699,"Pollution & Waste",2.227,"FDX_2021_0032","Our operating companies are optimizing their recycling programs through close collaboration with their waste management vendors. We are also working with our customers to reduce packaging materials to decrease their waste management costs. For additional information on the ways we are minimizing our impact on the environment, see 
fedex.com/en-us/sustainability.html
.","FDX","2026-02-24T15:14:29.599636Z",2021
708,"1",226,"2026-02-24T15:14:36.840326Z","Pollution & Waste",0.9886,700,"Pollution & Waste",6.989,"WM_2017_0078","Developments in technology could trigger a fundamental change in the waste management
industry, as waste streams are increasingly viewed as a resource, which may adversely impact volumes at our landfills and our profitability.","WM","2026-02-24T15:14:36.840338Z",2017
709,"1",1486,"2026-02-24T15:14:44.450691Z","Pollution & Waste",0.9885,701,"Pollution & Waste",7.354,"CNP_2021_0091","Hazardous Waste

The Registrants’ operations generate wastes, including some hazardous wastes, that are subject to the federal RCRA, and comparable state laws, which impose detailed requirements for the handling, storage, treatment, transport and disposal of hazardous and solid waste. RCRA currently exempts many natural gas gathering and field processing wastes from classification as hazardous waste. Specifically, RCRA excludes from the definition of hazardous waste waters produced and other wastes associated with the exploration, development or production of crude oil and natural gas. However, these oil and gas exploration 

and production wastes are still regulated under state law and the less stringent non-hazardous waste requirements of RCRA. Moreover, ordinary industrial wastes such as paint wastes, waste solvents, laboratory wastes and waste compressor oils may be regulated as hazardous waste. The transportation of natural gas in pipelines may also generate some hazardous wastes that would be subject to RCRA or comparable state law requirements. Coal Ash
Indiana Electric has three ash ponds, two at the F.B. Culley facility (Culley East and Culley West) and one at the A.B. Brown facility. In 2015, the EPA finalized its CCR Rule, which regulates coal ash as non-hazardous material under the RCRA. The final rule allows beneficial reuse of ash, and the majority of the ash generated by Indiana Electric’s generating plants will continue to be beneficially reused.","CNP","2026-02-24T15:14:44.450701Z",2021
710,"1",1484,"2026-02-24T15:14:46.723911Z","Pollution & Waste",0.9885,702,"Pollution & Waste",1.967,"CNP_2022_0077","Hazardous Waste

The Registrants’ operations generate wastes, including some hazardous wastes, that are subject to the federal RCRA, and comparable state laws, which impose detailed requirements for the handling, storage, treatment, transport and disposal of hazardous and solid waste. RCRA currently exempts many natural gas gathering and field processing wastes from classification as hazardous waste. Specifically, RCRA excludes from the definition of hazardous waste waters produced and other wastes associated with the exploration, development or production of crude oil and natural gas. However, these oil and gas exploration and production wastes are still regulated under state law and the less stringent non-hazardous waste requirements of RCRA. Moreover, ordinary industrial wastes such as paint wastes, waste solvents, laboratory wastes and waste compressor oils may be regulated as hazardous waste. The transportation of natural gas in pipelines may also generate some hazardous wastes that would be subject to RCRA or comparable state law requirements. Coal Ash
Indiana Electric has three ash ponds, two at the F.B. Culley facility (Culley East and Culley West) and one at the A.B. Brown facility. In 2015, the EPA finalized its CCR Rule, which regulates coal ash as non-hazardous material under the RCRA. The final rule allows beneficial reuse of ash, and the majority of the ash generated by Indiana Electric’s generating plants will continue to be beneficially reused.","CNP","2026-02-24T15:14:46.723919Z",2022
711,"1",1484,"2026-02-24T15:14:48.034021Z","Pollution & Waste",0.9885,703,"Pollution & Waste",1.059,"CNP_2023_0073","Hazardous Waste

The Registrants’ operations generate wastes, including some hazardous wastes, that are subject to the federal RCRA, and comparable state laws, which impose detailed requirements for the handling, storage, treatment, transport and disposal of hazardous and solid waste. RCRA currently exempts many natural gas gathering and field processing wastes from classification as hazardous waste. Specifically, RCRA excludes from the definition of hazardous waste waters produced and other wastes associated with the exploration, development or production of crude oil and natural gas. However, these oil and gas exploration and production wastes are still regulated under state law and the less stringent non-hazardous waste requirements of RCRA. Moreover, ordinary industrial wastes such as paint wastes, waste solvents, laboratory wastes and waste compressor oils may be regulated as hazardous waste. The transportation of natural gas in pipelines may also generate some hazardous wastes that would be subject to RCRA or comparable state law requirements. Coal Ash
Indiana Electric has three ash ponds, two at the F.B. Culley facility (Culley East and Culley West) and one at the A.B. Brown facility. In 2015, the EPA finalized its CCR Rule, which regulates coal ash as non-hazardous material under the RCRA. The final rule allows beneficial reuse of ash, and the majority of the ash generated by Indiana Electric’s generating plants will continue to be beneficially reused.","CNP","2026-02-24T15:14:48.034033Z",2023
712,"1",1496,"2026-02-24T15:14:50.230850Z","Pollution & Waste",0.9885,704,"Pollution & Waste",1.952,"CNP_2024_0075","Hazardous Waste

The Registrants’ operations generate wastes, including some hazardous wastes, that are subject to the federal RCRA, and comparable state laws, which impose detailed requirements for the handling, storage, treatment, transport and disposal of hazardous and solid waste. RCRA currently exempts many natural gas gathering and field processing wastes from classification 

as hazardous waste. Specifically, RCRA excludes from the definition of hazardous waste waters produced and other wastes associated with the exploration, development or production of crude oil and natural gas. However, these oil and gas exploration and production wastes are still regulated under state law and the less stringent non-hazardous waste requirements of RCRA. Moreover, ordinary industrial wastes such as paint wastes, waste solvents, laboratory wastes and waste compressor oils may be regulated as hazardous waste. The transportation of natural gas in pipelines may also generate some hazardous wastes that would be subject to RCRA or comparable state law requirements. Coal Ash 
Indiana Electric has three ash ponds, two at the F.B. Culley facility (Culley East and Culley West) and one at the A.B. Brown facility. In 2015, the EPA finalized its CCR Rule, which regulates coal ash as non-hazardous material under the RCRA. The final rule allows beneficial reuse of ash, and the majority of the ash generated by Indiana Electric’s remaining generating units will continue to be beneficially reused.","CNP","2026-02-24T15:14:50.230860Z",2024
713,"1",126,"2026-02-24T15:14:59.869466Z","Pollution & Waste",0.9884,705,"Non-ESG",9.406,"CPRT_2016_0028","End-of-Life Vehicle Processing

In the U.K., we are an authorized treatment facility for the disposal of end-of-life vehicles.","CPRT","2026-02-24T15:14:59.869487Z",2016
714,"1",126,"2026-02-24T15:15:03.575227Z","Pollution & Waste",0.9884,706,"Non-ESG",3.415,"CPRT_2017_0028","End-of-Life Vehicle Processing

In the U.K., we are an authorized treatment facility for the disposal of end-of-life vehicles.","CPRT","2026-02-24T15:15:03.575235Z",2017
715,"1",126,"2026-02-24T15:15:06.029113Z","Pollution & Waste",0.9884,707,"Non-ESG",2.175,"CPRT_2018_0028","End-of-Life Vehicle Processing

In the U.K., we are an authorized treatment facility for the disposal of end-of-life vehicles.","CPRT","2026-02-24T15:15:06.029123Z",2018
716,"1",126,"2026-02-24T15:15:09.165017Z","Pollution & Waste",0.9884,708,"Non-ESG",2.857,"CPRT_2019_0031","End-of-Life Vehicle Processing

In the U.K., we are an authorized treatment facility for the disposal of end-of-life vehicles.","CPRT","2026-02-24T15:15:09.165028Z",2019
717,"1",126,"2026-02-24T15:15:12.235960Z","Pollution & Waste",0.9884,709,"Non-ESG",2.808,"CPRT_2020_0031","End-of-Life Vehicle Processing

In the U.K., we are an authorized treatment facility for the disposal of end-of-life vehicles.","CPRT","2026-02-24T15:15:12.235970Z",2020
718,"1",126,"2026-02-24T15:15:14.520700Z","Pollution & Waste",0.9884,710,"Non-ESG",2.03,"CPRT_2021_0031","End-of-Life Vehicle Processing

In the U.K., we are an authorized treatment facility for the disposal of end-of-life vehicles.","CPRT","2026-02-24T15:15:14.520710Z",2021
719,"1",126,"2026-02-24T15:15:17.052443Z","Pollution & Waste",0.9884,711,"Non-ESG",2.287,"CPRT_2022_0031","End-of-Life Vehicle Processing

In the U.K., we are an authorized treatment facility for the disposal of end-of-life vehicles.","CPRT","2026-02-24T15:15:17.052452Z",2022
720,"1",126,"2026-02-24T15:15:19.751929Z","Pollution & Waste",0.9884,712,"Non-ESG",2.428,"CPRT_2023_0030","End-of-Life Vehicle Processing

In the U.K., we are an authorized treatment facility for the disposal of end-of-life vehicles.","CPRT","2026-02-24T15:15:19.751955Z",2023
721,"1",126,"2026-02-24T15:15:22.093266Z","Pollution & Waste",0.9884,713,"Non-ESG",2.081,"CPRT_2024_0030","End-of-Life Vehicle Processing

In the U.K., we are an authorized treatment facility for the disposal of end-of-life vehicles.","CPRT","2026-02-24T15:15:22.093277Z",2024
722,"1",126,"2026-02-24T15:15:24.453268Z","Pollution & Waste",0.9884,714,"Non-ESG",2.111,"CPRT_2015_0027","End-of-Life Vehicle Processing

In the U.K., we are an authorized treatment facility for the disposal of end-of-life vehicles.","CPRT","2026-02-24T15:15:24.453278Z",2015
723,"1",631,"2026-02-24T15:15:29.682936Z","Pollution & Waste",0.9884,715,"Pollution & Waste",4.925,"NCLH_2015_0159","Recently adopted amendments to MARPOL will make the Baltic Sea a
“Special Area” where sewage discharges from passenger ships will be restricted. Stricter discharge restrictions are
currently in effect for new passenger ships whose construction began after January 1, 2016, and for existing passenger ships starting
in 2018. The underlying requirements may impact our operations unless suitable port waste facilities are available, or new technologies
for onboard waste treatment are developed. Accordingly, the cost of complying with these requirements is not determinable at this
time, however, we do not expect it to be material.","NCLH","2026-02-24T15:15:29.682947Z",2015
724,"1",631,"2026-02-24T15:15:31.307486Z","Pollution & Waste",0.9884,716,"Pollution & Waste",1.344,"NCLH_2016_0125","Recently adopted amendments to MARPOL will make the Baltic Sea a
“Special Area” where sewage discharges from passenger ships will be prohibited. Stricter discharge restrictions are
currently in effect for new passenger ships whose construction began after January 1, 2016, and for existing passenger ships starting
in 2018. The underlying requirements may impact our operations unless suitable port waste facilities are available, or new technologies
for onboard waste treatment are developed. Accordingly, the cost of complying with these requirements is not determinable at this
time; however, we do not expect it to be material.","NCLH","2026-02-24T15:15:31.307507Z",2016
725,"1",1387,"2026-02-24T15:15:37.663310Z","Pollution & Waste",0.9884,717,"Pollution & Waste",6.114,"NUE_2024_0015","Initially, the particulate matter captured and collected is classified as a listed hazardous waste under the RCRA. However, because these contaminants contain valuable metals, the EAF dust is recycled to recover these metals. Nucor sends all but a small fraction of the EAF dust it collects to recycling facilities that recover the zinc, lead, chrome and other valuable metals from this dust. In addition to recycling EAF dust, Nucor mills beneficially reuse steel slag in road materials as a granular base, embankments, engineered fill, highway shoulders, and hot mix asphalt pavement. The physical, chemical, mechanical and thermal properties of steel slag provide a vital resource for construction companies and activities. We take considerable pride in our recycling efforts. Not only does the RCRA establish standards for the management of solid and hazardous wastes, the RCRA also addresses the environmental impact of contamination from waste disposal activities and from recycling and storage of most wastes. Periodically, past waste disposal activities that were legal when conducted that may now pose a contamination threat are discovered. When the U.S. Environmental Protection Agency determines these off-site properties are contaminated, Nucor quickly evaluates such claims and, if Nucor is determined to be responsible, we do our part to remediate our share of such issues.","NUE","2026-02-24T15:15:37.663321Z",2024
726,"1",140,"2026-02-24T15:15:41.683746Z","Pollution & Waste",0.9884,718,"Pollution & Waste",3.769,"WM_2015_0049","limitations on siting and constructing new waste disposal, transfer, recycling or processing facilities or on expanding existing facilities;","WM","2026-02-24T15:15:41.683754Z",2015
727,"1",140,"2026-02-24T15:15:42.981321Z","Pollution & Waste",0.9884,719,"Pollution & Waste",1.035,"WM_2017_0052","limitations on siting and constructing new waste disposal, transfer, recycling or processing facilities or on expanding existing facilities;","WM","2026-02-24T15:15:42.981334Z",2017
728,"1",1314,"2026-02-24T15:15:45.283055Z","Pollution & Waste",0.9883,720,"Pollution & Waste",2.043,"PCG_2023_0049","Nuclear Fuel Disposal

Nuclear power plant operations produce gaseous, liquid, and solid radioactive wastes, which are covered by federal regulation. High-level radioactive wastes primarily include used nuclear fuel. Low-level waste consists primarily of demineralizer resins, paper, protective clothing, rags, tools, and equipment contaminated through use. Under the Nuclear Waste Policy Act of 1982, the DOE and electric utilities with commercial nuclear power plants were authorized to enter into contracts under which the DOE would be required to dispose of the utilities’ spent nuclear fuel and high-level radioactive waste by January 1998, in exchange for fees paid by the utilities’ customers. The DOE has been unable to meet its contractual obligation with the Utility to dispose of nuclear waste from the Utility’s two nuclear generating units at Diablo Canyon and the retired nuclear facility at Humboldt Bay. As a result, the Utility constructed interim dry cask storage facilities to store its spent fuel onsite at Diablo Canyon and at Humboldt Bay until the DOE fulfills its contractual obligation to take possession of the spent fuel. The Utility and other nuclear power plant owners sued the DOE to recover the costs that they incurred to construct interim storage facilities for spent nuclear fuel.","PCG","2026-02-24T15:15:45.283065Z",2023
729,"1",1314,"2026-02-24T15:15:46.816416Z","Pollution & Waste",0.9883,721,"Pollution & Waste",1.267,"PCG_2024_0048","Nuclear Fuel Disposal

Nuclear power plant operations produce gaseous, liquid, and solid radioactive wastes, which are covered by federal regulation. High-level radioactive wastes primarily include used nuclear fuel. Low-level waste consists primarily of demineralizer resins, paper, protective clothing, rags, tools, and equipment contaminated through use.
Under the Nuclear Waste Policy Act of 1982, the DOE and electric utilities with commercial nuclear power plants were authorized to enter into contracts under which the DOE would be required to dispose of the utilities’ spent nuclear fuel and high-level radioactive waste by January 1998, in exchange for fees paid by the utilities’ customers. The DOE has been unable to meet its contractual obligation with the Utility to dispose of nuclear waste from the Utility’s two nuclear generating units at Diablo Canyon and the retired nuclear facility at Humboldt Bay. As a result, the Utility constructed interim dry cask storage facilities to store its spent fuel onsite at Diablo Canyon and at Humboldt Bay until the DOE fulfills its contractual obligation to take possession of the spent fuel. The Utility and other nuclear power plant owners sued the DOE to recover the costs that they incurred to construct interim storage facilities for spent nuclear fuel.","PCG","2026-02-24T15:15:46.816427Z",2024
730,"1",1377,"2026-02-24T15:15:48.720010Z","Pollution & Waste",0.9883,722,"Pollution & Waste",1.664,"WM_2017_0076","In addition, many state and local governments mandate diversion, recycling and waste reduction at the source and prohibit the disposal of certain types
of waste, such as yard waste, food waste, and electronics at landfills. Where such organic waste is not banned from the landfill, some large customers such as grocery stores and restaurants are choosing to divert their organic waste from landfills. Zero-waste goals (sending no waste to the landfill) have been set by many of North America’s largest companies. Although such mandates and initiatives help to protect our environment, these developments reduce the volume of waste going to our
landfills which may affect the prices that we can charge for landfill disposal. Our landfills currently provide and, together with our divested 
waste-to-energy
 facilities, have historically provided our
highest income from operations margins. If we are not successful in expanding our service offerings and growing lines of businesses to service waste streams that do not go to landfills and to provide services for customers that wish to reduce waste
entirely, then our revenues and operating results may decline. Additionally, despite the development of new service offerings and lines of business, it is possible that our revenues and our income from operations margins could be negatively affected
due to disposal alternatives.","WM","2026-02-24T15:15:48.720021Z",2017
731,"1",417,"2026-02-24T15:15:52.476431Z","Product Liability",0.9769,723,"Product Liability",3.477,"GEN_2018_0051","Wi-Fi
 Privacy service offers a protected way to connect to the Internet, encrypting data users send over Internet connections and enhancing levels of privacy online. With this service, users can confidently
send private information like passwords, bank details, and credit card numbers when using public 
Wi-Fi
 on PC, Mac or mobile device without risk of compromise. Users can also access globally to their
favorite","GEN","2026-02-24T15:15:52.476469Z",2018
732,"1",1208,"2026-02-24T15:15:55.545406Z","Product Liability",0.9768,724,"Product Liability",2.793,"GEN_2016_0016","Enterprise Security

Our Enterprise Security segment protects organizations so they can securely conduct business while leveraging new platforms and data. Our Enterprise Security segment includes our threat protection products, information protection products, cyber security services, and website security offerings, previously named trust services. 
These products and services help our customers secure their information in transit and wherever it resides in the network path, from the user’s device to the data’s resting place. These products protect customer data from sophisticated threats such as advanced protection threats, malicious spam and phishing attacks, malware, drive-by website infections, hackers, and cyber criminals. In addition, these products help to prevent the loss of confidential data by insiders, and help customers achieve and maintain compliance with laws and regulations. Our enterprise endpoint security and management offerings support the evolving endpoint, providing advanced threat protection while helping reduce cost and complexity. These solutions are delivered through various methods, such as software, appliance, Software-as-a-Service (""SaaS""), and managed services.","GEN","2026-02-24T15:15:55.545419Z",2016
733,"1",1454,"2026-02-24T15:16:03.321729Z","Product Liability",0.9768,725,"Product Liability",7.494,"WBD_2022_0050","Regulation of Digital Services

We operate a variety of free, advertising-based and subscription-based digital products and services providing information and entertainment to consumers in the U.S. and international markets via web, mobile and connected TV platforms. Our digital services are subject to federal and state regulation in the U.S. relating to the privacy and security of personal information collected from our users, including laws pertaining to the acquisition of personal information from children under 13, such as the federal Children's Online Privacy Protection Act and the federal Controlling the Assault of Non-Solicited Pornography and Marketing Act, and that impose data security and security breach obligations on the Company. These laws are continually evolving, with robust new data protection frameworks having been introduced during the past few years in both the U.S. and international markets, such as the California Consumer Privacy Act (""CCPA""), the E.U. General Data Protection Regulation (""GDPR"") and Brazil’s General Data Protection Law. Additional federal and state laws and regulations may be adopted with respect to our digital services, covering such issues as data privacy and security, child safety, oversight of user-generated content, advertising, pricing, content, copyrights and trademarks, access by persons with disabilities, distribution, taxation and characteristics and quality of products and services.","WBD","2026-02-24T15:16:03.321738Z",2022
734,"1",1326,"2026-02-24T15:16:07.612539Z","Product Liability",0.976,726,"Product Liability",3.986,"NWS_2019_0108","Data Privacy and Security 
 
The Company’s business
activities are subject to laws and regulations governing the collection, use, sharing, protection and retention of personal data, which continue to evolve and have implications for how such data is managed. For example, in the U.S., certain of the
Company’s websites, mobile apps and other online business activities are subject to the Children’s Online Privacy Protection Act of 1998, which prohibits the collection of personally identifiable information online from children under age
13 without prior parental consent. In addition, the Federal Trade Commission continues to expand its application of general consumer protection laws to commercial data practices, including to the use of personal and profiling data from online users
to deliver targeted internet advertisements. More state and local governments are also expanding, enacting or proposing data privacy laws that govern the collection and use of personal data of their residents and increase penalties and afford
private rights of action to individuals in certain circumstances for failure to comply, and most states have enacted legislation requiring businesses to provide notice to state agencies and to individuals whose personally identifiable information
has been disclosed as a result of a data breach.","NWS","2026-02-24T15:16:07.612549Z",2019
735,"1",1326,"2026-02-24T15:16:09.509146Z","Product Liability",0.976,727,"Product Liability",1.659,"NWSA_2019_0108","Data Privacy and Security 
 
The Company’s business
activities are subject to laws and regulations governing the collection, use, sharing, protection and retention of personal data, which continue to evolve and have implications for how such data is managed. For example, in the U.S., certain of the
Company’s websites, mobile apps and other online business activities are subject to the Children’s Online Privacy Protection Act of 1998, which prohibits the collection of personally identifiable information online from children under age
13 without prior parental consent. In addition, the Federal Trade Commission continues to expand its application of general consumer protection laws to commercial data practices, including to the use of personal and profiling data from online users
to deliver targeted internet advertisements. More state and local governments are also expanding, enacting or proposing data privacy laws that govern the collection and use of personal data of their residents and increase penalties and afford
private rights of action to individuals in certain circumstances for failure to comply, and most states have enacted legislation requiring businesses to provide notice to state agencies and to individuals whose personally identifiable information
has been disclosed as a result of a data breach.","NWSA","2026-02-24T15:16:09.509157Z",2019
736,"1",1330,"2026-02-24T15:16:37.351455Z","Product Liability",0.9759,728,"Product Liability",27.554,"NWS_2020_0046","For example, in the U.S., certain of the Company’s websites, mobile apps and other online business activities are subject to the Children’s Online Privacy Protection Act of 1998, which prohibits the collection of personally identifiable information online from children under age 13 without prior parental consent. In addition, the Federal Trade Commission continues to expand its application of general consumer protection laws to commercial data practices, including to the use of personal and profiling data from online users to deliver targeted internet advertisements. More state and local governments are also expanding, enacting or proposing data privacy laws that govern the collection and use of personal data of their residents and increase penalties and afford private rights of action to individuals in certain circumstances for failure to comply, and most states have enacted legislation requiring businesses to provide notice to state agencies and to individuals whose personally identifiable information has been disclosed as a result of a data breach. For example, the California Consumer Privacy Act (“CCPA”), which went into effect on January 1, 2020, established certain transparency rules and puts greater restrictions on how the Company can collect, use and share personal information of California residents.","NWS","2026-02-24T15:16:37.351463Z",2020
737,"1",1330,"2026-02-25T05:45:25.616171Z","Product Liability",0.9759,729,"Non-ESG",23.537,"NWSA_2020_0046","For example, in the U.S., certain of the Company’s websites, mobile apps and other online business activities are subject to the Children’s Online Privacy Protection Act of 1998, which prohibits the collection of personally identifiable information online from children under age 13 without prior parental consent. In addition, the Federal Trade Commission continues to expand its application of general consumer protection laws to commercial data practices, including to the use of personal and profiling data from online users to deliver targeted internet advertisements. More state and local governments are also expanding, enacting or proposing data privacy laws that govern the collection and use of personal data of their residents and increase penalties and afford private rights of action to individuals in certain circumstances for failure to comply, and most states have enacted legislation requiring businesses to provide notice to state agencies and to individuals whose personally identifiable information has been disclosed as a result of a data breach. For example, the California Consumer Privacy Act (“CCPA”), which went into effect on January 1, 2020, established certain transparency rules and puts greater restrictions on how the Company can collect, use and share personal information of California residents.","NWSA","2026-02-25T05:45:35.753705Z",2020
738,"1",1280,"2026-02-25T05:45:47.088036Z","Product Liability",0.9758,730,"Product Liability",6.549,"INTU_2015_0036","Our primary websites and online products, such as Intuit.com, QuickBooks and TurboTax, have been certified by TRUSTe, an independent organization that operates a website and online product privacy certification program representing industry standard practices to address users’ and regulators’ concerns about online privacy. We also use privacy statements to provide notice to customers of our privacy practices, as well as provide them the opportunity to furnish instructions with respect to use of their personal information. We participate in industry groups whose purpose is to develop or shape industry best practices, and to influence public policy for privacy and security. To address security concerns, we use security safeguards to help protect the systems and the information customers give to us from loss, misuse and unauthorized alteration. Whenever customers transmit sensitive information, such as credit card information or tax return data, through one of our websites or products, we use industry standards to encrypt the data as it is transmitted to us. We work to protect our systems from unauthorized internal or external access using numerous commercially available computer security products as well as internally developed security procedures and practices.","INTU","2026-02-25T05:45:47.088055Z",2015
739,"1",1457,"2026-02-25T05:45:52.959489Z","Product Liability",0.9758,731,"Non-ESG",5.026,"NWS_2021_0046","For example, in the U.S., certain of the Company’s websites, mobile apps and other online business activities are subject to the Children’s Online Privacy Protection Act of 1998, which prohibits the collection of personally identifiable information online from children under age 13 without prior parental consent. In addition, the Federal Trade Commission continues to expand its application of general consumer protection laws to commercial data practices, including to the use of personal and profiling data from online users to deliver targeted internet advertisements. More state and local governments are also expanding, enacting or proposing data privacy laws that govern the collection and use of personal data of their residents and increase penalties and afford private rights of action to individuals in certain circumstances for failure to comply, and most states have enacted legislation requiring businesses to provide notice to state agencies and to individuals whose personally identifiable information has been disclosed as a result of a data breach. For example, the California Consumer Privacy Act (“CCPA”) and California Privacy Rights Act (“CPRA”), which will amend the CCPA in January 2023, establish certain transparency rules, put greater restrictions on how the Company can collect, use and share personal information of California residents and provide California residents with certain rights regarding their personal information.","NWS","2026-02-25T05:45:52.959510Z",2021
740,"1",1341,"2026-02-25T05:46:03.530443Z","Product Liability",0.9758,732,"Non-ESG",10.087,"NWSA_2018_0090","Data Privacy and Security 
 
The
Company’s business activities are subject to laws and regulations governing the collection, use, sharing, protection and retention of personal data, which continue to evolve and have implications for how such data is managed. For example, in
the U.S., certain of the Company’s websites, mobile applications and other online business activities are subject to the Children’s Online Privacy Protection Act of 1998, which prohibits websites from collecting personally identifiable
information online from children under age 13 without prior parental consent. In addition, the Federal Trade Commission continues to expand its application of general consumer protection laws to commercial data practices, including to the use of
personal and profiling data from online users to deliver targeted Internet advertisements. More state and local governments are also expanding, enacting or proposing data privacy laws that govern the collection and use of personal data of their
residents and increase penalties and afford private rights of action to individuals in certain circumstances for failure to comply, and most states have enacted legislation requiring businesses to provide notice to state agencies and to individuals
whose personally identifiable information has been disclosed as a result of a data breach.","NWSA","2026-02-25T05:46:03.530453Z",2018
741,"1",1457,"2026-02-25T05:46:07.138800Z","Product Liability",0.9758,733,"Non-ESG",3.123,"NWSA_2021_0046","For example, in the U.S., certain of the Company’s websites, mobile apps and other online business activities are subject to the Children’s Online Privacy Protection Act of 1998, which prohibits the collection of personally identifiable information online from children under age 13 without prior parental consent. In addition, the Federal Trade Commission continues to expand its application of general consumer protection laws to commercial data practices, including to the use of personal and profiling data from online users to deliver targeted internet advertisements. More state and local governments are also expanding, enacting or proposing data privacy laws that govern the collection and use of personal data of their residents and increase penalties and afford private rights of action to individuals in certain circumstances for failure to comply, and most states have enacted legislation requiring businesses to provide notice to state agencies and to individuals whose personally identifiable information has been disclosed as a result of a data breach. For example, the California Consumer Privacy Act (“CCPA”) and California Privacy Rights Act (“CPRA”), which will amend the CCPA in January 2023, establish certain transparency rules, put greater restrictions on how the Company can collect, use and share personal information of California residents and provide California residents with certain rights regarding their personal information.","NWSA","2026-02-25T05:46:07.138809Z",2021
742,"1",1435,"2026-02-25T05:46:13.460574Z","Product Liability",0.9754,734,"Non-ESG",5.309,"WBD_2020_0015","Regulation of Digital Services

We operate a variety of free, advertising-based and subscription-based digital products and services providing information, entertainment, e-commerce and interactive experiences to consumers in the U.S. and international markets via web, mobile and connected TV platforms. Our digital services are subject to federal and state regulation in the U.S. relating to the privacy and security of personal information collected from our users, including laws pertaining to the acquisition of personal information from children under 13, such as the federal Children's Online Privacy Protection Act (""COPPA"") and the federal Controlling the Assault of Non-Solicited Pornography and Marketing Act, and that impose data security and security breach obligations on the Company. Additional federal and state laws and regulations may be adopted with respect to our digital services, covering such issues as data privacy and security, child safety, advertising, pricing, content, copyrights and trademarks, access by persons with disabilities, distribution, taxation and characteristics and quality of products and services. Our digital products and services available to consumers in international markets are also subject to the laws and regulations of foreign jurisdictions, including, without limitation, consumer protection, data privacy and security, advertising, intellectual property, and content limitations.","WBD","2026-02-25T05:46:13.460586Z",2020
743,"1",1413,"2026-02-25T05:46:20.736001Z","Product Liability",0.9754,735,"Non-ESG",6.761,"WBD_2023_0041","Regulation of Digital Services

We operate a variety of free, advertising-based and subscription-based digital products and streaming services providing information and entertainment to consumers in the U.S. and international markets via web, mobile and connected TV platforms. In some cases, those products and services are provided directly to consumers, and in other cases, they can be used and/or purchased through a third-party distributor, such as Xfinity or Hulu. Our digital products and services are subject to federal and state regulation in the U.S. relating to the privacy and security of personal information collected from our users, including laws pertaining to the acquisition of personal information from children under 16. Some examples of these laws include the federal Children's Online Privacy Protection Act (COPPA), the federal Controlling the Assault of Non-Solicited Pornography and Marketing Act, the Video Privacy Protection Act (VPPA), and the California Consumer Privacy Act (“CCPA”). Many additional U.S. state and federal regulations impose data security and data breach obligations on the Company. These laws and their public and private enforcement are continually evolving, with several comprehensive U.S. state privacy laws effective in 2023, many more introduced and expected to pass in the coming year, and novel litigation theories related to privacy advancing in the courts.","WBD","2026-02-25T05:46:20.736014Z",2023
744,"1",953,"2026-02-25T05:46:30.884899Z","Product Liability",0.9753,736,"Non-ESG",9.501,"BBY_2024_0012","Food and Drug Administration (“FDA”). 

We participate in government healthcare programs including, but not limited to, Medicaid as a provider of Personal Emergency Response System (“PERS”) devices and services. 

Sales of Lively mobile phones and service plans subjects us to regulation as a telecommunications provider, including Federal Communications Commission (“FCC”) oversight. 

The collection, storage, use and disclosure of personal information, subjects us to privacy and security requirements. Notably, portions of the health business are subject to the Health Insurance Portability and Accountability Act (“HIPAA”) and certain of Current Health’s international operations are subject to the UK’s General Data Protection Regulation (“GDPR,” as retained in UK law). State data privacy laws are also rapidly changing, such as Washington’s new My Health, My Data Act with a private right of action, raising new considerations and challenges.","BBY","2026-02-25T05:46:30.884908Z",2024
745,"1",1430,"2026-02-25T05:46:40.354393Z","Product Liability",0.9753,737,"Product Liability",8.988,"MA_2016_0022","Safety and Security

We offer products and services to prevent, detect and respond to fraud and to ensure the safety of transactions made on MasterCard products. We work with issuers, merchants and governments to help develop standards for safe and secure transactions for the global payments system. We have worked with our financial institution customers to provide products to consumers globally with increased confidence through the benefit of “zero liability”, or no responsibility for counterfeit or lost card losses in the event of fraud. Our products and solutions include:
•
internet authentication/verification solutions that leverage biometrics;
•
services assisting customers, merchants and third-party service providers in protecting against attacks and subsequent account data compromises; and
•
fraud detection and management products and services. We have been leading the development of industry standards, working with many payments industry associations to ensure that payment security standards are put in place as part of our multi-layered approach to protect the global payments system. These efforts include evolving a roadmap for the migration to EMV and developing an industry-open standard for tokenization, which helps protect sensitive cardholder information for digital transactions by generating unique credentials to an identified and verified individual that may be used for a specific transaction.","MA","2026-02-25T05:46:40.354404Z",2016
746,"1",1070,"2026-02-25T05:46:44.814346Z","Product Liability",0.9751,738,"Non-ESG",3.617,"NWS_2017_0077","Our business activities are subject to laws and regulations governing the collection, use, sharing, protection and retention of personal
data, which continue to evolve and have implications for how such data is managed. For example, in the U.S., certain of the Company’s websites, mobile applications and other online business activities are subject to the Children’s Online
Privacy Protection Act of 1998, which prohibits websites from collecting personally identifiable information online from children under age 13 without prior parental consent. In addition, the Federal Trade Commission continues to expand its
application of general consumer protection laws to commercial data practices, including to the use of personal and profiling data from online users to deliver targeted Internet advertisements. Most states have also enacted legislation regulating
data privacy and security, including laws requiring businesses to provide notice to state agencies and to individuals whose personally identifiable information has been disclosed as a result of a data breach.","NWS","2026-02-25T05:46:44.814365Z",2017
747,"1",1070,"2026-02-25T05:46:53.672675Z","Product Liability",0.9751,739,"Non-ESG",8.246,"NWSA_2017_0077","Our business activities are subject to laws and regulations governing the collection, use, sharing, protection and retention of personal
data, which continue to evolve and have implications for how such data is managed. For example, in the U.S., certain of the Company’s websites, mobile applications and other online business activities are subject to the Children’s Online
Privacy Protection Act of 1998, which prohibits websites from collecting personally identifiable information online from children under age 13 without prior parental consent. In addition, the Federal Trade Commission continues to expand its
application of general consumer protection laws to commercial data practices, including to the use of personal and profiling data from online users to deliver targeted Internet advertisements. Most states have also enacted legislation regulating
data privacy and security, including laws requiring businesses to provide notice to state agencies and to individuals whose personally identifiable information has been disclosed as a result of a data breach.","NWSA","2026-02-25T05:46:53.672685Z",2017
748,"1",1477,"2026-02-25T05:46:59.067933Z","Product Liability",0.9751,740,"Non-ESG",4.582,"WBD_2024_0044","Regulation of Digital Products and Services

We operate a variety of free, advertising-based and subscription-based digital products and streaming services providing news, information and entertainment to consumers in the U.S. and international markets via web, mobile and connected TV platforms. In some cases, those products and services are provided directly to consumers, and in other cases, they can be used and/or purchased through a third-party distributor, such as Xfinity or Hulu. Our digital products and services are subject to federal and state regulation in the U.S. relating to the privacy and security of personal information collected from our users, including laws pertaining to the acquisition of personal information from children under 16. Some examples of these laws include the federal Children’s Online Privacy Protection Act (COPPA), the federal Controlling the Assault of Non-Solicited Pornography and Marketing Act, the Video Privacy Protection Act (VPPA), and the California Consumer Privacy Act (“CCPA”). Many additional U.S. state and federal regulations impose data security and data breach obligations on the Company. These laws and their public and private enforcement are continually evolving, with several comprehensive U.S. state privacy laws that took effect in 2023, or that will take effect in 2024, and many more introduced and expected to pass in the coming year, and novel litigation theories related to privacy advancing in the courts.","WBD","2026-02-25T05:46:59.067945Z",2024
749,"1",1241,"2026-02-25T05:47:04.264363Z","Product Liability",0.9746,741,"Product Liability",4.346,"GEN_2015_0019","Enterprise Security

Our Enterprise Security segment protects organizations so they can securely conduct business while leveraging new platforms and data. These products include Secure Socket Layer (“SSL”) Certificates, authentication, mail and web security, data center security, data loss prevention, information security services, endpoint security and management, encryption, and mobile security offerings.
 
These products and services help our customers secure their confidential information wherever it resides in the network path, from the user’s device to the data’s resting place. In doing so, these products protect customer data from sophisticated threats such as advanced protection threats, malicious spam and phishing attacks, malware, drive-by website infections, hackers, and cyber criminals. In addition, these products help to prevent the loss of confidential data by insiders, and help customers achieve compliance with laws and regulations. Our enterprise endpoint security and management offerings support the evolving endpoint, providing advanced threat protection while helping reduce cost and complexity. These solutions are delivered through various methods, such as software, appliance, SaaS, and managed services.","GEN","2026-02-25T05:47:04.264388Z",2015
750,"1",1294,"2026-02-25T05:47:11.797432Z","Product Liability",0.9746,742,"Non-ESG",7.092,"NWS_2022_0046","Data Privacy and Security Regulation
The Company’s business activities are subject to laws and regulations governing the collection, use, sharing, protection and retention of personal data, which continue to evolve and have implications for how such data is managed. For example, in the U.S., certain of the Company’s websites, mobile apps and other online business activities are subject to the Children’s Online Privacy Protection Act of 1998, which prohibits the collection of personal information online from children under age 13 without prior parental consent. In addition, the Federal Trade Commission continues to expand its application of general consumer protection laws to commercial data practices, including to the use of personal and profiling data from online users to deliver targeted internet advertisements. More state and local governments are also expanding, enacting or proposing data privacy laws that govern the collection and use of personal data of their residents and increase penalties and in some cases, afford private rights of action to individuals for failure to comply, and most states have enacted legislation requiring businesses to provide notice to state agencies and to individuals whose personal information has been disclosed as a result of a data breach.","NWS","2026-02-25T05:47:11.797440Z",2022
751,"1",1294,"2026-02-25T05:47:17.388886Z","Product Liability",0.9746,743,"Non-ESG",4.909,"NWSA_2022_0046","Data Privacy and Security Regulation
The Company’s business activities are subject to laws and regulations governing the collection, use, sharing, protection and retention of personal data, which continue to evolve and have implications for how such data is managed. For example, in the U.S., certain of the Company’s websites, mobile apps and other online business activities are subject to the Children’s Online Privacy Protection Act of 1998, which prohibits the collection of personal information online from children under age 13 without prior parental consent. In addition, the Federal Trade Commission continues to expand its application of general consumer protection laws to commercial data practices, including to the use of personal and profiling data from online users to deliver targeted internet advertisements. More state and local governments are also expanding, enacting or proposing data privacy laws that govern the collection and use of personal data of their residents and increase penalties and in some cases, afford private rights of action to individuals for failure to comply, and most states have enacted legislation requiring businesses to provide notice to state agencies and to individuals whose personal information has been disclosed as a result of a data breach.","NWSA","2026-02-25T05:47:17.388898Z",2022
752,"1",1303,"2026-02-25T05:47:35.055202Z","Product Liability",0.9746,744,"Non-ESG",17.182,"ROP_2021_0015","Governmental Regulations

We face extensive government regulation both within and outside the United States relating to the development, manufacture, marketing, sale and distribution of our products, software, and services. The following sections describe certain significant regulations to which we are subject, but these are not the only regulations to which our businesses must comply. For a description of the risks related to the regulations that our businesses are subject to, please refer to “.” 
 
Privacy and Data Security
We are subject to the privacy and data security laws of the United States and internationally. A number of states in the United States have passed or introduced bills, which, if passed, impose operational requirements on U.S. companies similar to the requirements reflected in the General Data Protection Regulation (“GDPR”) in the European Union (""EU""). For example, the California Consumer Privacy Act of 2018 (“CCPA”), which came into effect on January 1, 2020, requires covered companies that process personal information on California residents to make disclosures to consumers about their data collection, use and sharing practices, allows consumers to opt out of certain data sharing with third parties and provides a new private right of action for data breaches.","ROP","2026-02-25T05:47:35.055213Z",2021
753,"1",1445,"2026-02-25T05:47:45.087781Z","Product Liability",0.9744,745,"Non-ESG",9.443,"CHD_2020_0076","We are subject to increasingly stringent privacy and security regulation. We collect, use and store personal data of our employees, customers and other third parties in the ordinary course of business, and we are required to comply with increasingly complex and changing data privacy and security laws and regulations, that apply to the collection, storage, use, transmission and protection of personal information and other consumer and employee data, including particularly the transfer of personal data between or among countries. Numerous local, municipal, state, federal and international law and regulations address privacy and security including the California Online Privacy Protection Act, the Personal information Protection and Electronic Documents Act, the Controlling the Assault of Non-Solicited Pornography and Marketing (CAN-SPAM) Act, the Telephone Consumer Protection Act of 1991, the Health Insurance Portability and Accountability Act of 1996 (HIPAA), Section 5(c) of the Federal Trade Commission Act, and, effective as of January 1, 2020 the California Consumer Privacy Act (CCPA). These privacy and security laws and regulations change frequently, and new legislation continues to be introduced. In particular, the CCPA requires new disclosures to California consumers
, gives California consumers new rights with respect to their data, and 
permits California consumers to opt-out of certain sales of personal information.","CHD","2026-02-25T05:47:45.087793Z",2020
754,"1",916,"2026-02-25T05:48:02.082653Z","Product Liability",0.9743,746,"Product Liability",16.428,"EBAY_2015_0023","We are focused on making our solutions simple for customers and developers.

Our Payments business seeks to put the customer first. We are focused on creating easy to use products that leverage our technological leadership and we are using a true “mobile first” approach to make payments simple and intuitive. Our PayPal platform and open APIs are designed to allow developers to innovate with ease and to offer cutting edge applications to a large ecosystem of merchants and consumers, while at the same time maintaining the safety of our users’ financial information. PayPal provides developers with intuitive, flexible and powerful tools that are designed to leverage PayPal’s global reach and payment capabilities. Some of our software developer kits, or SDKs, are specifically focused on the mobile app market and are designed to remove friction by not requiring a redirect to PayPal.com or an additional login.","EBAY","2026-02-25T05:48:02.082662Z",2015
755,"1",1135,"2026-02-25T05:48:06.498137Z","Product Liability",0.9743,747,"Product Liability",3.783,"IQV_2020_0078","In general, patient health information is among the most sensitive (and highly regulated) of personal information and laws and regulations around the United States and the world are designed to ensure that information about an individual’s healthcare is properly protected from inappropriate access, use and disclosure. Laws restricting access, use and disclosure of patient health information also include the European Union’s (“EU”) General Data Protection Regulation, Canada’s Personal Information Protection and Electronic Documents Act and other data protection, privacy, data security and similar national, state/provincial and local laws. In the EU personal data includes any information that relates to an identified or identifiable natural person with health information carrying additional obligations, including obtaining the explicit consent from the individual for collection, use or disclosure of the information. In addition, we are subject to EU rules with respect to cross-border transfers of such data out of the EU (along with similar data transfer requirements or data localization requirements in other countries).","IQV","2026-02-25T05:48:06.498148Z",2020
756,"1",125,"2026-02-25T05:48:10.104060Z","Product Liability",0.9743,748,"Product Liability",2.753,"MSFT_2015_0149","Ensuring our cloud-based services meet the reliability expectations of our customers and maintain the security of their data.","MSFT","2026-02-25T05:48:10.104072Z",2015
757,"1",125,"2026-02-25T05:48:12.080604Z","Product Liability",0.9743,749,"Product Liability",1.391,"MSFT_2016_0145","Ensuring our cloud-based services meet the reliability expectations of our customers and maintain the security of their data.","MSFT","2026-02-25T05:48:12.080616Z",2016
758,"1",1290,"2026-02-25T05:48:19.242997Z","Product Liability",0.9735,750,"Product Liability",6.715,"MDT_2019_0040","With the exception of certain of its operations in its Diabetes and care management services businesses, Medtronic is generally not a Covered Entity. Medtronic also operates as a Business Associate to Covered Entities in a limited number of instances. There are comparable state laws governing the use and protection of personal health information by health care providers, and Medtronic may be subject to these laws in certain of its businesses. In addition to the regulation of personal health information, a number of states have also adopted laws and regulations that may affect our privacy and data security practices for other kinds of personally identifiable information, such as state laws that govern the use, disclosure and protection of sensitive personal information, such as social security numbers, or that are designed to protect credit card account data. State consumer protection laws may also establish privacy and security standards for use and management of personally identifiable information, including information related to consumers and care providers. Outside the U.S., we are impacted by the privacy and data security requirements at the international, national and regional level, and on an industry specific basis. We serve customers in more than 150 countries.","MDT","2026-02-25T05:48:19.243011Z",2019
759,"1",676,"2026-02-25T05:48:25.142105Z","Product Liability",0.9733,751,"Product Liability",5.084,"GEN_2019_0050","Norton Wi-Fi Privacy VPN:

Our Norton Wi-Fi Privacy VPN service offers a protected way to connect to the Internet, encrypting data users send over internet connections and enhancing levels of privacy online. With this service, users can confidently access private information such as passwords, bank details, and credit card numbers when using public Wi-Fi on PC, Mac, or mobile device without risk of compromise. Users can also connect globally to their favorite apps, websites, and online streaming by changing their virtual location. This service also limits the ability of websites to track users, thereby eliminating persistent personalized ads based on browsing history.","GEN","2026-02-25T05:48:25.142113Z",2019
760,"1",1303,"2026-02-25T05:48:33.117419Z","Product Liability",0.9732,752,"Non-ESG",7.336,"VRSK_2021_0060","Because personal, public and non-public information is stored in some of our databases, we are vulnerable to government regulation and adverse publicity concerning the use of our data. We provide many types of data and services that already are subject to regulation under the Fair Credit Reporting Act, Gramm-Leach-Bliley Act, Driver’s Privacy Protection Act, the European Union’s General Data Protection Regulation, the Dodd Frank Wall Street Reform and Consumer Protection Act and to a lesser extent, various other federal, state, and local laws and regulations. These laws and regulations are designed to protect the privacy of the public and to prevent the misuse of personal information in the marketplace. However, many consumer advocates, privacy advocates, and government regulators believe that the existing laws and regulations do not adequately protect privacy. They have become increasingly concerned with the use of personal information, particularly social security numbers, department of motor vehicle data and dates of birth. As a result, they are lobbying for further restrictions on the dissemination or commercial use of personal information to the public and private sectors. Similar initiatives are under way in other countries in which we do business or from which we source data.","VRSK","2026-02-25T05:48:33.117429Z",2021
761,"1",1303,"2026-02-25T05:48:38.703350Z","Product Liability",0.9732,753,"Non-ESG",4.871,"VRSK_2022_0062","Because personal, public and non-public information is stored in some of our databases, we are vulnerable to government regulation and adverse publicity concerning the use of our data. We provide many types of data and services that already are subject to regulation under the Fair Credit Reporting Act, Gramm-Leach-Bliley Act, Driver’s Privacy Protection Act, the European Union’s General Data Protection Regulation, the Dodd Frank Wall Street Reform and Consumer Protection Act and to a lesser extent, various other federal, state, and local laws and regulations. These laws and regulations are designed to protect the privacy of the public and to prevent the misuse of personal information in the marketplace. However, many consumer advocates, privacy advocates, and government regulators believe that the existing laws and regulations do not adequately protect privacy. They have become increasingly concerned with the use of personal information, particularly social security numbers, department of motor vehicle data and dates of birth. As a result, they are lobbying for further restrictions on the dissemination or commercial use of personal information to the public and private sectors. Similar initiatives are under way in other countries in which we do business or from which we source data.","VRSK","2026-02-25T05:48:38.703361Z",2022
762,"1",1303,"2026-02-25T05:48:45.790924Z","Product Liability",0.9732,754,"Product Liability",6.685,"VRSK_2023_0060","Because personal, public and non-public information is stored in some of our databases, we are vulnerable to government regulation and adverse publicity concerning the use of our data. We provide many types of data and services that already are subject to regulation under the Fair Credit Reporting Act, Gramm-Leach-Bliley Act, Driver’s Privacy Protection Act, the European Union’s General Data Protection Regulation, the Dodd Frank Wall Street Reform and Consumer Protection Act and to a lesser extent, various other federal, state, and local laws and regulations. These laws and regulations are designed to protect the privacy of the public and to prevent the misuse of personal information in the marketplace. However, many consumer advocates, privacy advocates, and government regulators believe that the existing laws and regulations do not adequately protect privacy. They have become increasingly concerned with the use of personal information, particularly social security numbers, department of motor vehicle data and dates of birth. As a result, they are lobbying for further restrictions on the dissemination or commercial use of personal information to the public and private sectors. Similar initiatives are under way in other countries in which we do business or from which we source data.","VRSK","2026-02-25T05:48:45.790941Z",2023
763,"1",217,"2026-02-25T05:48:50.799157Z","Product Liability",0.9731,755,"Product Liability",4.027,"GEN_2022_0004","Data Privacy and Protection:

We safeguard our customer, partner and employee data and offer products, including Norton Privacy Monitor Assistant that help consumers protect their personal data wherever it is found.
•","GEN","2026-02-25T05:48:50.799165Z",2022
764,"1",268,"2026-02-25T05:48:54.847420Z","Product Liability",0.9731,756,"Product Liability",3.343,"GEN_2018_0030","Email Security: 
Multiple layers of protection (including threat isolation and advanced analytics) against
ransomware, spear phishing and enterprise email compromise help identify targeted attacks, and enable users to protect email against user error and data leakage.","GEN","2026-02-25T05:48:54.847431Z",2018
765,"1",662,"2026-02-25T05:49:00.416566Z","Product Liability",0.9728,757,"Non-ESG",5.069,"PFE_2021_0062","Our industry advocacy efforts focus on seeking a fair and transparent business environment for foreign manufacturers, underscoring the importance of strong intellectual property systems for local innovative industries and helping improve patients’ access to innovative medicines. Data Privacy. Outside of the U.S., many countries have privacy and data security laws and regulations concerning the collection and use of personal data, including the EU’s General Data Protection Regulations. The legislative and regulatory framework for privacy and data protection issues worldwide is rapidly evolving as countries continue to adopt privacy and data security laws.","PFE","2026-02-25T05:49:00.416576Z",2021
766,"1",1478,"2026-02-25T05:51:33.259793Z","Product Liability",0.9727,758,"Product Liability",39.733,"TSCO_2020_0016","Such efforts include ongoing hardware and software evaluations, refreshes, and upgrades to support optimal software configurations, and application performance. We plan to continue to invest in information technology and implement efficiency-driving system enhancements. We will continue to evaluate the use of technologies to improve productivity such as artificial intelligence, automation software, quantum computing, and other technologies. We also maintain and continue to strengthen the security of our information systems to help protect and prevent unauthorized access to personal information of our customers, employees, vendors, and other confidential Company data as well as ensuring that we adhere to industry privacy laws and standards. Collectively, these efforts are directed toward improving business processes, maintaining secure, efficient, and stable systems, and enabling the continued growth and success of our business. Petsense
Petsense is a small-box pet specialty supply retailer focused on meeting the needs of pet owners, primarily in small and mid-sized communities, and offering a variety of pet products and services. At December 28, 2019, we operated a total of 180 Petsense stores in 26 states, with approximately 500 full-time and 1,000 part-time team members, and an e-commerce website (
Petsense.com
). Petsense owns a registration trademark for its exclusive brand, 
TrueSource
®
 pet food, and the Petsense name is registered with the USPTO.","TSCO","2026-02-25T05:51:33.259801Z",2020
767,"1",1491,"2026-02-25T05:51:44.850129Z","Product Liability",0.9727,759,"Product Liability",10.947,"WBD_2021_0015","Regulation of Digital Services

We operate a variety of free, advertising-based and subscription-based digital products and services providing information, entertainment, e-commerce and interactive experiences to consumers in the U.S. and international markets via web, mobile and connected TV platforms. Our digital services are subject to federal and state regulation in the U.S. relating to the privacy and security of personal information collected from our users, including laws pertaining to the acquisition of personal information from children under 13, such as the federal Children's Online Privacy Protection Act and the federal Controlling the Assault of Non-Solicited Pornography and Marketing Act, and that impose data security and security breach obligations on the Company. These laws are continually evolving, with robust new data protection frameworks having been introduced during the past few years in both the U.S. and international markets, such as the California Consumer Privacy Act (""CCPA""), the E.U. General Data Protection Regulation (""GDPR"") and Brazil’s General Data Protection Law. Additional federal and state laws and regulations may be adopted with respect to our digital services, covering such issues as data privacy and security, child safety, oversight of user-generated content, advertising, pricing, content, copyrights and trademarks, access by persons with disabilities, distribution, taxation and characteristics and quality of products and services.","WBD","2026-02-25T05:51:44.850154Z",2021
768,"1",1488,"2026-02-25T05:52:14.952158Z","Product Liability",0.9726,760,"Product Liability",29.568,"IDXX_2020_0078","Our operations and reputation may be impaired if we, our products, or our services do not comply with our global privacy policy or evolving laws and regulations regarding data privacy and protection

The nature of our business involves the receipt and storage of information about our customers, pet owners, suppliers, and employees. We collect and use personal data in a variety of ways. We offer products and services that collect and use personal data provided by customer practices, individuals, and third-parties at customers' direction, including practice management systems for veterinary practices, online customer communication tools and services, VetConnect PLUS, two-way integration technology, and use by third-parties authorized by our customers to provide programs and services to such customers. Some of these products and services rely on third-party providers for cloud storage. We also engage in e-commerce through various websites and collect contact and other personal data from our customers and visitors to our websites. The privacy, security, retention, sharing and use of the personal data described above are subject to expanding and increasingly complex laws and regulations in the U.S. (such as the California Consumer Privacy Act (“CCPA”), which became effective on January 1, 2020) and abroad (such as the Brazilian General Data Protection Law (“LGPD”), which will become effective on August 15, 2020), some of which impose significant compliance obligations.","IDXX","2026-02-25T05:52:14.952169Z",2020
769,"1",1316,"2026-02-25T05:52:19.502776Z","Product Liability",0.9726,761,"Product Liability",4.044,"MDT_2016_0026","In those cases, the patient data that we receive and analyze may include protected health information. A number of states have also adopted laws and regulations that may affect our privacy and security practices, such as state laws that govern the use, disclosure and protection of social security numbers or that are designed to protect credit card account data. State and local authorities increasingly focus on the importance of protecting individuals from identity theft, with a significant number of states enacting laws requiring businesses to notify individuals of security breaches involving personal information. State consumer protection laws may also apply to privacy and security practices related to personally identifiable information, including information related to consumers and care providers. We are also impacted by the privacy requirements of countries outside the United States. Privacy standards in Europe and Asia are becoming increasingly strict. Enforcement action and financial penalties related to privacy in the E.U. are growing, and new laws and restrictions are being passed. In April of 2016, the European Council and the Parliament adopted the new General Data Protection Regulation, which sets demanding requirements for the management of individually identifiable data in the E.U.","MDT","2026-02-25T05:52:19.502784Z",2016
770,"1",1465,"2026-02-25T05:52:26.226291Z","Product Liability",0.9726,762,"Product Liability",6.068,"MDT_2021_0050","Except for certain of its operations in its Diabetes and care management services businesses, Medtronic is generally not a 

Covered Entity. Medtronic also operates as a Business Associate to Covered Entities in several instances. There are comparable state laws governing the use and protection of personal health information by healthcare providers, and Medtronic may be subject to these laws in certain of its businesses. In addition to the regulation of personal health information, a number of states have also adopted laws and regulations that may affect our privacy and data security practices for other kinds of personally identifiable information, such as state laws that govern the use, disclosure and protection of sensitive personal information, such as social security numbers, or that are designed to protect credit card account data. State consumer protection laws may also establish privacy and security standards for use and management of personally identifiable information, including information related to consumers. Outside the U.S., we are impacted by the privacy and data security requirements at the international, federal and regional level, and on an industry specific basis. We serve customers in more than 150 countries. Legal requirements in these countries relating to the collection, storage, handling and transfer of personal data and potentially intellectual property continue to evolve with increasingly strict enforcement regimes.","MDT","2026-02-25T05:52:26.226302Z",2021
771,"1",1249,"2026-02-25T05:52:37.606799Z","Product Liability",0.9725,763,"Non-ESG",10.856,"RMD_2024_0215","Numerous foreign, federal and state laws and regulations govern collection, dissemination, use and confidentiality of personally identifiable health information, including (i) state privacy and confidentiality laws (including state laws requiring disclosure of breaches); (ii) HIPAA; and (iii) European and other foreign data protection laws, including the EU GDPR and the UK GDPR. HIPAA establishes a set of national privacy and security standards for the protection of individually identifiable health information, or protected health information, by health plans, healthcare clearinghouses and healthcare providers that submit certain covered transactions electronically, collectively referred to as “covered entities,” and their “business associates,” which are persons or entities that perform certain services for, or on behalf of, a covered entity that involve creating, receiving, maintaining or transmitting protected health information, as well as their covered subcontractors. Through certain portions of our business, such as the cloud-based software digital health applications, we are subject to HIPAA as a business associate of our covered entity clients. To provide our covered entity clients with services that 
-36-

PART I
Item 1A","RMD","2026-02-25T05:52:37.606829Z",2024
772,"1",174,"2026-02-25T05:52:40.592384Z","Product Liability",0.9724,764,"Product Liability",2.419,"GEN_2023_0004","Data Privacy and Protection:

We safeguard our customer, partner and employee data and offer products that help consumers protect their personal data wherever it is found.

•","GEN","2026-02-25T05:52:40.592395Z",2023
773,"1",173,"2026-02-25T05:52:42.487967Z","Product Liability",0.9724,765,"Product Liability",1.206,"GEN_2024_0004","Data Privacy and Protection:

We safeguard our customer, partner and employee data and offer products that help consumers protect their personal data wherever it is found.
•","GEN","2026-02-25T05:52:42.487987Z",2024
774,"1",630,"2026-02-25T05:52:46.438912Z","Product Liability",0.9722,766,"Product Liability",2.73,"GEN_2015_0018","Consumer Security

Our Consumer Security segment focuses on making it simple for customers to be productive and protected at home and at work. Our Norton-branded services provide multi-layer security and identity protection on major desktop and mobile operating systems, to defend against increasingly complex online threats to individuals, families, and small businesses.
 
Our Norton products help customers protect against increasingly complex threats and address the need for identity protection, while also managing the rapid increase in mobile and digital data, such as personal financial records, photos, music, and videos.","GEN","2026-02-25T05:52:46.438920Z",2015
775,"1",1452,"2026-02-25T05:53:09.825577Z","Product Liability",0.9722,767,"Product Liability",22.621,"IQV_2018_0068","The laws and regulations related to the protection of personal health information in connection with research activities are under re-evaluation, particularly in the United States, and changes to these regulations could have a material adverse impact on our ability to provide some of our services in their current form or maintain our profitability. In general, patient health information is among the most sensitive (and highly regulated) of personal information and laws and regulations around the United States and the world are designed to ensure that information about an individual’s healthcare is properly protected from inappropriate access, use and disclosure. Laws restricting access, use and disclosure of patient health information also include the European Union’s (“EU”) General Data Protection Regulation, Canada’s Personal Information Protection and Electronic Documents Act and other data protection, privacy, data security and similar national, state/provincial and local laws. In the EU personal data includes any information that relates to an identified or identifiable natural person with health information carrying additional obligations, including obtaining the explicit consent from the individual for collection, use or disclosure of the information. In addition, we are subject to EU rules with respect to cross-border transfers of such data out of the EU (along with similar data transfer requirements in other countries).","IQV","2026-02-25T05:53:09.825585Z",2018
776,"1",1452,"2026-02-25T05:53:24.213726Z","Product Liability",0.9722,768,"Product Liability",13.484,"IQV_2019_0079","The laws and regulations related to the protection of personal health information in connection with research activities are under re-evaluation, particularly in the United States, and changes to these regulations could have a material adverse impact on our ability to provide some of our services in their current form or maintain our profitability. In general, patient health information is among the most sensitive (and highly regulated) of personal information and laws and regulations around the United States and the world are designed to ensure that information about an individual’s healthcare is properly protected from inappropriate access, use and disclosure. Laws restricting access, use and disclosure of patient health information also include the European Union’s (“EU”) General Data Protection Regulation, Canada’s Personal Information Protection and Electronic Documents Act and other data protection, privacy, data security and similar national, state/provincial and local laws. In the EU personal data includes any information that relates to an identified or identifiable natural person with health information carrying additional obligations, including obtaining the explicit consent from the individual for collection, use or disclosure of the information. In addition, we are subject to EU rules with respect to cross-border transfers of such data out of the EU (along with similar data transfer requirements in other countries).","IQV","2026-02-25T05:53:24.213736Z",2019
777,"1",639,"2026-02-25T05:53:27.762761Z","Product Liability",0.9721,769,"Product Liability",2.944,"GEN_2016_0015","Consumer Security

Our Consumer Security segment focuses on making it simple for customers to be productive and protected at home and at work. Our Norton-branded services provide multi-layer security and identity protection on major desktop and mobile operating systems, to defend against increasingly complex online threats to individuals, families, and small businesses.
 
Our Norton Security products help customers protect against increasingly complex threats and address the need for identity protection, while also managing the rapid increase in mobile and digital data, such as personal financial records, photos, music, and videos.","GEN","2026-02-25T05:53:27.762772Z",2016
778,"1",466,"2026-02-25T05:53:31.581664Z","Product Liability",0.9721,770,"Product Liability",3.269,"RJF_2023_0032","Data privacy requirements affect business processes and compel companies to track personal information use and provide greater transparency on data practices to consumers. In addition, technology advances in the areas of artificial intelligence, mobile applications, and remote connectivity solutions have increased the collection and processing of personal information as well as the risks associated with unauthorized disclosure and access to personal information.","RJF","2026-02-25T05:53:31.581675Z",2023
779,"1",123,"2026-02-25T05:53:40.006616Z","Product Liability",0.972,771,"Product Liability",7.897,"DE_2017_0144","John Deere is subject to governmental laws, regulations and other legal obligations related to privacy and
data protection.","DE","2026-02-25T05:53:40.006627Z",2017
780,"1",123,"2026-02-25T05:53:43.484778Z","Product Liability",0.972,772,"Non-ESG",2.927,"DE_2018_0140","John Deere is subject to governmental laws, regulations and other legal obligations related to privacy and data protection.","DE","2026-02-25T05:53:43.484788Z",2018
781,"1",1338,"2026-02-25T05:53:58.988566Z","Product Liability",0.9719,773,"Product Liability",14.891,"CAH_2019_0161","Health and Personal Information Practices and Privacy

We collect, handle and maintain patient-identifiable health information. The U.S. Health Insurance Portability and Accountability Act of 1996 (""HIPAA""), as augmented by the Health Information Technology for Economic and Clinical Health Act, and state laws regulate the use and disclosure of patient-identifiable health information, including requiring specified privacy and security measures. We also collect, handle and maintain other sensitive personal and financial information that is subject to U.S. federal and state laws protecting such information. Additionally, the new California Consumer Privacy Act (""CCPA""), effective in January 2020, grants additional rights for consumers over the use of their personal information that we hold, including increased transparency. Other U.S. states are considering adopting similar or different privacy laws. Cardinal Health 
| 
Fiscal 2019 Form 10-K
 
Business
 
 
The processing and disclosure of personal information is also highly regulated in many other countries in which we operate. In Europe, for example, we are subject to the EU data protection regulations, including the current EU Directive on Data Protection, which requires member states to impose minimum restrictions on the collection, use and transfer of personal data.","CAH","2026-02-25T05:53:58.988578Z",2019
782,"1",315,"2026-02-25T05:54:11.542387Z","Product Liability",0.9718,774,"Product Liability",11.738,"CFG_2016_0089","Protection of Customer Personal Information and Cybersecurity

The privacy provisions of GLBA generally prohibit financial institutions, including us, from disclosing nonpublic personal financial information of consumer customers to third parties for certain purposes (primarily marketing) unless customers have the","CFG","2026-02-25T05:54:11.542401Z",2016
783,"1",1394,"2026-02-25T05:54:23.235785Z","Product Liability",0.9717,775,"Product Liability",10.955,"CNC_2016_0104","As part of our normal operations, we collect, process and retain confidential member information. We are subject to various federal and state laws and rules regarding the use and disclosure of confidential member information, including the Health Insurance Portability and Accountability Act (HIPAA) and the Health Information Technology for Economic and Clinical Health (HITECH) Act and the Gramm-Leach-Bliley Act, which require us to protect the privacy of medical records and safeguard personal health information we maintain and use. Certain of our businesses are also subject to the Payment Card Industry Data Security Standard, which is a multifaceted security standard that is designed to protect credit card account data as mandated by payment card industry entities. Despite our best attempts to maintain adherence to information privacy and security best practices as well as compliance with applicable laws and rules, our facilities and systems, and those of our third party service providers, may be vulnerable to privacy or security breaches, acts of vandalism or theft, malware, misplaced or lost data including paper or electronic media, programming and/or human errors or other similar events. In the past, we have had data breaches resulting in disclosure of confidential or protected health information that have not resulted in any material financial loss or penalty to date.","CNC","2026-02-25T05:54:23.235804Z",2016
784,"1",1296,"2026-02-25T05:54:31.725696Z","Product Liability",0.9716,776,"Product Liability",7.892,"NWS_2016_0088","For example, in the U.S., certain of the Company’s websites, mobile applications and other online business activities are subject to the Children’s Online Privacy Protection Act of 1998, which prohibits websites from
collecting personally identifiable information online from children under age 13 without prior parental consent. In addition, the Federal Trade Commission (the “FTC”) continues to expand its application of general consumer protection laws
to commercial data practices, including to the use of personal and profiling data from online users to deliver targeted Internet advertisements. Most states have also enacted legislation regulating data privacy and security, including laws requiring
businesses to provide notice to state agencies and to individuals whose personally identifiable information has been disclosed as a result of a data breach. Similar laws and regulations have been implemented in many of the other jurisdictions in which the Company operates, including the European Union and Australia. Recently, the European Union adopted the
General Data Protection Regulation (“GDPR”), which is intended to provide a uniform set of rules for personal data processing throughout the European Union and to replace the existing Data Protection Directive (Directive 95/46/EC).","NWS","2026-02-25T05:54:31.725715Z",2016
785,"1",1296,"2026-02-25T05:54:34.291426Z","Product Liability",0.9716,777,"Product Liability",2.012,"NWSA_2016_0088","For example, in the U.S., certain of the Company’s websites, mobile applications and other online business activities are subject to the Children’s Online Privacy Protection Act of 1998, which prohibits websites from
collecting personally identifiable information online from children under age 13 without prior parental consent. In addition, the Federal Trade Commission (the “FTC”) continues to expand its application of general consumer protection laws
to commercial data practices, including to the use of personal and profiling data from online users to deliver targeted Internet advertisements. Most states have also enacted legislation regulating data privacy and security, including laws requiring
businesses to provide notice to state agencies and to individuals whose personally identifiable information has been disclosed as a result of a data breach. Similar laws and regulations have been implemented in many of the other jurisdictions in which the Company operates, including the European Union and Australia. Recently, the European Union adopted the
General Data Protection Regulation (“GDPR”), which is intended to provide a uniform set of rules for personal data processing throughout the European Union and to replace the existing Data Protection Directive (Directive 95/46/EC).","NWSA","2026-02-25T05:54:34.291436Z",2016
786,"1",1406,"2026-02-25T05:54:40.590006Z","Product Liability",0.9715,778,"Product Liability",5.41,"PNC_2020_0104","In other cases, they seek to disrupt our ability to conduct our business, including by destroying or impairing our access to information maintained by us. The PNC Financial Services Group, Inc. – 
2019 Form 10-K

Our customers often use their own devices, such as computers, smartphones and tablets, to do business with us and may provide their PNC customer information (including passwords) to a third party in connection with obtaining services from the third party, including those offering financial apps. Although we take steps to provide safety and security for our customers’ transactions with us and their customer information to the extent they are utilizing their own devices or providing third parties access to their accounts, our ability to assure such safety and security is necessarily limited. As our customers regularly use PNC-issued credit and debit cards to pay for transactions with retailers and other businesses, there is also the risk of data security breaches at those other businesses covering PNC account information. When our customers use PNC issued cards to make purchases from those businesses, card account information often is provided to the business. If the business’s systems that process or store card account information are subject to a data security breach, holders of our cards who have made purchases from that business may experience fraud on their card accounts.","PNC","2026-02-25T05:54:40.590016Z",2020
787,"1",1463,"2026-02-25T05:55:00.590950Z","Product Liability",0.9714,779,"Non-ESG",19.429,"CMCSA_2021_0082","We are also subject to stringent data security and data retention requirements that apply to website operators and online services directed to children 12 years of age and under, or that knowingly collect or post personal information from children 12 years of age and under. In addition, certain states have enacted detailed laws establishing consumer privacy protections and data security requirements in their respective states. For example, the California Consumer Privacy Act (“CCPA”) gives California residents rights to receive certain disclosures regarding the collection, use and sharing of “Personal Information,” as well as rights to access, delete and restrict the sale of certain personal information collected about them. Moreover, all 50 states have security breach notification laws that generally require a business to give notice to consumers and government agencies when certain information has been disclosed to an unauthorized party due to a security breach. Certain of our businesses are subject to the European Union’s General Data Protection Regulation (“GDPR”), which broadly regulates the processing of personal data collected from individuals in the European Union GDPR, and the Member States’ legislation implementing the GDPR, affect our ability to process certain personal data. Moreover, the outcome of the United Kingdom’s exit from the European Union (discussed more broadly below) could affect our ability to process certain data.","CMCSA","2026-02-25T05:55:00.590959Z",2021
788,"1",1149,"2026-02-25T05:55:06.675116Z","Product Liability",0.9714,780,"Product Liability",4.715,"CSCO_2019_0005","Since the initial launch, we have integrated intent-based networking across our enterprise access portfolio to help our customers manage more users, devices and things connecting to their networks. To enable our customers to do this, we have introduced several innovations that extend our intent-based networking capabilities to wireless and enterprise routing products, including Software-Defined Wide Area Network (SD-WAN) and Internet of Things (IoT) edge platforms. To further our innovation in this area, we are applying the latest technologies such as machine learning and advanced analytics to operate and enhance network capabilities. These new network product offerings are designed to enable customers to detect cybersecurity threats, for instance, in encrypted traffic. We have created what is in our view the only network that is designed for security while maintaining privacy. For the data center, our strategy is to deliver multicloud architectures that bring policy and operational consistency regardless of where applications or data reside by extending our Application Centric Infrastructure (ACI) and our hyperconverged offerings.","CSCO","2026-02-25T05:55:06.675125Z",2019
789,"1",1393,"2026-02-25T05:55:25.488327Z","Product Liability",0.9714,781,"Product Liability",18.048,"REGN_2022_0307","Consumer protection laws impact the manner in which we develop and maintain processes to support our patient assistance programs, product marketing activities, and the sharing of employee and clinical data for internal and third-party commercial activities. Several U.S. states have proposed and passed consumer privacy laws, which were modeled after the comprehensive consumer privacy law in California, the CCPA. The CCPA, which became effective on January 1, 2020, is a consumer protection law that establishes requirements for data use and sharing transparency and provides California residents with personal data privacy rights
 
regarding the use, disclosure, and retention of their personal data. Amendments to the CCPA have, among other things, imposed new obligations to provide notice where personal data will be de-identified. These laws and regulations are constantly evolving and may impose limitations on our business activities. Several other U.S. states have introduced similar consumer protection laws that may go into effect in the near future. At the federal level, Section 5 of the Federal Trade Commission Act is a consumer protection law that bars unfair and deceptive acts and practices and requires, among other things, companies to notify individuals that they will safeguard their personal data and that they will fulfil the commitments made in their privacy notices.","REGN","2026-02-25T05:55:25.488336Z",2022
790,"1",676,"2026-02-25T05:55:27.677316Z","Product Liability",0.9714,782,"Product Liability",1.652,"V_2017_0003","Payment Security

Visa has focused its investments, partnerships, and expertise to enhance the security of our network, and to enable consumers and businesses to pay and be paid with confidence. As payments methods evolve, we are focused on four primary areas:
•
Protecting payment data with a payments architecture that complies with industry standards;
•
Rendering the use of sensitive payment data useless by deploying technologies such as the EMV chip and tokenization;
•
Using predictive analytics, intelligence, and insights to identify and prevent fraud before it happens; and
•
Empowering consumers to actively protect their own financial information and transactions.","V","2026-02-25T05:55:27.677329Z",2017
791,"1",1356,"2026-02-25T05:55:43.215639Z","Product Liability",0.9713,783,"Product Liability",14.944,"VRSK_2017_0015","Regulatory developments could negatively impact our business. Because personal, public and non-public information is stored in some of our databases, we are vulnerable to government regulation and adverse publicity concerning the use of our data. We provide many types of data and services that already are subject to regulation under the Fair Credit Reporting Act, Gramm-Leach-Bliley Act, Driver’s Privacy Protection Act, the European Union’s Data Protection Directive, the Dodd Frank Wall Street Reform and Consumer Protection Act and to a lesser extent, various other federal, state, and local laws and regulations. These laws and regulations are designed to protect the privacy of the public and to prevent the misuse of personal information in the marketplace. However, many consumer advocates, privacy advocates, and government regulators believe that the existing laws and regulations do not adequately protect privacy. They have become increasingly concerned with the use of personal information, particularly social security numbers, department of motor vehicle data and dates of birth. As a result, they are lobbying for further restrictions on the dissemination or commercial use of personal information to the public and private sectors. Similar initiatives are under way in other countries in which we do business or from which we source data.","VRSK","2026-02-25T05:55:43.215650Z",2017
792,"1",1150,"2026-02-25T05:55:55.473668Z","Product Liability",0.9712,784,"Product Liability",11.532,"USB_2023_0056","Security and privacy policies and procedures for the protection of personal and confidential information are in effect across all the Company’s businesses and geographic locations. Data privacy and data protection are areas of increasing state legislative focus, and several U.S. states have recently enacted comprehensive consumer privacy laws that impose compliance obligations with respect to personal information. For example, the Company is subject to the California Consumer Protection Act of 2018 

and its implementing regulations (collectively, the “CCPA”). The CCPA gives consumers several rights with respect to their personal information, including the right to (i) know the information that has been collected about them and whether that information has been sold or shared with others; (ii) request deletion of their personal information (subject to certain exceptions); (iii) opt out of the sale of their personal information; and (iv) not be discriminated against for exercising these rights. The CCPA contains several exemptions to the CCPA’s requirements, including an exemption for personal information that is subject to the GLBA.","USB","2026-02-25T05:55:55.473692Z",2023
793,"1",1342,"2026-02-25T05:56:03.087479Z","Product Liability",0.9711,785,"Product Liability",7.074,"CMG_2019_0099","We also are required to collect and maintain personal information about our employees, and we collect information about guests as part of some of our marketing programs as well. The collection and use of such information is regulated at the federal and state levels, and by the European Union and its member states, and the regulatory environment related to information security and privacy is increasingly demanding. For example, a new privacy regulation in the European Union called GDPR, became effective in May 2018 and requires companies to meet new requirements regarding the handling of personal data, including its use, protection and the ability of persons whose data is stored to correct or delete such data about themselves. Failure to meet GDPR requirements could result in penalties of up to 4% of worldwide revenue. Similarly, the California Consumer Privacy Act is due to take effect January 1, 2020
,
 and will require our instituting additional new processes and protections. At the same time, we are relying increasingly on cloud computing and other technologies that result in third parties holding significant amounts of guest or employee information on our behalf. We have seen an increase over the past several years in the frequency and sophistication of attempts to compromise the security of several of these systems.","CMG","2026-02-25T05:56:03.087488Z",2019
794,"1",1360,"2026-02-25T05:58:05.315582Z","Product Liability",0.971,786,"Product Liability",121.534,"CSCO_2023_0004","We have continued to expand our SD-WAN offering, through our Cloud OnRamp integrations with several webscale providers to deliver predictable and highly secure application experiences. To further our innovation in this area, we are applying the latest technologies, such as machine learning and advanced analytics, to operate and enhance network capabilities. These network product offerings are designed to help enable customers to detect cybersecurity threats, even in encrypted traffic. As such, we have created, in our view, the only network that is designed for security while also helping to maintain privacy. Our customers are operating in multicloud environments with private, public and hybrid clouds. For the data center, our strategy is to deliver multicloud architectures that bring policy and operational consistency, regardless of where applications or data reside, by extending our Application Centric Infrastructure (ACI) and our hyperconverged offerings. We continue to invest in our data center portfolio to help meet the growing demand for cloud-delivered technologies. Our Nexus Cloud platform is designed to help our customers deploy, manage, and operate their data center networks from the cloud. Our technology strategy for the Internet for the Future is aimed at addressing the broad adoption of multicloud and application environments.","CSCO","2026-02-25T05:58:05.315620Z",2023
795,"1",1061,"2026-02-25T05:58:07.365977Z","Product Liability",0.971,787,"Product Liability",1.331,"GEN_2017_0016","onsumer Digital Safety

Our Consumer Digital Safety segment focuses on providing a comprehensive Digital Safety solution to protect information, devices, networks and the identities of consumers. This solution includes our Norton-branded services, which provide multi-layer security across major desktop and mobile operating systems, public Wi-Fi connections, and home networks, to defend against increasingly complex online threats to individuals, families and small businesses, and our LifeLock-branded identity protection services. Our LifeLock-branded identity protection services primarily consist of identifying and notifying users of identity-related and other events and assisting users in remediating their impact. With the addition of LifeLock-branded identity protection services, we are providing a comprehensive digital safety platform designed to protect information across devices, customer identities and the connected home and family and accelerating our leadership in Consumer Digital Safety to protect all aspects of consumers’ digital lives.","GEN","2026-02-25T05:58:07.365988Z",2017
796,"1",298,"2026-02-25T05:58:10.157056Z","Product Liability",0.971,788,"Product Liability",2.275,"GEN_2021_0220","Notes to the Consolidated Financial Statements

Note 1. 
Description of Business and Significant Accounting Policies
Business
NortonLifeLock, Inc. is a leading provider of consumer Cyber Safety solutions globally. We help customers protect their devices, online privacy, identity and home networks.","GEN","2026-02-25T05:58:10.157068Z",2021
797,"1",1426,"2026-02-25T05:58:16.768756Z","Product Liability",0.971,789,"Product Liability",6.099,"NWS_2015_0102","Our business activities are subject to laws and regulations governing the collection, use, sharing, protection and retention of personal
data, which continue to evolve in light of changes in information technology and analytics techniques that have implications for how such data is managed. For example, in the U.S., the Company’s websites, mobile applications and other online
business activities are subject to the Children’s Online Privacy Protection Act of 1998, which prohibits websites from collecting personally identifiable information online from children under age 13 without prior parental consent, and the
Controlling the Assault of Non-Solicited Pornography and Marketing Act of 2003, which regulates the distribution of unsolicited commercial emails, or “spam.” The State of California also recently enacted a number of laws relating to data
privacy and security, including the “Digital Eraser” law, which regulates online advertising to minors. In addition, regulators such as the Federal Communications Commission and the Federal Trade Commission (the “FTC”) continue
to expand their application of general consumer protection laws to commercial data practices, including to the use of personal and profiling data from online users to deliver targeted Internet advertisements. The FTC also continues to expand its
enforcement of the Telephone Consumer Protection Act, which regulates text message advertising.","NWS","2026-02-25T05:58:16.768766Z",2015
798,"1",1426,"2026-02-25T05:58:19.722884Z","Product Liability",0.971,790,"Product Liability",2.425,"NWSA_2015_0102","Our business activities are subject to laws and regulations governing the collection, use, sharing, protection and retention of personal
data, which continue to evolve in light of changes in information technology and analytics techniques that have implications for how such data is managed. For example, in the U.S., the Company’s websites, mobile applications and other online
business activities are subject to the Children’s Online Privacy Protection Act of 1998, which prohibits websites from collecting personally identifiable information online from children under age 13 without prior parental consent, and the
Controlling the Assault of Non-Solicited Pornography and Marketing Act of 2003, which regulates the distribution of unsolicited commercial emails, or “spam.” The State of California also recently enacted a number of laws relating to data
privacy and security, including the “Digital Eraser” law, which regulates online advertising to minors. In addition, regulators such as the Federal Communications Commission and the Federal Trade Commission (the “FTC”) continue
to expand their application of general consumer protection laws to commercial data practices, including to the use of personal and profiling data from online users to deliver targeted Internet advertisements. The FTC also continues to expand its
enforcement of the Telephone Consumer Protection Act, which regulates text message advertising.","NWSA","2026-02-25T05:58:19.722894Z",2015
799,"1",1499,"2026-02-25T05:58:21.953770Z","Product Liability",0.971,791,"Product Liability",1.748,"PNC_2021_0123","Our customers often use their own devices, such as computers, smartphones and tablets, to do business with us and may provide their PNC customer information (including passwords) to a third party in connection with obtaining services from the third party, including those offering financial apps. Although we take steps to provide safety and security for our customers’ transactions with us and their customer information to the extent they are utilizing their own devices or providing third parties access to their accounts, our ability to assure such safety and security is necessarily limited. As our customers regularly use PNC-issued credit and debit cards to pay for transactions with retailers and other businesses, there is also the risk of data security breaches at those other businesses covering PNC account information. When our customers use PNC issued cards to make purchases from those businesses, card account information often is provided to the business. If the business’s systems that process or store card account information are subject to a data security breach, holders of our cards who have made purchases from that business may experience fraud on their card accounts. We can be responsible for reimbursing our customers for such fraudulent transactions on customers’ card accounts, as well as for other costs related to data security compromise events, such as replacing cards associated with compromised card accounts, but to date such losses have not been material to us.","PNC","2026-02-25T05:58:21.953779Z",2021
800,"1",1372,"2026-02-25T05:58:27.530306Z","Product Liability",0.971,792,"Product Liability",5.044,"RMD_2018_0124","Concerns about our practices with regard to the collection, use, disclosure, or security of personally identifiable information or other privacy-related matters, even if unfounded and even if we are in compliance with applicable laws, could damage our reputation and harm our business.

﻿

Numerous foreign, federal and state laws and regulations govern collection, dissemination, use and confidentiality of personally identifiable health information, including (i) state privacy and confidentiality laws (including state laws requiring disclosure of breaches); (ii) HIPAA; and (iii) European and other foreign data protection laws
, including the GDPR
.

﻿

HIPAA establishes a set of national privacy and security standards for the protection of individually identifiable health information, including what is known as protected health information, by health plans, healthcare clearinghouses and healthcare providers that submit certain covered transactions electronically, or covered entities, and their ‘‘business associates,’’ which are persons or entities that perform certain services for, or on behalf of, a covered entity that involve the use or disclosure of protected health information. Certain portions of our business, such as the cloud-based software digital health applications, are subject to HIPAA as a business associate of our covered entities clients.","RMD","2026-02-25T05:58:27.530318Z",2018
801,"1",1370,"2026-02-25T05:58:32.013383Z","Product Liability",0.971,793,"Product Liability",3.769,"RMD_2019_0130","Concerns about our practices with regard to the collection, use, disclosure, or security of personally identifiable information or other privacy-related matters, even if unfounded and even if we are in compliance with applicable laws, could damage our reputation and harm our business.

﻿

Numerous foreign, federal and state laws and regulations govern collection, dissemination, use and confidentiality of personally identifiable health information, including (i) state privacy and confidentiality laws (including state laws requiring disclosure of breaches); (ii) HIPAA; and (iii) European and other foreign data protection laws, including the GDPR.

﻿

HIPAA establishes a set of national privacy and security standards for the protection of individually identifiable health information, including what is known as protected health information, by health plans, healthcare clearinghouses and healthcare providers that submit certain covered transactions electronically, or covered entities, and their ‘‘business associates,’’ which are persons or entities that perform certain services for, or on behalf of, a covered entity that involve the use or disclosure of protected health information. Certain portions of our business, such as the cloud-based software digital health applications, are subject to HIPAA as a business associate of our covered entities clients.","RMD","2026-02-25T05:58:32.013392Z",2019
802,"1",1311,"2026-02-25T05:58:57.559150Z","Product Liability",0.971,794,"Product Liability",25.052,"VRSK_2024_0062","Because personal, public and non-public information is stored in some of our data repositories, we are vulnerable to government regulation and adverse publicity concerning the use of our data. We provide many types of data and services that already are subject to regulation under the Fair Credit Reporting Act, Gramm-Leach-Bliley Act, Driver’s Privacy Protection Act, the European Union’s General Data Protection Regulation, the Dodd Frank Wall Street Reform and Consumer Protection Act and to a lesser extent, various other federal, state, and local laws and regulations. These laws and regulations are designed to protect the privacy of the public and to prevent the misuse of personal information in the marketplace. However, many consumer advocates, privacy advocates, and government regulators believe that the existing laws and regulations do not adequately protect privacy. They have become increasingly concerned with the use of personal information, particularly social security numbers, department of motor vehicle data and dates of birth. As a result, they are lobbying for further restrictions on the dissemination or commercial use of personal information to the public and private sectors. Similar initiatives are under way in other countries in which we do business or from which we source data.","VRSK","2026-02-25T05:58:57.559161Z",2024
803,"1",1397,"2026-02-25T05:59:05.798167Z","Corporate Governance",0.9957,795,"Corporate Governance",7.733,"BX_2020_1062","Senior Managing Director Agreements

Upon the consummation of our initial public offering, we entered into substantially similar senior managing director agreements with each of our named executive officers and other senior managing directors employed at the firm at that time, other than our founder. Senior managing directors who have joined the firm after our initial public offering (including Mr. Finley) have also entered into senior managing director agreements. The agreements generally provide that each senior managing director will devote substantially all of his or her business time, skill, energies and attention to us in a diligent manner. Each senior managing director will be paid distributions and benefits in amounts determined by Blackstone from time to time in its sole discretion. The agreements require us to provide the senior managing director with 90 days’ prior written notice prior to terminating his or her service with us (other than a termination for cause). Additionally, the agreements require each senior managing director to give us 90 days’ prior written notice of intent to terminate service with us and require the senior managing director to be placed on a 
90-day
 period of “garden leave” following the senior managing director’s termination of service (as further described under the caption “— 
Non-Competition
 and 
Non-Solicitation
 Agreements” below).","BX","2026-02-25T05:59:05.798174Z",2020
804,"1",1436,"2026-02-25T05:59:09.473605Z","Corporate Governance",0.9957,796,"Corporate Governance",3.061,"CDW_2017_0452","Stock Ownership Guidelines

The Board believes that, in order to more closely align the interests of directors with the interests of the Company’s other stockholders, each non-employee director should maintain a minimum level of equity interests in the Company’s common stock. The Nominating and Corporate Governance Committee is responsible for periodically reviewing the stock ownership guidelines for non-employee directors and making recommendations to the Board. Pursuant to our Corporate Governance Guidelines, each non-employee director must hold equity interests in the Company’s common stock equal to at least $500,000. Until such guideline is met, a director is required to retain 100% of the after-tax value of all vested equity awards earned under the Company’s non-employee director compensation program. Director Compensation Review
At the end of 2015, the Nominating and Corporate Governance Committee, in consultation with the Compensation Committee, reviewed the design and competitiveness of our non-employee director compensation program. The Nominating and Corporate Governance Committee considered input from the Compensation Committee’s independent compensation consultant and market data for the same peer group of companies that the Compensation Committee uses for determining executive compensation as set forth in Part III - Item 11 - “Compensation Discussion and Analysis - Comparison to Relevant Peer Group”.","CDW","2026-02-25T05:59:09.473617Z",2017
805,"1",1194,"2026-02-25T06:42:51.012689Z","Corporate Governance",0.9957,797,"Corporate Governance",4.987,"EXPE_2022_0448","Diller will serve in an executive position at the Company or as chair of the Company’s board of directors and (b) no more than one Diller family member will serve on the board of directors at any time. The Company agreed that, following Mr. Diller’s Departure, in the event that no family member of Mr. Diller is serving on the Company’s board, the Company will nominate one Diller family member or family-designated representative to serve on the board of directors (subject to the support of two-thirds of the independent directors if the new nominee is a Diller family member), so long as Mr. Diller, his family members and certain related parties (collectively with Mr. Diller and his 
F- 42

family members, “Diller-related persons”) in aggregate own at least 5% of the Company’s outstanding common equity or a 15% voting interest in the Company. The following provisions apply following Mr. Diller’s Departure:
•
 
Limitation on Voting Power of Class B Common Shares on Certain Matters
. The voting percentage cast by Class B common shares held or controlled by Diller-related persons on specified matters will be limited to 20% of the total voting power of the outstanding common shares.","EXPE","2026-02-25T06:42:51.012699Z",2022
806,"1",596,"2026-02-25T06:43:20.577168Z","Corporate Governance",0.9957,798,"Corporate Governance",9.897,"IQV_2017_0251","The Shareholders Agreement provides that we will use our best efforts to cause Dr. Gillings to be elected as the Lead
Director through our 2018 annual meeting of stockholders and to be elected as a director so that he may serve as a director until the day after our 2021 annual meeting of stockholders (provided that the DG Shareholders, as a group, continue to
beneficially own at least 2.5% of our outstanding common stock), including using its best efforts to support his nomination for the slate of director nominees for a three-year term at our 2017 and 2020 annual meetings of stockholders.","IQV","2026-02-25T06:43:20.577191Z",2017
807,"1",340,"2026-02-25T06:43:23.373651Z","Corporate Governance",0.9957,799,"Corporate Governance",2.504,"MOH_2022_0363","CERTAIN RELATIONSHIPS AND RELATED TRANSACTIONS, AND DIRECTOR INDEPENDENCE

Information required by Item 13 of Part III will be included in the 2022 Proxy Statement in the sections entitled “Related Party Transactions,” and “Corporate Governance and Board of Directors Matters—Director Independence,” and is incorporated herein by reference.","MOH","2026-02-25T06:43:23.373659Z",2022
808,"1",340,"2026-02-25T06:43:27.756013Z","Corporate Governance",0.9957,800,"Corporate Governance",4.087,"MOH_2023_0391","CERTAIN RELATIONSHIPS AND RELATED TRANSACTIONS, AND DIRECTOR INDEPENDENCE

Information required by Item 13 of Part III will be included in the 2023 Proxy Statement in the sections entitled “Related Party Transactions,” and “Corporate Governance and Board of Directors Matters—Director Independence,” and is incorporated herein by reference.","MOH","2026-02-25T06:43:27.756024Z",2023
809,"1",1226,"2026-02-25T06:43:30.717601Z","Corporate Governance",0.9957,801,"Corporate Governance",2.688,"REGN_2015_0210","Subject to certain exceptions, we are required to use our reasonable efforts (including recommending that our shareholders vote in favor) to cause the election of this designee at our annual shareholder meetings for so long as Sanofi maintains an equity interest in us that is the lower of (i) the highest percentage ownership Sanofi attains following its acquisition of 20% of our then outstanding shares of Class A Stock and Common Stock (taken together) and (ii) 25% of our then outstanding shares of Class A Stock and Common Stock (taken together). This designee is required to be ""independent"" of our company, as determined under NASDAQ rules, and not to be a current or former officer, director, employee, or paid consultant of Sanofi. In April 2014, Sanofi notified us that it had reached the 20% ownership threshold and designated Robert A. Ingram as its designee. On April 4, 2014, following recommendation of the Corporate Governance and Compliance Committee, the board of directors elected Mr. Ingram as a director and a member of the Compensation Committee. Mr. Ingram was subsequently elected as a Class I director at our 2014 Annual Shareholder Meeting for a term expiring at the 2016 Annual Shareholder Meeting.","REGN","2026-02-25T06:43:30.717612Z",2015
810,"1",1399,"2026-02-25T06:43:33.074742Z","Corporate Governance",0.9957,802,"Corporate Governance",2.049,"REGN_2016_0237","Subject to certain exceptions, we are required to use our reasonable efforts (including recommending that our shareholders vote in favor) to cause the election of this designee at our annual shareholder meetings for so long as Sanofi maintains an equity interest in us that is the lower of (i) the highest percentage ownership Sanofi attains following its acquisition of 20% of our then outstanding shares of Class A Stock and Common Stock (taken together) and (ii) 25% of our then outstanding shares of Class A Stock and Common Stock (taken together). This designee is required to be ""independent"" of our company, as determined under NASDAQ rules, and not to be a current or former officer, director, employee, or paid consultant of Sanofi. In April 2014, Sanofi notified us that it had reached the 20% ownership threshold and designated Robert A. Ingram as its designee. On April 4, 2014, following recommendation of the Corporate Governance and Compliance Committee, the board of directors elected Mr. Ingram as a director and a member of the Compensation Committee. Mr. Ingram was subsequently elected as a Class I director at our 2014 Annual Shareholder Meeting for a term expiring at the 2016 Annual Shareholder Meeting and resigned on November 10, 2015. In December 2015, Sanofi disclosed in an amendment to its Schedule 13D filed with the SEC its intention to designate a successor designee.","REGN","2026-02-25T06:43:33.074753Z",2016
811,"1",1344,"2026-02-25T06:43:36.531183Z","Corporate Governance",0.9956,803,"Corporate Governance",3.155,"BX_2020_0989","Governance and Board Composition

Our common stock consists of Class A common stock, Class B common stock and Class C common stock. Under our certificate of incorporation and Delaware law, holders of our Class A common stock are entitled to vote, together with holders of our Class B common stock, voting as a single class, on a number of matters. However, the Class C common stock is the only class of the Company’s common stock entitled to vote for the election of our directors. The single share of outstanding Class C common stock is currently held by Blackstone Group Management L.L.C (the “Class C Shareholder”), an entity owned by our senior managing directors and controlled by our founder, Mr. Schwarzman. The Class C Shareholder elects our board of directors in accordance with the Class C Shareholder’s limited liability company agreement, where our senior managing directors have agreed that our founder, Mr. Schwarzman will have the power to vote upon, act upon, consent to, approve or otherwise determine any matters to be voted upon, acted upon, consented to, approved or otherwise determined by the members of the Class C Shareholder. The limited liability company agreement of our Class C Shareholder provides that at such time as Mr. Schwarzman should cease to be a founding member, Jonathan D. Gray will thereupon succeed Mr.","BX","2026-02-25T06:43:36.531194Z",2020
812,"1",1407,"2026-02-25T06:43:40.224638Z","Corporate Governance",0.9956,804,"Corporate Governance",3.409,"BX_2022_0287","We are a controlled company and as a result qualify for some exceptions from certain corporate governance and other requirements of the New York Stock Exchange.

Because the Series II Preferred Stockholder holds more than 50% of the voting power for the election of directors, we are a “controlled company” and fall within exceptions from certain corporate governance and other requirements of the rules of the New York Stock Exchange. Pursuant to these exceptions, controlled companies may elect not to comply with certain corporate governance requirements of the New York Stock Exchange, including the requirements (a) that a majority of our board of directors consist of independent directors, (b) that we have a nominating and corporate governance committee that is composed entirely of independent directors, (c) that we have a compensation committee that is composed entirely of independent directors, and (d) that the compensation committee be required to consider certain independence factors when engaging compensation consultants, legal counsel and other committee advisers. While we currently have a majority independent board of directors, we have elected to avail ourselves of the other exceptions. Accordingly, our common stockholders generally do not have the same protections afforded to stockholders of companies that are subject to all of the corporate governance requirements of the NYSE.","BX","2026-02-25T06:43:40.224647Z",2022
813,"1",1439,"2026-02-25T06:43:50.214287Z","Corporate Governance",0.9956,805,"Corporate Governance",9.671,"BX_2022_1142","Senior Managing Director Agreements

Upon the consummation of our initial public offering, we entered into substantially similar senior managing director agreements with each of our named executive officers and other senior managing directors employed at the firm at that time, other than our founder. Senior managing directors who have joined the firm after our initial public offering (including Mr. Finley) have also entered into senior managing director agreements. The agreements generally provide that each senior managing director will devote substantially all of his or her business time, skill, energies and attention to us in a diligent manner. Each senior managing director will be paid distributions and receive benefits in amounts determined by Blackstone from time to time in its sole discretion. The agreements require us to provide the senior managing director with 90 days’ prior written notice prior to terminating his or her service with us (other than a termination for cause). Additionally, the agreements with our named executive officers require each senior managing director to give us 90 days’ prior written notice of intent to terminate service with us and require the senior managing director to be placed on a 
90-day
 period of “garden leave” following the senior managing director’s termination of service (as further described under the caption “— 
Non-Competition
 and 
Non-Solicitation
 Agreements” below).","BX","2026-02-25T06:43:50.214297Z",2022
814,"1",1051,"2026-02-25T06:44:06.041532Z","Corporate Governance",0.9956,806,"Corporate Governance",15.544,"CDW_2017_0459","Independence of Our Board of Directors

Under our Corporate Governance Guidelines and the listing standards of NASDAQ, a majority of our Board members must be independent. The Board of Directors annually determines whether each of our directors is independent. In determining independence, the Board follows the independence criteria set forth in the NASDAQ listing standards and considers all relevant facts and circumstances.
Under the NASDAQ independence criteria, a director cannot be considered independent if he or she has one of the relationships specifically enumerated in the NASDAQ listing standards. In addition, the Board must affirmatively determine that a director does not have a relationship that, in the opinion of the Board, would interfere with the exercise of independent judgment in carrying out the responsibilities of a director. The Board has affirmatively determined that each of our current directors is independent under the applicable listing standards of NASDAQ, other than our Chief Executive Officer, Thomas E. Richards.","CDW","2026-02-25T06:44:06.041542Z",2017
815,"1",1160,"2026-02-25T06:44:08.653946Z","Corporate Governance",0.9956,807,"Corporate Governance",2.261,"CDW_2017_0460","Board of Directors Leadership Structure

Thomas E. Richards, our Chief Executive Officer, serves as the Chairman of our Board of Directors and Barry K. Allen, a non-executive and independent director, serves as the Lead Director of our Board of Directors. The Board believes that the combined role of Chairman and Chief Executive Officer, together with the appointment of an independent Lead Director, the independence of all Board members other than our Chief Executive Officer, and the use of regular executive sessions of the independent directors, achieves an appropriate balance between the effective development of key strategic and operational objectives and independent oversight of management’s execution of those objectives. The Board believes that having the Company’s Chief Executive Officer serve as the Chairman is in the best interest of its stockholders at this time because this structure ensures a seamless flow of communication between management and the Board, in particular with respect to the Board’s oversight of the Company’s strategic direction, as well as the Board’s ability to ensure management’s focused execution of that strategy.","CDW","2026-02-25T06:44:08.653956Z",2017
816,"1",1137,"2026-02-25T06:44:10.792699Z","Corporate Governance",0.9956,808,"Corporate Governance",1.864,"HSY_2016_0074","Equity Structure

We have two classes of stock outstanding – Common Stock and Class B Common Stock (“Class B Stock”). Holders of the Common Stock and the Class B Stock generally vote together without regard to class on matters submitted to stockholders, including the election of directors. Holders of the Common Stock have 1 vote per share. Holders of the Class B Stock have 10 votes per share. Holders of the Common Stock, voting separately as a class, are entitled to elect one-sixth of our Board. With respect to dividend rights, holders of the Common Stock are entitled to cash dividends 10% higher than those declared and paid on the Class B Stock. Hershey Trust Company, as trustee for the benefit of Milton Hershey School, maintains voting control over The Hershey Company. In addition, Hershey Trust Company currently has three representatives who are members of the Company's Board, one of whom is the Lead Independent Director. These representatives, from time to time in performing their responsibilities on the Company’s Board, may exercise influence with regard to the ongoing business decisions of our Board or management.","HSY","2026-02-25T06:44:10.792727Z",2016
817,"1",401,"2026-02-25T06:44:16.184594Z","Corporate Governance",0.9956,809,"Corporate Governance",5.083,"IQV_2017_0249","one individual designated by each of Bain Capital Investors, LLC (“Bain Capital”), the LGP Shareholders and the CPP Shareholder (each until the earlier of (i) the day after our 2018 annual meeting of
stockholders or (ii) the time at which such stockholder group beneficially owns less than 2.5% of our outstanding common stock);
•
four individuals who are non-stockholder, independent directors; and
•","IQV","2026-02-25T06:44:16.184606Z",2017
818,"1",1406,"2026-02-25T06:44:18.999409Z","Corporate Governance",0.9956,810,"Corporate Governance",2.533,"KDP_2018_0049","As a result, KDP will be a “controlled company” for purposes of Section 303A of the NYSE Listed Company Manual and will be exempt from certain governance requirements otherwise required by the NYSE. Under Section 303A, a company of which more than 50% of the voting power is held by an individual, a group or another company is a “controlled company” and is exempt from certain corporate governance requirements, including requirements that (1) a majority of the board of directors consist of independent directors, (2) compensation of officers be determined or recommended to the board of directors by a majority of its independent directors or by a compensation committee that is composed entirely of independent directors, and (3) director nominees be selected or recommended for selection by a majority of the independent directors or by a nominating/corporate governance committee composed solely of independent directors. Following the consummation of the Transaction, KDP will continue to have an audit committee that is composed entirely of independent directors. As a result, the procedures for approving significant corporate decisions could be determined by directors who have a direct or indirect interest in such decisions and KDP’s stockholders will not have the same protections afforded to stockholders of other companies that are required to comply with the independence rules of the NYSE.","KDP","2026-02-25T06:44:18.999419Z",2018
819,"1",1136,"2026-02-25T06:46:58.835896Z","Corporate Governance",0.9956,811,"Corporate Governance",159.521,"KDP_2020_0108","As discussed above, approximately 
66%
 of the outstanding shares of our common stock are held by 
JAB
 and its affiliates. As a result, we are a “controlled company” for purposes of Section 303A of the 
NYSE
 Listed Company Manual and are exempt from certain governance requirements otherwise required by the 
NYSE
. Under Section 303A, a company of which more than 50% of the voting power is held by an individual, a group or another company is a “controlled company” and is exempt from certain corporate governance requirements, including requirements that (1) a majority of the board of directors consist of independent directors, (2) compensation of officers be determined or recommended to the board of directors by a majority of its independent directors or by a compensation committee that is composed entirely of independent directors and (3) director nominees be selected or recommended for selection by a majority of the independent directors or by a nominating/corporate governance committee composed solely of independent directors. We continue to have an audit committee that is composed entirely of independent directors.","KDP","2026-02-25T06:46:58.835911Z",2020
820,"1",1382,"2026-02-25T06:47:02.459383Z","Corporate Governance",0.9956,812,"Corporate Governance",3.262,"MSCI_2017_0116","Non-Employee Directors Deferral Plan, directors may elect to defer receipt of all or any portion of any shares of our common stock issuable upon conversion of any stock unit or any retainer elected to be paid in shares of our common stock until (i) 60 days following separation of service or (ii) the earlier of a specified date or 60 days following separation of service. On February 18, 2016, the Board of Directors, upon the recommendation of the Compensation Committee, approved the MSCI Inc. 2016 Omnibus Plan (“Omnibus Plan”), a new equity incentive compensation plan that was approved by shareholders at the Company’s 2016 annual meeting of shareholders. The Omnibus Plan replaced the Company’s existing equity compensation plan—the MSCI Inc. Amended and Restated 2007 Equity Incentive Compensation Plan (as amended, the “2007 Plan”). Compensation paid to the Company’s executive officers historically complied with the performance-based compensation exception under 162(m) of the IRC (“162(m)”) by being granted pursuant to the MSCI Inc. Performance Formula and Incentive Plan (the “Performance Plan”). Shareholder approval of the Omnibus Plan constituted approval of the material terms of the performance goals under the Omnibus Plan for purposes of 162(m). The Company will continue to maintain the Performance Plan and may make tax-qualified awards pursuant to this plan.","MSCI","2026-02-25T06:47:02.459400Z",2017
821,"1",1417,"2026-02-25T06:47:04.294338Z","Corporate Governance",0.9956,813,"Corporate Governance",1.495,"MSCI_2019_0087","Non-Employee Directors Deferral Plan, directors may elect to defer receipt of all or any portion of any shares of our common stock issuable upon conversion of any stock unit or any retainer elected to be paid in shares of our common stock until (i) 60 days following separation of service or (ii) the earlier of a specified date or 60 days following separation of service. On February 18, 2016, the Board of Directors, upon the recommendation of the Compensation Committee, approved the MSCI Inc. 2016 Omnibus Plan (“Omnibus Plan”), an equity incentive compensation plan that was approved by shareholders at the Company’s 2016 annual meeting of shareholders. The Omnibus Plan replaced the Company’s then existing equity compensation plan—the MSCI Inc. Amended and Restated 2007 Equity Incentive Compensation Plan (as amended, the “2007 Plan”). Compensation paid to the Company’s executive officers historically complied with the performance-based compensation exception under 162(m) of the IRC (“162(m)”) by being granted pursuant to the MSCI Inc. Performance Formula and Incentive Plan (the “Performance Plan”). Shareholder approval of the Omnibus Plan constituted approval of the material terms of the performance goals under the Omnibus Plan for purposes of 162(m). Despite the changes implemented by Tax Reform, the Company will continue to maintain the Performance Plan and may make awards pursuant to this plan.","MSCI","2026-02-25T06:47:04.294346Z",2019
822,"1",1474,"2026-02-25T06:47:06.390731Z","Corporate Governance",0.9956,814,"Corporate Governance",1.637,"MSCI_2022_0515","Equity Compensation Plans

On February 18, 2016, the Board of Directors, upon the recommendation of the Compensation & Talent Management Committee of the Board of Directors (the “Compensation Committee”), approved the MSCI Inc. 2016 Non-Employee Directors Compensation Plan (the “Directors Plan”), a cash and equity incentive compensation plan that was approved by shareholders at the Company’s 2016 annual meeting of shareholders. The Directors Plan replaced the Company’s then existing non-employee director compensation plan, the MSCI Inc. Independent Directors’ Equity Compensation Plan (the “2011 Plan”). The total number of shares authorized to be awarded under the Directors Plan is 352,460, which is equal to the number of shares that remained available for issuance under the 2011 Plan. Under the MSCI Inc. Non-Employee Directors Deferral Plan, directors may elect to defer receipt of all or any portion of any shares of our common stock issuable upon conversion of any stock unit or any retainer elected to be paid in shares of our common stock until (i) 60 days following separation of service or (ii) the earlier of a specified date or 60 days following separation of service. On February 18, 2016, the Board of Directors, upon the recommendation of the Compensation Committee, approved the MSCI Inc. 2016 Omnibus Plan (“Omnibus Plan”), an equity incentive compensation plan that was approved by shareholders at the Company’s 2016 annual meeting of shareholders.","MSCI","2026-02-25T06:47:06.390749Z",2022
823,"1",1403,"2026-02-25T06:47:10.984578Z","Corporate Governance",0.9956,815,"Corporate Governance",4.176,"PAYC_2015_0256","The Stockholders Agreement Parties currently own more than a majority of our outstanding shares of common stock. So long as such persons
collectively own a majority of our outstanding shares of common stock, we will be a “controlled company” within the meaning of corporate governance standards of the NYSE. Under those standards, a company of which more than 50% of the
voting power for the election of directors is held by another company or group is a “controlled company” and need not comply with certain requirements, including (1) the requirement that a majority of the board of directors consist of
independent directors, (2) the requirement that there be a nominating and corporate governance committee composed entirely of independent directors with a written charter addressing the committee’s purpose and responsibilities,
(3) the requirement that there be a compensation committee composed entirely of independent directors with a written charter addressing the committee’s purpose and responsibilities and (4) the requirement of an annual performance
evaluation of the nominating/corporate governance and compensation committees. We may rely on any of these exemptions for so long as we are a “controlled company.” As a result, we will not have a majority of independent directors on our
board of directors, and our compensation committee does not consist entirely of independent directors.","PAYC","2026-02-25T06:47:10.984597Z",2015
824,"1",1439,"2026-02-25T06:47:13.687580Z","Corporate Governance",0.9956,816,"Corporate Governance",2.254,"STZ_2023_0339","Following the completion of the Reclassification, a number of corporate governance changes were implemented, consisting of the following:
•
Robert and Richard Sands, who previously served as our Executive Chairman of the Board and Executive Vice Chairman of the Board, respectively, retired from their executive positions;
•
Robert Sands became our Non-Executive Chairman of the Board and Richard Sands continues serving as a non-executive Board member;
Constellation Brands, Inc. FY 2023 Form 10-K
#WORTHREACHINGFOR 
   I

PART II
ITEM 8. FINANCIAL STATEMENTS AND SUPPLEMENTARY DATA

•
the Sands Family Stockholders initially have the right to nominate two members to our Board of Directors for the next 
five years
 so long as they own 

% or more of the issued and outstanding shares of Class A Stock and to nominate one member to our Board of Directors for the next 
five years
 and beyond so long as they own 

% or more of the issued and outstanding shares of Class A Stock;
•
holders of Class A Stock are entitled to elect all directors to be elected at future Annual Meetings of Stockholders; and
•
certain standstill and lock-up provisions for the Sands Family Stockholders; limitations on the Sands Family Stockholders’, directors’, and officers’ ability to pledge our common stock; a near-term rotation of the lead independent director position; and the transition to a majority vote standard for uncontested director elections.","STZ","2026-02-25T06:47:13.687590Z",2023
825,"1",842,"2026-02-25T06:47:15.598275Z","Corporate Governance",0.9956,817,"Corporate Governance",1.61,"WY_2017_0720","EXECUTIVE AND DIRECTOR COMPENSATION

Information with respect to executive and director compensation contained in the 
Notice of the 

 Annual Meeting and Proxy Statement
 for the company’s Annual Meeting of Shareholders to be held 
May 19, 2017
, under the headings “Board of Directors and Committee Information — Directors’ Compensation,” “Compensation Discussion and Analysis,” “Risk Analysis of Our Compensation Programs,” “Compensation Committee Report,” “Compensation Committee Interlocks and Insider Participation,” “Summary Compensation Table,” “Grants of Plan-Based Awards for 

,” “Outstanding Equity Awards at 

 Fiscal Year-End,” “Option Exercises and Stock Vested in 

,” “Pension Benefits,” “Nonqualified Deferred Compensation,” and “Potential Payments Upon Termination or Change of Control” is incorporated herein by reference.","WY","2026-02-25T06:47:15.598284Z",2017
826,"1",1261,"2026-02-25T06:47:17.205452Z","Corporate Governance",0.9955,818,"Corporate Governance",1.272,"AWK_2024_0618","EXECUTIVE COMPENSATION
Information required by this item is incorporated by reference in the Company’s Proxy Statement for the 2024 Annual Meeting of Shareholders, under the captions entitled “Board of Directors and Corporate Governance—Board Role in Risk Oversight—Executive Development and Compensation Committee Role,” “Proposal 1—Election of Directors—Director Compensation Table,” “Compensation Discussion and Analysis,” “Executive Compensation” (excluding the subsection “Pay Versus Performance”), “Compensation Committee Interlocks and Insider Participation” and “Compensation Committee Report” (with the latter report being furnished, and not filed, in this Annual Report on Form 10-K). ITEM 12. SECURITY OWNERSHIP OF CERTAIN BENEFICIAL OWNERS AND MANAGEMENT AND RELATED STOCKHOLDER MATTERS
Information required by this item setting forth the security ownership of certain beneficial owners and management is incorporated by reference in the Company’s Proxy Statement for the 2024 Annual Meeting of Shareholders, under the captions entitled “Certain Beneficial Ownership Matters—Security Ownership of Management,” “Certain Beneficial Ownership Matters—Security Ownership of Certain Beneficial Owners” and “Equity Compensation Plan Information.”
ITEM 13.","AWK","2026-02-25T06:47:17.205461Z",2024
827,"1",1207,"2026-02-25T06:47:20.330393Z","Corporate Governance",0.9955,819,"Corporate Governance",2.781,"AXP_2018_0703","On February 14, 2018, the Compensation and Benefits Committee of our Board of Directors approved an increase to the annual base salary (effective February 16, 2018) of Douglas E. Buckminster in connection with Mr. Buckminster’s promotion to Group President, Global Consumer Services. Mr. Buckminster’s base salary has been increased from $750,000 per annum to $900,000 per annum. In addition, Mr. Buckminster will be eligible to earn an annual cash incentive award of $2.9 million and annual long-term incentive awards consisting of cash, restricted stock units and stock options with a value of $4.3 million. PART III

ITEMS 10, 11, 12 and 13. DIRECTORS, EXECUTIVE OFFICERS AND CORPORATE GOVERNANCE; EXECUTIVE COMPENSATION; SECURITY OWNERSHIP OF CERTAIN BENEFICIAL OWNERS AND MANAGEMENT AND RELATED STOCKHOLDER MATTERS; CERTAIN RELATIONSHIPS AND RELATED TRANSACTIONS, AND DIRECTOR INDEPENDENCE

We expect to file with the SEC in March 2018 (and, in any event, not later than 120 days after the close of our last fiscal year), a definitive proxy statement, pursuant to SEC Regulation 14A in connection with our Annual Meeting of Shareholders to be held May 7, 2018, which involves the election of directors.","AXP","2026-02-25T06:47:20.330408Z",2018
828,"1",1017,"2026-02-25T06:47:26.765719Z","Corporate Governance",0.9955,820,"Corporate Governance",6.069,"BX_2015_0284","Pursuant to these exceptions, limited partnerships may elect not to comply with certain corporate governance requirements of the New
York Stock Exchange, including the requirements (a) that a majority of the board of directors of our general partner consist of independent directors, (b) that we have a nominating/corporate governance committee that is composed entirely
of independent directors (c) that we have a compensation committee that is composed entirely of independent directors, and (d) that the compensation committee be required to consider certain independence factors when engaging compensation
consultants, legal counsel and other committee advisers. In addition, we are not required to hold annual meetings of our common unitholders. We will continue to avail ourselves of these exceptions. Accordingly, common unitholders generally do not
have the same protections afforded to equityholders of entities that are subject to all of the corporate governance requirements of the New York Stock Exchange.","BX","2026-02-25T06:47:26.765730Z",2015
829,"1",1499,"2026-02-25T06:47:47.388079Z","Corporate Governance",0.9955,821,"Corporate Governance",20.27,"BX_2020_0990","Schwarzman as the sole founding member of our Class C Shareholder, and thereafter such power will revert to the members of Class C Shareholder holding a majority in interest in the Class C Shareholder. In identifying candidates for membership on the board of directors, Mr. Schwarzman, acting on behalf of the Class C Shareholder, takes into account (a) minimum individual qualifications, such as strength of character, mature judgment, industry knowledge or experience and an ability to work collegially with the other members of the board of directors, and (b) all other factors he considers appropriate. After conducting an initial evaluation of a candidate, Mr. Schwarzman will interview that candidate if he believes the candidate might be suitable to be a director and may also ask the candidate to meet with other directors and senior management. If, following such interview and any consultations with directors and senior management, Mr. Schwarzman believes a candidate would be a valuable addition to the board of directors, he will appoint that individual to the board of directors. When considering whether the board’s directors have the experience, qualifications, attributes and skills, taken as a whole, to enable the board to satisfy its oversight responsibilities effectively in light of Blackstone’s business and structure, Mr. Schwarzman focused on the information described in each of the board members’ biographical information set forth above. In particular, with regard to Ms.","BX","2026-02-25T06:47:47.388088Z",2020
830,"1",1328,"2026-02-25T06:47:59.099202Z","Corporate Governance",0.9955,822,"Corporate Governance",11.352,"BX_2020_1001","Communications to the Board of Directors

The 
non-management
 members of our board of directors meet at least quarterly. The presiding director at these 
non-management
 board member meetings is Mr. Parrett. All interested parties, including any employee or shareholder, may send communications to the 
non-management
 members of our board of directors by writing to: The Blackstone Group Inc., Attn: Audit Committee, 345 Park Avenue, New York, New York 10154.
 
Delinquent Section 16(a) Reports 
 
Section 16(a) of the Securities Exchange Act of 1934, as amended, requires our executive officers and directors, and persons who own more than ten percent of a registered class of The Blackstone Group Inc.’s equity securities to file initial reports of ownership and reports of changes in ownership with the SEC and furnish us with copies of all Section 16(a) forms they file. To our knowledge, based solely on our review of the copies of such reports furnished to us or written representations from such persons that they were not required to file a Form 5 to report previously unreported ownership or changes in ownership, we believe that, with respect to the fiscal year ended December 31, 2019, such persons complied with all such filing requirements. 
 

Item 11.
Executive Compensation
Compensation Discussion and Analysis","BX","2026-02-25T06:47:59.099214Z",2020
831,"1",1347,"2026-02-25T06:48:01.380607Z","Corporate Governance",0.9955,823,"Corporate Governance",1.984,"BX_2022_1069","The limited liability company agreement of our Series II Preferred Stockholder provides that at such time as Mr. Schwarzman should cease to be a founding member, Jonathan D. Gray will thereupon succeed Mr. Schwarzman as the sole founding member of our Series II Preferred Stockholder, and thereafter such power will revert to the members of Series II Preferred Stockholder holding a majority in interest in the Series II Preferred Stockholder. In identifying candidates for membership on the board of directors, Mr. Schwarzman, acting on behalf of the Series II Preferred Stockholder, takes into account (a) minimum individual qualifications, such as strength of character, mature judgment, industry knowledge or experience and an ability to work collegially with the other members of the board of directors, and (b) all other factors he considers appropriate. After conducting an initial evaluation of a candidate, Mr. Schwarzman will interview that candidate if he believes the candidate might be suitable to be a director and may also ask the candidate to meet with other directors and senior management. If, following such interview and any consultations with directors and senior management, Mr. Schwarzman believes a candidate would be a valuable addition to the board of directors, he will appoint that individual to the board of directors.","BX","2026-02-25T06:48:01.380619Z",2022
832,"1",1605,"2026-02-25T06:48:03.944419Z","Corporate Governance",0.9955,824,"Corporate Governance",2.163,"BX_2022_1080","Communications to the Board of Directors

The 
non-management
 members of our board of directors meet at least quarterly. The presiding director at these 
non-management
 board member meetings is Mr. Parrett. All interested parties, including any employee or shareholder, may send communications to the 
non-management
 members of our board of directors by writing to: Blackstone Inc., Attn: Audit Committee, 345 Park Avenue, New York, New York 10154. Delinquent Section 16(a) Reports 
 
Section 16(a) of the Securities Exchange Act of 1934, as amended, requires our executive officers and directors, and persons who own more than ten percent of a registered class of Blackstone Inc.’s equity securities to file initial reports of ownership and reports of changes in ownership with the SEC and furnish us with copies of all Section 16(a) forms they file. To our knowledge, based solely on our review of the copies of such reports furnished to us or written representations from such persons that they were not required to file a Form 5 to report previously unreported ownership or changes in ownership, we believe that, with respect to the fiscal year ended December 31, 2021, such persons complied with all such filing requirements, with the exception of the following late filings, due to an administrative oversight and related to grants of deferred restricted shares of common stock under our Amended & Restated 2007 Equity Incentive Plan: a Form 4 report on April 1, 2021 by each of Messrs.
Baratta, Chae, Gray, Finley and Striano. Item 11.
Executive Compensation
Compensation Discussion and Analysis","BX","2026-02-25T06:48:03.944429Z",2022
833,"1",847,"2026-02-25T06:48:07.793484Z","Corporate Governance",0.9955,825,"Corporate Governance",3.551,"CDW_2017_0462","The Lead Director: (1) presides at all meetings of the Board at which the Chairman is not present, including all executive sessions of the non-management and/or independent directors; (2) has the authority to call meetings of the non-management and/or independent directors; (3) serves as a contact for interested parties who wish to communicate with non-management directors; and (4) provides input to the Chairman on the annual Board calendar, agenda items and schedules for each Board meeting and the materials and information to be presented to the Board. The Board does not believe that a single leadership structure is right for all companies at all times, however, so the Board will periodically review its leadership structure to determine, based on the circumstances at the time, whether it and its committees are functioning effectively.","CDW","2026-02-25T06:48:07.793498Z",2017
834,"1",805,"2026-02-25T06:48:20.444533Z","Corporate Governance",0.9955,826,"Corporate Governance",12.27,"CDW_2017_0520","Stock Ownership Guidelines

The Compensation Committee believes that, in order to more closely align the interests of executives with the interests of the Company’s other stockholders, all executives should maintain a minimum level of equity interests in the Company’s common stock. The Compensation Committee has adopted stock ownership guidelines requiring ownership of six times base salary for our Chief Executive Officer and three times base salary for our other executive officers. Until the guideline is met, an executive officer is required to retain 50% of the after-tax shares acquired upon exercise of stock options and vesting of performance shares/units and restricted shares/units. As of the date of this Form 10-K, all Named Executive Officers had attained the required ownership guideline.","CDW","2026-02-25T06:48:20.444551Z",2017
835,"1",1224,"2026-02-25T06:48:25.667551Z","Corporate Governance",0.9955,827,"Corporate Governance",4.932,"CDW_2017_0524","Role of the Board, Compensation Committee and our Executive Officers

The Compensation Committee is responsible for determining the annual cash compensation of our Chief Executive Officer and each of our other executive officers. In the case of the 2016 long-term incentives, the Compensation Committee was responsible for recommending to the Board for approval the targeted grant levels for each of our executive officers. Based on the recommendations of the Compensation Committee, the Board approved the 2016 long-term incentive awards. In setting or recommending, as applicable, the compensation of our Chief Executive Officer, the Compensation Committee takes into account 

the Nominating and Corporate Governance Committee’s review of the Chief Executive Officer’s performance. In setting or recommending, as applicable, the compensation of our other executive officers, the Compensation Committee takes into account the Chief Executive Officer’s review of each executive officer’s performance and his recommendations with respect to their compensation. The Compensation Committee’s responsibilities regarding executive compensation are further described in the “Corporate Governance” section of this Proxy Statement.","CDW","2026-02-25T06:48:25.667560Z",2017
836,"1",1248,"2026-02-25T06:48:36.616983Z","Corporate Governance",0.9955,828,"Corporate Governance",10.489,"EXPE_2024_0024","Diller’s immediate family members may serve, and (2) following Mr. Diller’s departure, (a) with respect to any extraordinary transaction requiring Company stockholder approval and the election of any director-nominee not supported by a majority of the board of directors, the voting percentage cast by Class B Shares held or controlled by Mr. Diller, his family members and certain related parties (collectively with Mr. Diller and his family members, “Diller-related persons”) will be limited to 20% of the total voting power of the outstanding common shares (with any excess shares to be voted as specified in the Settlement Agreement), (b) a right of first offer on the part of the Company in connection with any sale by Mr. Diller or other Diller-related persons of Class B Shares representing 10% or more of the Company’s total voting power and (c) the Company’s agreement to cooperate reasonably in connection with any sale of Class B Shares by Mr. Diller or other Diller-related persons. As a result of his ownership interests and voting power, Mr. Diller is in a position to influence, and potentially control, significant corporate actions, including corporate transactions such as mergers, business combinations or dispositions of assets.","EXPE","2026-02-25T06:48:36.616993Z",2024
837,"1",1349,"2026-02-25T06:48:43.231380Z","Corporate Governance",0.9955,829,"Corporate Governance",6.326,"HST_2016_0052","These restrictions will not apply if Host Inc.’s Board of Directors determines that it no longer is in Host Inc.’s best interests to continue to qualify as a REIT or that compliance with the restrictions on transfer and ownership no longer is required for Host Inc. to qualify as a REIT. 

●

Removal of members of the Board of Directors. Host Inc.’s charter provides that, except for any directors who may be elected by holders of a class or serie
s of shares of capital stock other than common stock, directors may be removed only for cause and by the affirmative vote of stockholders holding at least two-thirds of all the votes entitled to be cast in the election of directors. Vacancies on Host Inc.’
s Board of Directors may be filled, at any regular meeting or at any special meeting called for that purpose, by the affirmative vote of the remaining directors, except that a vacancy resulting from an increase in the number of directors may be filled by a
 majority vote of the entire Board of Directors. Any vacancy resulting from the removal of a director by the stockholders may be filled by the affirmative vote of holders of at least two-thirds of the votes entitled to be cast in the election of directors.
 
 

 

●

Preferred shares; classification or reclassification of unissued shares of capital stock without stockholder approval.","HST","2026-02-25T06:48:43.231399Z",2016
838,"1",1500,"2026-02-25T06:49:17.131951Z","Corporate Governance",0.9955,830,"Corporate Governance",33.609,"HSY_2015_0062","Equity Structure

We have two classes of stock outstanding – Common Stock and Class B Common Stock (“Class B Stock”). Holders of the Common Stock and the Class B Stock generally vote together without regard to class on matters submitted to stockholders, including the election of directors. Holders of the Common Stock have 1 vote per share. Holders of the Class B Stock have 10 votes per share. Holders of the Common Stock, voting separately as a class, are entitled to elect one-sixth of our Board. With respect to dividend rights, holders of the Common Stock are entitled to cash dividends 10% higher than those declared and paid on the Class B Stock. Hershey Trust Company, as trustee for the benefit of Milton Hershey School, maintains voting control over The Hershey Company. In addition, Hershey Trust Company currently has three representatives who are members of the Company's Board, one of whom is the Chairman of the Board. These representatives, from time to time in performing their responsibilities on the Company’s Board, may exercise influence with regard to the ongoing business decisions of our Board or management. Hershey Trust Company, as trustee for the benefit of Milton Hershey School, in its role as controlling stockholder of the Company, has indicated it intends to retain its controlling interest in The Hershey Company and that the Company Board, and not the Hershey Trust Company board, is solely responsible and accountable for the Company’s management and performance.","HSY","2026-02-25T06:49:17.131962Z",2015
839,"1",121,"2026-02-25T06:49:20.382507Z","Corporate Governance",0.9955,831,"Corporate Governance",2.942,"IQV_2015_0227","appoint compensation and nominating and governance committees composed entirely of independent directors within one year.","IQV","2026-02-25T06:49:20.382518Z",2015
840,"1",1353,"2026-02-25T06:49:23.095985Z","Corporate Governance",0.9955,832,"Corporate Governance",2.4,"IQV_2018_0139","Gillings to be elected as the Lead Director through our 2018 annual meeting of stockholders and to be elected as a director so that he may serve as a director until the day after our 2021 annual meeting of stockholders (provided that the DG Shareholders, as a group, continue to beneficially own at least 2.5% of our outstanding common stock), including using its best efforts to support his nomination for the slate of director nominees for a three-year term at our 2020 annual meetings of stockholders. In 2017, the LGP Shareholders and the TPG Shareholders each ceased having the right to appoint one director to the Board. Following the secondary offering that closed on September 19, 2017, the LGP Shareholders holdings of our outstanding common stock fell below 2.5%. Following the secondary offering that closed on November 30, 2017, the TPG Shareholders holdings of our outstanding common stock fell below 12%. As a result, pursuant to the Shareholders Agreement, Mr. Danhakl offered to tender his resignation and the TPG Shareholders offered to tender the resignation of one of its two representatives on the Board. The TPG Shareholders continue to have the right to appoint one remaining director to the Board. After review, the Nominating and Governance Committee of the Board declined the offers made by Mr. Danhakl and the TPG Shareholders.","IQV","2026-02-25T06:49:23.095995Z",2018
841,"1",1423,"2026-02-25T06:49:26.468014Z","Corporate Governance",0.9955,833,"Corporate Governance",3.107,"KKR_2021_0233","In general, any matters that are subject to a vote of the holders of our common stock will require the approval of a majority in voting power of all our common stock and Series II preferred stock, voting together as a single class. As a result, KKR Holdings, the holder of our Series II preferred stock, will vote together with the holders of our common stock. As of February 17, 2021, there were 576,611,174 shares of common stock and 275,626,493 shares of Series II preferred stock issued and outstanding, giving holders of common stock 67.7% and KKR Holdings 32.3% of the total combined voting power on matters for which they are entitled to vote together as a single class. Because our Co-Chairmen and Co-Chief Executive 

Officers, when acting together, jointly control the general partner of KKR Holdings and thereby the vote of the shares of our Series II preferred stock held by KKR Holdings, our Co-Chairmen and Co-Chief Executive Officers are expected to be able to substantially influence the outcome of any matter submitted to a vote of our common stock. In addition, our Co-Chairmen and Co-Chief Executive Officers, when acting together, jointly control the Series I preferred stockholder and thereby the vote of the Series I preferred stock held by it. The vote of our Series I preferred stock will determine the outcome of all matters that are not listed above as being subject to a vote by our common stock.","KKR","2026-02-25T06:49:26.468034Z",2021
842,"1",967,"2026-02-25T06:49:29.034148Z","Corporate Governance",0.9955,834,"Corporate Governance",2.262,"MOH_2019_0522","None of the entities where Ms. Sedmak was previously employed is a parent, subsidiary, or other affiliate of the Company. Mr. Hebert
 has served as Chief Accounting Officer since September 2018. He joins the Company from Tufts Health Plan, where he served as Senior Vice President of Finance from 2016 to 2018. Prior to that, Mr. Hebert served as Chief Accounting Officer at WellCare Health Plans from 2010 to 2016. None of the entities where Mr. Hebert was previously employed is a parent, subsidiary, or other affiliate of the Company. Each executive officer serves at the pleasure of the board of directors. The remaining information called for by Item 10 of Form 10-K is incorporated by reference to “Election of Directors,” “Corporate Governance and Board of Directors Matters,” and “Section 16(a) Beneficial Ownership Reporting Compliance” in our definitive proxy statement for our 

 Annual Meeting of Stockholders. Molina Healthcare, Inc. 2018 Form 10-K | 124","MOH","2026-02-25T06:49:29.034156Z",2019
843,"1",1427,"2026-02-25T06:49:30.546118Z","Corporate Governance",0.9955,835,"Corporate Governance",1.241,"MSCI_2018_0095","Equity Compensation Plans

On February 18, 2016, the Board of Directors, upon the recommendation of the Compensation and Talent Management Committee of the Board of Directors (the “Compensation Committee”), approved the MSCI Inc. 2016 Non-Employee Directors Compensation Plan (the “Directors Plan”), a cash and equity incentive compensation plan that was approved by shareholders at the Company’s 2016 annual meeting of shareholders. The Directors Plan replaced the Company’s then existing non-employee director compensation plan—the MSCI Inc. Independent Directors’ Equity Compensation Plan (the “2011 Plan”). The total number of shares authorized to be awarded under the Directors Plan is 352,460, which is equal to the number of shares that remained available for issuance under the 2011 Plan. Under the Directors Plan, directors that are not employees of the Company receive annual Board retainer fees and fees for serving on the Company’s committees, if applicable, and pursuant to the terms of the Directors Plan, a director may make an election to receive all or any portion of such director’s retainer and committee fees in shares of our common stock in lieu of cash. Non-employee directors are entitled to receive an annual grant of $140,000 each in stock units and the lead director is entitled to an additional $25,000 in stock units (a total of $165,000), which are typically subject to a one-year vesting schedule.","MSCI","2026-02-25T06:49:30.546129Z",2018
844,"1",1398,"2026-02-25T06:49:32.993133Z","Corporate Governance",0.9955,836,"Corporate Governance",2.136,"MSCI_2018_0096","Effective May 1, 2018, non-employee directors will be entitled to receive an annual grant of $160,000 and the lead director will be entitled to an additional $50,000 in stock units (a total of $210,000), which will also be subject to a one-year vesting schedule. Under the MSCI Inc. Non-Employee Directors Deferral Plan, directors may elect to defer receipt of all or any portion of any shares of our common stock issuable upon conversion of any stock unit or any retainer elected to be paid in shares of our common stock until (i) 60 days following separation of service or (ii) the earlier of a specified date or 60 days following separation of service. On February 18, 2016, the Board of Directors, upon the recommendation of the Compensation Committee, approved the MSCI Inc. 2016 Omnibus Plan (“Omnibus Plan”), a new equity incentive compensation plan that was approved by shareholders at the Company’s 2016 annual meeting of shareholders. The Omnibus Plan replaced the Company’s then existing equity compensation plan—the MSCI Inc. Amended and Restated 2007 Equity Incentive Compensation Plan (as amended, the “2007 Plan”). Compensation paid to the Company’s executive officers historically complied with the performance-based compensation exception under 162(m) of the IRC (“162(m)”) by being granted pursuant to the MSCI Inc. Performance Formula and Incentive Plan (the “Performance Plan”).","MSCI","2026-02-25T06:49:32.993156Z",2018
845,"1",900,"2026-02-25T06:49:37.089754Z","Community Relations",0.9917,837,"Community Relations",3.783,"HOLX_2022_0022","In fiscal 2022, we announced an expansion of our 

philanthropic activities, pledging to donate $5 million from our charitable fund over the year to further support the communities where our employees live and work. We also support employees in giving back to community organizations through volunteering and matching donations. To that end, we further expanded our support for local non-profit groups, by providing our U.S. colleagues an additional paid day off to engage in community service. We also have continued to strengthen our scholarship funds. The Hologic Scholarship Fund awards scholarships of $2,500 to $5,000 for employees' children and grandchildren. We also support minority students near our largest U.S. facilities by providing scholarship funding to three non-profit organizations that help students from underserved communities become the first in their family to attend college.","HOLX","2026-02-25T06:49:37.089763Z",2022
846,"1",373,"2026-02-25T06:49:39.414765Z","Community Relations",0.9914,838,"Community Relations",2.01,"CLX_2021_0029","Societal Well-Being

The Company remains committed to a healthy and equitable society to ensure our collective well-being for future generations. In the past year, we provided cash grants and product donations while also implementing cause marketing programs totaling about $20 million to support our communities and promote health and safety, education and racial justice.","CLX","2026-02-25T06:49:39.414773Z",2021
847,"1",1352,"2026-02-25T06:49:51.052969Z","Community Relations",0.9913,839,"Community Relations",11.322,"LOW_2016_0018","Investing in Our Communities

Lowe’s has a long and proud history of supporting local communities through public education and community improvement projects, beginning with the creation of the Lowe’s Charitable and Educational Foundation in 1957. In 2015, Lowe’s and the Lowe’s Charitable and Educational Foundation donated more than $33 million to schools and community organizations in the United States, Canada, and Mexico. Our commitment to improving educational opportunities is best exemplified by our signature education grant program, Lowe’s Toolbox for Education
®
, and 2015 marked the program’s 10-year anniversary. Since its inception, Lowe’s Toolbox for 

Education has provided approximately $48 million in grants, funding improvements at nearly 11,000 schools and benefiting more than six million children along the way. Each year, we work with national nonprofit partners to strengthen and stabilize neighborhoods in the communities we serve. In 2015, Lowe’s contributed $7 million and teamed with Habitat for Humanity and Rebuilding Together to provide housing solutions in partnership with families across the country. We also continued to build on our longstanding partnerships with the Boys & Girls Clubs of America, SkillsUSA, The Nature Conservancy, and Keep America Beautiful to improve communities and build tomorrow’s leaders.","LOW","2026-02-25T06:49:51.052982Z",2016
848,"1",1420,"2026-02-25T06:49:53.302756Z","Community Relations",0.9912,840,"Community Relations",1.892,"LOW_2015_0016","Reaching Out / Our Community

Lowe’s has a long and proud history of supporting local communities through public education and community improvement projects, beginning with the creation of the Lowe’s Charitable and Educational Foundation in 1957. In 2014, Lowe’s and the Lowe’s Charitable and Educational Foundation contributed $28 million to schools and community organizations in the United States, Canada, and Mexico. Our commitment to improving educational opportunities is best exemplified by our signature education grant program, Lowe’s Toolbox for Education
®
. The program has benefited more than five million
 
schoolchildren since 2006, funding improvements at 1,103 schools across the United States in 2014. For more than a decade, we’ve been working with national nonprofit partners to strengthen and stabilize neighborhoods in the communities we serve. In 2014, Lowe’s contributed more than $6 million and teamed with Habitat for Humanity and Rebuilding Together to bring housing solutions and hope to families across the country. We also continued to build on our 

longstanding partnerships with SkillsUSA, the Boys & Girls Clubs of America, and Keep America Beautiful to improve communities and build tomorrow’s leaders. Lowe’s is also committed to helping residents of the communities we serve by being there when we’re needed most - when a natural disaster threatens and in the recovery that follows.","LOW","2026-02-25T06:49:53.302764Z",2015
849,"1",1415,"2026-02-25T06:49:56.024747Z","Community Relations",0.9912,841,"Community Relations",2.425,"LOW_2017_0017","Investing in Our Communities

Lowe’s has a long and proud history of supporting local communities through public education and community improvement projects, beginning with the creation of the Lowe’s Charitable and Educational Foundation in 1957. In 2016, Lowe’s and the Lowe’s Charitable and Educational Foundation donated approximately $38 million to schools and community organizations in the United States, Canada, and Mexico, including but not limited to the following discussed below. Our commitment to improving educational opportunities is best exemplified by our signature education grant program, Lowe’s Toolbox for Education
®
, and 2016 marked the program’s 11-year anniversary. In 2016, Lowe’s Toolbox for Education
®
 provided approximately $7 million in grants and since inception has provided funding improvements at nearly 12,000 schools, benefiting more than six million children. Each year, we work with national nonprofit partners to strengthen and stabilize neighborhoods in the communities we serve. In 2016, Lowe’s contributed $7 million and teamed with Habitat for Humanity and Rebuilding Together to provide housing solutions in partnership with families across the country. We also continued to build on our longstanding partnerships with the Boys & Girls Clubs of America, SkillsUSA, The Nature Conservancy, and Keep America Beautiful to improve communities and build tomorrow’s leaders.","LOW","2026-02-25T06:49:56.024755Z",2017
850,"1",1493,"2026-02-25T06:50:00.883850Z","Community Relations",0.9911,842,"Community Relations",4.547,"LH_2023_0098","Community Engagement

The Labcorp Charitable Foundation, a private, charitable 501(c)(3) organization established by the Company, invested in more than 120 programs in 2022 that align with the Company’s strategic mission to improve health and improve lives in the areas of health, education, and community across the globe. The Foundation supports efforts to increase access to health services and create equitable opportunities for underserved populations across the globe. Colleagues around the globe are invited to participate in the company’s annual Employee Giving Campaign. Through the campaign, colleagues had the opportunity to donate to one or more of seven selected charities: the American Cancer Society, American Heart Association, American Diabetes Association, American Red Cross (Disaster Relief), United Way, the National Urban League and new for 2022, Project HOPE. Employee contributions support these charities to provide needed services in 

Index
their local communities and around the globe. The Labcorp Charitable Foundation offers a match opportunity for contributions made through the campaign. In addition, the Company's employees took advantage of opportunities to support charitable causes and make a positive impact in their communities. For example, in honor of the life and legacy of Dr. Martin Luther King Jr., colleagues participated in the “Cards of Encouragement” campaign, a global initiative to lift the spirits of hospitalized children and their families.","LH","2026-02-25T06:50:00.883867Z",2023
851,"1",1473,"2026-02-25T06:50:02.861567Z","Community Relations",0.9911,843,"Community Relations",1.661,"LH_2024_0086","Community Engagement

The Labcorp Charitable Foundation, a private, charitable 501(c)(3) organization established by the Company, invested in more than 140 programs in 2023 that align with the Company’s strategic mission to improve health and improve lives in the areas of health, education, and community across the globe. The Foundation supports efforts to increase access to health services and create equitable opportunities for underserved populations across the globe. Colleagues around the globe are invited to participate in the Company’s annual Employee Giving Campaign. Through the campaign, colleagues had the opportunity to donate to one or more of seven selected charities: the American Cancer Society, American Heart Association, American Diabetes Association, American Red Cross (Disaster Relief), United Way, the National Urban League, and Project HOPE. Employee contributions support these charities to provide needed services in their local communities and around the globe. The Labcorp Charitable Foundation offers a match opportunity for contributions made through the campaign. In addition, the Company's employees took advantage of opportunities to support charitable causes and make a positive impact in their communities. For example, in honor of the life and legacy of Dr. Martin Luther King, Jr., colleagues participated in the “Cards of Encouragement” campaign, a global initiative to lift the spirits of hospitalized children and their families.","LH","2026-02-25T06:50:02.861578Z",2024
852,"1",1405,"2026-02-25T06:50:05.634586Z","Community Relations",0.991,844,"Community Relations",2.472,"LH_2021_0075","Employee Giving

The COVID-19 crisis left many communities and individuals facing health challenges and financial crisis. Through the Company’s U.S. annual Employee Giving Campaign, donations helped to support the American Cancer Society, American Heart Association, American Diabetes Association, American Red Cross Disaster Relief, United Way, and the National Urban League. The National Urban League was added based on feedback from the Company's employees requesting a charity focused on social and economic justice. The Company and its employees focused their efforts on helping the underserved in 2020 by donating to local food pantries and shelters, by supporting educational programs aimed at helping to provide students and teachers with the resources they needed during the pandemic and supporting a number of patient assistance programs aimed at helping the underserved while they received care. In addition, the Company established the Labcorp Charitable Foundation which supports the Company’s strategic mission of improving health and improving lives with contributions focused on health and welfare, education and community.
Customers 
The Company provides its services to a broad range of customers across Dx and DD. The primary customer groups serviced by the Company include:
•
MCOs. 
The Company serves many MCOs, each of which operate on a national, regional, or local basis. 

Index
•","LH","2026-02-25T06:50:05.634600Z",2021
853,"1",1379,"2026-02-25T06:50:10.076012Z","Community Relations",0.9909,845,"Community Relations",4.126,"LOW_2018_0017","Investing in Our Communities

Lowe’s has a long and proud history of supporting local communities through volunteerism as well as public education and community improvement projects, beginning with the creation of the Lowe’s Charitable and Educational Foundation in 1957. In 2017, Lowe’s employees contributed approximately 200,000 hours to Lowe’s Heroes volunteer projects, with 100% participation from Lowe’s U.S. stores. Lowe’s and the Lowe’s Charitable and Educational Foundation donated approximately $39 million to schools and community organizations in the United States, Canada, and Mexico, including but not limited to the following actions discussed below. Our commitment to improving educational opportunities is best exemplified by our signature education grant program, Lowe’s Toolbox for Education
®
, and 2017 marked the program’s 12-year anniversary. In 2017, Lowe’s Toolbox for Education
®
 provided approximately $6.5 million in grants and since inception has provided funding improvements at nearly 13,000 schools, benefiting more than seven million children. Each year, we work with national nonprofit partners to strengthen and stabilize neighborhoods in the communities we serve. In 2017, Lowe’s contributed $7 million and teamed with Habitat for Humanity and Rebuilding Together to provide housing solutions in partnership with families across the country.","LOW","2026-02-25T06:50:10.076020Z",2018
854,"1",1053,"2026-02-25T06:50:12.729075Z","Community Relations",0.9908,846,"Community Relations",2.368,"CLX_2023_0032","Societal Well-Being

In fiscal year 2023, The Clorox Company Foundation continued to support the Company’s purpose of championing people to be well and thrive every single day by focusing on programs in three key areas: community wellness, disease prevention and disaster relief and preparedness.
The foundation provides cash grants (including matching employee donations) and product donations while implementing cause marketing programs to support communities on important matters including health and safety, education and racial justice.
Finally, in support of the foundation’s community wellness focus, the Company continued to support its Healthy Parks Project in fiscal year 2023 to address environmental justice and provide better access to green spaces in underserved communities. In the project's second year, the Company built upon its initial efforts in Oakland, California, supporting parks organizations in Atlanta, Georgia, and Durham, North Carolina, to benefit the health of local communities where it has a large presence of employees.","CLX","2026-02-25T06:50:12.729100Z",2023
855,"1",224,"2026-02-25T06:50:14.636038Z","Community Relations",0.9907,847,"Community Relations",1.62,"HOLX_2023_0022","We also support students near our largest U.S. facilities by providing scholarship funding to three non-profit organizations that help students from underserved communities become the first in their family to attend college.","HOLX","2026-02-25T06:50:14.636046Z",2023
856,"1",853,"2026-02-25T06:50:16.338973Z","Community Relations",0.9907,848,"Community Relations",1.401,"LOW_2023_0025","In addition, throughout the year we partnered with dozens of nonprofit organizations to identify and respond to critical needs in local communities, including Building Homes for Heroes, Rebuilding Together, and Local Initiatives Support Corporation. Lowe’s also continues to support our communities as they respond to and recover from natural disasters by providing tools and supplies, access to tool rental trailers, and volunteering with clean-up efforts. In fiscal 2022, our associates across the U.S. contributed nearly 170,000 volunteer hours through Lowe’s-sponsored community engagement activities as well as in their personal time. In addition, through funding from our own associate donations and Company matching, we are able to support associates in times of significant, unforeseen financial hardship through the Lowe’s Employee Relief Fund.","LOW","2026-02-25T06:50:16.338996Z",2023
857,"1",317,"2026-02-25T06:50:21.284341Z","Community Relations",0.9907,849,"Community Relations",4.663,"OKE_2021_0063","We embed D&I concepts into our core leadership development curriculum and sponsor a number of internal programs intended to promote D&I. In addition, we seek to give back to the communities where we operate by partnering on initiatives to support underrepresented community members and local charitable organizations.","OKE","2026-02-25T06:50:21.284352Z",2021
858,"1",317,"2026-02-25T06:50:22.595625Z","Community Relations",0.9907,850,"Community Relations",1.041,"OKE_2022_0065","We embed D&I concepts into our core leadership development curriculum and sponsor a number of internal programs intended to promote D&I. In addition, we seek to give back to the communities where we operate by partnering on initiatives to support underrepresented community members and local charitable organizations.","OKE","2026-02-25T06:50:22.595636Z",2022
859,"1",524,"2026-02-25T06:50:24.458488Z","Community Relations",0.9907,851,"Community Relations",1.589,"PANW_2024_0024","We made charitable grants through our donor-advised fund to support nonprofit organizations providing services in areas such as cybersecurity education and disaster relief. We maintained our work to provide cybersecurity curriculum to schools, universities, and nonprofit organizations to help individuals of all ages protect their digital way of life and to prepare people for careers in cybersecurity. Employees continued to participate in our volunteering and giving programs to positively impact their local communities.","PANW","2026-02-25T06:50:24.458500Z",2024
860,"1",1467,"2026-02-25T06:50:26.327833Z","Community Relations",0.9906,852,"Community Relations",1.572,"HOLX_2024_0022","Community Engagement and Volunteerism
We take the role we play as leaders in the communities where we live and work seriously. Our philanthropic and charitable efforts are an important part of our culture and linked to our efforts to work to improve the health of our 

communities, customers, patients and employees, and seek to ensure that the decisions we make today have a positive effect on future generations. We center our giving efforts in three specific areas to maximize our impact in ways that align with the values of our employees and customers: (i) women's health, and other healthcare fields in which Hologic operates; (ii) science, technology, engineering, and math education (STEM), especially for students from underserved communities; and (iii) social and racial equality, especially in healthcare. We also support employees in giving back to community organizations through volunteering and matching donations. To that end, we further expanded our support for local non-profit groups, by providing our U.S. colleagues an additional paid day off to engage in community service. We also have continued to strengthen our scholarship funds. The Hologic Scholarship Fund awards scholarships for employees' children and grandchildren. We also support students near our largest U.S. facilities by providing scholarship funding to non-profit organizations that help students from underserved communities become the first in their family to attend college.","HOLX","2026-02-25T06:50:26.327854Z",2024
861,"1",324,"2026-02-25T06:50:28.268101Z","Community Relations",0.9906,853,"Community Relations",1.635,"NDSN_2020_0038","A donation of $500,000 was split among U.S.-based non-
Nordson Corporation 10
Table of 
Co
ntents
profits in the communities where our employees live and work. In Europe, an additional $500,000 was donated to the COVID-19 Solidarity Response Fund, which is co-founded by the United Nations and the World Health Organization.","NDSN","2026-02-25T06:50:28.268112Z",2020
862,"1",120,"2026-02-25T06:50:30.011472Z","Community Relations",0.9906,854,"Community Relations",1.442,"TPR_2021_0015","Community.

Serve the communities that need the most support through empowerment programs, donations and volunteering.
•","TPR","2026-02-25T06:50:30.011479Z",2021
863,"1",988,"2026-02-25T06:50:32.459270Z","Community Relations",0.9905,855,"Community Relations",2.148,"ADM_2023_0040","ADM’s corporate social investment program, ADM Cares, aligns the Company’s corporate giving with its business strategies and sustainability objectives. Through the program, ADM works to sustain and strengthen its commitment to communities where ADM colleagues work, live, and operate by directing funding to initiatives and organizations driving meaningful social, economic, and environmental progress. The ADM Cares team evaluates potential projects submitted for funding to ensure they meet eligibility criteria, such as initiatives that support education, food security and hunger relief, or safe, responsible, and environmentally sound agricultural practices in critical growing regions around the world. In 2022, the Company directed $13 million to support Ukrainian colleagues and extend philanthropic support to those in need, including direct financial support, housing, and grants to non-profit organizations, such as the World Food Programme and Doctors Without Borders. Item 1.","ADM","2026-02-25T06:50:32.459278Z",2023
864,"1",900,"2026-02-25T06:50:34.092299Z","Community Relations",0.9905,856,"Community Relations",1.356,"DECK_2024_0042","Charitable Giving and Volunteering.

Our charitable contributions, product donations, and employee volunteer efforts are an essential part of our culture. We annually contribute to our local communities through monetary donations, volunteer efforts, and in-kind donations. During fiscal year 2024, we donated over $4,600 to various non-profit organizations around the globe, primarily to organizations focused on DEI initiatives, environmental impact mitigation, and community support. We also continued our Art of Kindness events, where employees volunteer during a week-long event in our local communities multiple times during the fiscal year. Our employees volunteered approximately 19,000 hours during fiscal year 2024. Our strategic giving and community-engagement efforts continued to be aligned with our SDGs, including DEI, the environment, uplifting youth, education, and community support.","DECK","2026-02-25T06:50:34.092311Z",2024
865,"1",1067,"2026-02-25T06:50:35.900965Z","Community Relations",0.9905,857,"Community Relations",1.55,"NDAQ_2024_0094","Our inaugural Purpose Forum convened thought leaders, change makers, and innovators from around the world to discuss how Nasdaq can empower individuals to embrace their purpose, advance their economic growth and reach their full potential. The Nasdaq Foundation works with organizations that promote and support under-resourced communities by reimagining investor engagement and equipping communities with the financial knowledge needed to share in the wealth that markets create. During 2023, the Nasdaq Foundation provided 13 grants to organizations that seek to fulfill that mission. These grants were awarded to, among others: Defy Ventures, which provides entrepreneur training for formerly incarcerated Black and indigenous men and women and people of color; the GO Project for the GO Families Financial Literacy Workshop Series in New York City; and the Global Entrepreneur Network, in partnership with Hello Alice, for the Equitable Access Program aimed at enhancing credit access and financial education to underserved entrepreneurs facing credit challenges.","NDAQ","2026-02-25T06:50:35.900975Z",2024
866,"1",243,"2026-02-25T06:50:38.049224Z","Community Relations",0.9904,858,"Community Relations",1.844,"ADSK_2016_0026","On our behalf, the Foundation also administers a discounted software donation program to nonprofit organizations, social and environmental entrepreneurs, and others who are developing design solutions that will shape a more sustainable future.","ADSK","2026-02-25T06:50:38.049235Z",2016
867,"1",243,"2026-02-25T06:50:39.367571Z","Community Relations",0.9904,859,"Community Relations",1.058,"ADSK_2018_0021","On our behalf, the Foundation also administers a discounted software donation program to nonprofit organizations, social and environmental entrepreneurs, and others who are developing design solutions that will shape a more sustainable future.","ADSK","2026-02-25T06:50:39.367579Z",2018
868,"1",243,"2026-02-25T06:50:40.830302Z","Community Relations",0.9904,860,"Community Relations",1.144,"ADSK_2020_0021","On our behalf, the Foundation also administers a discounted software donation program to nonprofit organizations, social and environmental entrepreneurs, and others who are developing design solutions that will shape a more sustainable future.","ADSK","2026-02-25T06:50:40.830310Z",2020
869,"1",257,"2026-02-25T06:50:42.950341Z","Community Relations",0.9903,861,"Community Relations",1.827,"ARE_2022_0031","Volunteer rewards

initiated when an employee volunteers more than 25 hours in any quarter at eligible nonprofit organizations, for which Alexandria donates a total of $2,500 to the eligible non-profit organizations of their choice, up to $10,000 annually
•","ARE","2026-02-25T06:50:42.950349Z",2022
870,"1",720,"2026-02-25T06:50:44.605325Z","Community Relations",0.9903,862,"Community Relations",1.369,"CDNS_2022_0007","Community Outreach

We believe it is important that we create meaningful opportunities for employees to connect and contribute to their community. We provide opportunities for paid volunteer time off annually, charitable contribution matching, company-wide volunteer campaigns and international service immersion projects.
During fiscal 2021, we formed the Cadence Giving Foundation with the goal of giving back to the communities where we live and work. This stand-alone, non-profit foundation will partner with other charitable initiatives to support critical needs in areas such as diversity, equity and inclusion, environmental sustainability and science, technology, engineering, and mathematics (“STEM”) education.","CDNS","2026-02-25T06:50:44.605336Z",2022
871,"1",809,"2026-02-25T06:50:46.415192Z","Community Relations",0.9903,863,"Community Relations",1.525,"CHD_2021_0024","Communities

We encourage our employees to become involved in their communities, and in 2020, our Employee Giving Fund supported our communities by providing $1.2 million to 205 deserving organizations through annual grants, disaster relief, and other monetary support.  Employees purchased back-to-school supplies online to support disadvantaged youth, donated clothes and non-perishable items for clothing and food drives and provided supplies for a summer camp and holiday dinner for families in need.
  
In addition, the Company has contributed approximately $4.8 million to our communities, which includes the retail value of product donations, delivering masks and hand sanitizers to hospitals where we live, donating to local food banks, and supporting local food establishments with gift certificates.","CHD","2026-02-25T06:50:46.415205Z",2021
872,"1",431,"2026-02-25T06:50:49.676829Z","Community Relations",0.9903,864,"Community Relations",2.975,"NDAQ_2023_0094","These grants were awarded to, among others, Black Girl Ventures, an ecosystem of Black/Brown woman-identifying leaders, assisting them through the early-stages of entrepreneurship; Change Labs, a community-led organization providing access to capital and resources to the next generation of Native American change makers; and Hispanic Access Foundation, which provides financial and investment training to Spanish-speaking Latinos.","NDAQ","2026-02-25T06:50:49.676850Z",2023
873,"1",426,"2026-02-25T06:50:51.709863Z","Community Relations",0.9902,865,"Community Relations",1.716,"NKE_2022_0022","The focus of this investment continues to be inspiring kids to be active through play and sport as well as uniting and inspiring communities to create a better and more equitable future for all. Our community investments are an important part of our culture in that we also support employees in giving back to community organizations through donations and volunteering, which are matched by the NIKE Foundation where eligible.","NKE","2026-02-25T06:50:51.709873Z",2022
874,"1",426,"2026-02-25T06:50:53.057009Z","Community Relations",0.9902,866,"Community Relations",1.074,"NKE_2023_0022","The focus of this investment continues to be inspiring kids to be active through play and sport as well as uniting and inspiring communities to create a better and more equitable future for all. Our community investments are an important part of our culture in that we also support employees in giving back to community organizations through donations and volunteering, which are matched by the NIKE Foundation where eligible.","NKE","2026-02-25T06:50:53.057021Z",2023
875,"1",1201,"2026-02-25T06:52:12.138110Z","Community Relations",0.9901,867,"Community Relations",78.782,"BDX_2023_0023","This work impacts under-resourced communities, both in developed and underdeveloped countries. Through the BD Helping Build Healthy Communities™ initiative, which is funded by BD and the BD Foundation, and implemented jointly by Direct Relief and the National Association of Community Health Centers, we have provided 52 awards to community health centers in 20 states since 2013, with a total commitment of $21.7 million in cash and product donations to advance health equity in the U.S. BD also has a longstanding history of associate volunteerism that is enabled through our public-private partnerships and collaborations with non-government organizations. We sponsor volunteer service trips and other meaningful volunteer opportunities to help strengthen health systems and enable an environment that can maintain critical competences and resources needed to improve delivery of care. Associates are empowered to serve organizations and causes that are important to them in their local communities. This includes a matching gift program, paid time off to volunteer, and an award program to give grants to non-profit organizations in honor of associates who engage in exceptional volunteer efforts.","BDX","2026-02-25T06:52:12.138122Z",2023
876,"1",660,"2026-02-25T06:52:16.295611Z","Community Relations",0.9901,868,"Community Relations",3.831,"FDX_2024_0070","Information in our ESG Report is not incorporated by reference in, and does not form part of, this Annual Report. We remain committed to helping lift local economies by investing in people and communities where we live and work. In the U.S., this includes seeking diverse suppliers and strengthening our supply chain by sourcing from small, minority-, and women-owned businesses. We have a history of supporting diverse and inclusive nonprofit and community empowerment organizations to create greater economic opportunity, help amplify diverse voices, and provide access to leadership, educational, and employment opportunities that inspire people to succeed.","FDX","2026-02-25T06:52:16.295621Z",2024
877,"1",1434,"2026-02-25T06:52:18.442152Z","Community Relations",0.9901,869,"Community Relations",1.885,"ORCL_2024_0012","Making a Difference

Each year, through our volunteering and giving programs, Oracle employees donate tens of thousands of volunteer hours and millions of dollars (matched by Oracle) to a wide variety of causes. Oracle and our employees also rise to the occasion in times of crisis.
 

During fiscal 2024, Oracle donated tens of millions of dollars to advance education, protect the natural world and wildlife, strengthen communities and promote health. Among our recent commitments is a $1 million multi-year grant to The National Museum of African American History and Culture, a Smithsonian Institution museum located in Washington, D.C. In fiscal 2024, Oracle approved the donation of technology and consulting services valued at $350,000 to advance the mission of the Military Family Advisory Network.
 

Oracle is committed to being at the forefront of positive social impact through initiatives focused on education, the environment, community and health. Our philanthropic education initiatives, Oracle Academy and the Oracle Education Foundation, help students develop the skills they need to become technology innovators and leaders. Oracle also hosts Design Tech High School, a public charter school, at our Redwood Shores, California campus. Through our nonprofit organization, Oracle Health Foundation, we deliver pediatric grants and school-based wellness programs to create healthier tomorrows and stronger communities.","ORCL","2026-02-25T06:52:18.442163Z",2024
878,"1",809,"2026-02-25T06:52:20.383532Z","Community Relations",0.99,870,"Community Relations",1.631,"ALGN_2023_0012","As of December 31, 2022, we had donated more than $2.5 million to Operation Smile. 
•
For 15 years we have supported America’s ToothFairy, an organization with a mission to ensure underserved children in the United States have access to dental care and learn about oral health by supporting nonprofit clinics and community partners. As of December 31, 2022, we have provided almost $2 million for the foundation’s operational expenses and children’s oral health programs. We also provide product donations to the dental community to help patients in need of healthy, beautiful smiles. For more information on our charitable and community efforts, please refer to the Corporate Social Responsibility portion of our corporate website located at 
https://www.aligntech.com/about/corporate_social_responsibility
.","ALGN","2026-02-25T06:52:20.383543Z",2023
879,"1",986,"2026-02-25T06:52:21.575132Z","Community Relations",0.99,871,"Community Relations",0.942,"DECK_2020_0037","Charitable Giving and Volunteering.

Our charitable contributions, product donations, and employee volunteer efforts are an essential part of our culture. Since 2006, we have donated over 1 million pairs of shoes to Soles4Souls and Good360, non-profit organizations that distribute shoes to those in need. During fiscal year 2020, we donated $1,700 to various non-profit organizations. Additionally, we have committed over $1,000 in funds and product donations to address the impacts of the COVID-19 pandemic on the communities in which we operate. Further, during fiscal year 2020, we dedicated our strategic giving and engagement efforts to categories related to our SDGs, our business, and our communities. Our community-engagement efforts focused on arts and culture, human services, education, international affairs, environment and animal welfare, and health and society. We encourage our employees to volunteer by compensating them for up to 24 hours of volunteer time each year.","DECK","2026-02-25T06:52:21.575143Z",2020
880,"1",1427,"2026-02-25T06:52:23.247443Z","Community Relations",0.99,872,"Community Relations",1.389,"LH_2024_0087","With the help of Cards for Hospitalized Kids, close to 8,000 cards were distributed to children and their families staying at Ronald McDonald Houses or receiving treatment at nonprofit children’s hospitals. The Labcorp Charitable Foundation made a financial donation to the 39 supported charities. The Company's global colleagues also support the local communities where they live and work. In observation of Childhood Cancer Awareness Month, Company colleagues in Geneva, Switzerland supported ARFEC (Association Romande des Familles d’Enfants atteints d’un Cancer) to benefit hospitalized children and their families through toy drives, the creation and sale of a calendar, and participation in the Geneva 20-kilometer race. Dynacare, a Company subsidiary based in Canada, teamed up with Diabetes Canada to organize the #Dyncare4Diabetes campaign for the second consecutive year. The campaign raised awareness of diabetes and provides accessible and free testing for at risk individuals. In addition to offering free hemoglobin A1C testing at all Dynacare laboratory locations across the Greater Toronto Area and at mobile community clinics, Dynacare donated 50 cents to Diabetes Canada for every individual that participated in the campaign, up to a total of $25,000. Customers 
The Company provides its services to a broad range of customers across Dx and BLS. The primary customer groups serviced by the Company include:
•","LH","2026-02-25T06:52:23.247459Z",2024
881,"1",1447,"2026-02-25T06:52:24.983557Z","Community Relations",0.99,873,"Community Relations",1.464,"LOW_2020_0025","In 2019, Lowe’s contributed more than $2 million to disaster relief and mobilized employee volunteers to help communities recovering from natural disasters like Hurricane Dorian, Texas flooding, California wildfires, and tornadoes across the southeast. Lowe's is also passionate about serving its communities and encourages associates to support the neighborhoods where they live and work. Through the Lowe’s Heroes program, funds are allocated to each U.S. and Canadian store for a project in its community that associates can complete together. In 2019, all Lowe’s stores were able to give back to their communities due to this funding. In addition, associates at company headquarters participated in on-campus community projects during the year, including assembling disaster cleanup buckets to be deployed to impacted areas after natural disasters and building beds that were donated to Sleep in Heavenly Peace, a nonprofit partner with a goal to end child bedlessness across the United States. Lowe's is also dedicated to helping each other in times of need. Our 
Lowe’s Employee Relief Fund
, made possible through associate donations and company matching, supports associates in times of significant, unforeseen financial hardship. In 2019, Lowe’s distributed over $2 million, helping 2,151 associates in need. For more information on Lowe’s partnerships and latest community improvement projects, visit 
Newsroom.Lowes.com/Responsibility
.","LOW","2026-02-25T06:52:24.983566Z",2020
882,"1",1039,"2026-02-25T06:52:26.620739Z","Community Relations",0.99,874,"Community Relations",1.245,"XEL_2023_0019","STRENGTHEN OUR COMMUNITIES

We provide a fundamental service, powering communities with safe, reliable, affordable and increasingly clean energy.
For our local communities, we initiated 40 economic development projects in 2022, which are projected to create over $1.8 billion in capital investments and 2,900 jobs. Additionally, nearly 60% of our supply chain spend was local and we spent approximately $550 million with diverse suppliers. 
Our employees served on more than 520 nonprofit organization or local community boards in 2022. The Xcel Energy Foundation contributed $4.4 million to 426 nonprofit organizations that support its three charitable giving focus areas: STEM Career Pathways, Environmental Sustainability, and Community Vitality. 
The Foundation, Company, employees and retirees also contributed more than $5 million to local communities through Xcel Energy’s annual United Way Giving Campaign and nearly 3,000 volunteers participated in Xcel Energy’s annual Day of Service, supporting more than 100 nonprofit projects.","XEL","2026-02-25T06:52:26.620764Z",2023
883,"1",716,"2026-02-25T06:52:27.952190Z","Community Relations",0.9899,875,"Community Relations",1.052,"CDNS_2023_0008","Community Outreach

We believe it is important that we create meaningful opportunities for employees to connect and contribute to their community. We provide opportunities for paid volunteer time off annually, charitable contribution matching, company-wide volunteer campaigns and international service immersion projects.
During fiscal 2021, we formed the Cadence Giving Foundation with the goal of giving back to the communities where we live and work. This stand-alone, non-profit foundation partners with other charitable initiatives to support critical needs in areas such as diversity, equity and inclusion, environmental sustainability and science, technology, engineering, and mathematics (“STEM”) education.","CDNS","2026-02-25T06:52:27.952202Z",2023
884,"1",1336,"2026-02-25T06:52:29.448486Z","Community Relations",0.9899,876,"Community Relations",1.194,"HOLX_2023_0021","Community Engagement and Volunteerism
We take the role we play as leaders in the communities where we live and work seriously. Our philanthropic and charitable efforts are an important part of our culture. We center our giving efforts in three specific areas to maximize our impact in ways that align with the values of our employees and customers: (i) women's health, and other healthcare fields in which Hologic operates; (ii) science, technology, engineering, and math education (STEM), especially for underprivileged groups; and (iii) social and racial equality, especially in healthcare. In fiscal 2022, we announced an expansion of our philanthropic activities, pledging to donate $5 million from our charitable fund over the year to further support the communities where our employees live and work. In fiscal 2023, we continued to support a variety of philanthropic activities. We also support employees in giving back to community organizations through volunteering and matching donations. To that end, we further expanded our support for local non-profit groups, by providing our U.S. colleagues an additional paid day off to engage in community service. We also have continued to strengthen our scholarship funds. The Hologic Scholarship Fund awards scholarships of $2,500 to $5,000 for employees' children and grandchildren.","HOLX","2026-02-25T06:52:29.448496Z",2023
885,"1",444,"2026-02-25T06:52:31.136303Z","Community Relations",0.9899,877,"Community Relations",1.386,"ICE_2024_0060","Corporate Giving

Financial education is the cornerstone of our corporate giving efforts, which include support for several organizations. We underwrite financial education programs in the U.S., U.K., India and Israel. We make additional charitable contributions throughout the communities where we have offices and our employees are encouraged to do the same, including through a $5,000 annual match to employees for charities of their choice.","ICE","2026-02-25T06:52:31.136314Z",2024
886,"1",1422,"2026-02-25T06:52:32.638096Z","Community Relations",0.9899,878,"Community Relations",1.203,"LH_2023_0099","With the help of Cards for Hospitalized Kids, close to 8,000 cards were distributed to children and their families staying at Ronald McDonald Houses or receiving treatment at nonprofit children’s hospitals. The Labcorp Charitable Foundation made a financial donation to the 39 supported charities. The Company's global colleagues also support the local communities where they live and work. In observation of Childhood Cancer Awareness Month, Company colleagues in Geneva, Switzerland supported ARFEC (Association Romande des Familles d’Enfants atteints d’un Cancer) to benefit hospitalized children and their families through toy drives, the creation and sale of a calendar and participation in the Geneva 20 kilometer race. Dynacare, a Labcorp company based in Canada, teamed up with Diabetes Canada to organize the #Dyncare4Diabetes campaign for the second consecutive year. The campaign raises awareness of diabetes and provides accessible and free testing for at risk individuals. In addition to offering free hemoglobin A1C testing at all Dynacare laboratory locations across the Greater Toronto Area and at mobile community clinics, Dynacare donated 50 cents to Diabetes Canada for every individual that participated in the campaign, up to a total of $25,000. Customers 
The Company provides its services to a broad range of customers across Dx and DD. The primary customer groups serviced by the Company include:
•","LH","2026-02-25T06:52:32.638105Z",2023
887,"1",1426,"2026-02-25T06:52:34.625195Z","Community Relations",0.9899,879,"Community Relations",1.722,"MSFT_2023_0019","PART I

Item 1

 

In fiscal year 2023, we collaborated with partners and worked within neighborhoods and communities to launch and scale a number of projects and programs, including:
 

•
Working with 103 unique organizations in 165 cities and counties on our Justice Reform Initiative to empower communities and advance racial equity and fairness in the justice system.

•
Increasing access to affordable broadband, devices, and digital literacy training across 14 geographies, including 11 cities and three states in the Black Rural south.

•
Growing our Nonprofit Tech Acceleration for Black and African American Communities program, which uses data, technology, and partnerships to help more than 2,000 local organizations to modernize and streamline operations.

•
Expanding our Technology Education and Learning Support (“TEALS”) program to reach nearly 400 high schools in 21 communities to increase computer science opportunities for Black and African American students. We exceeded our 2020 goal to double the percentage of our transaction volumes with Black- and African American-owned financial institutions by 2023. We are also increasing investment activity with Black- and African American-owned asset managers, which now represent 45 percent of our external manager group, enabling increased funds into local communities. We also met our goal of creating a $100 million program focused on mission-driven banks.","MSFT","2026-02-25T06:52:34.625204Z",2023
888,"1",273,"2026-02-25T06:52:36.840450Z","Community Relations",0.9899,880,"Community Relations",1.947,"STX_2022_0043","Seagate also increased support of health & human services partnerships due to the pandemic, such as support of food banks, clinics, and non-profit organizations providing COVID-19 pandemic health care and relief, while sustaining many of our ongoing community partnerships.","STX","2026-02-25T06:52:36.840474Z",2022
889,"1",1394,"2026-02-25T06:52:38.090699Z","Community Relations",0.9899,881,"Community Relations",0.953,"XEL_2024_0019","STRENGTHEN OUR COMMUNITIES

We provide a fundamental service, powering communities with safe, reliable, competitively priced and increasingly clean energy.
Investing in our communities is important to our collective success. We initiated 18 economic development projects for our local communities in 2023, which are projected to create more than $2.3 billion in capital investments and 1,400 jobs. Nearly 63% of our supply chain spend was local, with approximately $638 million spent with diverse suppliers. 
Approximately 300 employees served on more than 530 nonprofit organizations or local community boards, providing over 28,000 volunteer hours in 2023. Our annual Day of Service attracted 2,500 people who volunteered over 7,200 combined hours at over 120 nonprofit projects across the company’s service footprint. 
In 2023, the Xcel Energy Foundation contributed $4 million to 409 nonprofit organizations that support its three charitable giving focus areas of STEM Career Pathways, Environmental Sustainability, and Community Vitality. Through our 2023 Power Your Purpose Giving Campaign, Xcel Energy employees, contractors and retirees donated more than $2 million to over 1,300 nonprofit and community organizations – exceeding our fundraising goal. Combined with the Xcel Energy Foundation match to local United Way chapters, this campaign raised over $4 million for our communities.","XEL","2026-02-25T06:52:38.090710Z",2024
890,"1",1444,"2026-02-25T06:52:39.627088Z","Community Relations",0.9898,882,"Community Relations",1.24,"BDX_2024_0025","We remain committed to sustaining meaningful, long-term strategic partnerships and programs to help address equitable access to care and advance the health of our communities around the world. This work impacts under-resourced communities, both in developed and underdeveloped countries. Through the recently launched BD Community Investment Fund, we are investing over $2 million across more than 25 communities in FY2025, where BD has a significant footprint and share of the employment market. Grant recipients are community-based nonprofits with missions that are strategically aligned to BD’s health equity strategy and are working to address equal access to healthcare and social determinants of health in their communities. BD also has a longstanding history of associate volunteerism that is enabled through our public-private partnerships and collaborations with non-government organizations. We sponsor volunteer service trips and other meaningful volunteer opportunities to help strengthen health systems and enable an environment that can maintain critical competencies and resources needed to improve delivery of care. Associates are empowered to serve organizations and causes that are important to them in their local communities. This includes a matching gift program, paid time off to volunteer, and an award program to give grants to non-profit organizations in honor of associates who engage in exceptional volunteer efforts.","BDX","2026-02-25T06:52:39.627096Z",2024
891,"1",1433,"2026-02-25T06:52:41.010005Z","Community Relations",0.9898,883,"Community Relations",1.097,"FDX_2020_0016","Our Community

FedEx is committed to actively supporting the communities we serve worldwide through the strategic investment of our people, resources and network. FedEx Cares, our global community engagement program, is one way we work to connect people and possibilities. We provide financial contributions, in-kind charitable shipping services and team member volunteering to help non-profit organizations achieve their goals and make a measurable impact on the world. We focus our effort in the following three focus areas: 

 

•

Global Entrepreneurship
: Providing women and minority entrepreneurs everywhere with the tools they need to succeed.

 

•

Delivering for Good
: Lending our global network and our unparalleled logistics expertise to organizations with mission-critical needs, especially in times of disaster, and to help communities heal, learn and thrive. 

 

•

Sustainable Logistics
: Sharing our global logistics expertise to improve urban mobility and accelerate progress toward more sustainable fleets in order to restore and protect the natural environment. After exceeding our goal to invest $200 million in 200 global communities by 2020 six months early, we launched FedEx Cares 50 by 50 with the goal of positively impacting 50 million people around the world by our 50
th
 anniversary in 2023. FedEx also supports communities throughout the U.S. with its annual FedEx Cares United Way giving campaign.","FDX","2026-02-25T06:52:41.010013Z",2020
892,"1",1434,"2026-02-25T06:52:42.317611Z","Community Relations",0.9898,884,"Community Relations",1.007,"LOW_2021_0028","Investing in Our Communities

Lowe’s legacy has long included a deep commitment to the communities where we live and work. In 2020, the global pandemic forced everyone to live and work differently, but we remained committed to supporting the well-being of our associates, customers, and communities, including healthcare providers and first responders. While adapting our own business to the challenges associated with the COVID-19 pandemic, we witnessed our nonprofit partners’ needs growing rapidly as well. At a time when too many individuals already struggle to have a safe and healthy place to live, small businesses faced unprecedented challenges, especially across minority and rural communities. Determined to help make a difference and putting action behind our words of commitment to our communities, Lowe’s contributed $109 million in pandemic relief to support our communities, including grants to support minority-owned and rural small businesses. Lowe's established a small business grant program in partnership with Local Initiatives Support Corporation (LISC). Throughout 2020, t
he program provided grants of up to $20,000 to 
rural, minority-owned, and women-owned 
small business owners to help meet their most immediate needs. For many, that meant being able to pay rent and utilities, meet payroll, pay outstanding debt to vendors, upgrade technology infrastructure, and support other immediate operational costs.","LOW","2026-02-25T06:52:42.317622Z",2021
893,"1",795,"2026-02-25T06:52:43.825454Z","Community Relations",0.9898,885,"Community Relations",1.229,"LOW_2024_0024","Investing in our Communities

We understand the important role Lowe’s plays in supporting our communities through our philanthropic efforts. With our community engagement initiatives and continued partnerships with nonprofits across the nation, we are revitalizing neighborhoods, improving community spaces, responding when natural disasters strike, and preparing the next generation of skilled tradespeople. We carry out these initiatives with a special focus on veterans, the active military community, and first responders. In 2023, the Lowe’s Foundation established the Gable Grants program, which is a five-year, $50 million commitment to recruit, train, and prepare 50,000 people for skilled trades careers through grants to community and technical colleges and community-based nonprofits.","LOW","2026-02-25T06:52:43.825465Z",2024
894,"1",638,"2026-02-25T06:52:45.420521Z","Community Relations",0.9897,886,"Community Relations",1.305,"CVS_2023_0075","Healthy Community

By working with community-focused organizations and through innovative programs that can be tailored to and executed across different communities, we are driving positive health outcomes and reducing overall health care costs. Our philanthropic strategy, which includes grants made through the CVS Health Foundation, Health Zones initiative and Project Health program, improves health outcomes and reduce health disparities in under-resourced communities. We are investing charitable resources, leveraging CVS Health assets, and working in partnership with non-profits to help our communities be as healthy as possible.","CVS","2026-02-25T06:52:45.420535Z",2023
895,"1",799,"2026-02-25T06:52:46.998391Z","Community Relations",0.9897,887,"Community Relations",1.303,"HLT_2022_0057","The Hilton Effect Foundation (the ""Foundation"") supports mission-aligned nonprofits and local community organizations that serve as partners to amplify our environmental and social impact around the world. Launched in 2019, the Foundation is our primary global philanthropic arm and is registered as a U.S.-based 501(c)(3) charitable organization. The Foundation is dedicated to creating a better world to travel, and in 2021, awarded nearly $2 million in grants to organizations globally supporting recovery, restoration and rebuilding in response to the COVID-19 pandemic, particularly for the populations and locations most severely impacted. Since its inception in 2019, the Foundation has awarded more than $5 million in grants to more than 70 nongovernmental and community-based organizations.","HLT","2026-02-25T06:52:46.998404Z",2022
896,"1",182,"2026-02-25T06:52:52.537751Z","Community Relations",0.9897,888,"Non-ESG",5.214,"KIM_2019_0023","provide unmatched tenant services deriving from decades of experience managing retail properties; and
●
provide communities with a destination for everyday living goods and services.","KIM","2026-02-25T06:52:52.537763Z",2019
897,"1",182,"2026-02-25T06:52:55.732311Z","Community Relations",0.9897,889,"Non-ESG",2.912,"KIM_2020_0028","provide unmatched tenant services deriving from decades of experience managing retail properties; and
●
provide communities with a destination for everyday living goods and services.","KIM","2026-02-25T06:52:55.732318Z",2020
898,"1",476,"2026-02-25T06:52:59.169042Z","Community Relations",0.9897,890,"Community Relations",3.157,"LOW_2015_0017","In 2014, Lowe’s committed more than $2 million and mobilized hundreds of Lowe’s Heroes employee volunteers to help families recover from disasters in 12 states from the Pacific Northwest to New York, while helping others prepare for the threat of hurricanes in Alabama, Florida, Louisiana, New Jersey, and Texas. For more information on Lowe’s partnerships and latest community improvement projects, visit 
Lowes.com/SocialResponsibility
 and 
LowesInTheCommunity.tumblr.com
.","LOW","2026-02-25T06:52:59.169052Z",2015
899,"1",602,"2026-02-25T06:53:01.033617Z","Community Relations",0.9897,891,"Community Relations",1.58,"LOW_2017_0018","Lowe’s is also committed to helping residents of the communities we serve by being there when we’re needed most - when a natural disaster threatens and in the recovery that follows. In 2016, Lowe’s donated nearly $2.1 million and mobilized hundreds of Lowe’s Heroes employee volunteers to help families recover from disasters across the United States. For the second year in a row, 100% of Lowe’s stores in the United States participated in a Lowe’s Heroes volunteer project. For more information on Lowe’s partnerships and latest community improvement projects, visit 
Lowes.com/SocialResponsibility
.","LOW","2026-02-25T06:53:01.033629Z",2017
900,"1",1481,"2026-02-25T06:53:03.416489Z","Community Relations",0.9897,892,"Community Relations",2.094,"LOW_2019_0017","Investing in Our Communities

Lowe’s has a long and proud history of supporting local communities through volunteerism as well as public education and community improvement projects, beginning with the creation of the Lowe’s Foundation in 1957. In 2018, all U.S. Lowe’s stores completed at least one Lowe’s Heroes volunteer project, contributing approximately 200,000 hours to improve spaces in their local communities. Lowe’s and the Lowe’s Foundation donated approximately $46 million to schools and community organizations in the United States, Canada, and Mexico, including disaster relief and rebuilding efforts. Lowe’s continues to work with national nonprofit partners to strengthen and stabilize neighborhoods across the country. In 2018, Lowe’s contributed $7 million and teamed with Habitat for Humanity and Rebuilding Together to provide housing solutions for families across the country. Lowe’s also supported nonprofits including the Hispanic Scholarship Fund, Thurgood Marshall Scholarship, United Negro College Fund, the Boys & Girls Clubs of America, SkillsUSA, The Nature Conservancy and Keep America Beautiful to improve communities and build tomorrow’s leaders. Lowe’s is also committed to helping communities in the days leading up to and months following a natural disaster. In 2018, Lowe’s contributed more than $4 million to disaster relief and mobilized hundreds of volunteers to help communities recovering from storms like Hurricanes Florence and Michael.","LOW","2026-02-25T06:53:03.416500Z",2019
901,"1",292,"2026-02-25T06:53:05.203651Z","Community Relations",0.9897,893,"Community Relations",1.491,"NKE_2021_0021","We increased that annual goal to 2% for fiscal 2022 forward. Our community investments are an important part of our culture in that we also support employees in giving back to community organizations through donations and volunteering, which are matched by the NIKE Foundation where eligible.","NKE","2026-02-25T06:53:05.203663Z",2021
902,"1",372,"2026-02-25T06:53:06.788885Z","Community Relations",0.9896,894,"Community Relations",1.288,"ADSK_2021_0023","On our behalf, the Foundation also administers a discounted software donation program to nonprofit organizations, social and environmental entrepreneurs, and others who are developing design solutions that will shape a more sustainable future. In fiscal 2020, Autodesk committed to target 1% of annual operating margin for the long-term support of the Autodesk Foundation.","ADSK","2026-02-25T06:53:06.788900Z",2021
903,"1",376,"2026-02-25T06:53:08.332448Z","Community Relations",0.9896,895,"Community Relations",1.276,"ADSK_2023_0022","On our behalf, the Foundation also administers a discounted software donation program to nonprofit organizations, social and environmental entrepreneurs, and others who are developing design solutions that will shape a more sustainable future. During fiscal 2020, Autodesk committed to target 1% of annual operating margin for the long-term support of the Autodesk Foundation.","ADSK","2026-02-25T06:53:08.332460Z",2023
904,"1",108,"2026-02-25T06:53:10.351599Z","Community Relations",0.9896,896,"Community Relations",1.72,"ARE_2023_0029","Matching gifts

up to $5,000 per person each calendar year to double the impact of their charitable giving
•","ARE","2026-02-25T06:53:10.351607Z",2023
905,"1",445,"2026-02-25T06:53:12.998791Z","Community Relations",0.9896,897,"Community Relations",2.363,"DLR_2024_0030","We implement wellness challenges that promote physical activity and an active lifestyle, with additional price incentivizes for winners of the challenges. 
​
During 2023, we sought to play an active role in supporting the communities we operate in across North America, EMEA and APAC. This included companywide giving focused on our four areas of philanthropic focus (disaster relief, STEM, sustainability and diversity, equity and inclusion).
​","DLR","2026-02-25T06:53:12.998804Z",2024
906,"1",1337,"2026-02-25T06:53:15.488824Z","Community Relations",0.9896,898,"Community Relations",2.196,"ORCL_2023_0011","Making a Difference

Each year, through our volunteering and giving programs, Oracle employees donate tens of thousands of volunteer hours and millions of dollars (matched by Oracle) to a wide variety of causes. Oracle and our employees also rise to the occasion in times of crisis. During fiscal 2023, through employee donations and Oracle’s matching contributions, we raised more than $1 million for disaster relief and recovery in response to earthquakes in Turkey, hurricanes in the United States and other natural disasters.
 

Oracle also contributes tens of millions of dollars annually to protect the natural world and wildlife, advance education and strengthen communities. Among our recent commitments is a $1 million multi-year grant to The National Museum of African American History and Culture, a Smithsonian Institution museum located in Washington, D.C.

Oracle is committed to being at the forefront of positive social impact through initiatives focused on education, the environment and community. Our philanthropic education initiatives, Oracle Academy and the Oracle Education Foundation, help students develop the skills they need to become technology innovators and leaders. Oracle also hosts Design Tech High School, a public charter school, at our Redwood Shores, California campus.

Index to Financial Statements","ORCL","2026-02-25T06:53:15.488832Z",2023
907,"1",1412,"2026-02-25T06:53:17.254049Z","Community Relations",0.9896,899,"Community Relations",1.456,"WSM_2023_0008","Jude Children’s Research Hospital, No Kid Hungry, The Trevor Project, AIDS Walk, Canada Children’s Hospitals and the Arbor Day Foundation. We raised $4.0 million for St. Jude Children’s Research Hospital during fiscal 2022, which included donations from our customers at time of purchase, special St. Jude-designated product sales where a portion of the sale was donated, employee donations, and donations from the Company. We also support organizations and partners, such as Good360 and Habitat for Humanity, who assist those with damaged or lost homes, or those seeking decent, affordable housing. We give charitable grants, donate our merchandise, donate proceeds from the sale of certain products, and provide matching grants for charitable donations made by our associates. Our Williams-Sonoma, Inc. Foundation also provides need-based grants to our associates directly impacted by federally-declared disasters. We also support our communities through our associates’ time and leadership, and we provide 8 hours of paid Community Involvement Time each year to our eligible associates. Additionally, we brought back opportunities for associates to volunteer their time and talents with curated in-person events that support our local and national nonprofit partners. We believe volunteering deepens our presence in the community, enhances our relationships with customers and strengthens employee engagement.","WSM","2026-02-25T06:53:17.254058Z",2023
908,"1",740,"2026-02-25T06:53:18.760985Z","Community Relations",0.9895,900,"Community Relations",1.187,"DECK_2021_0030","Charitable Giving and Volunteering.

Our charitable contributions, product donations, and employee volunteer efforts are an essential part of our culture. During fiscal year 2021, we donated to various non-profit organizations, and continued to provide monetary support and product donations to address the impacts of the pandemic on the communities in which we operate. Further, during this period we dedicated our strategic giving and community-engagement efforts to categories aligned with our sustainable development goals (SDGs), including DEI, the environment, at-risk youth, education, and community suppo
rt. We also encourage our employees to volunteer by compensating each employee for up to 24 h
ours of volunteer time each year.","DECK","2026-02-25T06:53:18.760999Z",2021
909,"1",1408,"2026-02-25T06:53:20.198906Z","Community Relations",0.9895,901,"Community Relations",1.139,"NDAQ_2021_0095","These organizations included the Equal Justice Initiative, the NAACP’s COVID-19 project and World Central Kitchen’s Restaurants for the People. Additionally, we contributed $10 million to support the Nasdaq Foundation and plan to annually fund the Nasdaq Foundation with approximately one quarter of one percent of our operating profits beginning in 2021. In September 2020, we launched the “Purpose Initiative,” which is designed to advance inclusive growth and prosperity. The Purpose Initiative comprises our philanthropic, community outreach, corporate sustainability, and employee volunteerism programs, all designed to leverage our unique place at the center of capital creation, markets, and technology and drive stronger economies, more equitable opportunities and contribute to a more sustainable world. We also relaunched the Nasdaq Foundation in September 2020, with a renewed mission focused on two primary goals: (i) reimagining investor engagement to equip under-represented communities with the financial knowledge to share in the wealth that markets create; and (ii) leveraging our investment in the Nasdaq Entrepreneurial Center alongside new strategic partnerships with organizations that can help build a deeper, data-led understanding of where the challenges are greatest, what existing efforts could be amplified, and how the Nasdaq Foundation can make new and distinctive contributions.","NDAQ","2026-02-25T06:53:20.198915Z",2021
910,"1",523,"2026-02-25T06:53:21.703695Z","Community Relations",0.9894,902,"Community Relations",1.244,"AWK_2024_0078","EBRG members also have the opportunity to impact the communities in which the Company serves through service projects, including the annual Juneteenth Unity Walk that supported the National Alliance on Mental Illness, an organization that provides advocacy, education, and support for, and public awareness of, mental illness, and projects supported by a partnership with Girl Scout troops to promote environmental stewardship and the importance of careers in science, technology, engineering and mathematics, among others.","AWK","2026-02-25T06:53:21.703704Z",2024
911,"1",1267,"2026-02-25T06:53:23.063006Z","Community Relations",0.9894,903,"Community Relations",1.088,"DECK_2022_0039","Charitable Giving and Volunteering.

Our charitable contributions, product donations, and employee volunteer efforts are an essential part of our culture. Each fiscal year, we contribute to our local communities through monetary donations, volunteer efforts and in-kind donations. During fiscal year 2022, we donated approximately $3,000 to various non-profit organizations, primarily to organizations focused on DEI initiatives, environmental impact mitigation, and community support. We also continued our ‘Art of Kindness’ events, where employees volunteer during a week-long event in our local communities multiple times during the fiscal year. Our employees volunteered over 14,000 hours in fiscal year 2022. Further, our supply chain partners followed our lead and volunteered in their local communities during fiscal year 2022. Our strategic giving and community-engagement efforts continued to be aligned with our SDGs, including DEI, the environment, uplifting youth, education, and community support. We also encourage our employees to volunteer by compensating each employee for up to 24 hours of volunteer time each calendar year and offer incentives for payments to employees’ charity of choice when meeting 100 hours of volunteer time per calendar year.","DECK","2026-02-25T06:53:23.063014Z",2022
912,"1",419,"2026-02-25T06:53:24.664247Z","Community Relations",0.9894,904,"Community Relations",1.316,"NKE_2024_0022","The focus of this investment continues to be inspiring youth to be active through play and sport as well as uniting and inspiring communities to create a better and more equitable future for all. Our community investments are an important part of our culture, and we support employees in giving back to community organizations through volunteering and donations, which are matched by the NIKE Foundation where eligible.","NKE","2026-02-25T06:53:24.664259Z",2024
913,"1",109,"2026-02-25T06:53:27.255437Z","Community Relations",0.9893,905,"Community Relations",2.313,"ARE_2022_0030","Matching gifts

up to $2,500 per person each calendar year to double the impact of their charitable giving

•","ARE","2026-02-25T06:53:27.255469Z",2022
914,"1",1158,"2026-02-25T06:53:28.548207Z","Community Relations",0.9893,906,"Community Relations",1.02,"DECK_2023_0044","Charitable Giving and Volunteering.

Our charitable contributions, product donations, and employee volunteer efforts are an essential part of our culture. We annually contribute to our local communities through monetary donations, volunteer efforts, and in-kind donations. During fiscal year 2023, we donated over $4,000 to various non-profit organizations around the globe, primarily to organizations focused on DEI initiatives, environmental impact mitigation, and community support. We also continued our ‘Art of Kindness’ events, where employees volunteer during a week-long event in our local communities multiple times during the fiscal year. Our employees volunteered approximately 15,000 hours in fiscal year 2023. Our strategic giving and community-engagement efforts continued to be aligned with our SDGs, including DEI, the environment, uplifting youth, education, and community support. We also encourage our employees to volunteer by compensating each employee for up to 24 hours of volunteer time each calendar year and offer incentives for payments to employees’ charity of choice when achieving 100 hours of volunteer time in a calendar year.","DECK","2026-02-25T06:53:28.548215Z",2023
915,"1",1335,"2026-02-25T06:53:29.754142Z","Community Relations",0.9893,907,"Community Relations",0.912,"FDX_2021_0026","Our Community

FedEx is committed to actively supporting the communities we serve worldwide through the strategic investment of our people, resources and network. FedEx Cares, our global community engagement program, is one way we work to connect people and possibilities. We provide financial contributions, in-kind charitable shipping services and team member volunteering to help non-profit organizations achieve their goals and make a measurable impact on the world. We focus our effort in the following three areas: 

 

•

Delivering for Good
: Lending our global network and our unparalleled logistics expertise to organizations with mission-critical needs and helping communities before, during and after crises. 

 

•

Global Entrepreneurship
: Advancing women and minority-owned small businesses globally through training and increased access to resources, capital and new markets.

 

•

Sustainable Logistics
: Helping scale existing solutions and investing in new ideas to improve mobility, reduce congestion and decrease pollution in communities around the world. In 2020 we launched FedEx Cares 50 by 50 with the goal of positively impacting 50 million people around the world by our 50
th
 anniversary in 2023. FedEx also supports communities throughout the U.S. with its annual FedEx Cares United Way giving campaign.","FDX","2026-02-25T06:53:29.754150Z",2021
916,"1",103,"2026-02-25T06:53:34.263124Z","Community Relations",0.9893,908,"Non-ESG",4.205,"KIM_2021_0039","provide communities with a ""just around the corner"" destination for everyday living goods and services.","KIM","2026-02-25T06:53:34.263143Z",2021
917,"1",1387,"2026-02-25T06:53:36.692891Z","Community Relations",0.9893,909,"Community Relations",2.146,"LOW_2022_0031","In support of the military and veterans community, we partnered with Building Homes for Heroes to fund and help complete the construction or modification of eleven mortgage-free homes for U.S. veterans who were injured while serving in the military. As areas of the U.S. recovered from various natural disasters throughout the year, Lowe’s helped meet essential needs in impacted communities and supported relief efforts with the American Red Cross and Good360, a nonprofit leader in product philanthropy. Store associates supported customers by handing out free, critically-needed supplies, providing mobile laundry and shower trailers, volunteering to work at stores most impacted by the storms, and deploying the new Lowe’s Tool Rental Disaster Response Trailer to help people get safely back into their homes and get their local businesses up and running. Lowe’s also continued efforts to help close the skilled trades gap in the U.S. with Generation T, a digital-first movement aimed at changing the way people see, learn and feel about the skilled trades. Through various partnerships, we offered educational workshops, immersive experiences, and networking opportunities to students, transitioning military service members and their spouses. In 2021, our associates across the U.S. and Canada contributed nearly 196,000 volunteer hours in the communities where they live and work.","LOW","2026-02-25T06:53:36.692901Z",2022
918,"1",234,"2026-02-25T06:53:38.514629Z","Community Relations",0.9893,910,"Community Relations",1.541,"TECH_2023_0010","Some charitable causes are identified and promoted by our ERGs. In addition, United States employees receive a paid day off to participate in local opportunities to give back to the community as part of our volunteer time off benefit.","TECH","2026-02-25T06:53:38.514639Z",2023
919,"1",315,"2026-02-25T06:53:44.940082Z","Community Relations",0.9891,911,"Community Relations",6.143,"AWK_2022_0057","The Lead Service Line Replacement Collaborative is a diverse group of public health, water utility, environmental, labor, consumer and housing organizations from across the country working together to encourage communities to accelerate the full replacement of LSLs through collaborative efforts at the local level.","AWK","2026-02-25T06:53:44.940093Z",2022
920,"1",315,"2026-02-25T06:54:10.819081Z","Community Relations",0.9891,912,"Community Relations",25.593,"AWK_2023_0053","The Lead Service Line Replacement Collaborative is a diverse group of public health, water utility, environmental, labor, consumer and housing organizations from across the country working together to encourage communities to accelerate the full replacement of LSLs through collaborative efforts at the local level.","AWK","2026-02-25T06:54:10.819092Z",2023
921,"1",807,"2026-02-25T06:54:12.204450Z","Community Relations",0.9891,913,"Community Relations",1.074,"C_2021_0052","Citi Communities

In addition to its business activities, including the consumer relief programs discussed below, Citi is supporting those immediately impacted by the pandemic through philanthropic efforts around the world. Citi and the Citi Foundation have committed more than $100 million to date in support of COVID-19-related community relief and economic recovery efforts globally. These contributions include over $4 million raised through an employee donation matching program to further global relief efforts. Additionally, Citi has donated $50 million in proceeds from its participation in the U.S. Small Business Administration’s Paycheck Protection Program (PPP) to the Citi Foundation, which deployed those proceeds to support Community Development Financial Institutions (CDFIs) across the U.S.","C","2026-02-25T06:54:12.204465Z",2021
922,"1",1147,"2026-02-25T06:54:13.747949Z","Community Relations",0.9891,914,"Community Relations",1.249,"CHD_2023_0055","Communities

We encourage our employees to become involved in their communities, and in 2022, our Employee Giving Fund supported our communities by providing $1.3 million to 220 deserving community organizations through annual grants, disaster relief, and other monetary support. Employees purchased back-to-school supplies online to support disadvantaged youth, donated clothes and non-perishable items for clothing and food drives and provided supplies for a summer camp and holiday dinner for families in need. The Foundation was established in 2020 with the focus on helping to create equitable and inclusive opportunities and advancing environmental preservation. The Foundation is administered by our employees. In 2022, seven organizations were chosen and received grants in aggregate totaling $915,000. In the DEI space, the following organizations received grants: Junior Achievement, Bowie University and Virginia State University. In the Sustainability space, the following organizations received grants: The Recycling Partnership, the Ocean Conservancy, Northeast Wilderness Trust, and The Xerces Society for Invertebrate Conservation.","CHD","2026-02-25T06:54:13.747960Z",2023
923,"1",1412,"2026-02-25T06:54:15.627242Z","Community Relations",0.9891,915,"Community Relations",1.589,"MSFT_2024_0017","Addressing Racial Injustice and Inequity

In June 2020, we outlined a series of multi-year commitments designed to address the racial injustice and inequity experienced by racial and ethnic minorities in the United States, including Black and African American communities. We remain committed to addressing racial injustice and inequity and helping improve lived experiences at Microsoft, in employees’ communities, and beyond. In fiscal year 2024, we continued to collaborate with partners and worked within neighborhoods and communities to advance projects and programs. We grew our Nonprofit Tech Acceleration for Black and African American Communities program, to help more than 3,000 local organizations in nearly 1,900 Black and African American communities use technical solutions to modernize and streamline operations. We also expanded our Technology Education and Learning Support (“TEALS”) program to reach nearly 550 high schools across 21 racial equity expansion regions with the support of nearly 1,500 volunteers, 12% of whom identify as Black or African American. We have committed $150 million in Minority Depository Institutions and funds supporting Black and African American-owned small businesses. These commitments drive sustained impact by directly enabling an increase of funds into local communities, improving diverse, small-business access to capital, and increasing skill development.","MSFT","2026-02-25T06:54:15.627256Z",2024
924,"1",229,"2026-02-25T06:54:17.806300Z","Community Relations",0.989,916,"Community Relations",1.888,"CNC_2023_0009","Active Local Involvement

Empowering people to create and maintain lifelong healthy habits
Delivering a full spectrum of care from physical health to emotional wellness
Helping our neighbors create stronger, healthier communities","CNC","2026-02-25T06:54:17.806311Z",2023
925,"1",1448,"2026-02-25T06:54:19.474294Z","Community Relations",0.989,917,"Community Relations",1.389,"EBAY_2024_0007","Our Impact and Responsibility

eBay’s purpose is to empower people and create economic opportunity for all through our technology for our global community of users. Every day, people build businesses on our Marketplace platforms. With a low cost of entry for sellers, we offer a highly accessible way for all types of users to interact in a global marketplace that’s inclusive and connects people of all backgrounds. Accordingly, we prioritize our corporate responsibility efforts to impact the areas of economic empowerment and sustainable commerce. Key economic programs include eBay for Charity, the eBay Foundation and our small business enablement efforts, such as our Up & Running Grants program. 
eBay for Charity empowers buyers and sellers to support charities around the world. In 2023, eBay for Charity matched donations made to the International Rescue Committee, Team Rubicon, World Central Kitchen, Hawaii Community Foundation and American National Red Cross, and partnered with Homes For Our Troops, GiveLove, Deckaid Inc, Direct Relief and Free The Work. In 2023, nearly $162 million was raised by buyers and sellers to support charities via eBay for Charity. The eBay Foundation helps to build economically vibrant and thriving communities. During 2023, the eBay Foundation granted more than $19 million through strategic grantmaking and our employee gift-matching program, primarily to support historically excluded entrepreneurs.","EBAY","2026-02-25T06:54:19.474303Z",2024
926,"1",783,"2026-02-25T06:54:20.632035Z","Community Relations",0.989,918,"Community Relations",0.845,"FDX_2024_0079","Our Community

FedEx is committed to actively supporting the communities we serve worldwide through the strategic investment of our people, resources, and network. Through FedEx Cares, our global community engagement program, we support non-profit organizations working to solve social challenges relevant to our business, customers, and team members. We pair donations with charitable shipping and access to our global network, team member volunteers, subject matter expertise, influence, and connections to meet social and business goals. We make our biggest investments in areas where we can address significant issues and apply our unique business capabilities. Real change takes significant investment, authentic support for communities, and a commitment to continuous learning.","FDX","2026-02-25T06:54:20.632046Z",2024
927,"1",175,"2026-02-25T06:54:22.117136Z","Community Relations",0.989,919,"Community Relations",1.212,"LKQ_2020_0044","The employees at our facilities are encouraged to volunteer in local community activities, and we have established a charitable foundation to distribute funds to local causes.","LKQ","2026-02-25T06:54:22.117149Z",2020
928,"1",712,"2026-02-25T06:54:23.844706Z","Community Relations",0.989,920,"Community Relations",1.464,"LOW_2016_0019","Lowe’s is also committed to helping residents of the communities we serve by being there when we’re needed most - when a natural disaster threatens and in the recovery that follows. In 2015, Lowe’s donated nearly $1.5 million and mobilized hundreds of Lowe’s Heroes employee volunteers to help families recover from disasters across the United States. Altogether, Lowe’s completed 3,795 community improvement projects in 2015. And for the first time, every single Lowe’s store in the United States participated in a Lowe’s Heroes volunteer project. For more information on Lowe’s partnerships and latest community improvement projects, visit 
Lowes.com/SocialResponsibility
 and 
LowesInTheCommunity.tumblr.com
.","LOW","2026-02-25T06:54:23.844717Z",2016
929,"1",134,"2026-02-25T06:54:25.182908Z","Community Relations",0.9889,921,"Community Relations",1.045,"ARE_2024_0028","Volunteer rewards

of up to $10,000 per calendar year donated by Alexandria based on time volunteered ($2,500 donated per 25 hours);
•","ARE","2026-02-25T06:54:25.182922Z",2024
930,"1",1500,"2026-02-25T06:54:26.879273Z","Community Relations",0.9889,922,"Community Relations",1.314,"EBAY_2021_0009","Our Impact and Responsibility

eBay’s purpose is to empower people and create economic opportunity for all through our technology for our global community of users. Every day, people build businesses on our platforms. With low cost of entry for sellers, we offer a highly accessible way for all types of users to interact in a global marketplace that’s inclusive and connects people of all backgrounds. Accordingly, we prioritize our corporate responsibility efforts to impact the areas of economic empowerment and sustainable commerce. Key economic programs include eBay for Charity, the eBay Foundation, and our small business enablement efforts, such as our Up & Running program. 
eBay for Charity empowers buyers and sellers to support charities around the world. In 2020, eBay for Charity matched donations made to Feeding America, Direct Relief, and Opportunity Fund, and offered U.S. shoppers the opportunity to buy Gifts That Give Back to support COVID-19 relief efforts. In 2020, nearly $123 million was raised by buyers and sellers to support charities via eBay for Charity. The eBay Foundation helps to build economically vibrant and thriving communities. In 2020, the eBay Foundation granted over $16 million to support small businesses, untapped communities, and COVID-19 relief efforts, and offered an additional $2,500 per employee in matching gifts for a total of up to $5,000 per employee. To date, the eBay Foundation has awarded more than $65 million to more than 1,800 nonprofits.","EBAY","2026-02-25T06:54:26.879284Z",2021
931,"1",761,"2026-02-25T06:54:28.592304Z","Climate Change",0.9965,923,"Climate Change",1.411,"CMS_2019_0177","Energy Resource Planning:

While Consumers continues to experience increasing demand for electricity due to Michigan’s growing economy and increased use of air conditioning, consumer electronics, and other electric devices, it expects that increase in demand to be offset by the effects of energy efficiency and conservation. In June 2018, Consumers filed an IRP with the MPSC 
detailing its long-term strategy for delivering reliable and affordable energy to its customers through the increased use of energy efficiency and customer demand management programs and additional renewable energy. The IRP supports Consumers’ clean energy 
breakthrough goal to reduce carbon emissions by 80 percent and to eliminate the use of coal to generate electricity by 2040
.","CMS","2026-02-25T06:54:28.592321Z",2019
932,"1",1103,"2026-02-25T06:54:30.405861Z","Climate Change",0.9965,924,"Climate Change",1.541,"HAS_2022_0054","In addition to taking action to reduce our energy consumption and improve energy efficiency, we support initiatives to increase the generation of renewable energy in the marketplace. We continue to meet our renewable energy goal, matching virtually 100 percent (99.6%) of the energy used in our owned and operated facilities with investments in renewable energy. To address the greenhouse gases generated by electricity consumption, we purchase Renewable Energy Certificates (RECs) which support the production of renewable energy such as wind, solar, thermal, and similar renewable sources, at levels equal to what we use from the public grid. These RECs are bought in and applied to the markets where the energy is used by our
 
facilities across the globe. We purchase carbon offsets to address the remaining GHG emissions generated by the use of gas and liquid fuel at our leased and owned facilities, company vehicles, all employee business air travel and the remaining small amount (0.4%) of emissions generated by electricity consumption at our facilities in markets where RECs are not available.","HAS","2026-02-25T06:54:30.405871Z",2022
933,"1",1123,"2026-02-25T06:54:35.415328Z","Climate Change",0.9965,925,"Climate Change",4.718,"PNW_2020_0005","Clean Energy Focus Initiatives

APS has undertaken a number of initiatives to address emission concerns, including renewable energy procurement and development, and promotion of programs and rates that promote energy conservation, renewable energy use, and energy efficiency. (See “Energy Sources and Resource Planning - Current and Future Resources” below for details of these plans and initiatives.) APS currently has a diverse portfolio of renewable resources, including solar, wind, geothermal, biogas, and biomass. In addition, APS recently announced its Clean Energy Commitment, a three-pronged approach aimed at ultimately eliminating carbon-emitting resources from its electric generation resource portfolio. APS’s Clean Energy Commitment consists of three parts. First, APS announced an aspirational goal to generate electricity with zero-carbon emissions by 2050. Second, APS announced a nearer-term 2030 target of 65% clean energy, with 45% of APS's generation coming from renewable energy. Third, APS committed to 

eliminate coal-fired generation from its portfolio of electricity generating resources by 2031.","PNW","2026-02-25T06:54:35.415341Z",2020
934,"1",1030,"2026-02-25T06:54:36.776044Z","Climate Change",0.9965,926,"Climate Change",1.065,"PNW_2021_0005","Clean Energy Focus Initiatives

APS has undertaken a number of initiatives to reduce carbon, including renewable energy procurement and development, and promotion of programs and rates that promote energy conservation, renewable energy use, and energy efficiency. (See “Energy Sources and Resource Planning — Current and Future Resources” below for details of these plans and initiatives.) APS currently has a diverse portfolio of renewable resources, including solar, wind, geothermal, biogas, and biomass. In addition, in January 2020 APS announced its Clean Energy Commitment, a three-pronged approach aimed at ultimately eliminating carbon-emitting resources from its electric generation resource portfolio. APS’s clean energy goals consist of three parts: 
•
a 2050 goal to provide 100% clean, carbon-free electricity;
•
a 2030 target of achieving a resource mix that is 65% clean energy, with 45% of the generation portfolio coming from renewable energy; and
•
a commitment to end APS’s use of coal-fired generation by 2031.","PNW","2026-02-25T06:54:36.776056Z",2021
935,"1",1213,"2026-02-25T06:54:38.243246Z","Climate Change",0.9965,927,"Climate Change",1.152,"PNW_2024_0005","Clean Energy Focus Initiatives

In response to climate change, the entire electric utility industry, as well as the global economy, is in the midst of a profound transition to clean energy and a new low-carbon economy. APS has undertaken a number of initiatives to reduce carbon, including renewable energy procurement and development, and promotion of programs and rates that promote energy conservation, renewable energy use, and energy efficiency. See “Energy Sources and Resource Planning — Current and Future Resources” below for details of these plans and initiatives. APS currently has a diverse portfolio of renewable resources, including solar, wind, geothermal, biogas, and biomass. In addition, in January 2020, APS announced its Clean Energy Commitment, a three-pronged approach aimed at ultimately eliminating carbon-emitting resources from its electric generation resource portfolio. APS’s Clean Energy Commitment consists of three parts: 
•
A 2050 goal to provide 100% clean, carbon-free electricity;
•
A 2030 target to achieve a resource mix that is 65% clean energy, with 45% of the generation portfolio coming from renewable energy; and
•
A commitment to exit from coal-fired generation by 2031.","PNW","2026-02-25T06:54:38.243257Z",2024
936,"1",585,"2026-02-25T06:54:41.437778Z","Climate Change",0.9964,928,"Climate Change",2.9,"EXC_2023_0043","Federal Climate Change Legislation and Regulation.

On August 16, 2022, President Biden signed the Inflation Reduction Act (IRA), which aims to reduce U.S. carbon emissions and promote economic development through investments in clean and renewable energy projects. The consumer-facing clean energy tax credits created or expanded by the IRA are intended to drive rapid adoption of energy efficiency, electric transportation, and solar energy which would require Exelon's utilities to expand and modernize infrastructure, systems and services to integrate and optimize these resources.","EXC","2026-02-25T06:54:41.437786Z",2023
937,"1",606,"2026-02-25T06:54:44.461136Z","Climate Change",0.9964,929,"Climate Change",2.696,"EXC_2024_0044","Federal Climate Change Legislation and Regulation.

On August 16, 2022, President Biden signed the Inflation Reduction Act (IRA), which, among other things, aims to reduce U.S. carbon emissions and promote economic development through investments in clean and renewable energy projects. The consumer-facing clean energy tax credits created or expanded by the IRA are intended to drive rapid adoption of energy efficiency, electric transportation, and solar energy which would require Exelon's utilities to expand and modernize infrastructure, systems and services to integrate and optimize these resources.","EXC","2026-02-25T06:54:44.461147Z",2024
938,"1",812,"2026-02-25T06:54:46.716716Z","Climate Change",0.9964,930,"Climate Change",1.941,"EXC_2017_0153","Exelon has utility and generation assets, and customers, that are subject to the effects of climate change as described in the Intergovernmental Panel on
Climate Change (IPCC) 5th Assessment Report, published in 2014, Accordingly the company is engaged in a variety of initiatives to better understand and develop responses to these issues, including investments in resiliency, partnering with federal,
state and local governments and advocating for science-based public policy. Exelon, as a producer of electricity from predominantly 
low-carbon
 generating facilities (such as nuclear, hydroelectric, wind and
solar photovoltaic), has a relatively small greenhouse gas (GHG) emission profile, or carbon footprint, compared to other domestic generators of electricity. By virtue of its significant investment in","EXC","2026-02-25T06:54:46.716725Z",2017
939,"1",1347,"2026-02-25T06:54:48.691942Z","Climate Change",0.9964,931,"Climate Change",1.622,"MOS_2022_0399","Climate Change

We are committed to finding ways to meet the challenges of crop nutrient and animal feed ingredient production and distribution in the context of the need to reduce greenhouse gas emissions. While focused on helping the world grow the food it needs, we have proven our commitment to using our resources more efficiently and have implemented innovative energy recovery technologies that result in our generation of much of the energy we need, particularly in our U.S. Phosphates operations, from high efficiency heat recovery systems that result in lower greenhouse gas emissions. In 2021, we announced our goal to achieve net-zero greenhouse gas emissions in Florida, U.S. by 2030 and companywide by 2040. Climate Change Regulation. Various governmental initiatives to limit greenhouse gas emissions are under way or under consideration around the world. These initiatives could restrict our operating activities, require us to make changes in our operating activities that would increase our operating costs, reduce our efficiency or limit our output, require us to make capital improvements to our facilities, increase our energy, raw material and transportation costs or limit their availability, or otherwise adversely affect our results of operations, liquidity or capital resources, and these effects could be material to us.","MOS","2026-02-25T06:54:48.691955Z",2022
940,"1",1341,"2026-02-25T06:54:50.321466Z","Climate Change",0.9964,932,"Climate Change",1.336,"MOS_2023_0343","Climate Change

We are committed to finding ways to meet the challenges of crop nutrient and animal feed ingredient production and distribution in the context of the need to reduce greenhouse gas emissions. While focused on helping the world grow the food it needs, we have proven our commitment to using our resources more efficiently and have implemented innovative energy recovery technologies that result in our generation of much of the energy we need, particularly in our U.S. Phosphates operations, from high efficiency heat recovery systems that result in lower greenhouse gas emissions. In 2021, we announced our goal to achieve net-zero greenhouse gas emissions in Florida by 2030 and companywide by 2040. Climate Change Regulation. Various governmental initiatives to limit greenhouse gas emissions are under way or under consideration around the world. These initiatives could restrict our operating activities, require us to make changes in our operating activities that would increase our operating costs, reduce our efficiency or limit our output, require us to make capital improvements to our facilities, increase our energy, raw material and transportation costs or limit their availability, or otherwise adversely affect our results of operations, liquidity or capital resources, and these effects could be material to us.","MOS","2026-02-25T06:54:50.321478Z",2023
941,"1",1341,"2026-02-25T06:54:51.681654Z","Climate Change",0.9964,933,"Climate Change",1.07,"MOS_2024_0374","Climate Change

We are committed to finding ways to meet the challenges of crop nutrient and animal feed ingredient production and distribution in the context of the need to reduce greenhouse gas emissions. While focused on helping the world grow the food it needs, we have proven our commitment to using our resources more efficiently and have implemented innovative energy recovery technologies that result in our generation of much of the energy we need, particularly in our U.S. Phosphates operations, from high efficiency heat recovery systems that result in lower greenhouse gas emissions. In 2021, we announced our goal to achieve net-zero greenhouse gas emissions in Florida by 2030 and companywide by 2040. Climate Change Regulation. Various governmental initiatives to limit greenhouse gas emissions are under way or under consideration around the world. These initiatives could restrict our operating activities, require us to make changes in our operating activities that would increase our operating costs, reduce our efficiency or limit our output, require us to make capital improvements to our facilities, increase our energy, raw material and transportation costs or limit their availability, or otherwise adversely affect our results of operations, liquidity or capital resources, and these effects could be material to us.","MOS","2026-02-25T06:54:51.681667Z",2024
942,"1",1333,"2026-02-25T06:54:54.286825Z","Climate Change",0.9964,934,"Climate Change",2.322,"PCG_2021_0158","The electric grid is a critical enabler of the adoption of new energy technologies that support California’s climate change and GHG reduction objectives, which continue to be publicly supported by California policymakers. California's environmental policy objectives are accelerating the pace and scope of the industry change. For instance, SB 100, which was signed into law on September 10, 2018, increases from 50% to 60%, the percentage of California’s electricity portfolio that must come from renewables by 2030. SB 100 establishes a further goal to have an electric grid that is entirely powered by clean energy by 2045. California utilities also are experiencing increasing deployment by customers and third parties of DERs, such as on-site solar generation, energy storage, fuel cells, energy efficiency, and demand response technologies. These developments will require modernization of the electric distribution grid to, among other things, accommodate two-way flows of electricity, increase the grid’s capacity, and interconnect DERs. In order to enable the California clean energy economy, sustained investments are required in grid modernization, renewable integration projects, energy efficiency programs, energy storage options, EV infrastructure and state infrastructure modernization (e.g., rail and water projects).","PCG","2026-02-25T06:54:54.286844Z",2021
943,"1",1218,"2026-02-25T06:54:57.108020Z","Climate Change",0.9964,935,"Climate Change",2.533,"PNW_2022_0005","Clean Energy Focus Initiatives

In response to climate change, the entire electric utility industry, as well as the global economy, is in the midst of a profound transition to clean energy and a new low-carbon economy. APS has undertaken a number of initiatives to reduce carbon, including renewable energy procurement and development, and promotion of programs and rates that promote energy conservation, renewable energy use, and energy efficiency. See “Energy Sources and Resource Planning — Current and Future Resources” below for details of these plans and initiatives. APS currently has a diverse portfolio of renewable resources, including solar, wind, geothermal, biogas, and biomass. In addition, in January 2020, APS announced its 

Clean Energy Commitment, a three-pronged approach aimed at ultimately eliminating carbon-emitting resources from its electric generation resource portfolio. APS’s clean energy goals consist of three parts: 
•
a 2050 goal to provide 100% clean, carbon-free electricity;
•
a 2030 target of achieving a resource mix that is 65% clean energy, with 45% of the generation portfolio coming from renewable energy; and
•
a commitment to end APS’s use of coal-fired generation by 2031.","PNW","2026-02-25T06:54:57.108031Z",2022
944,"1",1218,"2026-02-25T06:54:59.629295Z","Climate Change",0.9964,936,"Climate Change",2.247,"PNW_2023_0005","Clean Energy Focus Initiatives

In response to climate change, the entire electric utility industry, as well as the global economy, is in the midst of a profound transition to clean energy and a new low-carbon economy. APS has undertaken a number of initiatives to reduce carbon, including renewable energy procurement and development, and promotion of programs and rates that promote energy conservation, renewable energy use, and energy efficiency. See “Energy Sources and Resource Planning — Current and Future Resources” below for details of these plans and initiatives. APS currently has a diverse portfolio of renewable resources, 

including solar, wind, geothermal, biogas, and biomass. In addition, in January 2020, APS announced its Clean Energy Commitment, a three-pronged approach aimed at ultimately eliminating carbon-emitting resources from its electric generation resource portfolio. APS’s clean energy goals consist of three parts: 
•
a 2050 goal to provide 100% clean, carbon-free electricity;
•
a 2030 target of achieving a resource mix that is 65% clean energy, with 45% of the generation portfolio coming from renewable energy; and
•
a commitment to end APS’s use of coal-fired generation by 2031.","PNW","2026-02-25T06:54:59.629307Z",2023
945,"1",467,"2026-02-25T06:55:03.218731Z","Climate Change",0.9964,937,"Climate Change",3.329,"XEL_2024_0007","LEAD THE CLEAN ENERGY TRANSITION

Xcel Energy manages the risk of climate change and has worked to meet the increasing demand for cleaner energy for over 20 years. 
Our sustainability commitments are summarized as follows:
*Companywide goal; work also underway to meet state clean energy goals in our service area.
**Spans natural gas supply, delivery and customer use.
***Includes Xcel Energy fleet; zero-carbon fuel is carbon free electricity or other clean energy.","XEL","2026-02-25T06:55:03.218742Z",2024
946,"1",1077,"2026-02-25T06:55:05.205973Z","Climate Change",0.9963,938,"Climate Change",1.686,"ACN_2022_0055","Renewable electricity.

We are increasing the use of renewable electricity in our offices as part of our participation in RE100, a global corporate renewable energy initiative bringing together hundreds of large and ambitious businesses committed to 100% renewable electricity. As we do not own our office buildings and procure most of our energy from the grid, we increase our renewable electricity through renewable electricity contracts (purchased from the grid or local renewable energy markets). We strive to purchase renewable electricity equivalent to the amount of electricity we use to power our global operations on an annual basis, which reduces our reported carbon emissions from electricity usage. As we purchase more renewable electricity, we also support the generation of more renewable sources of electricity. Our goal is to achieve 100% renewable electricity in our offices globally by 2023. In September 2022, we announced that we exceeded 85% renewable electricity in fiscal year 2022;
Exceeded
85%
 
renewable electricity 
toward our goal of 100% by 2023
•","ACN","2026-02-25T06:55:05.205984Z",2022
947,"1",1165,"2026-02-25T06:55:07.631804Z","Climate Change",0.9963,939,"Climate Change",2.116,"ARE_2020_0165","For example, in July 2019, the Climate Leadership and Community Protection Act was signed into law in New York, establishing a statewide framework to reduce net greenhouse gas emissions to zero by 2050. Also, in May 2019, New York City enacted the Climate Mobilization Act aimed at reducing greenhouse gas emissions and will apply to commercial and residential buildings. In September 2018, SB 100 was signed into law in California, accelerating the state’s renewable portfolio standard target dates, and setting a policy of meeting 100% of retail sales from eligible renewables and zero-carbon resources by December 31, 2045. Changes in federal, state and local legislation and regulation based on concerns about climate change could result in increased capital expenditures on our existing properties and our new development properties (for example, to improve their energy efficiency and/or resistance to severe weather) without a corresponding increase in revenue, resulting in adverse impacts to our net income. There can be no assurance that climate change and severe weather will not have a material adverse effect on our properties, operations, or business.","ARE","2026-02-25T06:55:07.631817Z",2020
948,"1",1172,"2026-02-25T06:55:09.185349Z","Climate Change",0.9963,940,"Climate Change",1.25,"ARE_2021_0176","For example, in July 2019, the Climate Leadership and Community Protection Act was signed into law in New York, establishing a statewide framework to reduce net greenhouse gas emissions to zero by 2050. Also, in May 2019, New York City enacted the Climate Mobilization Act aimed at reducing greenhouse gas emissions and will apply to commercial and residential buildings. In September 2018, SB 100 was signed into law in California, accelerating the state’s renewable portfolio standard target dates and setting a policy of meeting 100% of retail sales from eligible renewables and zero-carbon resources by December 31, 2045. Changes in federal, state, and local legislation and regulation based on concerns about climate change could result in increased capital expenditures on our existing properties and our new development properties (for example, to improve their energy efficiency and/or resistance to severe weather) without a corresponding increase in revenue, which may result in adverse impacts to our net income. There can be no assurance that climate change and severe weather will not have a material adverse effect on our properties, operations, or business.","ARE","2026-02-25T06:55:09.185360Z",2021
949,"1",1451,"2026-02-25T06:55:10.801362Z","Climate Change",0.9963,941,"Climate Change",1.348,"D_2023_0103","Dominion Energy’s future capital expenditure plan is expected to reflect a decreased investment in new nonregulated solar generation facilities. To meet its customers’ needs for safe, reliable, and affordable energy and to reach net zero emissions, in the near term Dominion Energy is seeking extension of the licenses of its zero-carbon nuclear fleet at North Anna similar to the license extension received for Surry, rapidly expanding wind and solar generation as well as energy storage, investing in carbon-beneficial renewable natural gas, expanding its industry-leading methane emissions-reduction programs including pursuing innovative uses of clean burning hydrogen and using low-carbon natural gas to support the integration of wind and solar generation facilities as well as energy storage facilities into the grid and requesting offers for responsibly sourced gas or from those suppliers who are committed to net zero. The strategy to meet these objectives consists of three major elements which will significantly reduce GHG emissions:

•
Clean energy diversity;

•
Innovation and energy infrastructure modernization; and 

•
Conservation and energy efficiency. Over the long term, Dominion Energy’s ability to meet its customers’ needs for safe, reliable and affordable energy and achieve net zero emissions will require supportive legislative and regulatory policies, advancements in technology and broader investments across the economy.","D","2026-02-25T06:55:10.801371Z",2023
950,"1",379,"2026-02-25T06:55:12.704034Z","Climate Change",0.9963,942,"Climate Change",1.623,"ECL_2015_0057","In addition to our internal sustainability performance, we partner with customers at more than 1.3 million customer locations around the world to reduce energy and greenhouse gas emissions through our high-efficiency solutions in cleaning and sanitation, water, paper and energy services. These actions directly reduce greenhouse gas emissions by lessening the demand for energy.","ECL","2026-02-25T06:55:12.704047Z",2015
951,"1",240,"2026-02-25T06:55:14.349550Z","Climate Change",0.9963,943,"Climate Change",1.177,"ES_2015_0204","Connecticut, New Hampshire and Massachusetts are each members of the Regional Greenhouse Gas Initiative (RGGI), a cooperative effort by nine northeastern and mid-Atlantic states, to develop a regional program for stabilizing and reducing CO","ES","2026-02-25T06:55:14.349563Z",2015
952,"1",240,"2026-02-25T06:55:15.909891Z","Climate Change",0.9963,944,"Climate Change",1.285,"ES_2016_0203","Connecticut, New Hampshire and Massachusetts are each members of the Regional Greenhouse Gas Initiative (RGGI), a cooperative effort by nine northeastern and mid-Atlantic states, to develop a regional program for stabilizing and reducing CO","ES","2026-02-25T06:55:15.909903Z",2016
953,"1",1462,"2026-02-25T06:55:19.639232Z","Climate Change",0.9963,945,"Climate Change",3.402,"FRT_2022_0128","This certification assesses a building’s impact on seven distinct categories related to overall health and well-being. We are also committed to implementing sustainable business practices at our operating properties that focus on energy efficiency, water conservation and waste minimization and have established energy and greenhouse gas (GHG) emissions reduction targets. To achieve these targets, we are actively addressing energy efficiency projects on site such as upgrading to LED lighting; and to address emissions we are procuring green energy, reducing electric consumption, and increasing our onsite solar generation capacity. We have installed on-site solar systems at 25 of our properties with a capacity of over 13 MW with more projects actively in progress. Our current capacity placed us in the top 5 among real estate companies for onsite capacity in the most recent Solar Energy Industry Association’s annual Solar Means Business Report. We are also actively installing electric vehicle car charging stations in numerous properties throughout our portfolio. We currently have over 300 charging stations in operation with more under construction. We also understand that we face risks presented by climate change and are working to evaluate our risk exposure. In our 2020 Corporate Responsibility Report, we provided a disclosure pursuant to the Task Force on Climate Related Financial Disclosure and we intend to provide that disclosure annually.","FRT","2026-02-25T06:55:19.639256Z",2022
954,"1",174,"2026-02-25T06:55:24.233179Z","Climate Change",0.9963,946,"Climate Change",4.297,"GNRC_2022_0071","Optimize energy efficiency and consumption.
 Enable sustainable and more efficient power generation and consumption through monitoring, management and lower-carbon solutions.","GNRC","2026-02-25T06:55:24.233188Z",2022
955,"1",174,"2026-02-25T06:55:25.805991Z","Climate Change",0.9963,947,"Climate Change",1.293,"GNRC_2023_0073","Optimize energy efficiency and consumption.
 Enable sustainable and more efficient power generation and consumption through monitoring, management and lower-carbon solutions.","GNRC","2026-02-25T06:55:25.806002Z",2023
956,"1",174,"2026-02-25T06:55:27.177919Z","Climate Change",0.9963,948,"Climate Change",1.052,"GNRC_2024_0076","Optimize energy efficiency and consumption.
 Enable sustainable and more efficient power generation and consumption through monitoring, management and lower-carbon solutions.","GNRC","2026-02-25T06:55:27.177942Z",2024
957,"1",1452,"2026-02-25T06:55:29.541349Z","Climate Change",0.9963,949,"Climate Change",2.077,"HAS_2021_0052","In addition to initiatives to reduce our energy consumption and improve energy efficiency, we support projects that increase the generation of renewable energy in the marketplace. We continued to meet our renewable energy goal, reaching virtually 100 percent (99.7%) in our owned and operated facilities. To address the greenhouse gases generated by electricity consumption, Hasbro purchases Renewable Energy Certificates (RECs) which support the production of renewable energy such as wind, solar, thermal and similar renewable sources, at levels equal to what we use from the public grid. These RECs are bought in and applied to the markets where the energy is used by Hasbro facilities across the globe. We purchase carbon offsets to address the remaining GHG emissions generated by the use of gas and liquid fuel at our leased and owned facilities, company vehicles, all employee business air travel and the remaining small amount of emissions generated by electricity consumption at our facilities in markets where RECs are not available. We have also begun to evaluate the climate impacts of our supply chain. In 2019, we began a comprehensive measurement of our supply chain footprint, with virtually 100% of our suppliers participating. Our next step will be to set reduction goals for our suppliers. Hasbro is also currently evaluating the possibility of setting a net zero emissions goal and incorporating corresponding science-based targets.","HAS","2026-02-25T06:55:29.541359Z",2021
958,"1",149,"2026-02-25T06:55:30.925355Z","Climate Change",0.9963,950,"Climate Change",1.078,"HD_2021_0053","NEW GOAL for Renewable/Alternative Energy Sources

: Produce or procure, on an annual basis, 335 megawatts of renewable or alternative energy by 2025","HD","2026-02-25T06:55:30.925385Z",2021
959,"1",313,"2026-02-25T06:55:33.657995Z","Climate Change",0.9963,951,"Climate Change",2.404,"HD_2022_0056","In Process

These goals follow the completion in 2020 of a number of previously announced goals, including goals related to reducing store electricity use, eliminating certain chemicals from products we sell, and helping customers reduce their greenhouse gas emissions and save on electricity costs and water use.","HD","2026-02-25T06:55:33.658017Z",2022
960,"1",1189,"2026-02-25T06:55:36.108369Z","Climate Change",0.9963,952,"Climate Change",2.146,"KIM_2021_0067","The Company recognizes that climate change is one of the most significant stakeholder issues of our times, threatening the viability of economic and environmental systems globally. As a real estate portfolio owner, the Company monitors physical and transition risks as well as opportunities posed to its business by climate change and quantifies and discloses the climate impacts of its activities. The Company’s science-based emissions reduction goals are aligned with the Paris Climate Accord and put the company on pace to achieve net zero emissions by 2050.  During 2020, the Company issued $500.0 million in 2.70% notes due 2030 in its inaugural green bond offering. Net proceeds from this offering are allocated to finance or refinance, in whole or in part, recently completed, existing or future eligible green projects, in alignment with the four core components of the Green Bond Principles, 2018 as administered by the International Capital Market Association. Additionally, the Company’s $2.0 billion Credit Facility (as defined below) is a green credit facility which incorporates rate reductions associated with attainment of Scope 1 and 2 greenhouse gas emissions reductions.","KIM","2026-02-25T06:55:36.108377Z",2021
961,"1",1332,"2026-02-25T06:55:37.707102Z","Climate Change",0.9963,953,"Climate Change",1.293,"PCG_2019_0138","The electric grid is a critical enabler of the adoption of new energy technologies that support California's climate change and GHG reduction objectives, which continue to be publicly supported by California policymakers. California's environmental policy objectives are accelerating the pace and scope of the industry change. For instance, SB 100, which was signed into law on September 10, 2018, increases from 50% to 60%, the percentage of California’s electricity portfolio that must come from renewables by 2030. SB 100 establishes a further goal to have an electric grid that is entirely powered by clean energy by 2045. California utilities also are experiencing increasing deployment by customers and third parties of DERs, such as on-site solar generation, energy storage, fuel cells, energy efficiency, and demand response technologies. These developments will require modernization of the electric distribution grid to, among other things, accommodate two-way flows of electricity, increase the grid's capacity, and interconnect DERs. In order to enable the California clean energy economy, sustained investments are required in grid modernization, renewable integration projects, energy efficiency programs, energy storage options, EV infrastructure and state infrastructure modernization (e.g. rail and water projects).","PCG","2026-02-25T06:55:37.707111Z",2019
962,"1",1399,"2026-02-25T06:55:39.901554Z","Climate Change",0.9963,954,"Climate Change",1.879,"PEG_2021_0040","New Jersey Energy Master Plan (EMP)

—In January 2020, the State of New Jersey released its EMP. While the EMP does not have the force of law and does not impose any obligations on utilities, it outlines current expectations regarding the state’s role in the use, management, and development of energy. The EMP recognizes the goals of New Jersey’s Clean Energy Act of 2018 (the Clean Energy Act) of reducing electric and gas consumption by at least 2% and 0.75%, respectively. The EMP outlines several strategies, including statewide energy efficiency programs; expansion of renewable generation (solar and offshore wind), energy storage and other carbon-free technologies; preservation of existing nuclear generation; electrification of the transportation sector; and reduced reliance on natural gas. We cannot predict the impact on our business or results of operations from the EMP or any laws, rules or regulations promulgated as a result thereof, particularly as they may relate to PSEG Power’s nuclear and gas generating stations and PSE&G’s electric transmission and gas distribution assets. We also cannot predict what actions federal government agencies may take in light of the Environmental Protection Agency’s (EPA) Affordable Clean Energy (ACE) rule and other federal initiatives associated with climate change or the impact of any such actions on our business or results of operations.","PEG","2026-02-25T06:55:39.901562Z",2021
963,"1",365,"2026-02-25T06:55:41.991269Z","Climate Change",0.9963,955,"Climate Change",1.76,"VLO_2022_0005","Renewable Diesel

,” and “
—Ethanol
.” These businesses have made us one of the world’s largest low-carbon fuels producers and have helped governments across the world achieve their greenhouse gas (GHG) emissions reduction targets. 
Even so, we continue to seek low-carbon fuel opportunities and to improve our environmental, social, and governance (ESG) practices.","VLO","2026-02-25T06:55:41.991280Z",2022
964,"1",930,"2026-02-25T06:55:44.595630Z","Climate Change",0.9963,956,"Climate Change",2.274,"WEC_2023_0027","Renewable Generation

Our electric utilities meet a portion of their electric generation supply with various renewable energy resources, including wind, solar, hydroelectric, and biomass. This helps our electric utilities maintain compliance with renewable energy legislation. These renewable energy resources also help us maintain diversity in our generation portfolio, which effectively serves as a price hedge against future fuel costs, and will help mitigate the risk of potential unknown costs associated with any future carbon restrictions for electric generators. 
In December 2018, WE received approval from the PSCW for the DRER pilot program, a program for large commercial and industrial customers who wish to access renewable resources that WE would operate, adding up to 150 MW of renewables to WE's portfolio. The DRER helps these larger customers meet their sustainability and renewable energy goals.
2022 Form 10-K","WEC","2026-02-25T06:55:44.595642Z",2023
965,"1",1436,"2026-02-25T06:55:46.904148Z","Climate Change",0.9963,957,"Climate Change",2.022,"XEL_2020_0004","Lead the Clean Energy Transition

For more than a decade, Xcel Energy has proactively managed the risk of climate change and increasing customer demand for renewable energy through a clean energy strategy that consistently seeks to reduce carbon emissions and aims to transition our operations for the future. We have successfully reduced our carbon emissions from generation serving our customers by nearly 44% from 2005 to 2019 and we are on track to reach 60% renewable generation by 2030. We expect to reduce our carbon footprint by 80% by 2030 (over 2005 levels) and aspire to serve all customers with 100% carbon-free electricity by 2050. In addition to increasing our renewable generation, Xcel Energy is transitioning how we produce, deliver and encourage the efficient use of energy by:
•
Offering energy efficiency programs;
•
Retiring coal units and modernizing generating plants; and
•
Advancing power grid capabilities. We are working to add over 4,700 MW of wind energy to our system by 2021, including 3,500 MW of owned wind and 1,200 MW of PPAs. Of the 3,500 MW of owned wind, 1,300 MW are now in service and 2,200 MW are under development or construction. This will bring our total wind capacity to over 11,000 MW by 2021. Our long-term plan includes the addition of approximately 5,000 MW of solar energy by the early 2030s, 275 MW of battery storage and a potential ten-year extension of our Monticello nuclear plant.","XEL","2026-02-25T06:55:46.904160Z",2020
966,"1",1136,"2026-02-25T06:55:51.842971Z","Climate Change",0.9963,958,"Climate Change",4.654,"XOM_2023_0021","Technology and lower-emission solutions. Achieving societal ambitions to reduce greenhouse gas emissions and ultimately achieve net zero will require new technologies to reduce the cost and increase the scalability of alternative energy sources, as well as technologies such as carbon capture and storage (CCS). CCS technologies, focused initially on capturing and sequestering CO2 emissions from high-intensity industrial activities, can assist in meeting society’s objective to mitigate atmospheric greenhouse gas levels while also helping ensure the availability of the reliable and affordable energy the world requires. ExxonMobil has established a Low Carbon Solutions (LCS) business unit to advance the development and deployment of these technologies and projects, including CCS, hydrogen, and lower-emission fuels, breakthrough energy efficiency processes, advanced energy-saving materials, and other technologies. The company’s efforts include both in-house research and development as well as collaborative efforts with leading universities and with commercial partners involved in advanced lower-emission energy technologies.","XOM","2026-02-25T06:55:51.842982Z",2023
967,"1",886,"2026-02-25T06:56:55.636264Z","Climate Change",0.9962,959,"Climate Change",63.497,"CMS_2024_0141","Consumers expects to meet 90 percent of its customers’ needs with clean energy sources by 2040 through execution of its Clean Energy Plan. New technologies and carbon offset measures including, but not limited to, carbon sequestration, methane emission capture, forest preservation, and reforestation may be used to close the gap to achieving net-zero carbon emissions. Net-zero greenhouse gas emissions target for the entire business by 2050:
 This goal incorporates greenhouse gas emissions from Consumers’ natural gas delivery system, including suppliers and customers, and has an interim goal of reducing customer emissions by 20 percent by 2030. Consumers expects to meet this goal through carbon offset measures, renewable natural gas, energy efficiency and demand response programs, and the adoption of cost-effective emerging technologies once proven and commercially available.","CMS","2026-02-25T06:56:55.636292Z",2024
968,"1",1192,"2026-02-25T06:56:58.669069Z","Climate Change",0.9962,960,"Climate Change",2.711,"DOV_2016_0002","Sustainability

In response to our concerns around global sustainability, 
i
n 2010, we developed and implemented a process to conduct an inventory of greenhouse gas emissions. Since then, we have evaluated our climate change risks and opportunities and have developed an energy and climate change strategy that includes clearly defined goals and objectives, along with prioritized programs and projects for achieving energy use and greenhouse gas emissions reductions. To further promote our sustainability efforts, we have committed to reducing our overall energy and greenhouse gas intensity indexed to net revenue by 20% from 2010 to 2020. We have also participated as a voluntary respondent in the Carbon Disclosure Project since 2010. 
All of our segments are investigating the energy efficiencies related to their operations and the use of their products and services by customers. In some instances, our businesses may be able to help customers reduce their energy needs. Increased demand for energy-efficient products, based on a variety of drivers (including, but not limited to, reduction of greenhouse gas emissions) could result in increased sales for a number of our businesses.","DOV","2026-02-25T06:56:58.669079Z",2016
969,"1",1423,"2026-02-25T06:57:00.751886Z","Climate Change",0.9962,961,"Climate Change",1.758,"DOV_2017_0002","Sustainability

In response to our concerns around global sustainability, 
i
n 2010, we developed and implemented a process to conduct an inventory of our greenhouse gas emissions. Since then, we have evaluated our climate change risks and opportunities, as well as developed an energy and climate change strategy that includes goals, objectives and related projects for reducing energy use and greenhouse gas emissions reductions. To further promote our sustainability efforts, we have committed to reducing our overall energy and greenhouse gas intensity indexed to net revenue by 20% from 2010 to 2020. We are near our goal for reducing overall energy intensity and have surpassed our goal for reducing greenhouse gas intensity. We will continue to work proactively to maintain these goals to reduce carbon emissions amidst acquisition and business growth. We have also participated as a voluntary respondent in the Carbon Disclosure Project since 2010 and have maintained our scoring range since we began reporting. 
All of our segments assess the energy efficiencies related to their operations and the opportunities associated with the use of their products and services by customers. In some instances, our businesses may be able to help customers reduce their energy needs. Increased demand for energy-efficient products, based on a variety of drivers could result in increased sales for a number of our businesses.","DOV","2026-02-25T06:57:00.751899Z",2017
970,"1",1443,"2026-02-25T06:57:02.919177Z","Climate Change",0.9962,962,"Climate Change",1.835,"DOV_2020_0003","We are also committed to fostering sustainable business practices across our businesses in order to reduce greenhouse gas emissions and energy consumption. We believe that our focus on sustainability will result in enhanced efficiency in our operations, which will reduce costs, improve margins and help us achieve operational excellence. In 2010, we implemented a process to conduct an inventory of our greenhouse gas emissions. Since then, we have evaluated our climate change risks and opportunities, as well as developed an energy and climate change strategy that includes goals, objectives and related projects for reducing energy use and greenhouse gas emissions. To further promote our sustainability efforts, we committed to reducing our overall energy and greenhouse gas intensity indexed to net revenue by 20% from 2010 to 2020. We have achieved those goals ahead of schedule. We are currently evaluating our strategic approach to managing sustainability matters and plan to continue reporting on our energy and greenhouse gas intensity and to work proactively to reduce energy usage and carbon emissions amidst acquisition and business growth. We have participated as a voluntary respondent in the Carbon Disclosure Project (CDP) since 2010 and have maintained our scoring range since we began reporting. We began participating in the CDP water security program in 2018 and expanded our reporting in 2019 with water data collection.","DOV","2026-02-25T06:57:02.919193Z",2020
971,"1",1277,"2026-02-25T06:57:04.724347Z","Climate Change",0.9962,963,"Climate Change",1.493,"ED_2020_0033","Track 3 - Support State Energy Plan Clean Energy Goals

In August 2016, the NYSPSC established a clean energy standard to achieve the State Energy Plan’s goals to provide 50 percent of the State’s electricity from renewable resources, to reduce carbon emissions by 40 percent by 2030 and to support the continued operation of upstate nuclear plants. In 2019, New York State enacted a climate law (the Climate Leadership and Community Protection Act or CLCPA) that establishes a goal of 70 percent of the electricity procured by load serving entities regulated by the NYSPSC to be produced by renewable energy systems by 2030 and requires the statewide electrical demand system to have zero emissions by 2040. See “Environmental Matters - Climate Change,” below. Since 2017, load serving entities, including CECONY and O&R for their full-service customers, are required to obtain renewable energy credits (RECs) and zero-emissions credits (ZECs) in amounts determined by the NYSPSC. Load serving entities may satisfy their REC obligation by either purchasing RECs acquired through central procurement by the New York State Energy Research and Development Authority (NYSERDA), by self-supply through direct purchase of tradable RECs, or by making alternative compliance payments.","ED","2026-02-25T06:57:04.724356Z",2020
972,"1",182,"2026-02-25T06:57:07.460764Z","Climate Change",0.9962,964,"Climate Change",2.451,"EMR_2021_0022","Greening Of Emerson

demonstrates our efforts to improve our internal environmental sustainability performance, including reducing our GHG emissions and energy and water consumption.","EMR","2026-02-25T06:57:07.460774Z",2021
973,"1",182,"2026-02-25T06:57:09.840970Z","Climate Change",0.9962,965,"Climate Change",2.107,"EMR_2022_0026","Greening Of Emerson

demonstrates our efforts to improve our internal environmental sustainability performance, including reducing our GHG emissions and energy and water consumption.","EMR","2026-02-25T06:57:09.840981Z",2022
974,"1",182,"2026-02-25T06:57:11.113424Z","Climate Change",0.9962,966,"Climate Change",0.969,"EMR_2023_0016","Greening Of Emerson

demonstrates our efforts to improve our internal environmental sustainability performance, including reducing our GHG emissions and energy and water consumption.","EMR","2026-02-25T06:57:11.113446Z",2023
975,"1",243,"2026-02-25T06:57:12.231120Z","Climate Change",0.9962,967,"Climate Change",0.792,"EMR_2024_0019","Greening Of Emerson

demonstrates our efforts to improve our internal environmental sustainability performance, including reducing our GHG emissions and energy and water consumption as well as engaging suppliers and other value chain partners.","EMR","2026-02-25T06:57:12.231132Z",2024
976,"1",1473,"2026-02-25T06:57:14.726236Z","Climate Change",0.9962,968,"Climate Change",2.213,"FRT_2021_0129","These development efforts earned us the Sector Leader Development designation in 2020 from the 
Global Real Estate Environmental Sustainability Benchmark (“GRESB”) and enabled us to issue our first green bond in 2020, a $400.0 million offering that will be supported by certain of our LEED gold and silver certified buildings. See Note 5 to the consolidated financial statements. We are also committed to implementing sustainable business practices at our operating properties that focus on energy efficiency, water conservation and waste minimization. As an example, under our solar program that we started in 2012, we have installed on-site solar systems at 25 of our properties with a capacity of over 13 MW and we anticipate adding solar installations at several more of our properties over the next few years to further our ability to source energy from renewable sources. Our current capacity placed us in the top 5 among real estate companies for onsite capacity in the Solar Energy Industry Association’s annual Solar Means Business Report. We are also actively upgrading lighting at our properties with energy efficient LED lighting and installing electric vehicle car charging stations in numerous properties throughout our portfolio. Currently, we are evaluating the risks presented by climate change to help us better understand potential actions we could take to help mitigate our portfolio’s environmental footprint while protecting our long-term investments.","FRT","2026-02-25T06:57:14.726247Z",2021
977,"1",265,"2026-02-25T06:57:17.002901Z","Climate Change",0.9962,969,"Climate Change",1.976,"GNRC_2020_0004","During 2019, we began providing energy storage systems as a clean energy solution for residential use that capture and store electricity from solar panels or other power sources and help reduce home energy costs while also protecting homes from brief power outages.","GNRC","2026-02-25T06:57:17.002912Z",2020
978,"1",173,"2026-02-25T06:57:18.856918Z","Climate Change",0.9962,970,"Climate Change",1.546,"GNRC_2022_0044","Attitudes around global warming and climate change are shifting: 
which includes the expectation of more volatile and severe weather driving increased power outage activity.","GNRC","2026-02-25T06:57:18.856927Z",2022
979,"1",112,"2026-02-25T06:57:20.248080Z","Climate Change",0.9962,971,"Climate Change",1.073,"HD_2021_0042","Store Energy Usage

: Reduce our U.S. stores’ kilowatt-hour energy use by 20% over 2010 levels by 2020
Completed","HD","2026-02-25T06:57:20.248105Z",2021
980,"1",137,"2026-02-25T06:57:21.966321Z","Climate Change",0.9962,972,"Climate Change",1.413,"HD_2022_0055","NEW GOAL: 100% Renewable Electricity

: Have 100% renewable electricity for all Home Depot facilities worldwide by the end of fiscal 2030","HD","2026-02-25T06:57:21.966332Z",2022
981,"1",1047,"2026-02-25T06:57:26.394230Z","Climate Change",0.9962,973,"Climate Change",4.12,"ICE_2022_0012","Energy Futures and Options:

We offer a range of futures and options products that are designed to enable our customers to manage their risk across global energy markets. Our flagship Brent crude oil contract serves as the cornerstone of a global oil network that today includes nearly 700 related crude and refined oil products including locational and refined spreads. In addition, as natural gas and Liquefied Natural Gas, or LNG, continue to globalize, we offer the broadest footprint of regional and global natural gas benchmarks, which span North America, Europe and Asia. Our leading environmental and power markets round out our diverse global energy network. For nearly two decades, our environmental markets have provided customers risk management tools to meet carbon cap and trade program requirements and renewable fuel standards. Increasingly, market participants are turning to our global 

environmental markets to help navigate and manage risk related to climate change, the energy transition and the move to net zero emissions.
•","ICE","2026-02-25T06:57:26.394240Z",2022
982,"1",130,"2026-02-25T06:57:29.330356Z","Climate Change",0.9962,974,"Climate Change",2.599,"ICE_2022_0100","Climate change and the transition to renewable energy and a net zero economy pose operational, commercial and regulatory risks.

•","ICE","2026-02-25T06:57:29.330372Z",2022
983,"1",1042,"2026-02-25T06:57:31.490426Z","Climate Change",0.9962,975,"Climate Change",1.86,"ICE_2023_0015","Energy Futures and Options:

We offer a range of futures and options products that are designed to enable our customers to manage their risk across global energy markets. Our flagship Brent crude oil contract serves as the cornerstone of a global oil network that today includes over 730 related crude and refined oil products including locational and refined spreads. In addition, as natural gas and Liquefied Natural Gas, or LNG, continue to globalize, we offer the broadest footprint of regional and global natural gas benchmarks, which span North America, Europe and Asia. Our leading environmental and power markets round out our diverse global energy network. For over two decades, our environmental markets have provided customers risk management tools to meet carbon cap and trade program requirements and renewable fuel standards. Increasingly, market participants are turning to our global environmental markets to help navigate and manage risk related to climate change, the energy transition and the move to net zero emissions.

•","ICE","2026-02-25T06:57:31.490438Z",2023
984,"1",1049,"2026-02-25T06:57:33.192246Z","Climate Change",0.9962,976,"Climate Change",1.387,"ICE_2024_0016","Energy Futures and Options:

We offer a range of futures and options products that are designed to enable our customers to manage their risk across global energy markets. Our flagship Brent crude oil contract serves as the cornerstone of a global oil network that today includes over 700 related crude and refined oil products including locational and refined spreads. In addition, as natural gas and Liquefied Natural Gas, or LNG, continue to globalize, we offer one of the broadest footprints of regional and global natural gas benchmarks, which span North America, Europe and Asia. Our leading environmental and power markets round out our diverse global energy network. For over two decades, our environmental markets have provided customers risk management tools to meet carbon cap and trade program requirements and renewable fuel standards. Increasingly, market participants are turning to our global environmental markets to help navigate and manage risk related to climate change, the energy transition and the move to net zero emissions.
•","ICE","2026-02-25T06:57:33.192257Z",2024
985,"1",405,"2026-02-25T06:57:37.045162Z","Climate Change",0.9962,977,"Climate Change",3.556,"JCI_2024_0003","The Company partners with customers by leveraging its broad product portfolio and digital capabilities powered by OpenBlue, together with its direct channel service and solutions capabilities, to deliver outcome-based solutions across the lifecycle of a building that address customers’ needs to improve energy efficiency, enhance security, create healthy environments and reduce greenhouse gas emissions.","JCI","2026-02-25T06:57:37.045173Z",2024
986,"1",337,"2026-02-25T06:57:38.965791Z","Climate Change",0.9962,978,"Climate Change",1.612,"KIM_2019_0033","By investing in technologies and improved processes, the Company has delivered significant year-over-year reductions in energy consumption across its portfolio of properties, including re-thinking how it controls and lights its parking areas, which reduces negative environmental impacts associated with fossil-fuel based energy sources.","KIM","2026-02-25T06:57:38.965803Z",2019
987,"1",133,"2026-02-25T06:57:40.324646Z","Climate Change",0.9962,979,"Climate Change",1.049,"MLM_2020_0142","Wind-based energy production continues to be a focus for Iowa as the state remains focused on its efforts to become fossil fuel free.","MLM","2026-02-25T06:57:40.324654Z",2020
988,"1",1426,"2026-02-25T06:57:41.846644Z","Climate Change",0.9962,980,"Climate Change",1.185,"MOS_2016_0075","Climate Change

We are committed to finding ways to meet the challenges of crop nutrient and animal feed ingredient production and distribution in the context of the need to reduce greenhouse gas emissions. While focused on helping the world grow the food it needs, we have proven our commitment to using our resources more efficiently and have implemented innovative energy recovery technologies that result in our generation of much of the energy we need, particularly in our U.S. Phosphates operations, from high efficiency heat recovery systems that result in lower greenhouse gas emissions. Climate Change Regulation. Various governmental initiatives to limit greenhouse gas emissions are under way or under consideration around the world. These initiatives could restrict our operating activities, require us to make changes in our operating activities that would increase our operating costs, reduce our efficiency or limit our output, require us to make capital improvements to our facilities, increase our energy, raw material and transportation costs or limit their availability, or otherwise adversely affect our results of operations, liquidity or capital resources, and these effects could be material to us. The direct greenhouse gas emissions from our operations result primarily from:
•
Combustion of natural gas to produce steam and dry potash products at our Belle Plaine, Saskatchewan, potash solution mine.","MOS","2026-02-25T06:57:41.846654Z",2016
989,"1",1426,"2026-02-25T06:57:43.418586Z","Climate Change",0.9962,981,"Climate Change",1.291,"MOS_2017_0076","Climate Change

We are committed to finding ways to meet the challenges of crop nutrient and animal feed ingredient production and distribution in the context of the need to reduce greenhouse gas emissions. While focused on helping the world grow the food it needs, we have proven our commitment to using our resources more efficiently and have implemented innovative energy recovery technologies that result in our generation of much of the energy we need, particularly in our U.S. Phosphates operations, from high efficiency heat recovery systems that result in lower greenhouse gas emissions. Climate Change Regulation. Various governmental initiatives to limit greenhouse gas emissions are under way or under consideration around the world. These initiatives could restrict our operating activities, require us to make changes in our operating activities that would increase our operating costs, reduce our efficiency or limit our output, require us to make capital improvements to our facilities, increase our energy, raw material and transportation costs or limit their availability, or otherwise adversely affect our results of operations, liquidity or capital resources, and these effects could be material to us. The direct greenhouse gas emissions from our operations result primarily from:
•
Combustion of natural gas to produce steam and dry potash products at our Belle Plaine, Saskatchewan, potash solution mine.","MOS","2026-02-25T06:57:43.418596Z",2017
990,"1",1426,"2026-02-25T06:57:45.528061Z","Climate Change",0.9962,982,"Climate Change",1.822,"MOS_2018_0337","Climate Change

We are committed to finding ways to meet the challenges of crop nutrient and animal feed ingredient production and distribution in the context of the need to reduce greenhouse gas emissions. While focused on helping the world grow the food it needs, we have proven our commitment to using our resources more efficiently and have implemented innovative energy recovery technologies that result in our generation of much of the energy we need, particularly in our U.S. Phosphates operations, from high efficiency heat recovery systems that result in lower greenhouse gas emissions. Climate Change Regulation. Various governmental initiatives to limit greenhouse gas emissions are under way or under consideration around the world. These initiatives could restrict our operating activities, require us to make changes in our operating activities that would increase our operating costs, reduce our efficiency or limit our output, require us to make capital improvements to our facilities, increase our energy, raw material and transportation costs or limit their availability, or otherwise adversely affect our results of operations, liquidity or capital resources, and these effects could be material to us. The direct greenhouse gas emissions from our operations result primarily from:
•
Combustion of natural gas to produce steam and dry potash products at our Belle Plaine, Saskatchewan, potash solution mine.","MOS","2026-02-25T06:57:45.528072Z",2018
991,"1",1426,"2026-02-25T06:58:43.621950Z","Climate Change",0.9962,983,"Climate Change",57.802,"MOS_2019_0371","Climate Change

We are committed to finding ways to meet the challenges of crop nutrient and animal feed ingredient production and distribution in the context of the need to reduce greenhouse gas emissions. While focused on helping the world grow the food it needs, we have proven our commitment to using our resources more efficiently and have implemented innovative energy recovery technologies that result in our generation of much of the energy we need, particularly in our U.S. Phosphates operations, from high efficiency heat recovery systems that result in lower greenhouse gas emissions. Climate Change Regulation. Various governmental initiatives to limit greenhouse gas emissions are under way or under consideration around the world. These initiatives could restrict our operating activities, require us to make changes in our operating activities that would increase our operating costs, reduce our efficiency or limit our output, require us to make capital improvements to our facilities, increase our energy, raw material and transportation costs or limit their availability, or otherwise adversely affect our results of operations, liquidity or capital resources, and these effects could be material to us. The direct greenhouse gas emissions from our operations result primarily from:
•
Combustion of natural gas to produce steam and dry potash products at our Belle Plaine, Saskatchewan, potash solution mine.","MOS","2026-02-25T06:58:43.621972Z",2019
992,"1",1426,"2026-02-25T06:58:45.084324Z","Climate Change",0.9962,984,"Climate Change",1.151,"MOS_2021_0221","Climate Change

We are committed to finding ways to meet the challenges of crop nutrient and animal feed ingredient production and distribution in the context of the need to reduce greenhouse gas emissions. While focused on helping the world grow the food it needs, we have proven our commitment to using our resources more efficiently and have implemented innovative energy recovery technologies that result in our generation of much of the energy we need, particularly in our U.S. Phosphates operations, from high efficiency heat recovery systems that result in lower greenhouse gas emissions. Climate Change Regulation. Various governmental initiatives to limit greenhouse gas emissions are under way or under consideration around the world. These initiatives could restrict our operating activities, require us to make changes in our operating activities that would increase our operating costs, reduce our efficiency or limit our output, require us to make capital improvements to our facilities, increase our energy, raw material and transportation costs or limit their availability, or otherwise adversely affect our results of operations, liquidity or capital resources, and these effects could be material to us. The direct greenhouse gas emissions from our operations result primarily from:
•
Combustion of natural gas to produce steam and dry potash products at our Belle Plaine, Saskatchewan, potash solution mine.","MOS","2026-02-25T06:58:45.084332Z",2021
993,"1",1264,"2026-02-25T06:58:46.737061Z","Climate Change",0.9962,985,"Climate Change",1.304,"MOS_2024_0377","In 2020, Brazil submitted a new NDC, which reaffirms the country’s commitment to reducing total net greenhouse gas emissions by 37% in 2025 and by 43% in 2030. The NDC further commits to achieving climate neutrality in 2060. Since 2009, Brazil has a National Policy on Climate Change. This policy is 
F- 26
implemented by two instruments: the National Plan on Climate Change and the National Climate Change Fund. Additionally, Brazil has sector-specific policies, such as the National Plan for Low Carbon Emission in Agriculture. As part of its commitments in the Paris Agreement, Brazil enforced a Biofuels National Policy (“
RenovaBio
”) program in 2020, which sets a carbon credit mechanism based on emission reductions from the use of biofuels. RenovaBio aims to increase biofuels rate in the country’s energy matrix and reached 97% of its target on the first year. Under RenovaBio, fossil fuel distributors are required to compensate for the carbon emissions through the acquisition of CBIOS (decarbonization certificates), issued by biofuel producers (e.g., ethanol plants). Since 2020, the Brazilian Congress became active in proposing other climate-related legislation and could approve new instruments to combat climate change in this current legislature.","MOS","2026-02-25T06:58:46.737073Z",2024
994,"1",258,"2026-02-25T06:58:48.844505Z","Climate Change",0.9962,986,"Climate Change",1.803,"NI_2022_0219","Additionally, we are active in several efforts to accelerate the development and demonstration of lower-carbon energy technologies and resources, such as hydrogen and renewable natural gas (RNG), to enable affordable pathways to economy-wide decarbonization.","NI","2026-02-25T06:58:48.844515Z",2022
995,"1",844,"2026-02-25T06:58:50.580596Z","Climate Change",0.9962,987,"Climate Change",1.4,"OXY_2024_0044","Additionally, in March 2022, the SEC proposed climate disclosure rules that would require public companies to significantly increase disclosure of GHG emissions and strategies, targets, costs and risks associated with climate change and the energy transition, which the SEC is expected to finalize in 2024. The DOE is implementing several environmental and climate-focused initiatives, including funding low-carbon and emissions reduction projects and setting national energy efficiency standards for residential, commercial and industrial appliances and equipment that promote electrification. Global efforts have been made and continue to be made in the international community toward the adoption of international treaties or protocols that would address global climate change issues and impose reductions of hydrocarbon-
OXY
 2023 FORM 10-K","OXY","2026-02-25T06:58:50.580605Z",2024
996,"1",1291,"2026-02-25T06:58:52.566291Z","Climate Change",0.9962,988,"Climate Change",1.706,"PCG_2020_0149","The electric power industry is undergoing transformative change driven by technological advancements enabling customer choice (for example, customer-owned generation and energy storage) and state climate policy supporting a decarbonized economy. The electric grid is a critical enabler of the adoption of new energy technologies that support California’s climate change and GHG reduction objectives, which continue to be publicly supported by California policymakers. California's environmental policy objectives are accelerating the pace and scope of the industry change. For instance, SB 100, which was signed into law on September 10, 2018, increases from 50% to 60%, the percentage of California’s electricity portfolio that must come from renewables by 2030. SB 100 establishes a further goal to have an electric grid that is entirely powered by clean energy by 2045. California utilities also are experiencing increasing deployment by customers and third parties of DERs, such as on-site solar generation, energy storage, fuel cells, energy efficiency, and demand response technologies. These developments will require modernization of the electric distribution grid to, among other things, accommodate two-way flows of electricity, increase the grid’s capacity, and interconnect DERs.","PCG","2026-02-25T06:58:52.566308Z",2020
997,"1",1326,"2026-02-25T06:58:54.360619Z","Climate Change",0.9962,989,"Climate Change",1.482,"PCG_2022_0008","PG&E Corporation and the Utility also work with policymakers and regulators to advance effective climate adaptation policy in California, and work directly with local governments and communities on adaptation solutions. PG&E Corporation and the Utility are an important enabler of California’s effort to reduce GHG emissions. California has set a goal to achieve economy-wide carbon neutrality no later than 2045. SB 100 increased California’s RPS target to 60% by the end of 2030 and requires 100% of retail sales to come from eligible renewables or zero-carbon resources by the end of 2045. The impacts of climate change on the Utility’s infrastructure are already a reality. Record-breaking extreme heat and heat waves are increasingly a regular occurrence throughout California. Peak loads are expected to increase with increasing temperatures due to direct impacts of ambient temperatures on equipment and direct impacts on electricity demand driven by rising air conditioning installation and usage. The Utility’s assets on the coast and in or near watersheds face potential increased exposures to coastal, riverine, and precipitation-related flooding because of climate-driven changes in precipitation and sea-level rise. Climate change will also continue to intensify the potential for wildfires throughout California.","PCG","2026-02-25T06:58:54.360630Z",2022
998,"1",1481,"2026-02-25T06:58:58.970695Z","Climate Change",0.9962,990,"Climate Change",4.311,"PCG_2024_0011","The Utility also launched an initiative to purchase California-produced renewable natural gas for its natural gas customers, toward a target to procure renewable natural gas to serve 15% of its bundled residential and small commercial demand by 2030. The CPUC coordinates the planning of supply resources through the Integrated Resource Planning (“IRP”) proceeding and has determined that replacing the power generated by Diablo Canyon is the responsibility of all LSEs within the CAISO. Looking ahead, the Utility expects its GHG-free energy supply mix of renewable, large hydroelectric, and nuclear generation resources to decrease as, beginning in 2023, the Utility was required to offer, for allocation or sale, renewable sources eligible under California's RPS program that the Utility procured on behalf of customers that subsequently switched to non-Utility providers. These requirements were established to comply with regulatory mandates and to manage customer affordability. Towards the end of the decade and beyond, the Utility’s GHG-free energy supply mix is expected to grow relative to 2025 levels as the Utility procures new GHG-free generation and storage to meet California’s IRP GHG emissions reduction targets and California’s clean energy goals. PG&E Corporation’s and the Utility’s voluntary goal continues to be to deliver 70% RPS clean electricity by 2030, compared to a state mandate of 60% (see “Air Quality and Climate Change” below for more information).","PCG","2026-02-25T06:58:58.970721Z",2024
999,"1",129,"2026-02-25T06:59:01.111222Z","Climate Change",0.9962,991,"Climate Change",1.805,"PNW_2020_0030","Currently, APS is pursuing an RFP for battery-ready solar resources up to 150 MW with results expected in the first half of 2020.","PNW","2026-02-25T06:59:01.111239Z",2020
1000,"1",658,"2026-02-25T06:59:02.622626Z","Climate Change",0.9962,992,"Climate Change",1.222,"PNW_2024_0124","In January 2020, APS announced its goal to provide 100% clean, carbon-free electricity by 2050 with an intermediate 2030 target of achieving a resource mix that is 65% clean energy, with 45% of the generation portfolio coming from renewable energy. APS’s ability to successfully execute its clean energy commitment is dependent upon a number of external factors, some of which include supportive national and state energy policies, a supportive regulatory environment, sales and customer growth, the development, deployment and advancement of clean energy technologies, adequate supply chain for generation resources, and continued access to capital markets.","PNW","2026-02-25T06:59:02.622636Z",2024
1001,"1",1306,"2026-02-25T06:59:04.256962Z","Climate Change",0.9962,993,"Climate Change",1.319,"PWR_2024_0009","Renewable Energy

Services
Our Renewable Energy segment provides comprehensive infrastructure solutions to customers that are involved in the renewable energy industry. Services performed generally include: 
•
engineering, procurement, new construction, repowering and repair and maintenance services for renewable generation facilities, such as utility-scale wind, solar and hydropower generation facilities and battery storage facilities; and
•
engineering and construction services for substations and switchyards, transmission and other electrical infrastructure needed to interconnect and transmit electricity from renewable energy generation and battery storage facilities. Business Environment
With respect to these services, we believe the transition to a reduced-carbon economy, which is being driven by regulatory requirements, consumer and investor preferences, state and federal policies, increasing electrification trends and 

declining levelized costs of renewable energy, will require sizeable long-term investment in renewable generation and related infrastructure, including meaningful repowering and modernization of existing assets. To that end, renewable energy developers are expected to continue to increase investments in wind and solar projects, as well as energy storage projects.","PWR","2026-02-25T06:59:04.256973Z",2024
1002,"1",1372,"2026-02-25T06:59:05.403128Z","Climate Change",0.9962,994,"Climate Change",0.892,"WEC_2020_0027","Renewable Generation

Our electric utilities meet a portion of their electric generation supply with various renewable energy resources, including wind, hydroelectric, biomass, and in the future, solar projects. This helps our electric utilities maintain compliance with renewable energy legislation. These renewable energy resources also help us maintain diversity in our generation portfolio, which effectively serves as a price hedge against future fuel costs, and will help mitigate the risk of potential unknown costs associated with any future carbon restrictions for electric generators. I
n December 2018, WE received approval from the PSCW for the Dedicated Renewable Energy Resource pilot program, a program for customers who wish to access a large-scale renewable project located in Wisconsin that WE would operate. The project will contribute toward meeting WE's peak demand, adding up to 150 MW of renewables to WE's portfolio. Solar
I
n December 2018, WE received approval from the PSCW for the Solar Now pilot program, which is expected to add 35 MW of solar generation to WE's portfolio and will allow non-profit and government entities, as well as commercial and industrial customers to site solar arrays on their property. Under this program, in 2019, WE constructed 5 MW of solar generation and expects to construct more than double that amount in 2020.","WEC","2026-02-25T06:59:05.403141Z",2020
1003,"1",1391,"2026-02-25T06:59:06.321468Z","Climate Change",0.9962,995,"Climate Change",0.625,"WEC_2021_0025","Renewable Generation

Our electric utilities meet a portion of their electric generation supply with various renewable energy resources, including wind, hydroelectric, biomass, and solar. This helps our electric utilities maintain compliance with renewable energy legislation. These renewable energy resources also help us maintain diversity in our generation portfolio, which effectively serves as a price hedge against future fuel costs, and will help mitigate the risk of potential unknown costs associated with any future carbon restrictions for electric generators. In December 2018, WE received approval from the PSCW for the Dedicated Renewable Energy Resource pilot program, a program for customers who wish to access a large-scale renewable project located in Wisconsin that WE would operate. The project will contribute toward meeting WE's peak demand, adding up to 150 MW of renewables to WE's portfolio, and help these larger customers to meet their sustainability and renewable energy goals. Wind
In February 2021, WE and WPS filed an application with the PSCW for approval to accelerate up to approximately $154 million in capital investments in BSGF and CCWP, to repower major components. In response to the COVID-19 pandemic, the IRS issued guidance extending the period for work to be completed on facilities in order to be eligible for PTCs if certain requirements are met.","WEC","2026-02-25T06:59:06.321481Z",2021
1004,"1",1471,"2026-02-25T06:59:07.170506Z","Climate Change",0.9962,996,"Climate Change",0.567,"WEC_2024_0027","Renewable Generation

Our electric utilities meet a portion of their electric generation supply with various renewable energy resources, including wind, solar, hydroelectric, and biomass. This helps our electric utilities work towards our goals of reducing carbon emissions while also maintaining compliance with renewable energy legislation. These renewable energy resources also help us maintain diversity in our generation portfolio, which effectively serves as a price hedge against future fuel costs, and will help mitigate the risk of potential unknown costs associated with any future carbon restrictions for electric generators. In December 2018, WE received approval from the PSCW for the DRER pilot program, a program designed to allow large commercial and industrial customers to access renewable resources that WE would operate. The DRER pilot is intended to help these larger customers meet their sustainability and renewable energy goals and could add up to 35 MWs of renewables to WE's portfolio. In addition, in July 2023, the PSCW approved the Renewable Pathway Pilot, which allows WE and WPS commercial and industrial customers to subscribe to a portion of a utility-scale, Wisconsin-based renewable energy generating facility for up to 125 MWs at WE and 40 MWs at WPS. Wind
In April 2023, WPS, along with an unaffiliated utility, completed the acquisition of Red Barn, a commercially operational utility-scale wind-powered electric generating facility.","WEC","2026-02-25T06:59:07.170518Z",2024
