paragraph_id,ticker,year,text,char_count,predicted_category,confidence,is_truncated
BR_2018_0039,BR,2018,"Advisor Solutions. We deliver business critical data, technology products and marketing services to financial advisors. These solutions enable firms, financial advisors, wealth managers, and insurance agents to better engage with customers through cloud-based marketing and customer communication tools. Our marketing ecosystem integrates data, content and technology to drive new client acquisition and cross-sell opportunities through the creation of sales and educational content, including seminars and a library of financial planning topics as well as customizable advisor websites, search engine marketing and electronic and print newsletters. Our advisor solutions also help advisors optimize their practice management through customer and account data aggregation and reporting. Our advisor solutions provide financial planning knowledge that enables timely, accurate and meaningful communications among financial institutions, advisors and their customers. We have expanded our services portfolio to leverage our industry leading financial content for use by financial services firms in their social media content libraries. We continue to develop new applications that further the goal of creating timely, accurate and meaningful communications for both advisors and their customers.",1293,Community Relations,0.243,False
TRV_2016_0136,TRV,2016,"Assessments for Guaranty Funds and Second-Injury Funds and Other Mandatory Assigned Risk and Reinsurance Arrangements.
    Virtually all
states require
insurers licensed to do business in their state,",200,Community Relations,0.3188,False
EQT_2021_0144,EQT,2021,"Our operations may be exposed to significant delays, costs and liabilities as a result of environmental and occupational health and safety requirements applicable to our business activities. We may incur significant delays, costs and liabilities as a result of environmental and occupational health and safety requirements applicable to our exploration, development and production activities. These delays, costs and liabilities could arise under a wide range of federal, state and local laws and regulations relating to protection of the environment and occupational health and workplace safety, including regulations and enforcement policies that have tended to become increasingly strict over time resulting in longer waiting periods to receive permits and other regulatory approvals. Failure to comply with these laws and regulations may result in the assessment of administrative, civil and criminal penalties, imposition of cleanup and site restoration costs and liens, and, in some instances, issuance of orders or injunctions limiting or requiring discontinuation of certain operations. Strict, joint and several liabilities may be imposed under certain environmental laws, which could cause us to become liable for the conduct of others or for consequences of our own actions that were in compliance with all applicable laws at the time those 

actions were taken.",1373,Product Liability,0.3238,False
AIZ_2023_0139,AIZ,2023,"Negative publicity relating to our business, industry or clients may have a material adverse effect on our financial results. We communicate with and distribute our products and services ultimately to individual consumers. From time to time, regulators, consumer advocacy groups and the media may focus their attention on our products and services, which may subject us to negative publicity. We may be negatively affected if another company in one of our industries or in a related industry, or if one of our clients, engages in practices that subject our industry or businesses to negative publicity. Negative publicity may result from judicial inquiries, unfavorable outcomes in lawsuits, social media, regulatory or governmental actions with respect to our products or services and industry commercial practices. For example, we may be subject to regulatory queries to assess practices in the insurance sector that potentially disadvantage people of color or historically underrepresented groups in certain insurance lines of business, or whether consumers have received fair value from our products and services. In addition, there is increased investor and regulatory focus on sustainability matters, including diversity, equity and inclusion, and commitment to long-term sustainability and efforts related to climate.",1324,Business Ethics & Values,0.3365,False
MCHP_2019_0086,MCHP,2019,"Customer demands and regulations related to conflict-free minerals may force us to incur additional expenses. As required by the Dodd-Frank Wall Street Reform and Consumer Protection Act, in August 2012, the SEC released investigation, disclosure and reporting requirements regarding the use of ""conflict"" minerals mined from the Democratic Republic of Congo and adjoining countries and which are necessary to the functionality or production of products. We filed a report on Form SD with the SEC regarding such matters on May 23, 2018. Other countries are considering similar regulations. If we cannot certify that we are using conflict-free minerals, customers may demand that we change the sourcing of minerals and other materials used in the manufacture of our products, even if the costs for compliant minerals and materials significantly increases and availability is limited. If we make changes to materials or suppliers, there will likely be costs associated with qualifying new suppliers and production capacity and quality could be negatively impacted. Our relationships with customers and suppliers may be adversely affected if we are unable to certify that our products are ""conflict-free."" We have incurred, and expect in the future to incur, additional costs associated with complying with these new disclosure requirements, such as costs related to determining the source of any conflict minerals used in our products.",1433,Natural Capital,0.3645,False
MOS_2024_0176,MOS,2024,"Mineral Resource Location Study – Vibroseis Study was completed.

12 exploration drill holes to delineate the K1 and K2 mining area were completed.
1991 to 1998
Seismic surveys in the Gerald, Gerald West and Cutarm areas. IMC Kalium merged with IMC Global and Freeport-McMorRan. Company renamed to IMC Potash.
2000-03
Seismic surveys: 2D and 3D (K1 and K2). Renamed Mosaic because of Merger between IMC Global and Cargill Crop Nutrition. IMC Global and Cargill Crop Nutrition merged to form Mosaic Esterhazy ULC.

3D seismic surveys completed at K1 (7.5 sq. miles, 19.5 sq. km) and K2 (4.0 sq. miles, 10.3 sq. km).
2006-09
Various seismic surveys completed. Hoist expansion at K2. Processing plant capacity increased to 4.8 million tonnes per year. K2 TMA expansion completed. Exploration drilling of 10 holes including two shaft pilot holes completed as part of the K3 expansion project. Completion of the crushing expansion at K1.

3D seismic surveys at K1 North (19.7 sq. miles, 51.4 sq. km) and Perrin Lake (14.4 sq. miles, 37.3 sq. km). K3 South shaft pre-sink was completed. Esterhazy exits Tolling agreement with PCS. A number of 3D seismic surveys were completed including Saskman, K1 NW, K1 SWD Field. Seven brine injection wells were drilled at Farfield. K3 South Shaft sunk to the potash level. 3D seismic survey at Panel 11Q (9.2 sq. km) completed.",1360,Natural Capital,0.372,False
GEN_2017_0084,GEN,2017,"The Dodd-Frank Wall Street Reform and Consumer Protection Act of 2010 includes disclosure requirements regarding the use of certain minerals mined from the Democratic Republic of Congo (“DRC”) and adjoining countries and procedures pertaining to a manufacturer’s efforts regarding the source of such minerals. SEC rules implementing these requirements and other international standards, such as the Organisation for Economic Co-operation and Development Due Diligence Guidance for Responsible Supply Chains of Minerals from Conflict-Affected and High Risk Areas may have the effect of reducing the pool of suppliers who can supply DRC “conflict free” components and parts, and we may not be able to obtain DRC conflict free products or supplies in sufficient quantities for our products. We may also face reputational challenges with our customers, stockholders and other stakeholders if we are unable to sufficiently verify the origins for the minerals used in our products.",975,Natural Capital,0.3829,False
VZ_2020_0041,VZ,2020,"We also offer a variety of international wireless voice and data services to our customers through roaming arrangements with wireless service providers outside the U.S. Fios 
Residential broadband service has seen significant growth in bandwidth demand over the past several years, and we believe that demand will continue to grow. We expect the continued emergence of new video services, new data applications and the proliferation of IP devices in the home will continue to drive new network requirements for increased data speeds and throughput. We believe that the Passive Optical Network (PON) technology underpinning Fios positions us well to meet these demands in a cost-effective and efficient manner. While deployed initially as a consumer broadband network, our PON infrastructure is also experiencing more widespread application in the Business segment, especially as businesses increasingly migrate to Ethernet-based access services. Global IP 
Verizon owns and operates one of the largest global fiber-optic networks in the world, providing connectivity to Business customers in more than 150 countries. Our global IP network includes long-haul, metro and submarine assets that span over 1 million route miles and enable and support international operations. Global business is rapidly evolving to an ""everything-as-a-service"" model in which Business customers seek cloud-based, converged enterprise solutions delivered securely via managed and professional services.",1480,Non-ESG,0.3996,False
INCY_2020_0098,INCY,2020,"Based on a marketing authorization in the reference member state, the applicant may apply for marketing authorizations in other member states. In such case, the reference member state shall update its existing assessment report about the drug. After the assessment is completed, copies of the report are sent to all member states, together with the approved summary of product characteristics, labeling and package leaflet. The concerned member states then recognize the decision of the reference member state and the summary of product characteristics, labeling and package leaflet. National marketing authorizations shall be granted within 30 days after acknowledgement of the agreement. Should any Member State refuse to recognize the marketing authorization by the reference member state, the member states shall make all efforts to reach a consensus. If this fails, the procedure is submitted to an EMA scientific committee for arbitration. The opinion of this EMA Committee is then forwarded to the Commission, for the start of the decision making process. As in the centralized procedure, this process entails consulting various European Commission 

Directorates General and the Standing Committee on Human Medicinal Products or Veterinary Medicinal Products, as appropriate. Legislation similar to the Orphan Drug Act has been enacted in other countries outside of the United States, including the EU.",1410,Corporate Governance,0.4093,False
KMI_2017_0108,KMI,2017,"Some shippers on our pipelines have filed complaints with the regulators that seek substantial refunds for alleged overcharges during the years in question and prospective reductions in the tariff rates. Further, the FERC may continue to initiate investigations to determine whether interstate natural gas pipelines have over-collected on rates charged to shippers. We may face challenges, similar to those described in Note 17 to our consolidated financial statements, to the rates we charge on our pipelines. Any successful challenge to our rates could materially adversely affect our future earnings, cash flows and financial condition. Environmental, health and safety laws and regulations could expose us to significant costs and liabilities. Our operations are subject to federal, state, provincial and local laws, regulations and potential liabilities arising under or relating to the protection or preservation of the environment, natural resources and human health and safety. Such laws and regulations affect many aspects of our present and future operations, and generally require us to obtain and comply with various environmental registrations, licenses, permits, inspections and other approvals. Liability under such laws and regulations may be incurred without regard to fault under CERCLA, the Resource Conservation and Recovery Act, the Federal Clean Water Act or analogous state or provincial laws for the remediation of contaminated areas.",1458,Product Liability,0.4134,False
LVS_2023_0088,LVS,2023,"Specifically, if the PIPL were to become applicable to us, we would be required to (i) notify the individuals concerned of the processing of their personal information in detail and establish legal bases for such processing; (ii) improve internal data governance by implementing managerial and technical security measures and response plans for security incidents; (iii) designate a person in charge of personal information protection where we qualify as a “quantity processor” (to be defined by the CAC); (iv) establish a special agency or designate a representative within the territory of the PRC to be responsible for handling matters relating to personal information protection; (v) establish and make public the procedure for individuals to exercise their rights related to personal information; (vi) conduct an impact assessment on personal information protection before any high-risk processing activities; (vii) conclude an agreement with such vendor and supervise its processing where we entrust processing of personal information to any vendor; (viii) meet one of the conditions prescribed by the PIPL where we transfer personal information outside the territory of the PRC due to business or other needs.",1216,Product Liability,0.4176,False
HD_2021_0352,HD,2021,"Description

Reference

Cover Page Interactive Data File (formatted as inline XBRL and contained in Exhibit 101)
—————
†
    Management contract or compensatory plan or arrangement
*    
Filed herewith
‡
    Furnished (and not filed) herewith pursuant to Item 601(b)(32)(ii) of the SEC
’
s Regulation S-K
Item 16. Form 10-K Summary.
None.",338,Corporate Governance,0.4257,False
FCX_2019_0051,FCX,2019,"PT-FI’s former COW required us to construct, or cause to be constructed, a smelter in Indonesia if we and the Indonesian government determined that such a project would be economically viable. In 1995, following the completion of a feasibility study, we entered into agreements relating to the formation of PT Smelting, an Indonesian company, and the construction of the copper smelter and refinery in Gresik, Indonesia. PT Smelting owns and operates the smelter and refinery. PT-FI owns 25 percent of PT Smelting, with the remainder owned by Mitsubishi Materials Corporation (60.5 percent), Mitsubishi Corporation RtM Japan Ltd. (9.5 percent) and JX Nippon Mining & Metals Corporation (5 percent). PT-FI’s contract with PT Smelting requires PT-FI to supply 100 percent of the copper concentrate requirements (at market rates subject to a minimum or maximum treatment charge rate) necessary for PT Smelting to produce 205,000 metric tons of copper annually on a priority basis. PT-FI may also sell copper concentrate to PT Smelting at market rates for quantities in excess of 205,000 metric tons of copper annually. PT-FI supplied 
90 percent
 of PT Smelting’s concentrate requirements in 2018, 
93 percent
 in 2017 and 
88 percent
 in 2016. In early 2017, the Indonesian government issued new regulations to address exports of unrefined metals, including copper concentrate and anode slimes, and other matters related to the mining sector.",1440,Pollution & Waste,0.4323,False
CBRE_2019_0053,CBRE,2019,"We may be subject to environmental liability as a result of our role as a property or facility manager or developer of real estate.

Various laws and regulations impose liability on real property owners or operators for the cost of investigating, cleaning up or removing contamination caused by hazardous or toxic substances at a property. In our role as a property or facility manager or developer, we could be held liable as an operator for such costs. This liability may be imposed without regard to the legality of the original actions and without regard to whether we knew of, or were responsible for, the presence of the hazardous or toxic substances. If we fail to disclose environmental issues, we could also be liable to a buyer or lessee of a property. If we incur any such liability, our business could suffer significantly as it could be difficult for us to develop or sell such properties, or borrow funds using such properties as collateral. In the event of a substantial liability, our insurance coverage might be insufficient to pay the full damages, or the scope of available coverage may not cover certain of these liabilities. Additionally, liabilities incurred to comply with more stringent future environmental requirements could adversely affect any or all of our lines of business.",1304,Product Liability,0.4418,False
AMGN_2023_0201,AMGN,2023,"As of the second quarter of 2022, we saw the effects of these variants recede in most markets, which allowed us to engage in increased field-facing activities
. Provider and patient activity also increased, leading to improvements in demand for our products to pre-pandemic levels. However, the cumulative decrease in diagnoses over the course of the pandemic has suppressed the volume of new patients starting treatment, which continues to impact our business. Given the unpredictable nature of the pandemic, there could be intermittent disruptions in physician–patient interactions, and as a result, we may experience quarter-to-quarter variability. In addition, other changes in the healthcare ecosystem have the potential to introduce variability into product sales trends. For example, changes in U.S. employment have led to changes to the insured population. Growth in numbers of Medicaid enrollees and uninsured individuals, along with provisions of the IRA, may have a negative impact on product sales. Overall, uncertainty remains around the timing and magnitude of our sales during the COVID-19 pandemic. See Risk Factors in Part I, Item 1A. of this Form 10-K. Other revenues decreased for 2022, driven by lower revenue from COVID-19 antibody material and licensing-related revenues.",1293,Human Capital,0.4439,False
LH_2023_0052,LH,2023,"Dx offers an expansive test menu that includes a wide range of clinical, anatomic pathology, genetic and genomic tests, and regularly adds new tests and improves the methodology of existing tests to enhance patient care. Dx also offers consumer-initiated wellness testing available online through its Labcorp OnDemand™ platform. The Pixel by Labcorp
®
 COVID-19 PCR and combined COVID-19 + flu at-home collection kits are also available through Labcorp OnDemand. Dx typically processes tests for more than 3 million patient encounters each week. As part of an ongoing commitment to be an efficient and high-value provider of laboratory services, Dx implemented a comprehensive business process improvement initiative known as LaunchPad. The initiative was designed to reengineer the Company's systems and processes to create a sustainable and more efficient business model, and to improve the experience of all stakeholders. Dx’s LaunchPad initiative delivered approximately $200 million in net savings for the period of late 2018 through the end of 2021. The Dx business can be categorized into the following components:
Service",1129,Product Liability,0.4455,False
BA_2022_0035,BA,2022,"Any delays in the completion of the certification activities and/or the ramp-up of deliveries or other liabilities associated with the accidents or grounding could have a material adverse effect on our financial position, results of operations and/or cash flows. In addition, multiple legal actions have been filed against us related to the 737 MAX. We also are fully cooperating with U.S. government investigations related to the accidents and the 737 MAX, including an ongoing investigation by the Securities and Exchange Commission. We also remain subject to compliance with a Deferred Prosecution Agreement with the U.S. Department of Justice relating to the Department of Justice’s investigation into us regarding the evaluation of the 737 MAX airplane by the FAA. We expensed $744 million in the fourth quarter of 2020 related to this agreement. Any further adverse impacts related to any such litigation or investigations could have a further material impact on our financial position, results of operations and/or cash flows. During 2019, we announced plans to reduce, and ultimately to suspend 737 production. Impacts related to our suspension of 737 MAX production from 2019 to 2020 significantly increased costs to produce aircraft included in the current accounting quantity and have resulted in reduced 737 program and overall BCA segment operating margins.",1370,Non-ESG,0.4534,False
DRI_2022_0001,DRI,2022,"Risks Relating to the COVID-19 Pandemic and Macroeconomic Disruption

The COVID-19 pandemic has disrupted and may continue to disrupt our business and the global economy, which has affected and could continue to materially affect our operations, financial condition and results of operations. The COVID-19 pandemic, federal, state and local government responses to COVID-19 and our Company’s responses to the outbreak have all disrupted and may continue to disrupt our business. In the United States over the course of fiscal 2021, state and local governments imposed a variety of restrictions on people and businesses and public health authorities offered regular guidance on health and safety. Once COVID-19 vaccines were approved and moved into wider distribution in the United States in early 2021, public health conditions improved and almost all of the COVID-19 restrictions on businesses eased. During fiscal 2022, increases in the numbers of cases of COVID-19 throughout the United States including the Omicron variant which significantly impacted our restaurants in the third quarter, mostly in January 2022, subjected some of our restaurants to other COVID-19-related restrictions such as mask and/or vaccine requirements for team members, guests or both. Exclusions and quarantines of restaurant team members or groups thereof disrupt an individual restaurant’s operations and often come with little or no notice to the local restaurant management.",1459,Community Relations,0.4547,False
BRO_2022_0030,BRO,2022,"Such claims, lawsuits and other proceedings could, for example, include claims for damages based upon allegations that our employees or sub-agents failed to procure coverage, report claims on behalf of customers, provide insurance companies with complete and accurate information relating to the risks being insured or appropriately apply funds that we hold for our customers on a fiduciary basis. In addition, given the long-tail nature of professional liability claims, errors and omissions matters can relate to matters dating back many years. Our business, results of operations, financial condition and liquidity may be adversely affected if, in the future, our insurance coverage proves to be inadequate or unavailable, or if there is an increase in liabilities for which we self-insure. Our ability to obtain professional indemnity insurance in the amounts and with the deductibles we desire in the future may be adversely impacted by general developments in the market for such insurance or our own claims experience. In addition, regardless of monetary costs, these matters could have a material adverse effect on our reputation and cause harm to our carrier, customer or employee relationships, or divert employees and management resources.",1250,Non-ESG,0.4555,False
AES_2017_0038,AES,2017,"Key Financial Drivers 
— Eletropaulo's financial results is likely to be driven by many factors including, but not limited to: 
•
Hydrology, impacting quantity of energy sold and energy purchased
•
Brazilian economic scenario and tariff increases, impacting energy consumption growth, losses and delinquency
•
Quality indicators recovery plan
•
Ability of Eletropaulo to pass through costs via productivity gains
•
Ability of Eletropaulo to solve involuntary exposure
•
Capital structure optimization to reduce leverage and interest costs
•
The CTEEP Eletrobrás case (see Item 3.—
Legal Proceedings 
for further information)
Eletropaulo is affected by the demand for electricity, which is driven by economic activity, weather patterns and customers' consumption behavior. Operating performance is also driven by the quality of service, efficient management of operating and maintenance costs as well as the ability to control non-technical losses. Finally, annual tariff adjustments and periodic tariff resets by ANEEL impact results from operations.",1050,Climate Change,0.4641,False
ALB_2023_0068,ALB,2023,"Revenues are based on a forecast bromine price 
ranging from $3,560 to $6,480 per metric tonne and the operating cost ranges between $341 and $529 per metric tonne
. The measured resource of bromide ion attributable to Albemarle’s 50% interest in its JBC joint venture is estimated to be approximately 178.3 million metric tonnes. JBC is extracting approximately 1 percent of the bromine available in Jordan’s share of the Dead Sea. Bromide concentration in the Dead Sea is estimated to average approximately 5,000 ppm. The cut-off grade of the Albemarle bromine operations has been estimated to be at 1,000 ppm. The bromide ion concentration in the brine extracted which feeds the bromine plants, significantly exceeds the selected cut-off grade. The Safi measured mineral reserves of 178.3 million metric tonnes at December 31, 2022 increased by 1% from 177.5 million metric tonnes at December 31, 2021. The increase in measured mineral resources was driven by evaporation in the Dead Sea, partially offset by the end date of the forecast remained unchanged due to the concession agreement and depletion during 2022. All bromine reserves reported by Albemarle for the JBC project are classified as proven mineral reserves. The mineral reserve estimate attributable to Albemarle’s 50% interest in its JBC joint venture is approximately 2.38 million metric tonnes of bromine from the Dead Sea.",1393,Natural Capital,0.4642,False
K_2024_0016,K,2024,"Tony the Tiger

for 
Zucaritas
,
 Sucrilhos 
and 
Frosties 
cereals and convenience foods;
Toucan Sam

for
Froot Loops

and
Froot Rings

international cereal; 
Dig ‘Em 
for",172,Community Relations,0.4651,False
KR_2016_0013,KR,2016,"In addition, compliance with tougher privacy and information security laws and standards may result in significant expense due to increased investment in technology and the development of new operational processes.",214,Product Liability,0.4709,False
PFE_2021_0058,PFE,2021,"Several important multilateral organizations, such as the World Health Organization and the Organization for Economic Cooperation and Development, are increasing scrutiny of international pharmaceutical pricing through issuing reports and policy recommendations. On November 25, 2020, the European Commission published its new Pharmaceutical Strategy for Europe which envisions a broad range of new initiatives and legislation including a significant focus on affordability and access to medicines. In China, pricing pressures have increased in recent years, with government officials emphasizing improved health outcomes, healthcare reform and decreased drug prices as key indicators of progress towards reform. Drug prices have decreased dramatically as a result of adding innovative drugs (including oncology medicines) to the National Reimbursement Drug List (NRDL). In the off-patent space, numerous local generics have been officially deemed bioequivalent under a QCE process that required domestically-manufactured generic drugs to pass a test to assess their bioequivalence to a qualified reference drug (typically the originator drug). A centralized VBP program has also been initiated and expanded nationwide, under which a tender process has been established where a certain portion of included molecule volumes are guaranteed to tender winners.",1356,Product Liability,0.476,False
NOW_2015_0093,NOW,2015,"The risks and challenges inherent with international sales include:
 
•
foreign currency fluctuations which may cause exchange and translation losses; 
•
compliance with multiple, conflicting and changing governmental laws and regulations, including employment, tax, competition, privacy and data protection laws and regulations;
•
compliance by us and our business partners with international bribery and corruption laws, including the UK Bribery Act and the Foreign Corrupt Practices Act;
•
the risk that illegal or unethical activities of our business partners will be attributed to or result in liability to us;
•
compliance with regional data privacy laws that apply to the transmission of our customers’ data across international borders, many of which are stricter than the equivalent U.S. laws;
•
difficulties in staffing and managing foreign operations;
•
different or lesser protection of our intellectual property;
longer and potentially more complex sales cycles;
•
longer accounts receivable payment cycles and other collection difficulties;
•
treatment of revenues from international sources and changes to tax codes, including being subject to foreign tax laws and being liable for paying withholding, income or other taxes in foreign jurisdictions;
•
different pricing and distribution environments;
•
local business practices and cultural norms that may favor local competitors;
•
localization of our services, including translation into foreign languages and associated expenses; and
•
regional economic and political conditions.",1547,Non-ESG,0.477,False
IDXX_2023_0037,IDXX,2023,"For example, compliance with extensive country-specific regulatory processes is required in connection with importing, marketing, and selling our diagnostic products in Japan, Germany, Canada, Brazil, the Netherlands, China, and many other countries. There can be no assurance that we will be able to obtain or maintain any product registration required by one or more foreign governments. Any inability to obtain or maintain a required product registration in a jurisdiction could adversely affect our ability to market and sell the applicable product in that jurisdiction, which could have a negative effect on our business, financial condition, and results of operations. There can also be no assurance that confidential, proprietary information provided to foreign regulatory agencies may not be accessed by unauthorized persons or otherwise stolen, which could negatively impact our ability to protect our proprietary rights in our innovative products and our future success. For more information about the risks related to the protection of our proprietary rights in our products and services, refer to “Our success is heavily dependent on our continued differentiated product and service innovation” below. We are also subject to a variety of federal, state, local, and international laws and regulations governing our global business practices.",1352,Product Liability,0.4841,False
ORCL_2019_0019,ORCL,2019,"If we experience errors or delays in releasing our cloud, license or hardware offerings or new versions of these offerings, our sales could be affected and revenues could decline. In addition, we run Oracle’s business operations as well as cloud and other services that we offer to our customers on our products and networks. Therefore, any flaws could affect our and our customers’ abilities to conduct business operations and to ensure accuracy in financial processes and reporting, and may result in unanticipated costs. Enterprise customers rely on our cloud, license and hardware offerings and related services to run their businesses and errors in our cloud, license and hardware offerings and related services could expose us to product liability, performance and warranty claims as well as significant harm to our brand and reputation, which could impact our future sales. If our security measures for our products and services are compromised and as a result, our data, our customers’ data or our IT systems are accessed improperly, made unavailable, or improperly modified, our products and services may be perceived as vulnerable, our brand and reputation could be damaged, the IT services we provide to our customers could be disrupted, and customers may stop using our products and services, all of which could reduce our revenue and earnings, increase our expenses and expose us to legal claims and regulatory actions.",1432,Non-ESG,0.4879,False
PFE_2023_0047,PFE,2023,"Hospitalization and surgery, typically the most expensive forms of treatment, are carefully managed, and drugs that can help in chronic care management and reduce the need for hospitalization, professional therapy or surgery may become favored first-line treatments for certain diseases. At the same time, MCOs may seek to exclude high-cost drugs from formularies in their efforts to manage and lower their costs. Exclusion of a product from a formulary or other MCO-implemented restrictions can significantly impact drug usage in the MCO patient population and beyond. Consequently, pharmaceutical companies compete to gain access to formularies for their products, typically on the basis of unique product features, such as greater efficacy, better patient ease of use, or fewer side effects, as well as the overall cost of the therapy. We continue to seek to ensure that our major products are included on MCO formularies. However, increasingly our branded products are being placed on the higher tiers or in a non-preferred status. For additional information, see the 
Item 1A. Risk Factors
—
Managed Care Trends
 section in this Form 10-K.",1144,Product Liability,0.488,False
ALGN_2022_0056,ALGN,2022,"Our ability to obtain regulatory clearance and certifications for, move into, plan, construct and equip additional facilities is subject to significant risk and uncertainty, including risks related to establishing facilities, hiring and retaining employees and delays and cost overruns, any of which may be all or partially out of our control and can negatively impact our gross margin. In addition, operating facilities located in higher cost regions compared to Mexico, China and Costa Rica negatively impacts our gross margin. If the construction or transition into additional facilities is significantly delayed, if a facility is required to temporarily or permanently, partially or fully shut down, or demand for our products outpaces our ability to hire qualified personnel and effectively implement systems and infrastructure, we may be unable to fulfill orders timely, or at all, which may negatively impact our financial results, reputation and overall business. In addition, because adapting production capacity and related cost structures to changing market conditions takes time, our facilities’ capacity may at times exceed or fall short of our production requirements. For instance, as a result of the COVID-19 pandemic, sales in the final weeks of the first quarter of 2020 declined substantially and operations at our manufacturing facilities declined shortly thereafter. Then, as dental practices reopened we experienced a rapid increase in demand.",1465,Non-ESG,0.4881,False
CHD_2021_0074,CHD,2021,"These laws and regulations may change in the future and we may incur material costs in our efforts to comply with current or future laws and regulations or in any product recalls. We are subject to regulations regarding the transportation, storage or use of certain chemicals to protect the environment, as well as the Commission’s rules with respect to “conflict minerals.” The new administration and Congress in the United States may seek to pass more stringent regulations in these areas, or more aggressively enforce existing regulations. Recent trade policies, tariffs and government regulations affecting trade between the U.S. and other countries,
 
have introduced greater uncertainty and volatility. In addition, any additional or renewed significant governmental actions pertaining to the COVID-19 pandemic, including lockdowns, quarantines or other restrictions on the ability of our employees to travel or perform necessary business functions or our ability to develop, manufacture, distribute, market or sell our products, or the ability of our suppliers, customers or third-party partners to effectively run their operations, may negatively impact our ability to manufacture, distribute, market and sell our products. We are not able to predict the nature of these changes or of such future laws, regulations, repeals or interpretations or to predict the effect additional or shifting governmental regulation, when and if it occurs, would have on our business in the future.",1488,Product Liability,0.49,False
HIG_2021_0174,HIG,2021,"In addition to the above components of net income available to common stockholders that are excluded from core earnings, preferred stock dividends declared, which are excluded from net income available to common stockholders, are included in the determination of core earnings. Preferred stock dividends are a cost of financing more akin to interest expense on debt and are expected to be a recurring expense as long as the preferred stock is outstanding. Net income (loss) and net income (loss) available to common stockholders are the most directly comparable U.S. GAAP measures to core earnings. Core earnings should not be considered as a substitute for net income (loss) or net income (loss) available to common stockholders and does not reflect the overall profitability of the Company's business. Therefore, The Hartford believes that it is useful for investors to evaluate net income (loss), net income (loss) available to common stockholders, and core earnings when reviewing the Company's performance. Index to MD&A
Part II - Item 7. Management's Discussion and Analysis of Financial Condition and Results of Operations
Reconciliation of Net Income to Core Earnings
For the years ended December 31,
Net income

$
1,737
 
$
2,085
 
$
1,807
 
Preferred stock dividends
Net income available to common stockholders

$
1,716
 
$
2,064
 
$
1,801",1349,Corporate Governance,0.4906,False
HIG_2018_0076,HIG,2018,"In addition, regulators or legislators could limit our ability to charge adequate pricing for catastrophe exposures or shift more responsibility for covering risk. Terrorism is an example of a significant man-made caused potential catastrophe. Private sector catastrophe reinsurance is limited and generally unavailable for terrorism losses caused by attacks with nuclear, biological, chemical or radiological weapons. Reinsurance coverage from the federal government under the Terrorism Risk Insurance Program Reauthorization Act of 2015 (“TRIPRA”) is also limited and only applies for certified acts of terrorism that exceed a certain threshold of industry losses. Accordingly, the effects of a terrorist attack in the geographic areas we serve may result in claims and related losses for which we do not have adequate reinsurance. Further, the continued threat of terrorism and the occurrence of terrorist attacks, as well as heightened security measures and military action in response to these threats and attacks or other geopolitical or military crises, may cause significant volatility in global financial markets, disruptions to commerce and reduced economic activity. These consequences could have an adverse effect on the value of the assets in our investment portfolio as well as those in our separate accounts. Terrorist attacks also could disrupt our operation centers.",1383,Product Liability,0.4963,False
TMUS_2020_0004,TMUS,2020,"We continue to expand the footprint and improve the quality of our network, providing outstanding wireless experiences for customers who will not have to compromise on quality and value. Going forward, it is this network that will allow us to deliver new, innovative products and services with the same customer experience focus and industry-disrupting mentality that has redefined the wireless communications services industry in the United States in the customers’ favor. History
T-Mobile USA, Inc. (“T-Mobile USA”), a Delaware corporation, was formed in 1994 as VoiceStream Wireless PCS (“VoiceStream”), a subsidiary of Western Wireless Corporation (“Western Wireless”). VoiceStream was spun off from Western Wireless in 1999, acquired by Deutsche Telekom AG (“DT”) in 2001 and renamed T-Mobile USA, Inc. in 2002. In 2013, T-Mobile US, Inc., a Delaware corporation, was formed through the business combination of T-Mobile USA and MetroPCS Communications, Inc. (“MetroPCS”). The business combination was accounted for as a reverse acquisition with T-Mobile USA as the accounting acquirer. Accordingly, T-Mobile USA’s historical financial statements became the historical financial statements of the combined company.",1218,Non-ESG,0.4967,False
NUE_2019_0012,NUE,2019,"However, there is a significant degree of uncertainty with respect to the results of this change in regulatory direction. To the extent that these regulations cause either directly or indirectly an
increase in the cost of energy, they could have an impact on Nucor’s competitive position.",288,Climate Change,0.4971,False
ORLY_2016_0010,ORLY,2016,"During 

, we relocated 

 stores and renovated 

 stores. We believe that our ability to consistently achieve growth in comparable store sales is due in part to our commitment to maintaining an attractive store network, which is strategically located to best serve our customers. Continually Enhance the Growth and Functionality of Our E-Commerce Website:
Our user-friendly website, 
www.oreillyauto.com
, allows our customers to search product and repair content, check the in-store availability of our products, and place orders for either home delivery or in-store pickup. We continue to enhance the functionality of our website to provide our customers with a friendly and convenient shopping experience, as well as a robust product and repair content information resource, which will continue to build the O'Reilly Brand.",827,Product Liability,0.498,False
HUM_2023_0416,HUM,2023,"Stock-Based Compensation

We have plans under which options to purchase our common stock and restricted stock units have been granted to executive officers, directors and key employees. Awards generally require both a change in control and termination of employment within 

 years of the date of the change in control to accelerate the vesting, including those granted to retirement-eligible participants. 
The terms and vesting schedules for stock-based awards vary by type of grant. Generally, the awards vest upon time-based conditions. We have also granted awards to certain employees that vest upon a combination of time and performance-based conditions. The stock awards of retirement-eligible participants are generally earned ratably over the service period for each tranche. Accordingly, upon retirement the earned portion of the current tranche will continue to vest on the originally scheduled vest date and any remaining unearned portion of the award will be forfeited. Our equity award program includes a retirement provision that generally treats employees with a combination of age and years of services with the Company totaling 

 or greater, with a minimum required age of",1191,Human Capital,0.5047,False
HWM_2016_0063,HWM,2016,"Ore mined from several plateaus is crushed
and transported to the washing plant by long-distance conveyors.
 
 
 
The
washing plant is located in the mining zone.
 
 
 
Washed ore is transported to
the port area by company-owned and operated rail.
 
 
 
At Porto Trombetas the
ore is loaded onto customer ships berthed in the Trombetas River. Some ore is dried and the drying facilities are located in the port area.",416,Natural Capital,0.506,False
GS_2020_0183,GS,2020,"Review of Valuation Models.

Our independent model risk management group (Model Risk), consisting of quantitative professionals who are separate from model developers, performs an independent model review and validation process of our valuation models. New or changed models are reviewed and approved prior to implementation. Models are reviewed annually to assess the impact of any changes in the product or market and any market developments in pricing theories. See “Risk Management —
 
Model Risk Management” for further information about the review and validation of our valuation models.",593,Non-ESG,0.5084,False
CAH_2018_0202,CAH,2018,"These proposed bills vary in the tax amounts and the means of calculation. Liabilities for taxes or assessments under any such laws could have an adverse impact on our results of operations unless we are able to mitigate them through operational changes or commercial arrangements where permitted. Unfavorable publicity regarding the abuse or misuse of prescription opioid pain medications and the role of wholesale distributors in the supply chain of such prescription medications, as well as the continued proliferation of the opioid lawsuits, investigations, regulations and legislative actions discussed above could adversely affect our reputation and results of operations.",678,Business Ethics & Values,0.5108,False
PEG_2020_0896,PEG,2020,"Contractual Term

Aggregate
Intrinsic Value
 
 
Non-vested as of January 1, 2019
 
257,583
 
$
46.58
 
 
 
 
 
 
Granted
 
200,923
 
$
56.24
 
 
 
 
 
 
Vested
 
207,126
 
$
51.34
 
 
 
 
 
 
Canceled/Forfeited
 
36,399
 
$
50.23",229,Corporate Governance,0.5196,False
CMS_2022_0176,CMS,2022,"A change in species listed under the Endangered Species Act may impact Consumers’ costs to mitigate its impact on protected species and habitats at certain existing facilities as well as siting choices for new facilities. Other Matters:
 Other electric environmental matters could have a material impact on Consumers’ outlook. For additional details on other electric environmental matters, see Item 8. Financial Statements and Supplementary Data—Notes to the Consolidated Financial Statements—Note 3, Contingencies and Commitments—Consumers Electric Utility Contingencies—Electric Environmental Matters. Consumers Gas Utility Outlook and Uncertainties",652,Natural Capital,0.5206,False
ED_2016_0146,ED,2016,"This administrative proceeding may result in monetary sanctions of more than $0.1 million for violations of certain New York State provisions regulating the discharge of materials into, and for the protection of, the environment. Remediation has been substantially completed at a cost of $1.4 million. CECONY is continuing to monitor the site. CECONY is a PRP at additional Superfund sites involving other PRPs and participates in PRP groups at those sites. The company generally is not managing the site investigation and remediation at these multiparty sites. Work at these sites is in various stages, and investigation, remediation and monitoring activities at some of these sites can be expected to continue over extended periods of time. The company believes that it is unlikely that monetary sanctions, such as penalties, will be imposed by any governmental authority with respect to these sites. The following table lists each of the additional Superfund sites for which the company anticipates it may have liability. The table also shows for each such site its location, the year in which the company was designated or alleged to be a PRP or to otherwise have responsibilities for the site (shown in the table under “Start”), the name of the court or agency in which proceedings for the site are pending and CECONY’s estimated percentage of the total liability for each site.",1383,Pollution & Waste,0.5228,False
HLT_2018_0067,HLT,2018,"LightStay
, our proprietary corporate responsibility performance measurement platform, is a global brand standard that allows us to manage the impact of our hotels on the environment and global community through the measurement, analysis and improvement of our use of natural resources, opportunities created and community service. This year, for the first time, Hilton was named to the Dow Jones Sustainability Index North America as an industry leader across economic, social and environmental criteria. History
Hilton Worldwide Holdings Inc. was incorporated in Delaware in March 2010. In 1919, our founder Conrad Hilton purchased his first hotel in Cisco, Texas. Through our predecessors, we commenced corporate operations in 1946. Employees
As of",751,Community Relations,0.5243,False
FCX_2017_0053,FCX,2017,"The next 21-day maintenance turnaround is scheduled for second-quarter 2017. PT Smelting
. PT-FI’s COW required us to construct, or cause to be constructed, a smelter in Indonesia if we and the Indonesian government determined that such a project would be economically viable. In 1995, following the completion of a feasibility study, we entered into agreements relating to the formation of PT Smelting, an Indonesian company, and the construction of the copper smelter and refinery in Gresik, Indonesia. PT Smelting owns and operates the smelter and refinery. PT-FI owns 25 percent of PT Smelting, with the remainder owned by Mitsubishi Materials Corporation (60.5 percent), Mitsubishi Corporation Unimetals Ltd. (9.5 percent) and JX Nippon Mining & Metals Corporation (5 percent). PT-FI’s contract with PT Smelting requires PT-FI to supply 100 percent of the copper concentrate requirements (at market rates subject to a minimum or maximum treatment charge rate) necessary for PT Smelting to produce 205,000 metric tons of copper annually on a priority basis. An extension of the minimum and maximum treatment charge rate, which expires in April 2017, is currently being negotiated. PT-FI may also sell copper concentrate to PT Smelting at market rates for quantities in excess of 205,000 metric tons of copper annually. PT-FI supplied 
88 percent
 of PT Smelting's concentrate requirements in 2016 and approximately 
80 percent
 in both 2015 and 2014.",1454,Pollution & Waste,0.5261,False
NEM_2024_0281,NEM,2024,"The Yanacocha Complex mined material from the Yanacocha Layback and Yanacocha Pinos, which has had limited mining operations in recent years, finished mining operations in 2022. The Maqui Maqui operations mined material from multiple mines that are no longer in operation. The Yanacocha Gold Mill ceased current operations in February 2021 and has been placed into care and maintenance. It will be repurposed for use as part of the Yanacocha Sulfides project. The Carachugo leach pad processes oxide material from Quecher Main. Yanacocha’s available mining fleet consists of two shovels, four excavators, and 25 haul trucks, each with 233-tonne payload. Yanacocha’s gross property, plant and mine development at December 31, 2023 was $5,876. Yanacocha reported 5.5 million ounces of gold reserves at December 31, 2023.",818,Pollution & Waste,0.5262,False
NEM_2021_0176,NEM,2021,"The Company is obligated to sell 25% of silver production from the Peñasquito mine to Wheaton Precious Metals Corporation at the lesser of market price or a fixed contract price, subject to an annual inflation adjustment of up to 1.65%. Refer to Note 5 to the Consolidated Financial Statements for further information. A 2% net smelter return royalty is owed to Royal Gold Inc. from both the Chile Colorado and Peñasco open pits of the Peñasquito Mine. Since January 1, 2014, the Mexican Government levies a 7.5% mining royalty that is imposed on earnings before interest, taxes, depreciation, and amortization. There is also a 0.5% environmental erosion fee payable on precious metal production, based on gross revenues. In December 2016, the State of Zacatecas in Mexico approved new environmental taxes that became effective January 1, 2017. Certain operations at the Peñasquito mine are subject to these taxes. See Item 1A, Risk Factors and Note 31 to the Consolidated Financial Statements for further information. The mineralization at Peñasquito contains gold, silver, lead and zinc. Deposits currently mined within the Peñasquito operations are considered to be examples of breccia pipes developed as a result of intrusion-related hydrothermal activity. Process facilities include a sulfide processing plant, comprising four stages of flotation; carbon, lead, zinc and pyrite.",1383,Climate Change,0.5267,False
RMD_2019_0081,RMD,2019,"RESMED INC. AND SUBSIDIARIES

Our products currently marketed in the United States are marketed pursuant to 510(k) pre-marketing clearances and are either Class I or Class II devices. The process of obtaining a Section 510(k) clearance generally requires the submission of performance data and often clinical data, which in some cases can be extensive, to demonstrate that the device is “substantially equivalent” to a device that was on the market before 1976 or to a device that has been found by the FDA to be “substantially equivalent” to such a pre-1976 device, a predecessor device is referred to as “predicate device.” As a result, FDA clearance requirements may extend the development process for a considerable length of time. In addition, in some cases, the FDA may require additional review by an advisory panel, which can further lengthen the process. The PMA process, which is reserved for new devices that are not substantially equivalent to any predicate device and for high-risk devices or those that are used to support or sustain human life, may take several years and requires the submission of extensive performance and clinical information. 

﻿

Medical devices can be marketed only for the indications for which they are cleared or approved.",1263,Non-ESG,0.5274,False
EXE_2018_0038,EXE,2018,"Exploration and Production Operations
The laws and regulations applicable to our exploration and production operations include requirements for permits or approvals to drill and to conduct other operations and for provision of financial assurances (such as bonds) covering drilling and well operations.",302,Business Ethics & Values,0.5357,False
SBUX_2024_0054,SBUX,2024,"Reported incidents involving food- or beverage-borne illnesses, tampering, adulteration, contamination, or mislabeling, whether or not accurate, could harm our business. Instances or reports, whether true or not, of unclean water supply or food-safety issues, such as food- or beverage-borne illnesses, tampering, adulteration, contamination, and/or mislabeling, either during growing, manufacturing, packaging, transporting, storing, or preparation, have in the past severely injured the reputations of companies in the food and beverage processing, grocery, and quick-service restaurant sectors. Any report linking us to such instances, even when false, unfounded, or inaccurate, could materially harm our sales and could lead to product liability claims, litigation (including class actions), temporary store closures, or other adverse consequences. Validated food-safety issues can also result in regulatory action and may lead to a recall of impacted products. Clean water is critical to the preparation of coffee, tea, and other beverages, as well as ice for our cold beverages, and our ability to ensure adequate supplies of clean water and ice to our stores can be limited, particularly in some international locations.",1227,Pollution & Waste,0.5404,False
AXP_2022_0463,AXP,2022,"December 31, 2020

Fourth quarter of 2021

%

% - 

%

%

% -(

)% 
First quarter of 2022

% - 

%

% - 

%

% - (

)%

% - (

)%
Fourth quarter of 2022

% - 

%

% - 

%

% - 

%

% - 

%
Fourth quarter of 2023

% - 

%

% - 

%

% - 

%

% -

% 
(a)
Real GDP quarter over quarter percentage change seasonally adjusted to annualized rates.",340,Climate Change,0.5424,False
MET_2019_0123,MET,2019,"Fiscal Measures

The new administration of President López Obrador in Mexico is implementing an austerity plan which, among other measures, has eliminated benefits such as major medical insurance and contributions to additional savings benefit insurance for Mexican federal government personnel and public officials. Mexican state governments or other government institutions may introduce similar austerity policies as well. MetLife is the largest provider of benefits to Mexican federal government personnel and public officials, and such austerity plans may have an adverse effect on our business. If the U.S. Congress does not approve annual appropriations or otherwise extend appropriations by continuing resolution, many federal government agencies must discontinue most non-essential, discretionary functions, known as a “partial government shutdown.” Most recently, the United States government operated under a partial shutdown from December 22, 2018 to January 25, 2019. During a partial government shutdown, financial markets, including the government bond market, continue to function. If the SEC is shut down, although certain SEC functions continue, the SEC may not process new or pending registration statements, qualifications of new or pending offering statements or applications for exemptive relief, which could disrupt or delay new public bond issuances. The partial shutdown of certain other federal agencies could also delay or otherwise impact certain transactions or projects.",1500,Community Relations,0.5536,False
MNST_2023_0025,MNST,2023,"Our products compete with all liquid refreshments and in many cases with products of much larger and in some cases better financed competitors, including the products of numerous nationally and internationally known producers such 

as TCCC, PepsiCo, Inc. (“PepsiCo”), Keurig Dr. Pepper Inc. (“KDP”) and Red Bull GmbH. From time to time, such larger competitors may enter into distribution agreements with certain other competitors. We also compete with companies that are smaller or primarily local in operation. Our products also compete with private-label brands such as those carried by grocery store chains, convenience store chains and club stores. Domestically, our energy drinks compete directly with Red Bull, Rockstar, MTN Dew Amp, MTN Dew Kickstart, MTN Dew GameFuel and MTN Dew Energy, G Fuel, Venom, VPX Redline, 5-Hour Energy Shots, MiO Energy, VPX Bang, V8 + Energy, Uptime, hi*ball, CELSIUS, C4, Alani Nu, 3D Energy, ZOA Energy, Rowdy Energy, GHOST Energy, Gatorade Fast Twitch, Prime Energy, Starbucks BAYA Energy, Guayaki Yerba Mate, Optimum Nutrition, Adrenaline Shoc and many other brands.",1109,Climate Change,0.5629,False
TECH_2023_0073,TECH,2023,"Therefore, even if we are successful in defending against any such actions brought against us, our business may be impaired. Ensuring that our internal operations and business arrangements with third parties comply with applicable laws and regulations also involves substantial costs. More specifically, as a healthcare provider, the Company’s Exosome Diagnostics’ ExoDx Prostate business is subject to extensive regulation at the federal, state, and local levels in the U.S. and other countries where it operates. The Company’s failure to meet governmental requirements under these regulations, including those relating to billing practices and financial relationships with physicians, hospitals, and health systems, could lead to civil and criminal penalties, exclusion from participation in Medicare and Medicaid, and possibly prohibitions or restrictions on the use of its laboratories. While the Company believes that it is in material compliance with all statutory and regulatory requirements, there is a risk that government authorities might take a contrary position. Such occurrences, regardless of their outcome, could damage the Company’s reputation and adversely affect important business relationships it has with third parties.",1241,Business Ethics & Values,0.5758,False
TRV_2019_0233,TRV,2019,"ISSUER PURCHASES OF EQUITY SECURITIES

The table below sets forth information regarding repurchases by the Company of its common stock during the periods indicated.
Period Beginning
Period Ending
Total number

of shares
purchased
 
Average
price paid

per share
Total number of
shares purchased
as part of
publicly announced
plans or programs
Approximate
dollar value of
shares that may
yet be purchased

under the
plans or programs",432,Non-ESG,0.5763,False
HIG_2020_0121,HIG,2020,"The ability to execute on capital management plans is subject to material challenges, uncertainties and risks. From time to time, our capital management plans may include the repurchase of common stock, the paydown of outstanding debt or both. We may not achieve all of the benefits we expect to derive from these plans. In the case an equity repurchase plan is approved by the Board, such capital management plan would be subject to execution risks, including, among others, risks related to market fluctuations, investor interest and potential legal constraints that could delay execution at an otherwise optimal time. There can be no assurance that we will fully execute any such plan. In addition, we may not be successful in keeping our businesses cost efficient. The Company may not be able to achieve all the revenue increases, expense reductions and other synergies that it expects to realize as a result of acquisitions, divestitures or restructurings. We may take future actions, including acquisitions, divestitures or restructurings that may involve additional uncertainties and risks that negatively impact our business, financial condition, results of operations and liquidity. Acquisitions and divestitures may not produce the anticipated benefits and may result in unintended consequences, which could have a material adverse impact on our financial condition and results of operations.",1402,Non-ESG,0.5817,False
LH_2016_0017,LH,2016,"Pharmacogenetics.

LCD provides access to the latest tests in the emerging field of pharmacogenetics. These tests can help physicians understand how a patient will metabolize certain drugs, allowing them to select the most appropriate therapies or adjust dosing.
Identity
. 
LCD provides forensic identity testing used in connection with criminal proceedings and parentage evaluation services that assist in determining parentage for child support enforcement proceedings and determining genetic relationships for immigration purposes. Parentage testing involves the evaluation of immunological and genetic markers in specimens obtained from the child, the mother and the alleged father. LCD also provides testing services in reconstruction cases, which assist in determining parentage without the presence of the parent in question.",833,Human Capital,0.6004,False
SJM_2020_0022,SJM,2020,"The success of our business depends substantially on consumer perceptions of our brands. We are the branded market leader in several categories both in the U.S. and Canada. We believe that maintaining and continually enhancing the value of our brands is critical to the success of our business. Brand value is based in large part on consumer perceptions. Success in promoting and enhancing brand value depends in large part on our ability to provide high-quality products. Brand value could diminish significantly as a result of a number of factors, such as if we fail to preserve the quality of our products, if we are perceived to act in an irresponsible manner, if the Company or our brands otherwise receive negative publicity, if our brands fail to deliver a consistently positive consumer experience, or if our products become unavailable to consumers. The growing use of social and digital media by consumers increases the speed and extent that information and opinions can be shared. Negative posts or comments about us or our brands or products on social or digital media could damage our brands and reputation. If we are unable to build and sustain brand equity by offering recognizably 

superior products, we may be unable to maintain premium pricing over private label products. If our brand values are diminished, our revenues and operating results could be materially adversely affected.",1402,Non-ESG,0.6039,False
MAR_2020_0037,MAR,2020,"Risks Relating to Our Business

Operational Risks
Premature termination of our management or franchise agreements could hurt our financial performance. Our hotel management and franchise agreements may be subject to premature termination in certain circumstances, such as the bankruptcy of a hotel owner or franchisee, a failure under some agreements to meet specified financial or performance criteria that are subject to the risks described in this section, which we fail or elect not to cure, or in certain limited cases, other negotiated contractual termination rights. Some courts have also applied agency law principles and related fiduciary standards to managers of third-party hotel properties, including us (or have interpreted hotel management agreements to be “personal services contracts”). Property owners may assert the right to terminate management agreements even where the agreements provide otherwise, and some courts have upheld such assertions about our management agreements and may do so in the future. When terminations occur for these or other reasons, we may need to enforce our right to damages for breach of contract and related claims, which may cause us to incur significant legal fees and expenses. Any damages we ultimately collect could be less than the projected future value of the fees and other amounts we would have otherwise collected under the management or franchise agreement.",1417,Corporate Governance,0.6053,False
MAR_2020_0353,MAR,2020,"Changes in and Disagreements with Accountants on Accounting and Financial Disclosure.

None.

Item 9A.",102,Non-ESG,0.6205,False
PFE_2024_0647,PFE,2024,"Environmental Matters

In 2009, as part of our acquisition of Wyeth, we assumed responsibility for environmental remediation at the Wyeth Holdings LLC (formerly known as Wyeth Holdings Corporation and American Cyanamid Company) discontinued industrial chemical facility in Bound Brook, New Jersey. Since that time, we have executed or have become a party to a number of administrative settlement agreements, orders on consent, and/or judicial consent decrees, with the U.S. Environmental Protection Agency, the New Jersey Department of Environmental Protection and/or federal and state natural resource trustees to perform remedial design, removal and remedial actions, and related environmental remediation activities, and to resolve alleged damages to natural resources, at the Bound Brook facility. We have accrued for the currently estimated costs of these activities.
We are also party to a number of other proceedings brought under the Comprehensive Environmental Response, Compensation, and Liability Act of 1980, as amended, and other state, local or foreign laws in which the primary relief sought is the cost of past and/or future remediation.",1153,Non-ESG,0.6207,False
EBAY_2017_0000,EBAY,2017,"Item 1A: Risk Factors” of this Annual Report on Form 10-K, as well as in our consolidated financial statements, related notes, and the other information appearing elsewhere in this report and our other filings with the Securities and Exchange Commission, or the SEC. We do not intend, and undertake no obligation, to update any of our forward-looking statements after the date of this report to reflect actual results or future events or circumstances. Given these risks and uncertainties, readers are cautioned not to place undue reliance on such forward-looking statements. ITEM 1: 
BUSINESS
Overview
eBay Inc. was formed as a sole proprietorship in September 1995 and was incorporated in California in May 1996. In April 1998, we reincorporated in Delaware, and in September 1998, we completed the initial public offering of our common stock. Our principal executive offices are located at 2025 Hamilton Avenue, San Jose, California 95125, and our telephone number is (408) 376-7400. Unless otherwise expressly stated or the context otherwise requires, when we refer to “we,” “our,” “us” or “eBay” in this Annual Report on Form 10-K, we mean the current Delaware corporation (eBay Inc.) and its California predecessor, as well as all of its consolidated subsidiaries. When we refer to “eBay Inc.” we mean our Marketplace, StubHub and Classifieds platforms. 
eBay Inc. is a global commerce leader, which includes our Marketplace, StubHub and Classifieds platforms.",1466,Non-ESG,0.6287,False
MKC_2023_0052,MKC,2023,"Our intellectual property rights, and those of our customers, could be infringed, challenged or impaired, and reduce the value of our products and brands or our business with customers.

We possess intellectual property rights that are important to our business, and we are provided access by certain customers to particular intellectual property rights belonging to such customers.
 
These intellectual property rights include ingredient formulas, trademarks, copyrights, patents, business processes and other trade secrets which are important to our business and relate to some of our products, our packaging, the processes for their production, and the design and operation of equipment used in our businesses. We protect our intellectual property rights, and those of certain customers, globally through a variety of means, including trademarks, copyrights, patents and trade secrets, third-party assignments and nondisclosure agreements, and monitoring of third-party misuses of intellectual property. If we fail to obtain or adequately protect our intellectual property (and the intellectual property of customers to which we have been given access), the value of our products and brands could be reduced and there could be an adverse impact on our business, financial condition and results of operations.",1311,Non-ESG,0.6304,False
FCX_2018_0048,FCX,2018,"The mine utilizes a blasthole stoping method with delayed paste backfill. Stopes of varying sizes are mined and the ore dropped down passes to a truck haulage level. Trucks are chute loaded and transport the ore to a jaw crusher. The crushed ore is then hoisted vertically via a two-skip production shaft to a level where it is loaded onto a conveyor belt. The belt carries the ore to one of the main underground conveyors where the ore is transferred and conveyed to the surface stockpiles for processing. The Big Gossan mine fleet consists of over 72 pieces of mobile equipment, which includes 9 LHD units and 9 haul trucks used in development and production activities. Description of Ore Bodies
. Our Indonesia ore bodies are located within and around two main igneous intrusions, the Grasberg monzodiorite and the Ertsberg diorite. The host rocks of these ore bodies include both carbonate and clastic rocks that form the ridge crests and upper flanks of the Sudirman Range, and the igneous rocks of monzonitic to dioritic composition that intrude them. The igneous-hosted ore bodies (the Grasberg open pit and block cave, and portions of the DOZ block cave) occur as vein stockworks and disseminations of copper sulfides, dominated by chalcopyrite and, to a lesser extent, bornite.",1287,Pollution & Waste,0.6401,False
TAP_2021_0082,TAP,2021,"In particular, new regulation and taxation of fuel and energy could increase the cost of operation, including fuel required to operate our facilities or transport and distribute our products, thereby increasing the distribution and supply chain costs associated with our products. There is also increased focus, including by governmental and non-governmental organizations, investors, customers and consumers on environmental sustainability matters, such as packaging waste, climate impact and water use. Our reputation could be damaged if we or others in our industry do not act, or are perceived not to act, responsibly with respect to our impact on the environment. Any failure to achieve our enterprise-wide sustainability goals, or perception (whether or not valid) of our failure to act responsibly, or to effectively respond to new, or changes in, environmental, legal or regulatory requirements could adversely affect our business, reputation or financial condition.",974,Pollution & Waste,0.643,False
GS_2021_1492,GS,2021,"In relation to 
2020 year-end,
 during the first quarter of 2021, the firm granted to its employees 
9.0
 million RSUs, of which 
3.0
 million RSUs require future service as a condition of delivery for the related shares of common stock. These awards are subject to additional conditions as outlined in the award agreements. Generally, shares underlying these awards, net of required withholding tax, deliver over a three-year period, but are subject to post-vesting and delivery transfer restrictions through 
January 2026
. These grants are not included in the table above. As of December 2020, there was $

 million of total unrecognized compensation cost related to 
non-vested
 share-based compensation arrangements. This cost is expected to be recognized over a weighted average period of 
1.69
 years.",808,Corporate Governance,0.6442,False
PEG_2020_0908,PEG,2020,"Year Ended December 31, 2017

NDT Fund Interest and Dividends
 
$
—
 
$

$
—
 
$

Allowance for Funds Used During Construction

—
 
—

Solar Loan Interest

—
 
—

Donations
 
(

)
 
(

)
 
(

)
 
(

)
 
 
Other

(

)

(

)",222,Community Relations,0.6479,False
IDXX_2022_0047,IDXX,2022,"Changes in government regulations or in the availability of government funds available for monitoring programs could negatively affect sales of our products that are driven by compliance testing, such as our livestock and poultry, dairy and water products. In addition, changes and trends in local dairy, poultry, or other food sectors around the world could negatively affect the related production markets resulting in a decline in demand for our testing products. Economic weakness (whether or not related to the COVID-19 pandemic) may also reduce demand for our companion animal, water, livestock, poultry, and dairy products and services, and public health-related guidance and directives, including stay-at-home orders that may be further deployed to combat the spread of COVID-19, and possible higher infection rates could result in a decrease in companion animal clinical visits, the delay of elective procedures and wellness visits and disruption of veterinary clinic operations, all of which would have a negative effect on veterinary service providers and result in declines in demand for our CAG products and services. Declines in testing for any reason, including the reasons described above, along with lost opportunities associated with a reduction in veterinary visits, could have an adverse effect on our results of operations.",1344,Community Relations,0.6483,False
DPZ_2024_0060,DPZ,2024,"Changes in tax laws or tax policy more broadly, increases in the enacted tax rates, adverse outcomes in connection with tax audits in any jurisdiction or any change in the pronouncements relating to accounting for income taxes could also impact our financial condition and results of operations. We may also become subject to legislation or regulation seeking to tax and/or regulate high-fat foods, foods with high sugar and salt content, or foods otherwise deemed to be “unhealthy,” and our capital expenditures could increase due to remediation and compliance measures related to these laws or regulations. Adverse government regulations and enforcement efforts or non-compliance by us or our franchisees with any of the foregoing laws and regulations could lead to various claims or governmental or judicial fines, sanctions or other enforcement measures, which could negatively impact our business.",902,Business Ethics & Values,0.6491,False
PNC_2020_0064,PNC,2020,"Such GAAP reconciliations may be in materials for the applicable presentation, in materials for prior presentations or in our annual, quarterly or current reports. When warranted, we will also use our website to expedite public access to time-critical information regarding PNC instead of using a press release or a filing with the SEC for first disclosure of the information. In some circumstances, the information may be relevant to investors but directed at customers, in which case it may be accessed directly through the home page rather than ""About Us - Investor Relations."" 
We are required to provide additional public disclosure regarding estimated income, losses and pro forma regulatory capital ratios under supervisory and PNC-developed hypothetical severely adverse economic scenarios, as well as information concerning our capital stress testing processes, pursuant to the stress testing regulations adopted by the Federal Reserve and the OCC. We are also required to make certain additional regulatory capital-related public disclosures about our capital structure, risk exposures, risk assessment processes, risk-weighted assets and overall capital adequacy, including market risk-related disclosures, under the regulatory capital rules adopted by the Federal banking agencies.",1293,Corporate Governance,0.6527,False
CBOE_2016_0029,CBOE,2016,"Expand Customer Base. We intend to continue our efforts to expand the use of our products domestically and internationally, by intensifying our business development efforts to target new retail investors and institutional investors, including pensions and endowments, and to inform them about how to trade our products, especially our proprietary products. We also intend to continue to offer investor education and wide educational resources for both retail and institutional customers through the CBOE Options Institute and through our comprehensive website. We have expanded, and intend to continue expanding, our educational offerings, including through the annual CBOE Risk Management Conferences, now held annually in the U.S., Europe and Asia. In 2016, we plan to further leverage our concentrated pool of liquidity for Russell 2000 Index (""RUT"") options to increase trading among institutional traders while further expanding our customer base through joint marketing and educational efforts with our partners Frank Russell Company and FTSE International Limited (together, ""FTSE Russell""). Further, offering extended trading hours in our exclusive products is at the core of our international expansion effort. In addition to extended trading hours for VIX futures, in 2015, we extended the trading hours for SPX and VIX options, adding a session each weekday that begins at 2:00 a.m. CT, to align with the opening of the London markets, and ends at 8:15 a.m. CT.",1472,Community Relations,0.6537,False
FCX_2023_0077,FCX,2023,"PT Smelting received a one-year extension of its anode slimes export license, which currently expires November 3, 2023. Refer to Item 1A. “Risk Factors” for further discussion of risks associated with PT Smelting’s export of anode slimes. PT Smelting’s anode production from its smelter totaled 316,700 metric tons of copper in 2022, 280,400 metric tons in 2021 and 276,900 metric tons in 2020. Copper cathode production from its refinery totaled 268,400 metric tons of copper in 2022, 256,900 metric tons in 2021 and 273,000 metric tons in 2020. PT Smelting’s maintenance turnarounds (which range from two weeks to a month to complete) typically are expected to occur approximately every two years, with short-term maintenance turnarounds in the interim. PT Smelting completed a 30-day maintenance turnaround during December 2020 and an 18-day maintenance turnaround in October 2022. PT Smelting has a planned 75-day shutdown scheduled for mid-2023 associated with its expansion project with a 7-day shutdown in fourth-quarter 2023 to complete final tie-in of the expansion project. Miami Smelter
. We own and operate a smelter at our Miami mining operation in Arizona. The smelter has been operating for over 100 years and has been upgraded numerous times during that period to implement new technologies, improve production and comply with air quality requirements. The Miami smelter processes copper concentrate primarily from our North America copper mines.",1462,Pollution & Waste,0.6563,False
C_2019_0218,C,2019,"GSIB Surcharge

The Federal Reserve Board imposes a risk-based capital surcharge upon U.S. bank holding companies that are identified as global systemically important bank holding companies (GSIBs), including Citi. The GSIB surcharge augments the Capital Conservation Buffer and, if invoked, any Countercyclical Capital Buffer. Under the Federal Reserve Board’s rule, identification of a GSIB is based on the Basel Committee on Banking Supervision’s (Basel Committee) GSIB methodology, which primarily looks to five equally weighted broad categories of systemic importance: (i) size, (ii) interconnectedness, (iii) cross-jurisdictional activity, (iv) substitutability and (v) complexity. With the exception of size, each of the other categories is composed of multiple indicators, also of equal weight, and amounting to 12 indicators in total. A U.S. bank holding company that is designated a GSIB is required, on an annual basis, to calculate a surcharge using two methods and is subject to the higher of the resulting two surcharges. The first method (“method 1”) is based on the Basel Committee’s GSIB methodology described above. Under the second method (“method 2”), the substitutability category is replaced with a quantitative measure intended to assess a GSIB’s reliance on short-term wholesale funding.",1311,Non-ESG,0.6565,False
BIIB_2024_0241,BIIB,2024,"In addition, we agreed to pay approximately $983.9 million in cash for Reata's outstanding equity awards, inclusive of employer taxes, of which approximately $590.5 million was attributable to pre-acquisition services and is therefore reflected as a component of total purchase price paid. Of the $983.9 million paid to Reata's equity award holders, we recognized approximately $393.4 million as compensation attributable to the post-acquisition service period, of which $196.4 million was recognized as a charge to selling, general and administrative expense with the remaining $197.0 million as a charge to research and development expense within our consolidated statements of income 
for the year ended December 31, 2023",724,Non-ESG,0.6586,False
CVX_2021_0026,CVX,2021,"Unfavorable ESG ratings and investment community divestment initiatives may lead to negative investor sentiment toward Chevron and to the diversion of investment to other industries, which could have a negative impact on our stock price and our access to and costs of capital.",276,Corporate Governance,0.6592,False
AES_2016_0017,AES,2016,"Hydrological conditions largely influence generation and the spot prices at which Chivor sells its non-contracted generation in Colombia. Chivor's commercial strategy focuses a significant portion of the expected output under contracts, principally with distribution companies, in order to provide cash flow stability. These bilateral contracts with distribution companies are awarded in public bids and normally last from one to three years. The remaining generation is sold on the spot market to other generation and trading companies at the system marginal cost, allowing us to maximize the operating margin. Additionally, Chivor receives reliability payments for the availability and reliability of Chivor's reservoir during periods of scarcity, such as adverse hydrological conditions. These payments, referred to as ""reliability charge payments"" are designed to compensate generation companies for the firm energy that they are capable of providing to the system during critical periods of low supply in order to prevent electricity shortages. Market Structure 
— Electricity supply in Colombia is concentrated in one main system, the SIN. The SIN encompasses one-third of Colombia's territory, providing coverage to 96% of the country's population. The SIN's installed capacity totaled 16,221 MW as of December 31, 2015, comprised of 69.0% hydroelectric generation, 30.4% thermoelectric generation and 0.6% other.",1420,Climate Change,0.66,False
WM_2021_0008,WM,2021,"Additionally, if we are unable to conclude that our internal control over financial reporting is effective in any future period (or if our auditors are unable to express an opinion on the effectiveness of our internal controls or conclude that our internal controls are ineffective), we could lose investor confidence and suffer an adverse effect on our stock price. Our operations must comply with extensive existing regulations, and changes in regulations and/or enforcement of regulations can restrict or alter our operations, increase our operating costs, increase our tax rate, or require us to make additional capital expenditures. Stringent government regulations at the federal, state, provincial and local level in the U.S. and Canada have a substantial impact on our operations, and compliance with such regulations is costly. Many complex laws, rules, orders and interpretations govern environmental protection, health, safety, land use, zoning, transportation and related matters.",992,Business Ethics & Values,0.6602,False
EXC_2023_1392,EXC,2023,"In September 2019, the Pepco Entities issued a draft “final” RI report which DOEE approved on February 3, 2020. The Pepco Entities are completing a FS to evaluate possible remedial alternatives for submission to DOEE. In October, 2022, DOEE approved dividing the work to complete the landside portion of the FS from the waterside portion to expedite the overall schedule for completion of the project. After completion and approval of the landside FS, now scheduled for September 2023, DOEE will prepare a Proposed Plan for public comment and then issue a Record of Decision (ROD) identifying any further response actions determined to be necessary to address any landside issues. The DOEE will issue a separate ROD for the waterside FS when that work is completed which is now anticipated to be by March 31, 2024. As part of the separation between Exelon and Constellation in February 2022, the internal agreement between the Pepco Entities for completion and payment for the remaining Consent Decree work was memorialized in a formal agreement for post-separation activities. A second post-separation assumption agreement between Exelon and Constellation transferred any of the potential remaining remediation liability, if any, of PES/Generation to a non-utility subsidiary of Exelon which going forward will be responsible for those liabilities.",1349,Natural Capital,0.6717,False
BEN_2017_0064,BEN,2017,"Failure to comply with applicable laws, regulations, codes, directives, notices and guidelines issued by the MAS may result in penalties including fines, censures and the suspension or revocation of licenses granted by the MAS. In Australia, our subsidiaries are subject to various Australian federal and state laws and are regulated by the Australian Securities and Investments Commission (“ASIC”). ASIC regulates companies, financial markets and financial services in Australia. ASIC imposes certain conditions on licensed financial services organizations that apply to our subsidiaries, including requirements relating to capital resources, operational capability and controls. Failure to comply with applicable law, regulations or conditions could result in various sanctions being imposed including cancellation, suspension or variation of the licenses held by our Australian subsidiaries. In Hong Kong, our subsidiary is subject to the Securities and Futures Ordinance (the “SFO”) and its subsidiary legislation, which governs the securities and futures markets and regulates, among others, offers of investments to the public and provides for the licensing of dealing in securities and asset management activities and intermediaries. This legislation is administered by the Securities and Futures Commission (the “SFC”). The SFC is also empowered under the SFO to establish standards for compliance as well as codes and guidelines.",1438,Business Ethics & Values,0.6719,False
REGN_2023_0228,REGN,2023,"If we or any of the third parties conducting our clinical studies are determined to have failed to fully comply with GCPs, the study protocol or applicable regulations, the clinical data generated in those studies may be deemed unreliable. This and similar instances of non-compliance with GCPs could result in non-approval of our product candidates by the FDA or foreign regulatory authorities such as the EC, or we or the FDA or such other regulatory authorities may decide to conduct additional inspections or require additional clinical studies, which would delay our development programs, require us to incur additional costs, and could substantially harm our business, prospects, operating results, and financial condition. Before approving a new drug or biologic product, the FDA and such comparable foreign regulatory authorities require that the facilities at which the product will be manufactured or advanced through the supply chain be in compliance with current Good Manufacturing Practices, or cGMP, requirements and regulations governing the manufacture, shipment, and storage of the product. Additionally, manufacturers of biological products and their facilities are subject to payment of substantial user fees and continual review and periodic inspections by the FDA and other regulatory authorities for compliance with cGMP regulations and adherence to any commitments made in the applicable BLA.",1415,Non-ESG,0.6953,False
WYNN_2024_0030,WYNN,2024,"To the extent we conduct the development of new projects or engage in new strategies through investments in entities alongside other co-investors (as is the case with Wynn Al Marjan Island, in which we own a 40% equity interest), our expected return on our investment may be limited by our inability to exercise control over certain strategic and operations decisions that may influence the success of the venture. Furthermore, the occurrence of risks that adversely affect the businesses of our co-investors or our unconsolidated affiliates could reduce the value of our investments, impair their ability to make future distributions or pay management fees to us, or require that we make additional capital contributions to them. Inherent limitations on our ability to exercise control over such ventures may limit our ability to directly manage these risks. In addition, investments with other investors involve risks such as the possibility that a co-investor might become bankrupt or not have the financial resources to meet its obligations, have economic or business interests or goals that are inconsistent with our business interests or goals, or take action contrary to our policies or objectives. Consequently, actions by a co-investor might subject the properties or businesses owned by such entities to additional risk. Further, we may be unable to take action without the approval of our co-investors, or our co-investors could take actions binding on the property without our consent.",1497,Corporate Governance,0.7086,False
MPWR_2022_0316,MPWR,2022,"We face various risks related to epidemics and pandemics, including the global outbreak of COVID-19 first identified in December 2019. Since the World Health Organization declared the COVID-19 outbreak as a pandemic in March 2020, it has resulted in significant disruptions and uncertainties in the global economy and in the financial markets. While the COVID-19 pandemic did not have a material and adverse impact on our business operations and financial condition, the ongoing effect of the pandemic on our future operational and financial performance will depend on numerous evolving developments, including the duration and magnitude of the pandemic and the introduction of new variants, and the impact on our customers, employees, suppliers and other partners, all of which are uncertain and difficult to predict at this time. A prolonged outbreak could negatively affect our business, including:",901,Human Capital,0.7097,False
ATO_2022_0003,ATO,2022,"Overview and Strategy

Atmos Energy Corporation, headquartered in Dallas, Texas, and incorporated in Texas and Virginia, is the country’s largest natural-gas-only distributor based on number of customers. We safely deliver reliable, affordable, efficient and abundant natural gas through regulated sales and transportation arrangements to approximately 3.3 million residential, commercial, public authority and industrial customers in eight states located primarily in the South. We also operate one of the largest intrastate pipelines in Texas based on miles of pipe.
Atmos Energy's vision is to be the safest provider of natural gas services. We will be recognized for exceptional customer service, for being a great employer and for achieving superior financial results.
Since 2011, our operating strategy has focused on modernizing our business and infrastructure while reducing regulatory lag. This operating strategy supports continued investment in safety, innovation, environmental sustainability and our communities.",1025,Community Relations,0.7148,False
ETR_2024_1108,ETR,2024,"In Arkansas, franchises are considered to be contracts and, therefore, are governed pursuant to the terms of the franchise agreement and applicable statutes. Entergy Louisiana holds non-exclusive franchises to provide electric service in approximately 175 incorporated municipalities and in the unincorporated areas of approximately 59 parishes of Louisiana. Entergy Louisiana holds non-exclusive franchises to provide natural gas service to customers in the City of Baton Rouge and in East Baton Rouge Parish. Municipal franchise agreement terms range from 25 to 60 years while parish franchise terms range from 25 to 99 years. Entergy Mississippi has received from the MPSC certificates of public convenience and necessity to provide electric service to areas within 45 counties, including a number of municipalities, in western Mississippi. Under Mississippi statutory law, such certificates are exclusive. Entergy Mississippi may continue to serve in such municipalities upon payment of a statutory franchise fee, regardless of whether an original municipal franchise is still in existence. Entergy New Orleans provides electric and gas service in the City of New Orleans pursuant to indeterminate permits set forth in city ordinances. These ordinances contain a continuing option for the City of New Orleans to purchase Entergy New Orleans’s electric and gas utility properties.",1383,Non-ESG,0.7157,False
WELL_2017_0296,WELL,2017,"We lease certain qualified
health care properties to taxable REIT subsidiaries (or limited liability
companies of which the taxable REIT subsidiaries are members), which lessees
contract with managers (or related parties) to manage the health care
operations at these properties. The rents from this taxable REIT subsidiary
lessee structure are treated as qualifying rents from real property if (1) they
are paid pursuant to an arms-length lease of a qualified health care property
with a taxable REIT subsidiary and (2) the manager qualifies as an eligible
independent contractor (as defined in the Code). If any of these conditions are
not satisfied, then the rents will not be qualifying rents. See “Item 1 —
Business — Taxation — Federal Income Tax Considerations — Qualification as a
REIT — Income Tests”
 above.",817,Non-ESG,0.716,False
HLT_2021_0113,HLT,2021,"While we maintain certain contractual protections, repossession could result in the termination of our management or franchise contract or eliminate revenues and cash flows from the property. In addition, the owners of managed and franchised hotels depend on financing to develop or buy and improve hotels and in some cases, fund operations during down cycles. Our hotel owners’ inability to obtain adequate funding could materially adversely affect the maintenance and improvement plans of existing hotels, result in the delay or stoppage of the development of our existing development pipeline and limit additional development to further expand our hotel portfolio. If our third-party property owners fail to make investments necessary to maintain or improve their properties, guest preference for Hilton brands, Hilton's reputation and performance results could suffer. Substantially all of our management and franchise contracts, as well as our license agreement with HGV, require third-party property owners to comply with quality and reputation standards of our brands, which include requirements related to the physical condition, use of technology, safety standards and appearance of the properties, as well as the service levels provided by hotel employees. These standards may evolve with customer preference, or we may introduce new requirements over time.",1367,Human Capital,0.7316,False
TSLA_2024_0123,TSLA,2024,"Also, the broader consequences in the current conflict between Russia and Ukraine, which may include further embargoes, regional instability and geopolitical shifts; airspace bans relating to certain routes, or strategic decisions to alter certain routes; and potential retaliatory action by the Russian government against companies, and the extent of the conflict on our business and operating results cannot be predicted. We may incur expenses or delays relating to such events outside of our control, which could have a material adverse impact on our business, operating results and financial condition.",606,Non-ESG,0.733,False
HII_2016_0021,HII,2016,"Kennedy
, advance procurement funding for CVN-80 
Enterprise
, construction of two SSN-774 
Virginia-
class submarines, procurement for the CVN-73 
USS George Washington
 RCOH, advance procurement for the CVN-74 USS 
John C. Stennis
 RCOH, continuation of DDG-51 
Arleigh Burke-
class destroyer production, advance procurement for LHA-8 (unnamed), procurement of an additional LPD-17 
San Antonio-
class warship, advance procurement to accelerate the LXR program, research, development, test, and evaluation (“RDT&E”) funding for the 
Ohio
 replacement program, procurement of a T-AO(X) fleet oiler, and procurement of an additional NSC for the U.S. Coast Guard. While the BBA 2015 eliminated the implementation of sequestration reductions for fiscal years 2016 and 2017, uncertainty continues regarding the specific effects of sequestration in fiscal years 2018 through 2021, and related funding reductions that could result in the cancellation of or decreased funding for our existing programs and/or a lack of funding for future programs. The impact of the continuing federal fiscal debates for fiscal year 2017 and beyond remains uncertain, and we cannot predict the impact that the sequestration cuts or other defense spending cuts may have on funding for our individual programs. Long-term funding for certain programs in which we participate may be reduced, delayed, or canceled.",1386,Climate Change,0.7383,False
HUM_2017_0013,HUM,2017,"The achievement of Star ratings of 4-Star or higher qualifies Medicare Advantage plans for premium bonuses. Our Medicare Advantage plans' operating results may be significantly affected by their star ratings. Despite our operational efforts to improve our star ratings, there can be no assurances that we will be successful in maintaining or improving our star ratings in future years. In addition, audits of our performance for past or future periods may result in downgrades to our Star ratings. Accordingly, our plans may not be eligible for full level quality bonuses, which could adversely affect the benefits such plans can offer, reduce membership and/or reduce profit margins. On October 12, 2016, CMS published updated Star quality ratings for the 2018 bonus year, which showed that the percentage of our July 31, 2016 Medicare Advantage membership in 4-Star plans or higher had declined to approximately 37 percent from approximately 78 percent of our July 31, 2015 Medicare Advantage membership. This decline in membership in 4-Star rated plans does not take into account certain operational actions we intend to take over the coming quarters to mitigate any potential negative impact of these published ratings on Star bonus revenues for 2018. Moreover, we expect the impact of CMS’ comprehensive program audit on our Star ratings to be limited to the 2018 bonus year, and Star results for the 2018 bonus year are not expected to materially impact our Medicare revenue for 2017.",1490,Non-ESG,0.7391,False
MS_2021_0026,MS,2021,"Our preferred resolution strategy, which is set out in our 2019 resolution plan, is an SPOE strategy, which generally contemplates the provision of adequate capital and liquidity by the Parent Company to certain of its subsidiaries so that such subsidiaries have the resources necessary to implement the resolution strategy after the Parent Company has filed for bankruptcy. Under a final rule issued by the Federal Reserve and the FDIC, we are now required to file resolution plans once every two years, with interim updates required in certain limited circumstances, including material mergers or acquisitions or fundamental changes to our resolution strategy. The rule also allows us to alternate between submitting a full, detailed resolution plan and a streamlined, targeted resolution plan. The rule also clarifies the information required to be included in our resolution plan. Our next resolution plan, due July 1, 2021, will be a targeted resolution plan and will reflect our acquisition of E*TRADE. Further, we submit an annual recovery plan to the Federal Reserve that outlines the steps that management could take 
over time to generate or conserve financial resources in times of prolonged financial stress. Certain of our domestic and foreign subsidiaries are also subject to resolution and recovery planning requirements in the jurisdictions in which they operate.",1379,Non-ESG,0.744,False
COR_2018_0031,COR,2018,"Increasing governmental efforts to regulate the pharmaceutical supply channel and pharmaceutical compounding may increase our costs and reduce our profitability. The healthcare industry in the United States is highly regulated at the federal and state levels. There have been increasing efforts by Congress and state and federal agencies, including state boards of pharmacy, departments of health, and the FDA, to regulate the pharmaceutical distribution system and pharmacy compounding activities. Regulation of pharmaceutical distribution is intended to prevent diversion and the introduction of counterfeit, adulterated, and/or mislabeled drugs into the pharmaceutical distribution system. Consequently, we are subject to the risk of changes in various federal and state laws, which include operating and security standards of the DEA, the FDA, various state boards of pharmacy and comparable agencies. In recent years, some states have passed or proposed laws and regulations that are intended to protect the safety and security of the supply channel but that also may substantially increase the costs and burden of pharmaceutical distribution and pharmaceutical compounding. At the federal level, the DQSA establishes federal traceability standards requiring drugs to be labeled and tracked at the lot level, preempts state drug pedigree requirements, and will eventually require all supply-chain stakeholders to participate in an electronic, interoperable prescription drug traceability system.",1500,Product Liability,0.7443,False
WEC_2023_0021,WEC,2023,"Total electric utility supply

100.0 
%
100.0
 
%
100.0 
%
100.0 
%
(1)
    The values included in the estimate assume a natural gas price based on the December 2022 NYMEX.
(2)
    Includes hydroelectric, biomass, solar, and wind generation.
2022 Form 10-K",256,Climate Change,0.7452,False
MOS_2023_0164,MOS,2023,"Present Condition of the Propert

y
The Tapira mine has been in operation since 1978 and is a production stage property. All required fixed and permanent infrastructure of power, pipelines and primary roadways, and project access are established. Drainage, water controls, and mine access roads and ramps are established for current operations and will be expanded and continued as the pit progresses through its planned life of operations. The ore at Tapira is recovered using open-pit conventional truck and shovel mining methods, due to the proximity of the ore to the surface and the physical characteristics of the deposit. The ore is transported via truck to a homogenization pile where it is later fed to the beneficiation plant via conveyors. The beneficiation plant produces phosphate conventional and ultrafine concentrate which is sent by pipeline (conventional) and truck (ultrafine) to local Mosaic chemical plants for finished product production. The mining equipment at Tapira is leased and therefore not owned by us. The beneficiation plant has been in operation since Tapira started 44 years ago. The tailings dams, water dams and sedimentation ponds have been active at Tapira since mining started 44 years ago as well. Currently the BR1 dam is being raised to its final design height to accommodate the LOM plan. The total book value for Tapira is R$1,692 million (US$332 million with exchange rate of 1 US dollar = 5.0993 Brazilian real) as of December 31, 2022.",1482,Natural Capital,0.7463,False
EBAY_2020_0095,EBAY,2020,"Such services include seller tools that automate and manage listings, merchant tools that manage listings and interface with inventory management software, storefronts that help our sellers list items and shipping providers that deliver goods sold on our platform, among others. Financial or regulatory issues, labor issues (e.g., strikes, lockouts, or work stoppages), or other problems that prevent these companies from providing services to us or our sellers could harm our business. Price increases by, or service terminations, disruptions or interruptions at, companies that provide services to us and our sellers and clients could also reduce the number of listings on our platforms or make it more difficult for our sellers to complete transactions, thereby harming our business. Some third parties who provide services to us or our sellers may have or gain market power and be able to increase their prices to us without competitive constraint. While we continue to work with global carriers to offer our sellers a variety of shipping options and to enhance their shipping experience, postal rate increases may reduce the competitiveness of certain sellers’ offerings, and postal service changes could require certain sellers to utilize alternatives which could be more expensive or inconvenient, which could in turn decrease the number of transactions on our sites, thereby harming our business.",1404,Non-ESG,0.7464,False
CPB_2020_0023,CPB,2020,"our defined benefit pension plans

We sponsor a number of defined benefit pension plans for certain employees in the U.S. and certain non-U.S. locations. The major defined benefit pension plans are funded with trust assets invested in a globally diversified portfolio of securities and other investments. Changes in regulatory requirements or the market value of plan assets, investment returns, interest rates and mortality rates may affect the funded status of our defined benefit pension plans and cause volatility in the net periodic benefit cost, future funding requirements of the plans and the funded status as recorded on the balance sheet. A significant increase in our obligations or future funding requirements could have a material adverse effect on our financial results.",784,Non-ESG,0.7489,False
HLT_2023_0022,HLT,2023,"Hampton by Hilton

: Hampton by Hilton is our largest brand and includes both Hampton Inn and Hampton Inn & Suites hotels, with properties located on four continents. Recognized as a leading upper midscale brand in the lodging industry, Hampton has been ranked the #1 lodging brand to franchise by Entrepreneur for 14 consecutive years. Hampton by Hilton hotels around the world provide guests high-quality and thoughtfully designed accommodations, friendly and authentic service and value-added amenities, like complimentary hot breakfast and free Wi-Fi, all backed by the 100% Hampton Guarantee.
Tru by Hilton:
 Tru by Hilton is a game-changing hotel brand where guests don't have to compromise between a consistent, fun and affordable hotel stay. Spirited, simplified and grounded in value, Tru by Hilton is designed for cross-generational appeal, with a large, reimagined public space where guests can work, play, lounge and eat. Efficiently designed modern guest rooms feature a rolling desk, oversized windows for natural light and bright, spacious bathrooms. Guests can enjoy complimentary amenities, including a build-your-own ""Top It"" hot breakfast, a multifunctional fitness center and fast Wi-Fi. Premium snacks, light meal options and single-serve wine and beer are available for purchase at the 24/7 Eat. & Sip. market. Tru by Hilton, launched in 2016, had over 230 hotels in the pipeline as of December 31, 2022.",1426,Community Relations,0.7551,False
LRCX_2017_0093,LRCX,2017,"Intellectual Property, Indemnity, and Other Claims Against Us Can Be Costly and We Could Lose Significant Rights That Are Necessary to Our Continued Business and Profitability

Third parties may assert infringement, unfair competition, product liability, breach of contract, or other claims against us. From time to time, other persons send us notices alleging that our products infringe their patent or other intellectual property rights. In addition, law enforcement authorities may seek criminal charges relating to intellectual property or other issues. We also face risks of claims arising from commercial and other relationships. In addition, our bylaws and other indemnity obligations provide that we will indemnify officers and members of our Board of Directors against losses that they may incur in legal proceedings resulting from their service to us. From time to time, in the normal course of business, we indemnify third parties with whom we enter into contractual relationships, including customers and suppliers, with respect to certain matters. We have agreed, under certain conditions, to hold these third parties harmless against specified losses, such as those arising from a breach of representations or covenants, other third-party claims that our products when used for their intended purposes infringe the intellectual property rights of such other third parties, or other claims made against certain parties.",1432,Business Ethics & Values,0.767,False
PHM_2021_0091,PHM,2021,"While all of the above-referenced steps were, and some remain, necessary and appropriate in light of the COVID-19 pandemic, they impacted our ability to operate our business in its ordinary and traditional course. However, residential construction and financial services have been designated as essential services in almost all of our markets, which has allowed us to continue operations. As the result of the COVID-19 pandemic, our net new orders declined significantly in late March through April. As the pandemic spread and government and business responses expanded, we focused on protecting our liquidity and closely managing our cash flows, including through the following actions:
•
Delaying the acquisition of certain land parcels and slowing land development where practical;
•
Limiting our investment in house construction, including strictly limiting production of new unsold ""speculative"" homes, and contacting backlog customers to reconfirm status before beginning construction of sold homes;
•
As a precautionary measure, proactively drawing $700.0 million under the Revolving Credit Facility in March;
•
Suspending the repurchase of shares under our share repurchase program; and
•
Reducing headcount and other overhead expenses. However, demand began to stabilize in May and then rebounded sharply in June and has remained strong through the date of this report.",1378,Non-ESG,0.7674,False
LVS_2022_0178,LVS,2022,"Las Vegas Operating Properties

(2)

(124)
(333.9)
%
_________________________
(1)
Consolidated adjusted property EBITDA, which is a non-GAAP financial measure, is used by management as the primary measure of the operating performance of our segments. Consolidated adjusted property EBITDA is net income/loss before stock-based compensation expense, corporate expense, pre-opening expense, development expense, depreciation and amortization, amortization of leasehold interests in land, gain or loss on disposal or impairment of assets, interest, other income or expense, gain or loss on modification or early retirement of debt and income taxes. Consolidated adjusted property EBITDA is a supplemental non-GAAP financial measure used by management, as well as industry analysts, to evaluate operations and operating 

performance. In particular, management utilizes consolidated adjusted property EBITDA to compare the operating profitability of our operations with those of our competitors, as well as a basis for determining certain incentive compensation. Integrated Resort companies have historically reported adjusted property EBITDA as a supplemental performance measure to GAAP financial measures.",1205,Non-ESG,0.7674,False
HIG_2024_1502,HIG,2024,"Equity securities

—
 
%

%
—
 
%
—
 
%
Fixed income securities

%

%

%

%
Limited partnerships
—
 
%

%
—
 
%
—
 
%
Divergent market performance among different asset classes and changes in the context of the glide path may, from time to time, cause the asset allocation to deviate from the desired asset allocation ranges. The asset allocation mix is reviewed on a periodic basis. If it is determined that an asset allocation mix rebalancing is required, future portfolio additions and 
withdrawals will be used first, as necessary, to bring the allocation within tactical ranges, before shifting assets across portfolios.
The U.S. Pension Plan invests in multiple asset classes reflecting the current needs, investment preferences, risk tolerances and the desired degree of diversification of the U.S. Pension Plan. These asset classes include publicly traded fixed income securities and equities, private fixed income securities, commercial mortgage loans and limited partnerships. Investment portfolios are primarily managed by affiliated managers.
In addition, the Company uses U.S. Treasury bond futures contracts and U.S. Treasury STRIPS, in addition to certain other investments, in a duration overlay program to adjust the duration of U.S. Pension Plan assets to better match the duration of the benefit obligation.
Pension Plan Assets at Fair Value
As of December 31, 2023
As of December 31, 2022",1408,Non-ESG,0.772,False
HAS_2017_0036,HAS,2017,"The imposition of trade sanctions, tariffs, border adjustment taxes or other measures by the United States or the European Union against a class of products imported by us from, or the loss of “normal trade relations”
status with, China, or other countries where we manufacture products, or other factors which increase the cost of manufacturing in China, or other countries where we manufacture products, such as higher labor costs or an appreciation in the Chinese
Yuan, could significantly disrupt our operations and/or significantly increase the cost of the products which are manufactured and imported into other markets. Most of our products are manufactured from basic raw materials such as plastic, paper and cardboard, although certain products also make use of electronic components. All of these materials are readily available
but may be subject to significant fluctuations in price. There are certain chemicals (including phthalates and BPA) that national, state and local governments have restricted or are seeking to restrict or limit the use of; however, we do not believe
these restrictions have or will materially impact our business. We generally enter into agreements with suppliers at the beginning of a fiscal year that establish prices for that year. However, significant volatility in the prices of any of these
materials may require renegotiation with our suppliers during the year.",1407,Non-ESG,0.7804,False
JKHY_2019_0005,JKHY,2019,"Industry Background

Jack Henry Banking primarily serves commercial banks and savings institutions with up to 
$50 billion
 in assets. According to the Federal Deposit Insurance Corporation (“FDIC”), there were 
approximately
 
5,360
 commercial banks 

and savings institutions in this asset range as of 
December 31, 2018
. Jack Henry Banking currently supports 
nearly
 
1,030
 of these banks with its core information processing platforms and complementary products and services. Symitar serves credit unions of all asset sizes. According to the Credit Union National Association (“CUNA”), there were 
more than
 
5,480
 domestic credit unions as of 
December 31, 2018
. Symitar currently supports 
over

 of these credit unions with core information processing platforms and complementary products and services. ProfitStars serves financial services organizations of all asset sizes and charters and other diverse corporate entities. ProfitStars currently supports 
over
 
9,000
 institutions with specialized solutions for generating additional revenue and growth, increasing security, mitigating operational risks, and controlling operating costs. The FDIC reports the number of commercial banks and savings institutions declined 
21%
 from the beginning of calendar year 

 to the end of calendar year 

, due mainly to mergers.",1336,Community Relations,0.782,False
NEM_2024_0287,NEM,2024,"Additionally, Newmont operates through exploration and mining agreements with the Central Land Council who represent Traditional Owners, the Warlpiri people. Tanami consists of sediment hosted sheeted quartz vein mineralization. Tanami, as an underground mining operation, has a fleet of ten underground loaders and 23 haul trucks, each with 60 to 65-tonne payloads. Processing plant facilities currently consist of a crushing plant, a grinding circuit, a gravity circuit, carbon in pulp tanks and a conventional tailings disposal facility. Tanami’s gross property, plant and mine development at December 31, 2023 was $2,995. Tanami reported 4.8 million ounces of gold reserves at December 31, 2023. Brownfield exploration and development for new reserves is ongoing with the main focus being underground ore definition drilling of the Auron, Federation and Liberator ore bodies as well as exploration of the Oberon deposit.",924,Natural Capital,0.7822,False
SPG_2024_0082,SPG,2024,"An increased focus on metrics and reporting related to environmental, social and governance (“ESG”) factors, may impose additional costs and expose us to new risks. Investors and other stakeholders have become more focused on understanding how companies address a variety of ESG factors. As they evaluate investment decisions, many investors look not only at company disclosures but also to ESG rating systems that have been developed by third parties to allow ESG comparisons among companies. Although we participate in a number of these ratings systems, we do not participate in all such systems. The criteria used in these ratings systems may conflict and change frequently, and we cannot predict how these third parties will score us, nor can we have any assurance that they score us accurately or other companies accurately or that other companies have provided them with accurate data. We supplement our participation in ratings systems with published disclosures of our ESG activities, but some investors may desire other disclosures that we do not provide. In addition, the SEC is currently evaluating potential rule making that could mandate additional ESG disclosure and impose other requirements on us. In addition, some of the domestic and foreign jurisdictions in which we operate could mandate additional ESG disclosure and impose additional requirements on us.",1375,Corporate Governance,0.7887,False
ES_2019_0019,ES,2019,"Costs of compliance with environmental laws and regulations may increase and have an adverse effect on our business and results of operations.

Our subsidiaries' operations are subject to extensive federal, state and local environmental statutes, rules and regulations that govern, among other things, water quality, water discharges, the management of hazardous and solid waste, and air emissions. Compliance with these requirements requires us to incur significant costs relating to environmental monitoring, maintenance and upgrading of facilities, remediation and permitting. The costs of compliance with existing legal requirements or legal requirements not yet adopted may increase in the future. An increase in such costs, unless promptly recovered, could have an adverse impact on our business and our financial position, results of operations and cash flows.
For further information, see Item 1, 
Business
 - 
Other Regulatory and Environmental Matters
, included in this Annual Report on Form 10-K.",1008,Pollution & Waste,0.7888,False
IQV_2020_0026,IQV,2020,"As a result, leading life sciences companies are utilizing more sophisticated outcome research and data analytics services. We believe we are well positioned to take advantage of these global trends in healthcare. Beyond our proprietary information assets, we have developed key capabilities to assess opportunities to develop and commercialize therapies, support and defend the value of medicines and help our clients operate more efficiently through the application of insight-driven decision-making and cost-efficient technology solutions.",542,Product Liability,0.7914,False
MOS_2019_0058,MOS,2019,"See “Key Factors that can Affect Results of Operations and Financial Condition” and “Potash Net Sales and Gross Margin” in our Management’s Analysis and “Our Esterhazy mine has had an inflow of salt saturated brine for more than 30 years” in Part I, Item 1A, “Risk Factors” in this report, which are incorporated herein by reference, for a discussion of costs, risks and other information relating to the brine inflows. The K3 shafts at our Esterhazy mine are part of our potash expansion plan, which is also designed to mitigate risk from current and future inflows. Due to the ongoing brine inflow at Esterhazy, subject to exceptions that are limited in scope and amount, we are unable to obtain insurance coverage for underground operations for water incursion problems for the K1 and K2 shafts. Like other potash producers’ shaft mines, our Colonsay, Saskatchewan, and Carlsbad, New Mexico, mines are also subject to the risks of inflow of water as a result of their shaft mining operations, but water inflow risks at these mines are included in our insurance coverage subject to deductibles, limited coverage terms and lower sub-limits negotiated with our insurers.",1170,Natural Capital,0.7961,False
ARE_2022_0204,ARE,2022,"We may be unable to meet our sustainability goals. We seek to make a positive and meaningful impact on the health, safety, and well-being of our tenants, stockholders, employees, and the communities in which we live and work. In support of these efforts, we set specific sustainability goals to reduce the environmental impact of buildings in operation and for new ground-up construction projects. There are significant risks that may prevent us from achieving these goals, including, but not limited to, the following possibilities:
•
Change in market conditions may affect our ability to deploy capital for projects that reduce energy consumption, greenhouse gas pollution, and potable water consumption and that provide waste savings.
•
Our tenants may be unwilling or unable to accept potential incremental expenses associated with our sustainability programs, including expenses to comply with requirements stipulated under building certification standards such as LEED, WELL, and Fitwel. The realization of any of the above risks could significantly impact our reputation, our ability to continue developing properties in markets where high levels of LEED certification contribute to our efforts to obtain building permits and entitlements, and our ability to attract tenants who include LEED certification among their priorities when selecting a location to lease.",1371,Climate Change,0.7989,False
UPS_2016_0016,UPS,2016,"Global Small Package

Our global small package operations provide time-definite delivery services for express letters, documents, small packages and palletized freight via air and ground services. We serve more than 

 countries and territories around the world along with domestic delivery service within 54 countries. We handle packages that weigh up to 150 pounds and are up to 165 inches in combined length and girth as well as palletized shipments weighing more than 150 pounds. All of our package services are supported by numerous shipping, visibility and billing technologies. We handle all levels of service (air, ground, domestic, international, commercial, residential) through one global integrated pickup and delivery network. All packages are commingled within our network, except when necessary to meet their specific service commitments. This enables one UPS driver to pick up customers’ shipments for any of our services at the same scheduled time each day. Compared to companies with single service network designs, our integrated network uniquely provides operational and capital efficiencies while being more environmentally-friendly. We offer same-day pickup of air and ground packages upon request. Customers can schedule pickups for one to five days a week, based on their specific needs. Additionally, our wholly-owned and partnered global network offers more than 150,000 entry points where customers can tender a package to us at a location or time convenient to them.",1494,Pollution & Waste,0.799,False
MCD_2017_0065,MCD,2017,"BUSINESSES HELD FOR SALE

Assets and liabilities of businesses held for sale on the consolidated balance sheet primarily consist of balances related to businesses in China and Hong Kong. In December 2016, the Company’s Board of Directors approved an agreement for the Company to sell its existing businesses in China and Hong Kong, which comprise over 
2,600
 restaurants, to a developmental licensee. Under the terms of the agreement, the Company will retain a 
20%
 ownership in the business. The Company expects to complete the sale and licensing transaction mid-year 2017, subject to satisfaction of customary conditions, including receipt of any regulatory approvals. Based on approval by the Board of Directors, the Company concluded that these markets were “held for sale” as of December 31, 2016 in accordance with the requirements of ASC 360 “Property, Plant and Equipment”. Accordingly, the Company has ceased recording depreciation expense with respect to the assets of the China and Hong Kong markets effective January 1, 2017. As of December 31, 2016, total assets relating to businesses in China and Hong Kong were 
$1.3 billion
, of which 
$217 million
 was current, and total liabilities were 
$592 million
, most of which was current.",1251,Non-ESG,0.8051,False
WAB_2015_0161,WAB,2015,"Management’s Report on Financial Statements and Practices

The accompanying consolidated financial statements of Westinghouse Air Brake Technologies Corporation and subsidiaries (the “Company”) were prepared by Management, which is responsible for their integrity and objectivity. The statements were prepared in accordance with U.S. generally accepted accounting principles and include amounts that are based on Management’s best judgments and estimates. The other financial information included in the 10-K is consistent with that in the financial statements. 

Management also recognizes its responsibility for conducting the Company’s affairs according to the highest standards of personal and corporate conduct. This responsibility is characterized and reflected in key policy statements issued from time to time regarding, among other things, conduct of its business activities within the laws of host countries in which the Company operates and potentially conflicting outside business interests of its employees. The Company maintains a systematic program to assess compliance with these policies.",1105,Business Ethics & Values,0.8052,False
AXP_2019_0030,AXP,2019,"Financial Regulatory Reform

The Dodd-Frank Wall Street Reform and Consumer Protection Act (Dodd-Frank) and the Federal Reserve’s implementing regulations impose heightened prudential requirements on bank holding companies with at least $50 billion in total consolidated assets, such as the Company, that are more stringent than those applicable to smaller bank holding companies. The Economic Growth, Regulatory Relief, and Consumer Protection Act (EGRRCPA), enacted in May 2018, preserves the fundamental elements of the post-Dodd-Frank regulatory framework, but, among other things, revises certain aspects of the U.S. financial regulatory regime for bank holding companies with less than $250 billion in total consolidated assets, such as the Company. Under Dodd-Frank, federal banking regulators were required to apply enhanced prudential standards to bank holding companies, such as the Company, with total consolidated assets of $50 billion or more. Following the enactment of EGRRCPA, effective November 2019, federal banking regulators will no longer be required to apply most Dodd-Frank enhanced prudential standards to bank holding companies, such as the Company, with total consolidated assets of $100 billion but less than $250 billion. For example, holding company resolution planning and company-run stress testing would no longer be mandatory and supervisory stress testing (which is currently conducted annually) would be conducted on a “periodic” basis.",1471,Non-ESG,0.8054,False
TMO_2021_0049,TMO,2021,"Consequently, some risk of environmental harm is inherent in our operations and products, as it is with other companies engaged in similar businesses. Our expenses for environmental requirements are incurred generally for ongoing compliance and historical remediation matters. Based on current information, we believe that these compliance costs are not material. For historical remediation obligations, our expenditures relate primarily to the cost of permitting, installing, and operating and maintaining groundwater-treatment systems and other remedial measures. Our Fair Lawn and Somerville, New Jersey facilities entered into administrative consent orders with the New Jersey Department of Environmental Protection in 1984 to maintain groundwater-remediation activities at these sites, and are currently under the State’s Licensed Site Remediation Professional Program. As the owner of the Fair Lawn facility, we are listed as a potentially responsible party for remediation within an area called the Fair Lawn Wellfields Superfund Site, and, in 2008, the company and certain other parties entered into a consent order with the USEPA to complete a Remedial Investigation/Feasibility Study. In 2018, the USEPA issued a Record of Decision, setting forth the scope of required remediation work at the site, which includes upgrading a water treatment plant to address constituents such as chlorinated organic compounds, 1,4-dioxane, and perfluorooctanoic acid/perfluorooctane sulfonate (PFOA/PFOS).",1499,Natural Capital,0.8056,False
KMB_2019_0091,KMB,2019,"Kimberly-Clark Corporation, et al., a California consumer class action relating to the sale of surgical gowns. In April 2017, the jury awarded the plaintiff class 
$3.9
 in compensatory damages and 
$350
 in punitive damages against us. During the first quarter of 2018, the Court reduced the punitive damages award to approximately 
$19
. As a result, the total compensatory and punitive damages plus pre-judgment interest awarded against Kimberly-Clark is approximately 
$25
. We intend to continue our vigorous defense of the Bahamas matter. We also have received subpoenas from the United States Department of Justice (DOJ) concerning allegations of potential criminal and civil violations of federal laws, including the Food, Drug, and Cosmetic Act, in connection with the manufacturing, marketing and sale of surgical gowns by our former health care business. We continue to produce documents and cooperate in this ongoing investigation. At this stage, we are unable to predict an outcome or estimate the potential range of outcomes to resolve this matter. Under the terms of the distribution agreement we entered into with Avanos in connection with the spin-off, Avanos is obligated to indemnify us for legal proceedings, claims and other liabilities primarily related to our former health care business. Avanos and Kimberly-Clark have each filed suits against the other seeking declaratory judgment regarding the scope of these indemnification obligations.",1464,Business Ethics & Values,0.8058,False
CF_2018_0013,CF,2018,"These transportation operations, equipment and services are subject to various hazards, including adverse operating conditions on the inland waterway system, extreme weather conditions, system failures, work stoppages, delays, accidents such as spills and derailments and other accidents and operating hazards. Additionally, due to the aging infrastructure of certain bridges, roadways, rail lines, river locks, and equipment that our third party service providers utilize, we may experience delays in both the receipt of raw materials or the shipment of finished product while repairs, maintenance or replacement activities are conducted. Also, certain third party service providers, particularly railroads, have experienced periodic service slowdowns due to capacity constraints in their systems, operational and maintenance difficulties and other events, which impact the shipping times of our products. These transportation operations, equipment and services are also subject to environmental, safety, and regulatory oversight. Due to concerns related to accidents, discharges or other releases of hazardous substances, terrorism or the potential use of fertilizers as explosives, governmental entities could implement new or more stringent regulatory requirements affecting the transportation of raw materials or finished products.",1336,Pollution & Waste,0.8094,False
META_2023_0068,META,2023,"We face design, manufacturing, and supply chain risks that, if not properly managed, could adversely impact our financial results. We face a number of risks related to design, manufacturing, and supply chain management with respect to our consumer hardware products. For example, the consumer hardware products we sell from time to time have had, and in the future may have, quality issues resulting from the design or manufacture of the products, or from the software used in the products. Sometimes, these issues may be caused by components we purchase from other manufacturers or suppliers. Our brand and financial results could be adversely affected by any such quality issues, other failures to meet our customers' expectations, or findings of our consumer hardware products to be defective. We rely on third parties to manufacture and manage the logistics of transporting and distributing our consumer hardware products, which subjects us to a number of risks that have been exacerbated as a result of the COVID-19 pandemic. We have experienced, and may in the future experience, supply or labor shortages or other disruptions in logistics and the supply chain, which could result in shipping delays and negatively impact our operations, product development, and sales.",1275,Non-ESG,0.815,False
PAYC_2020_0077,PAYC,2020,"Any inability to adequately address privacy concerns, even if unfounded, or comply with applicable privacy or data protection laws, regulations and policies, could result in additional cost and liability to us, damage our reputation, inhibit sales and adversely affect our business, operating results or financial condition. Furthermore, privacy concerns may cause our clients’ employees to resist providing the personal data necessary to allow our clients and their employees to use our applications effectively. Even the perception of privacy concerns, whether or not valid, may inhibit market adoption of our applications in certain industries. All of these legislative and regulatory initiatives may adversely affect the ability of our clients to process, handle, store, use and transmit demographic and personal information from their employees, which could reduce demand for our solution. If we are not able to develop enhancements and new applications, keep pace with technological developments or respond to future disruptive technologies, we might not remain competitive and our business could be adversely affected. Our continued success will depend on our ability to adapt and innovate. In order to attract new clients and increase revenues from existing clients, we need to enhance, add new features to and improve our existing applications and introduce new applications.",1384,Product Liability,0.8239,False
APTV_2018_0103,APTV,2018,"While we have environmental reserves of approximately 
$4 million
 at 
December 31, 2017
 for the cleanup of presently-known environmental contamination conditions, it cannot be guaranteed that actual costs will not significantly exceed these reserves. We also could be named as a potentially responsible party at additional sites in the future and the costs associated with such future sites may be material. In addition, environmental laws are complex, change frequently and have tended to become more stringent over time. While we have budgeted for future capital and operating expenditures to maintain compliance with environmental laws, we cannot assure that environmental laws will not change or become more stringent in the future. Therefore, we cannot assure that our costs of complying with current and future environmental and health and safety laws, and our liabilities arising from past or future releases of, or exposure to, hazardous substances will not adversely affect our business, results of operations or financial condition. For example, adoption of greenhouse gas rules in jurisdictions in which we operate facilities could require installation of emission controls, acquisition of emission credits, emission reductions, or other measures that could be costly, and could also impact utility rates and increase the amount we spend annually for energy.",1371,Climate Change,0.8284,False
MLM_2022_0143,MLM,2022,"Building Materials Business’ Key Considerations

section. SOAR to a Sustainable Future

Form 10-K  
♦
 
Page 35

 

Part II  
♦
  Item 7 – Management’s Discussion and Analysis of Financial Condition and Results of Operations

 

In considering business and employment diversity, the Company focuses its geographic footprint along significant transportation and commerce corridors, particularly where land is readily available for the construction of fulfillment and/or data centers. The retail sector (both e-commerce and brick and mortar) values transportation corridors, as logistics and distribution are critical considerations for construction supporting that industry. In addition, technology companies view these areas as attractive locations for data centers. Additionally, the Company considers a state’s financial position in determining the opportunities and attractiveness of areas for expansion or development. In this assessment, the Company reviews a state’s financial health rating, issued by S&P Global Ratings and where AAA is the highest score. The Company’s top ten revenue-generating states have been evaluated and scored a financial health rating of AA or AAA. The Company also reviews the state’s ability to secure additional infrastructure funding and financing.",1285,Community Relations,0.8295,False
META_2022_0003,META,2022,"We employ our Diverse Slate Approach in our global recruitment efforts, which ensures that teams and hiring managers have the opportunity to consider qualified people from underrepresented groups for open roles. We have seen steady increases in hiring rates of people from underrepresented groups since we started testing this approach in 2015. We also continue to develop inclusive internship programs, and Meta University, our training program for college freshmen and sophomores with an interest in Computer Science, also utilizes a proactive and inclusive approach to promote participation by people from underrepresented groups. To help build community among our people and support their professional development, we invest in our internal Meta Resource Groups and our annual Community events such as Women's 

Community Summit, Black Community Summit, Latin Community Summit, and Pride Community Summit. We also offer Managing Unconscious Bias, Managing Inclusion, Be the Ally, and other trainings to promote an inclusive workplace by helping people understand the issues that affect underrepresented communities and how to reduce the effects of bias in the workplace.",1174,Community Relations,0.8348,False
CAH_2022_0198,CAH,2022,"Industry participants, including us, rely on ethylene oxide (“EtO”) to sterilize certain medical products that we manufacture or distribute. Regulatory actions have been taken by certain environmental regulatory authorities to reduce EtO emissions during the sterilization and distribution process. If such measures become more widespread, we could experience increased costs to comply with reduced emissions standards and it is possible that we and other industry participants may be unable to effectively sterilize medical products, possibly resulting in industry-wide supply shortages or a reduction in surgical or medical procedures. Such increased costs or industry-wide reductions in surgical and medical procedures would have a negative impact on our Medical segment profit. Additionally, we have been named as a defendant in several lawsuits alleging personal injury as a result of EtO emissions. As a result of a notice of violation we received from an environmental regulator in Georgia, we are making specified changes to a replenishment center in that state. It is possible that these or future regulatory actions or lawsuits could adversely impact our ability to procure products to distribute, resulting in increased costs or industry supply disruptions. Our government contracts are subject to specific procurement requirements.",1343,Pollution & Waste,0.8416,False
HCA_2015_0095,HCA,2015,"Should we be found out of compliance with any of these laws, regulations or programs, depending on the nature of the
findings, our business, our financial position and our results of operations could be negatively impacted.",223,Business Ethics & Values,0.8451,False
SRE_2018_0220,SRE,2018,"See below under “
–
We have incurred significant indebtedness in connection with the Merger and will likely incur additional indebtedness related the Merger. As a result, it may be more difficult for us to pay or refinance our debts or take other actions, and we may need to divert cash to fund debt service payments.” Although the issuance of any equity securities is subject to market conditions and other factors, many of which are beyond our control, and we may in fact issue fewer shares of any equity securities than anticipated, the issuance of a substantial number of additional shares of our common stock (including shares issued upon conversion of our mandatory convertible preferred stock) will have the effect, and the issuance of additional equity securities may have the effect, of diluting the economic and voting interests of our shareholders. In addition, the issuance of additional shares of common stock (including shares issued upon conversion of our mandatory convertible preferred stock) without a commensurate increase in our consolidated earnings would dilute, and the issuance of additional equity securities could dilute, our earnings per common share. Any of the foregoing may have a material adverse effect on the market value of our common stock. We have 
incurred significant indebtedness in connection with the Merger and will likely incur additional indebtedness related to the Merger.",1417,Non-ESG,0.8464,False
UDR_2016_0527,UDR,2016,"The limited partners have no power to remove the Company as general partner of the DownREIT Partnership. The DownREIT Partnership is structured to make distributions in respect of DownREIT Units that will be equivalent to the distributions made to holders of the Company’s common stock. Subject to certain terms and conditions set forth in the DownREIT Partnership Agreement, limited partners in the DownREIT Partnership (other than the Company and its affiliates) have the right, commencing one year after the date of issuance, to tender their DownREIT Units for redemption for cash or, at the Company’s election, for shares of its common stock on a one-for-one basis (subject to the anti-dilution adjustments provided in the DownREIT Partnership Agreement). F - 38
UDR, INC.
NOTES TO CONSOLIDATED FINANCIAL STATEMENTS - (Continued)
DECEMBER 31, 2015",851,Corporate Governance,0.8468,False
UPS_2018_0044,UPS,2018,"Security processes, protocols and standards that we have implemented and contractual provisions requiring security measures that we may have sought to impose on such third-parties may not be sufficient or effective at preventing such events, which could result in unauthorized access to, or disruptions or denials of access to, or misuse of, information or systems that are important to our business, including proprietary information, sensitive or confidential data, and other information about our operations, customers, employees and suppliers, including personal information. Any of these events that impact our information technology networks or systems, or those of acquired businesses, franchisees, customers, service providers or other third-parties, could result in disruptions in our operations, the loss of existing or potential customers, damage to our brand and reputation, regulatory scrutiny, and litigation and potential liability for the company. Among other consequences, our customers’ confidence in our ability to protect data and systems and to provide services consistent with their expectations could be impacted, further disrupting our operations. Similarly, an actual or alleged failure to comply with applicable U.S. or foreign data protection regulations or other data protection standards may expose us to litigation, fines, sanctions or other penalties.",1382,Product Liability,0.8469,False
PAYX_2015_0060,PAYX,2015,"Our mission is to be the leading provider of payroll, human resource, and employee benefits services for small- and mid-sized companies by being an essential partner with America's businesses. We believe success in this mission will lead to strong long-term financial performance. Our strategy focuses on flexible, convenient service; industry-leading, integrated technology; solid sales execution; providing a comprehensive suite of value-added HCM services; continued service penetration; and engaging in strategic acquisitions. We continue to drive growth in clients, revenue, and profits. We are managing our personnel costs and expenses while continuing to invest in our business, particularly in leading-edge technology. We believe these investments are critical to our success. Looking to the future, we believe that investing in our products, people, and service capabilities will position us to capitalize on opportunities for long-term growth. Our financial results for 
fiscal 2015
 reflected sustained growth in our business. Payroll service revenue continued to experience steady growth of 
4%
 for 
fiscal 2015
 as compared with 
fiscal 2014
, driven by growth in revenue per check and clients. We achieved a milestone of $1 billion of HRS revenue for fiscal 2015, as strong demand for our comprehensive human resource outsourcing solutions drove double-digit growth. Our sales execution was strong as we achieved significant growth in new annualized revenue.",1473,Human Capital,0.8478,False
BIIB_2020_0309,BIIB,2020,"Share Repurchase Programs

In December 2019 our Board of Directors authorized our December 2019 Share Repurchase Program, which is a program to repurchase up to $5.0 billion of our common stock. Our December 2019 Share Repurchase Program does not have an expiration date. All share repurchases under our December 2019 Share Repurchase Program will be retired. We did not repurchase shares of our common stock under our December 2019 Share Repurchase Program during the year ended 
December 31, 2019
. In March 2019 our Board of Directors authorized our March 2019 Share Repurchase Program, which is a program to repurchase up to 
$5.0 billion
 of our common stock. Our March 2019 Share Repurchase Program does not have an expiration date. All share repurchases under our March 2019 Share Repurchase Program will be retired. Under our March 2019 Share Repurchase Program, we repurchased and retired approximately 
14.7 million
 shares of our common stock at a cost of approximately 
$3.7 billion
 during the year ended 
December 31, 2019
. In August 2018 our Board of Directors authorized our 2018 Share Repurchase Program, which was a program to repurchase up to 
$3.5 billion
 of our common stock. Our 2018 Share Repurchase Program was completed as of June 30, 2019. All share repurchases under our 2018 Share Repurchase Program were retired.",1343,Non-ESG,0.8508,False
A_2016_0148,A,2016,"For the years ended October 31, 

, 

 and 

 we repurchased 
2.4 million
 shares for 
$98 million
, 
6 million
 shares for 
$267 million
 and 
4 million
 shares for 
$200 million
, respectively. All such shares and related costs are held as treasury stock and accounted for using the cost method. On May 28, 2015 we announced that our board of directors had approved a new share repurchase program (the ""2015 repurchase program""). The 2015 share repurchase program authorizes the purchase of up to 
$1.14 billion
 of our common stock through and including November 1, 2018. The 2015 repurchase program does not require the company to acquire a specific number of shares and may be suspended or discontinued at any time. During the year ended 
October 31, 2016
, upon the completion of our previous repurchase program, we repurchased approximately 
8.3 million
 shares for 
$336 million
 under this authorization. All such shares and related costs are held as treasury stock and accounted for using the cost method. As of 
October 31, 2016
, we had remaining authorization to repurchase up to 
$804 million
 of our common stock under this program. Dividends
 For the years ended 
October 31, 2016
, 

 and 

 cash dividends of 
$150 million
, 
$133 million
 and 
$176 million
 were paid on the company's outstanding common stock, respectively.",1343,Non-ESG,0.8612,False
DECK_2024_0075,DECK,2024,"While we have experienced stable pricing in recent years, fluctuations in the price of sheepskin could occur as a result of any factors that increase the demand for, or decrease the supply of, sheepskin, including weather patterns, supply conditions, energy prices, work stoppages, increased logistics costs, government regulation, sanctions and policy, economic climates, market speculation, compliance with our standards, harvesting decisions, incidence of disease, the price of other commodities, such as wool and leather, the demand for our products and the products of our competitors, and global economic conditions, any of which would increase our manufacturing costs and reduce our gross margin. The impacts of any of these factors may be exacerbated by global climate change. While we use purchasing contracts and other pricing arrangements to reduce the effect of sheepskin price fluctuations on our results of operations, we may be unable to offset the negative effect of a prolonged increase in such prices on our results of operations. In that event, it is unlikely we would be able to adjust our product prices sufficiently to eliminate the effect on our gross margin and our financial results may suffer. In addition, our industry is characterized by rapidly changing fashion trends and consumer preferences, and we believe there is a growing trend to eliminate the use of certain animal products, most notably fur, in footwear, apparel, and accessories.",1469,Climate Change,0.8643,False
WAT_2021_0070,WAT,2021,"During 2020, 2019 and 2018, the Company repurchased 

0.8 million, 11.1 million and 6.8 million shares of the Company’s outstanding common stock at a cost of $167 million, $2.5 billion and $1.3 billion, respectively, under authorized share repurchase programs. As of December 31, 2020, the Company has a total of $1.5 billion authorized for future repurchases. In December 2020, the Company’s Board of Directors authorized the extension of the share repurchase program through January 21, 2023. While the Company believes that it has the financial flexibility to fund these share repurchases given current cash and investment levels and debt borrowing capacity, as well as to invest in research, technology and business acquisitions to further grow the Company’s sales and profits, the Company has temporarily suspended its share repurchases due to the uncertain business conditions caused by 
the COVID-19 pandemic.",916,Non-ESG,0.865,False
ORLY_2019_0026,ORLY,2019,"The marketing strategy we employ is highly effective and has led to a measurable increase in awareness of the O’Reilly Brand across our geographic footprint. We utilize a combination of brand, product and price messaging to drive retail traffic and purchases, which frequently coincide with key sales events. We also utilize a problem-resolution communication strategy, which encourages vehicle owners to perform regular maintenance on their vehicles, protecting their long-term automotive investment and establishing O’Reilly as their partner for auto parts needs. To stimulate sales among racing enthusiasts, who we believe individually spend more on automotive products than the general public, we sponsored multiple nationally-televised races and over 

 grassroots, local and regional motorsports events throughout 

 states during 

. We were the title sponsor of 
two
 National Association for Stock Car Racing (NASCAR) National series events, in 2018. During the fall and winter months, we strategically sponsor National Collegiate Athletic Association (“NCAA”) basketball. Our relationships with over 

 NCAA teams and tournaments have resulted in prominently displayed O’Reilly logos on TV-visible signs throughout the season. We target Spanish-speaking auto parts customers through marketing efforts that include the use of Spanish language radio, print, and outdoor advertising, as well as sponsorships of local and regional festivals and events.",1458,Community Relations,0.866,False
REGN_2023_0232,REGN,2023,"Any such termination, revocation, or revision of an EUA could adversely impact our business in a variety of ways, including by having to absorb related manufacturing and overhead costs as well as potential inventory write-offs if regulatory approval is not obtained timely or at all. For example, we have recorded a charge to write down inventory related to REGEN-COV as described in Part II, Item 7. ""Management's Discussion and Analysis of Financial Condition and Results of Operations - Results of Operations.""
In addition to the FDA and other regulatory agency regulations in the United States, we are subject to a variety of foreign regulatory requirements governing human clinical trials, manufacturing, marketing and approval of drugs, and commercial sale and distribution of drugs in foreign countries. The foreign regulatory approval process is similarly a lengthy and expensive process, the result of which is highly uncertain, and foreign regulatory requirements include all of the risks associated with FDA approval as well as country specific regulations. We and our collaborators must maintain regulatory compliance for the products we or they commercialize in foreign jurisdictions. From time to time, we may hold a product's marketing approval in a jurisdiction outside the United States where we may have less experience and where our regulatory capabilities may be more limited.",1396,Non-ESG,0.8661,False
CTRA_2018_0005,CTRA,2018,"Drilling natural gas and oil wells is a high-risk activity. Our growth is materially dependent upon the success of our drilling program. Drilling for natural gas and oil involves numerous risks, including the risk that no commercially productive natural gas or oil reservoirs will be encountered. The cost of drilling, completing and operating wells is substantial and uncertain, and drilling operations may be curtailed, delayed or canceled as a result of a variety of factors beyond our control, including:
•
decreases in natural gas and oil prices;
•
unexpected drilling conditions, pressure or irregularities in formations;
•
equipment failures or accidents;
•
adverse weather conditions;
•
surface access restrictions;
•
loss of title or other title related issues;
•
lack of available gathering or processing facilities or delays in the construction thereof;
•
compliance with, or changes in, governmental requirements and regulation, including with respect to wastewater disposal, discharge of greenhouse gases and fracturing; and
•
costs of shortages or delays in the availability of drilling rigs or crews and the delivery of equipment and materials. Our future drilling activities may not be successful and, if unsuccessful, such failure will have an adverse effect on our future results of operations and financial condition. Our overall drilling success rate or our drilling success rate within a particular geographic area may decline.",1448,Pollution & Waste,0.8695,False
BXP_2016_0053,BXP,2016,"Potential liability for environmental contamination could result in substantial costs. Under federal, state and local environmental laws, ordinances and regulations, we may be required to investigate and clean up the effects of releases of hazardous or toxic substances or petroleum products at or migrating from our properties simply because of our current or past ownership or operation of the real estate. If unidentified environmental problems arise, we may have to make substantial payments, which could adversely affect our cash flow and our ability to make distributions to our securityholders, because: as owner or operator we may have to pay for property damage and for investigation and clean-up costs incurred in connection with the contamination; the law typically imposes clean-up responsibility and liability regardless of whether the owner or operator knew of or caused the contamination; even if more than one person may be responsible for the contamination, each person who shares legal liability under the environmental laws may be held responsible for all of the clean-up costs; and governmental entities and third parties may sue the owner or operator of a contaminated site for damages and costs. These costs could be substantial and in extreme cases could exceed the amount of our insurance or the value of the contaminated property. We currently carry environmental insurance in an amount and subject to deductibles that we believe are commercially reasonable.",1483,Pollution & Waste,0.8706,False
HCA_2022_0051,HCA,2022,"Competition

Generally, other hospitals in the communities we serve provide services similar to those offered by our hospitals. Additionally, the number of freestanding specialty hospitals, surgery centers, emergency departments, 

urgent care centers and diagnostic and imaging centers in the geographic areas in which we operate continues to increase. As a result, most of our hospitals operate in a highly competitive environment. In some cases, competing facilities are more established than our hospitals. Some competing facilities are physician-owned or are owned by 
tax-supported
 government agencies and many others are owned by 
not-for-profit
 entities that may be supported by endowments, charitable contributions and/or tax revenues and are exempt from sales, property and income taxes. Such exemptions and support are not available to our hospitals and may provide the 
tax-supported
 or 
not-for-profit
 entities an advantage in funding capital expenditures. In certain localities there are large teaching hospitals that provide highly specialized facilities, equipment and services that may not be available at most of our hospitals. We also face competition from specialty hospitals and from both our own and unaffiliated freestanding ASCs for market share in certain high margin services.",1306,Community Relations,0.8716,False
BEN_2021_0080,BEN,2021,"Moreover, our emerging market portfolios and revenues derived from managing these portfolios are subject to significant risks of loss from financial, economic, political and diplomatic developments, currency fluctuations, social instability, changes in governmental policies, expropriation, nationalization, asset confiscation and changes in legislation related to non-U.S. ownership. International trading markets, particularly in some emerging market countries, are often smaller, less liquid, less regulated and significantly more volatile than those in the U.S. Any ongoing and future business, economic, political or social unrest affecting these markets, in addition to any direct consequences such unrest may have on our personnel and facilities located in the affected area, also may have a lasting impact on the long-term investment climate in these and other areas and, as a result, our AUM and the corresponding revenues and income that we generate from them may be negatively affected.",997,Non-ESG,0.8781,False
STT_2019_0638,STT,2019,"Net income

2,177
 
 
 
 
 
 
 
2,177
Other comprehensive income
 
 
 
 
 
 
 
 
 
 
1,031
 
 
 
 
 
1,031
Cash dividends declared:
 
 
 
 
 
 
 
 
 
 
 
 
 
 
 
 
 
  Common stock - $1.60 per share
 
 
 
 
 
 
 
 
(596
)
 
 
 
 
 
 
 
(596
)
  Preferred stock
 
 
 
 
 
 
 
 
(182
)
 
 
 
 
 
 
 
(182
)
Common stock acquired
 
 
 
 
 
 
 
 
 
 
 
 
16,788
 
(1,450
)
 
(1,450
)
Common stock awards vested

(2,503
)

Other

(2
)

(1
)
 
(2
)",442,Non-ESG,0.8793,False
CDW_2019_0067,CDW,2019,"We expect to continue to pay a cash dividend on our common stock, currently at the rate of 
$0.295
 per share per quarter, or 
$1.18
 per share per annum. However, any determination to pay dividends in the future will be at the discretion of our Board of Directors. Any determination to pay dividends on, or repurchase, shares of our common stock in the future will depend upon our results of operations, financial condition, business prospects, capital requirements, contractual restrictions, any potential indebtedness we may incur, restrictions imposed by applicable law, tax considerations and other factors our Board of Directors deems relevant. In addition, our ability to pay dividends on, or repurchase, shares of our common stock will be limited by restrictions on our ability to pay dividends or make distributions to our stockholders and on the ability of our subsidiaries to pay dividends or make distributions to us, in each case, under the terms of our current and any future agreements governing our indebtedness. There can be no assurance that we will continue to pay a dividend at the current rate or at all or that we will repurchase shares of our common stock. If we do not pay dividends in the future, realization of a gain on your investment will depend entirely on the appreciation of the price of our common stock, which may never occur.",1360,Corporate Governance,0.8798,False
WY_2016_0031,WY,2016,"WHERE WE DO IT

Our timberlands assets are located primarily in North America. In the U.S. we own and manage sustainable timberlands in nine states for use in wood products and pulp and paper manufacturing. We own or lease:
•
4.0 million
 acres in the southern U.S. (Alabama, Arkansas, Louisiana, Mississippi, North Carolina, Oklahoma and Texas); and
•
2.6 million
 acres in the Pacific Northwest (Oregon and Washington).
We also own and operate nurseries and seed orchards in Washington, Oregon, South Carolina and Georgia
.
Our international operations are located in Uruguay, where we own 
298,000
 acres and have long-term leases on 
25,000
 acres. In Canada, we manage timberlands under long-term licenses that provide raw material for our manufacturing facilities. These licenses are in Alberta, British Columbia, Ontario (license is managed by partnership) and Saskatchewan.
Our total timber inventory — including timber on owned and leased land— is approximately 
350 million
 cubic meters. The amount of timber inventory does not translate into an amount of lumber or panel products because the quantity of end products:
•
varies according to the species, size and quality of the timber; and
•
will change through time as the mix of these variables adjust.",1265,Natural Capital,0.8837,False
CRL_2022_0310,CRL,2022,"In connection with the establishment of the DCP, certain active ESLIRP participants, who agreed to convert their accrued ESLIRP benefit to a comparable deferred compensation benefit, discontinued their direct participation in the ESLIRP. Instead, the present values of the accrued benefits of ESLIRP participants were credited to their DCP accounts, and future accruals are converted to present values and credited to their DCP accounts annually. In fiscal year 2020, one executive officer, who converted their ESLIRP benefit into the DCP, retired resulting in lump sum payment of 
$
8.1
 million
. Upon settlement of this pension liability, the Company recognized a non-cash settlement charge of 
$
2.1
 million
 related to pension losses, reclassified from accumulated other comprehensive loss on the consolidated balance sheet, to other expense in the consolidated statements of income. The net periodic benefit cost associated with these plans for fiscal years 2021, 2020 and 2019 totaled $
4.3
 million, $
5.7
 million and $
2.5
 million, respectively. The Company has invested in several corporate-owned key-person life insurance policies with the intention of using these investments to fund the ESLIRP and the DCP. Participants have no interest in any such investments. As of December 25, 2021 and December 26, 2020, the cash surrender value of these life insurance policies were
 $
51.0
 million
 and 
$
43.8
 million,
 respectively. CHARLES RIVER LABORATORIES INTERNATIONAL, INC.",1489,Corporate Governance,0.8839,False
RJF_2022_0006,RJF,2022,"Guidance from the Fed also provides that RJF would need to inform the Fed in advance of repurchasing common stock in certain prescribed situations, such as if it were experiencing, or at risk of experiencing, financial weaknesses or considering expansion, either through acquisitions or other new activities, or if the repurchase would result in a net reduction in common equity over a quarter. Further, Fed guidance indicates that, pursuant to the Fed’s general supervisory and enforcement authority, Fed supervisory staff should prevent a BHC from repurchasing its common stock if such action would be inconsistent with the BHC’s prospective capital needs and safe and sound operation.",687,Corporate Governance,0.8842,False
CME_2019_0261,CME,2019,"In the event of a firm default, the total liquidation net gain or loss on the firm's offsetting open positions and the proceeds from the liquidation of the performance bond collateral held by each clearing house's supporting offsetting positions would be divided evenly between CME and FICC. Additionally, if, after liquidation of all the positions and collateral of the defaulting firm at each respective clearing organization, and taking into account any cross-margining loss sharing payments, any of the participating clearing organizations has a remaining liquidating surplus, and any other participating clearing organization has a remaining liquidating deficit, any additional surplus from the liquidation would be shared with the other clearing house to the extent that it has a remaining liquidating deficit. Any remaining surplus funds would be passed to the bankruptcy trustee. The company believes that the guarantee liability is immaterial and therefore has not recorded any liability at 
December 31, 2018
. Each CME clearing firm for futures and options is required to deposit and maintain specified guaranty fund contributions in the form of cash or approved securities.",1185,Non-ESG,0.885,False
HUM_2021_0287,HUM,2021,"Stock-Based Compensation

We generally recognize stock-based compensation expense, as determined on the date of grant at fair value, on a straight-line basis over the period during which an employee is required to provide service in exchange for the award (the vesting period). In addition, for awards with both time and performance-based conditions, we generally recognize compensation expense on a straight line basis over the vesting period when it is probable that the performance condition will be achieved. We estimate expected forfeitures and recognize compensation expense only",585,Non-ESG,0.8889,False
ZTS_2023_0025,ZTS,2023,"United Kingdom

. The U.K. is no longer a member of the EU and the making, updating and enforcing of U.K. legislation for Veterinary Medicinal products is the responsibility of the U.K.’s Veterinary Medicine Directorate (VMD) agency. China. The Ministry of Agriculture and Rural Affairs (MARA), a ministerial-level component of the State Council, drafts and implements policies related to agriculture, rural areas and rural residents, and regulates crop farming, animal husbandry, fisheries, agriculture mechanization and the quality of agriculture products. MARA is also the regulatory body responsible for the regulation and control of pharmaceuticals, biologicals and medicated feed additives for animal use. Regulatory requirements in China have become increasingly stringent, with MARA recently issuing new regulations and changes to the regulatory review process. Brazil. The Ministry of Agriculture, Livestock and Food Supply (MAPA) is the regulatory body in Brazil that is responsible for the regulation and control of pharmaceuticals, biologicals and medicated feed additives for animal use. MAPA's regulatory activities are conducted through the Secretary of Agricultural Defense and its Livestock Products Inspection Department. In addition, regulatory activities are conducted at a local level through the Federal Agriculture Superintendence.",1354,Community Relations,0.8894,False
SNA_2022_0100,SNA,2022,"Fiscal 2020 as Compared to Fiscal 2019

A discussion regarding our financial condition and results of operations for fiscal 2020 compared to fiscal 2019 can be found under “Part II, Item 7: Management’s Discussion and Analysis of Financial Condition and Results of Operations,” in our Annual Report on the Form 10-K for the fiscal year ended January 2, 2021, which was filed with the SEC on February 11, 2021, and is available on the SEC’s website at 
www.sec.gov
 as well as in the “Investors” section of our corporate website at 
www.snapon.com
.",548,Non-ESG,0.8912,False
EQR_2019_0017,EQR,2019,"The occurrence of cyber incidents, or a deficiency in our cybersecurity, could negatively impact our business by causing a disruption to our operations, a compromise or corruption of our confidential information, and/or damage to our reputation and business relationships, all of which could negatively impact our financial results. A cyber incident is an intentional attack or an unintentional event that can include gaining unauthorized access to systems to disrupt payment collections and operations, corrupt data or steal confidential information, including information regarding our residents, prospective residents, employees and employees’ dependents. Despite system redundancy, the implementation of security measures, required employee awareness training and the existence of a disaster recovery plan for our internal information technology systems, our systems and systems maintained by third party vendors with which we do business are vulnerable to damage from any number of sources. We face risks associated with security breaches, whether through cyber attacks or cyber intrusions over the Internet, malware, computer viruses, attachments to emails, phishing attempts or other scams, persons inside our organization or persons/vendors with access to our systems and other significant disruptions of our information technology networks and related systems, including property infrastructure.",1404,Product Liability,0.8923,False
WDC_2016_0274,WDC,2016,"The judgment specifies levy amounts on certain products sold from January 2008 through December 2010 and directs WD Germany to provide applicable sales data to ZPÜ. The exact amount of the judgment has not been determined. ZPÜ and WD Germany filed appeals with the German Federal Court of Justice in February 2015. The Company intends to defend itself vigorously in this matter. In December 2014, ZPÜ submitted a pleading to the CAB seeking copyright levies for multimedia hard drives, external hard drives and network hard drives sold or introduced into commerce in Germany by WD Germany between January 2012 and December 2013. The Company intends to defend itself vigorously in this matter. The Company has recorded an accrual for German copyright levies in an amount that is not material to the Company’s financial position, results of operations or cash flows. It is reasonably possible that the Company may incur losses totaling up to 
$123 million
, including the amounts accrued. In the normal course of business, the Company is subject to other legal proceedings, lawsuits and other claims. Although the ultimate aggregate amount of probable monetary liability or financial impact with respect to these other matters is subject to many uncertainties, management believes that any monetary liability or financial impact to the Company from these other matters, individually and in the aggregate, would not be material to the Company’s financial condition, results of operations or cash flows.",1499,Non-ESG,0.8935,False
NRG_2023_0447,NRG,2023,"Employee Stock Purchase Plan
 — The Company offers participation in the ESPP, which allows eligible employees to elect to withhold between 

% and 

% of their eligible compensation to purchase shares of NRG common stock at the lesser of 

% of its market value on the offering date or 

% of the fair market value on the exercise date. An offering date will occur each April 1 and October 1. An exercise date will occur each September 30 and March 31. As of December 31, 2021, there remained 
2,493,374
 shares of treasury stock reserved for issuance under the ESPP. Share Repurchases
In December 2021, the Company announced that the Board of Directors authorized $

 billion for share repurchases as part of NRG’s Capital Allocation policy. The program began with $

 million of repurchases in December 2021, and an incremental $

 million was repurchased in 2022. The balance of $

 million under the current program is expected to be repurchased in 2023, subject to the availability of excess cash and full visibility of the achievement of the Company's 2023 targeted credit metrics. In October 2022, the Company announced its 2023 capital allocation plan which, consistent with NRG's stated strategy of returning 

% of cash available for allocation to shareholders, included $

 million incremental share repurchases to be completed in 2023.",1347,Corporate Governance,0.8957,False
GRMN_2024_0030,GRMN,2024,"Environmental Matters

Garmin’s operations are subject to various environmental laws, including laws addressing air and water pollution and management of hazardous substances and wastes. Substantial noncompliance with applicable environmental laws could have a material adverse effect on our business. Capital expenditures for environmental controls are included in our normal capital budget. Historically, capital expenditures associated with environmental controls have not been material and compliance with environmental laws has not had a material impact on the Company’s competitive position. Many of Garmin's products are subject to laws relating to the chemical and material composition of our products and their energy efficiency. Garmin is also subject to extended producer responsibility laws and regulations requiring manufacturers to be responsible for collection, recovery, and recycling of wastes from certain electronic products. Historically, compliance with environmental laws has not had a material impact on our profitability. We have processes to monitor environmental law changes and to evaluate the potential impact of such laws to our business, but the impact of future enactment of environmental laws cannot yet be fully determined and could be substantial. Garmin has a global environmental policy and is committed to protecting the environment throughout various aspects of our business.",1413,Pollution & Waste,0.8965,False
FDX_2023_0033,FDX,2023,"Operations

FedEx Express’s primary sorting facility, located in Memphis, serves as the center of the company’s multiple hub-and-spoke system. A second national hub facility is located in Indianapolis. We are making investments over multiple years in our facilities to expand and modernize our Indianapolis hub and modernize our Memphis World Hub. See the “Financial Condition — Liquidity Outlook” section of “Item 7. Management’s Discussion and Analysis of Results of Operations and Financial Condition” of this Annual Report for more information. In addition to these national hubs, FedEx Express operates regional hubs in Fort Worth, Newark, Oakland, and Greensboro and major metropolitan sorting facilities in Chicago and Los Angeles. Facilities in Anchorage, Paris, Cologne, Guangzhou, and Osaka serve as sorting facilities for express package and freight traffic moving to and from Asia, Europe, and North America. Additional major sorting and freight handling facilities are located at Narita Airport in Tokyo and Stansted Airport outside London. The facilities in Paris, Cologne, Guangzhou, and Osaka are also designed to serve as regional hubs for their respective market areas. A facility in Miami — the Miami Gateway Hub — serves our South Florida, Latin American, and Caribbean markets. A central air hub near Liege, Belgium connects specific large European markets.",1378,Non-ESG,0.9021,False
AWK_2016_0095,AWK,2016,"Our continued success is dependent upon our ability to hire, retain, and utilize qualified personnel.

The success of our business is dependent upon our ability to hire, retain, and utilize qualified personnel, including engineers, craft personnel, and corporate management professionals who have the required experience and expertise. From time to time, it may be difficult to attract and retain qualified individuals with the expertise and in the timeframe demanded for our business needs. In certain geographic areas, for example, we may not be able to satisfy the demand for our services because of our inability to successfully hire and retain qualified personnel.

In addition, as some of our key personnel approach retirement age, we need to have appropriate succession plans in place and to successfully implement such plans. If we cannot attract and retain qualified personnel or effectively implement appropriate succession plans, it could have a material adverse impact on our business, financial condition, results of operations and cash flows.",1056,Human Capital,0.9049,False
C_2017_1108,C,2017,"On June 3, 2015, an action captioned ALLEN v. BANK OF AMERICA CORPORATION, ET AL. was brought in the United States District Court for the Southern District of New York against Citigroup, as well as numerous other foreign exchange dealers. The plaintiffs seek to represent a putative class of participants, beneficiaries, and named fiduciaries of qualified Employee Retirement Income Security Act (ERISA) plans for whom a defendant provided foreign exchange transactional services or authorized or permitted foreign exchange transactional services involving a plan’s assets in connection with its exercise of authority or control regarding an ERISA plan. The plaintiffs allege violations of ERISA, and seek compensatory damages, restitution, disgorgement and declaratory and injunctive relief. On April 6, 2016, the plaintiffs filed a second amended class action complaint against numerous foreign exchange dealers, including Citigroup and Citibank. On April 15, 2016, the settling defendants in IN RE FOREIGN EXCHANGE BENCHMARK RATES ANTITRUST LITIGATION moved to enjoin the ALLEN action pending final settlement approval in IN RE FOREIGN EXCHANGE BENCHMARK RATES ANTITRUST LITIGATION. On June 1, 2016, the court granted the motion in part as to claims based on collusive conduct and directed plaintiffs to file a separate pleading for claims based exclusively on non-collusive conduct. The plaintiffs filed a third amended complaint on July 15, 2016.",1451,Business Ethics & Values,0.9075,False
NI_2021_0291,NI,2021,"We will continue to monitor changing circumstances and will adjust our allowance for credit losses as additional information becomes available.
 
4. Variable Interest Entities
A VIE is an entity in which the controlling interest is determined through means other than a majority voting interest. The primary beneficiary of a VIE is the business enterprise which has the power to direct the activities of the VIE that most significantly impact the VIE’s economic performance. Also, the primary beneficiary either absorbs a significant amount of the VIE’s losses or has the right to receive benefits that could be significant to the VIE. We consider these qualitative elements in determining whether we are the primary beneficiary of a VIE, and we consolidate those VIEs for which we are determined to be the primary beneficiary. Rosewater (a joint venture) owns and operates 

 MW of nameplate capacity wind generation assets. Members of the joint venture are NIPSCO (who is the managing member) and a tax equity partner. Earnings, tax attributes and cash flows are allocated to both NIPSCO and the tax equity partner in varying percentages by category and over the life of the partnership. Once the tax equity partner has earned their negotiated rate of return and we have reached the agreed upon contractual date, NIPSCO has the option to purchase at fair market value from the tax equity partner the remaining interest in the aforementioned joint venture.",1457,Non-ESG,0.9078,False
AMGN_2024_0048,AMGN,2024,"We currently have orphan medicinal product designation for BLINCYTO in the EU and intend to seek medicinal product designation for a number of our products in the future. Other countries such as those in Latin America and the Middle East have review processes and data requirements similar to those of the EU and in some cases can rely on prior marketing approval from U.S. or EU regulatory authorities. The regulatory process in these countries may include manufacturing/testing facility inspections, testing of drug product upon importation and other domestic requirements. In Asia Pacific, a number of countries such as China, Japan, South Korea and Taiwan may require local clinical-trial data for bridging purposes as part of the drug registration process in addition to global clinical trials, which can add to overall drug development and registration timelines. In most of the Asian markets, registration timelines depend on marketing approval in the United States or the EU. In some markets in Asia, such as China, Indonesia and Thailand, regulatory timelines can be less predictable. The regulatory process may also include manufacturing/testing facility inspections, testing of drug product upon importation and other domestic requirements. Countries such as Australia and Japan have more-mature systems that would allow for submissions under more-competitive time frames.",1383,Non-ESG,0.9083,False
PLD_2022_0167,PLD,2022,"We adjust the total Property NOI from the same store portfolio of the co-investment ventures by subtracting the third parties’ share of both consolidated and unconsolidated co-investment ventures
. During the periods presented, certain wholly owned properties were contributed to a co-investment venture and are included in the same store portfolio. Neither our consolidated results nor those of the co-investment ventures, when viewed individually, 

would be comparable on a same store basis because of the changes in composition of the respective portfolios from period to period (e.g. the results of a contributed property are included in our consolidated results through the contribution date and in the results of the venture subsequent to the contribution date based on our ownership interest at the end of the period). As a result, only line items labeled “Prologis Share of Same Store Property NOI” are comparable period over period.

 

(3)

We further remove certain noncash items (straight-line rent and amortization of fair value lease adjustments) included in the financial statements prepared in accordance with U.S. GAAP to reflect a Same Store Property NOI – Cash measure. We manage our business and compensate our executives based on the same store results of our O&M portfolio at 100% as we manage our portfolio on an ownership blind basis. We calculate those results by including 100% of the properties included in our same store portfolio.",1460,Non-ESG,0.9087,False
ADM_2023_0059,ADM,2023,"The Company is exposed to potential business disruption which could adversely affect the Company’s operating results. The assets and operations of the Company could be subject to unplanned downtime or extensive property damage and business disruption from various events which include, but are not limited to, equipment failure, raw material shortages, natural disasters, severe weather conditions, accidents, explosions, fires, or other unexpected outages. ADM is committed to resiliency but these efforts may not resolve emergencies timely or effectively, and the associated liability which could result from these risks may not always be covered by or could exceed liability insurance. The Company’s operations rely on dependable and efficient transportation services, the disruption of which could result in difficulties supplying materials to the Company’s facilities and impair the Company’s ability to deliver products to its customers in a timely manner. The Company relies on access to navigable rivers and waterways in order to fulfill its transportation obligations more effectively. In addition, if certain non-agricultural commodity raw materials, such as water or certain chemicals used in the Company’s processing operations, are not available, the Company’s business could be disrupted. Any major lack of available water for use in certain of the Company’s processing operations could have a material adverse impact on operating results.",1453,Natural Capital,0.9098,False
KKR_2020_0174,KKR,2020,"We and our funds have made investments in companies that we do not control, exposing us to the risk of decisions made by others with which we may not agree. We and our funds hold investments that include debt instruments and equity securities of companies that we do not control, and such investments may comprise an increasing part of our business. Such instruments and securities may be acquired by our funds through trading activities or through purchases of securities from the issuer or we may purchase such instruments and securities on a principal basis. In addition, our funds may acquire minority equity interests, particularly when making private equity investments in Asia, making growth equity investments or sponsoring investments as part of an investor consortium or through many of our credit funds. Our funds may also dispose of a portion of their majority equity investments in portfolio companies over time in a manner that results in the funds retaining a minority investment. We and our funds, including our newer private equity funds, have made certain minority investments in publicly traded companies. We have also made minority investments in companies including hedge fund managers on our balance sheet. For example, we have investments in Marshall Wace, BlackGold and PAAMCO Prisma. We also have investments in real estate managers like Drawbridge Realty.",1381,Non-ESG,0.9104,False
IQV_2015_0058,IQV,2015,"Process and IT Implementation Consulting.
 Realizing that strategy is only as good as how effectively it is implemented, we both
design highly executable strategies and help implement them. Our consultants help customers optimize clinical and business processes to accelerate timelines and eliminate waste. Change management experts help implement new processes and
organizational initiatives. Finally, we develop technology and information technology, or IT, strategies and help ensure their successful implementation.",519,Pollution & Waste,0.912,False
MGM_2018_0256,MGM,2018,"Balances, December 31, 2015

564,839

 

 

 

5,648

 

 

 

5,655,886

 

 

 

(555,629

)

 

 

14,022

 

 

 

5,119,927

 

 

 

2,644,500

 

 

 

7,764,427

 

Net income

 

 

—

 

 

 

—

 

 

 

—

 

 

 

1,101,440

 

 

 

—

 

 

 

1,101,440

 

 

 

134,902

 

 

 

1,236,342

 

Currency translation adjustment

 

 

—

 

 

 

—

 

 

 

—

 

 

 

—

 

 

 

(1,477

)

 

 

(1,477

)

 

 

(1,203

)

 

 

(2,680

)

Stock-based compensation

 

 

—

 

 

 

—

 

 

 

51,460

 

 

 

—

 

 

 

—

 

 

 

51,460

 

 

 

4,147

 

 

 

55,607

 

Issuance of common stock pursuant to

   stock-based compensation awards

 

 

2,225

(30,065

)

 

 

—

 

 

 

—

 

 

 

(30,043

)

 

 

—

 

 

 

(30,043

)

Issuance of performance share units

 

 

—

 

 

 

—

 

 

 

5,817

 

 

 

—

 

 

 

—

 

 

 

5,817

 

 

 

—

 

 

 

5,817

 

Cash distributions to noncontrolling

   interest owners

 

 

—

 

 

 

—

 

 

 

—

 

 

 

—

 

 

 

—

 

 

 

—

 

 

 

(103,457

)

 

 

(103,457

)

MGM Growth Properties IPO

 

 

—

 

 

 

—

 

 

 

(150,414

)

 

 

—

 

 

 

—

 

 

 

(150,414

)

 

 

1,334,252

 

 

 

1,183,838

 

MGP dividend payable to Class A

   shareholders

 

 

—

 

 

 

—

 

 

 

—

 

 

 

—

 

 

 

—

 

 

 

—

 

 

 

(22,281

)

 

 

(22,281

)

MGM China common stock acquisition

 

 

7,060

127,146

 

 

 

—

 

 

 

1,074

 

 

 

128,291

 

 

 

(270,903

)

 

 

(142,612

)

Borgata transaction

 

 

—

 

 

 

—

 

 

 

(18,385

)

 

 

—

 

 

 

—

 

 

 

(18,385

)

 

 

28,752

 

 

 

10,367

 

Other comprehensive income - cash flow

   hedges

 

 

—

 

 

 

—

 

 

 

—

 

 

 

—

 

 

 

1,434

 

 

 

1,434

1,879

 

Other

 

 

—

 

 

 

—

 

 

 

12,130

 

 

 

—

 

 

 

—

 

 

 

12,130

 

 

 

(22

)

 

 

12,108",1933,Corporate Governance,0.9125,False
FIS_2017_0137,FIS,2017,"It significantly expanded our existing solutions and client base in wealth management, treasury and corporate payments. These solutions are in demand among our regional and community financial institution clients as they look for ways to replace highly regulated fee revenues. The combination also favorably impacted our revenue mix, with a greater concentration of license revenues and higher margin services. As we continue to integrate SunGard into our existing operations, we anticipate 

significant cost savings around administration and technology expenses, with a goal of achieving annual synergy run-rate savings of more than $275 million by the end of 2017. We are actively migrating many financial institutions to outsourced integrated technology solutions to improve their profitability and address increasing and on-going regulatory requirements. As a provider of outsourcing solutions, we benefit from multi-year recurring revenue streams, which help moderate the effects of broader year-to-year economic and market changes that otherwise might have a larger impact on our results of operations. We believe our integrated solutions and outsourced services are well positioned to address this outsourcing trend across the markets we serve. Consumer preference continues to shift from traditional branch banking services to digital banking solutions, and our clients seek to provide a single integrated banking experience through their branch, mobile, internet and voice banking channels.",1500,Non-ESG,0.9126,False
IEX_2024_0012,IEX,2024,"The technology and product portfolio consists of polarization optics, windows, optical filters, beamsplitters, lenses, waveplates, monolithic, optics, lens assemblies, imaging assemblies, shutters optical subsystems and detector integration. IDEX Optical Technologies serves the semiconductor metrology, satellite optical communications, defense, aerospace and remote sensing, additive manufacturing, laser material processing, laser communications, telecommunications and life science markets. The businesses maintain operations in Albuquerque, New Mexico; Boulder, Colorado; Didam, the Netherlands; Whetstone, England; and Ottawa, Canada.
•
Muon Group manufactures highly precise flow paths in a variety of materials that enable the movement of various liquids and gases in critical applications within the medical, semiconductor, food processing, digital printing and filtration markets. The group includes LouwersHanique, Veco, Millux, Tecan and Atul, which have critical technical expertise in precision and tolerances for different materials, from metals and glass to plastics and ceramics.",1096,Non-ESG,0.9126,False
HD_2018_0031,HD,2018,"Sustainability Efforts

The Home Depot is committed to sustainable business practices – from the products that we offer to our customers, to the environmental impact of our operations, to our sourcing activities, to our involvement within the communities in which we do business. We believe these efforts continue to be successful in creating value for our customers, shareholders, and communities.",398,Community Relations,0.9126,False
CME_2017_0375,CME,2017,"(in millions)

Compensation expense
 
$
66.4
 
$
61.0
 
$
55.0
Income tax benefit recognized
 
38.6
 
32.4
 
19.5
Excluding estimates of future forfeitures, at 
December 31, 2016
, there was 
$106.3 million
 of total unrecognized compensation expense related to employee stock-based compensation arrangements that had not yet vested. This expense is expected to be recognized over a weighted average period of 
2.3
 years.
Stock options have not been granted since 2012. The following table summarizes stock option activity for 

. Aggregate intrinsic value is in millions.
Number of Shares

Weighted
Average
Exercise
Price
Weighted Average Remaining Contractual Life (in years)",678,Non-ESG,0.9148,False
CAT_2019_0007,CAT,2019,"Changes in government monetary or fiscal policies may negatively impact our results

. Most countries where our products and services are sold have established central banks to regulate monetary systems and influence economic activities, generally by adjusting interest rates. Interest rate changes affect overall economic growth, which affects demand for residential and nonresidential structures, as well as energy and mined products, which in turn affects sales of our products and services that serve these activities. Interest rate changes may also affect our customers’ ability to finance machine purchases, can change the optimal time to keep machines in a fleet and can impact the ability of our suppliers to finance the production of parts and components necessary to manufacture and support our products. Increases in interest rates could negatively impact sales and create supply chain inefficiencies. Central banks and other policy arms of many countries may take actions to vary the amount of liquidity and credit available in an economy. The impact from a change in liquidity and credit policies could negatively affect the customers and markets we serve or our suppliers, which could adversely impact our business, results of operations and financial condition. Changes in monetary and fiscal policies, along with other factors, may cause currency exchange rates to fluctuate.",1391,Non-ESG,0.9156,False
EXE_2022_0117,EXE,2022,"Cyber-attacks targeting systems and infrastructure used by the oil and gas industry and related regulations may adversely impact our operations and, if we or our third-party providers are unable to obtain and maintain adequate protection for our data, our business may be harmed. Our business has become increasingly dependent on digital technologies to conduct certain exploration, development and production activities. We depend on digital technology to estimate quantities of oil, natural gas and NGL reserves, process and record financial and operating data, analyze seismic and drilling information, and communicate with our customers, employees and third-party partners. In addition, many third-party providers, such as vendors and others in the supply chain, directly or indirectly provide to us various products and services across an array of internal and external functions that enable us to conduct, monitor and/or protect our business, systems and data assets. In addition, in the ordinary course, we and our service providers collect, process, transmit, and store proprietary and confidential data, including personal information. We have been the subject of cyber-attacks on our internal systems and through those of third parties in the past. As an energy company, we expect to continue to be a target for such attacks in the future.",1349,Product Liability,0.9167,False
MOH_2017_0251,MOH,2017,"Our certificate of incorporation provides that we have authority to issue 
150 million
 shares of common stock and 
20 million
 shares of preferred stock. As of",160,Corporate Governance,0.9172,False
RL_2018_0295,RL,2018,"Stock Options

Stock options have been granted to employees and non-employee directors with exercise prices equal to the fair market value of our Class A common stock on the date of grant. We use the Black-Scholes option-pricing model to estimate the grant date fair value of stock options, which requires the use of both subjective and objective assumptions. Certain key assumptions involve estimating future uncertain events. The key factors influencing the estimation process include the expected term of the option, expected volatility of our stock price, our expected dividend yield, and the risk-free interest rate, among others. Generally, once stock option values are determined, accounting practices do not permit them to be changed, even if the estimates used are different from actual results. No stock options were granted during any of the three fiscal years presented. See 
Note 17
 to the accompanying consolidated financial statements for further discussion. Restricted Stock and Restricted Stock Units (""RSUs"")
We grant restricted shares of our Class A common stock to our non-employee directors and service-based RSUs to certain of our senior executives and other employees. In addition, we grant performance-based RSUs to such senior executives and other key executives.",1289,Corporate Governance,0.921,False
CNC_2023_0145,CNC,2023,"Our business and results of operations may be materially adversely affected if we fail to manage and complete divestitures.

We regularly evaluate our portfolio to determine whether an asset or business is still consistent with our business strategy or whether there may be a more advantaged owner for that asset or business. When we decide to sell assets or a business, we may encounter difficulty finding buyers or alternative exit strategies, which could delay the achievement of our business strategy. Further, divestitures may be delayed due to failure to obtain required approvals on a timely basis, if at all, from governmental authorities, or may become more difficult to execute due to conditions placed upon approval that could, among other things, delay or prevent us from completing a transaction, or otherwise restrict our ability to realize the expected financial or strategic goals of a transaction. We might have financial exposure in a divested business, such as through minority equity ownership, financial or performance guarantees, indemnities, or other obligations, such that conditions outside of our control might negate the expected benefits of the disposition.",1185,Non-ESG,0.9211,False
AWK_2024_0098,AWK,2024,"Risks Related to Our Industry and Business Operations

Our Regulated Businesses are subject to extensive regulation by state PUCs and other regulatory agencies, which significantly affects our business, financial condition, results of operations and cash flows. Our Regulated Businesses also may be subject to fines, penalties and other sanctions for an inability to meet these regulatory requirements. Our Regulated Businesses provide water and wastewater services to our customers through subsidiaries that are subject to regulation by state PUCs. This regulation affects the rates we charge our customers and has a significant impact on our business and operations. Generally, the state PUCs authorize us to charge rates that they determine are sufficient to recover our prudently incurred operating expenses, including, but not limited to, operating and maintenance costs, depreciation, financing costs and taxes, and provide us with the opportunity to earn an appropriate rate of return on invested capital. Our ability to successfully implement our business plan and strategy depends on the rates authorized by the various state PUCs. We periodically file rate increase applications with state PUCs. The ensuing administrative process may be lengthy and costly. Our rate increase requests may or may not be approved, or may be partially approved, and any approval may not occur in a timely manner.",1403,Non-ESG,0.9221,False
REGN_2021_0013,REGN,2021,"VelociSuite

"" section below). We continue to invest in the development of enabling technologies to assist in our efforts to identify, develop, manufacture, and commercialize new product candidates. There are numerous uncertainties associated with drug development, including uncertainties related to safety and efficacy data from each phase of drug development (including any post-approval studies), uncertainties related to the enrollment and performance of clinical trials, changes in regulatory requirements, changes to drug pricing and reimbursement regulations and requirements, and changes in the competitive landscape affecting a product candidate. The planning, execution, and results of our clinical programs are significant factors that can affect our operating and financial results. We and our collaborators conduct clinical trials in multiple countries across the world. The COVID-19 pandemic and the restrictions adopted around the globe to reduce the spread of the disease have impacted and will continue to impact our clinical development programs. We continue to evaluate the impact of the COVID-19 pandemic on an individual trial basis and oversee trial management while also working to ensure patient safety and provide sufficient supply of product candidates for the studies. At this time, we expect fully enrolled clinical studies to remain generally on track.",1382,Non-ESG,0.9233,False
CHTR_2020_0080,CHTR,2020,"There can be no assurance that these agreements will be renewed on favorable or comparable terms. In addition, a number of programmers have begun to sell their services through alternative distribution channels, including IP-based platforms, which are less secure than our own video distribution platforms. There is growing evidence that these less secure video distribution platforms are leading to video product theft via password sharing among consumers. Password sharing may drive down the number of customers who pay for certain programming, putting programmer revenues at risk, and which in turn may cause certain programmers to seek even higher programming fees from us. The ability for consumers to receive the same content for free through such unauthorized channels has devalued our video product which could impact sales, customer retention and our ability to pass through programming costs to consumers, which increases the risk of non-renewal when programmers seek increases. To the extent that we are unable to reach agreement with certain programmers on terms that we believe are reasonable, we have been, and may be in the future, forced to remove such programming channels from our line-up, which may result in a loss of customers. Our failure to carry programming that is attractive to our customers could adversely impact our customer levels, operations and financial results.",1395,Non-ESG,0.9252,False
MOS_2022_0014,MOS,2022,"High water balances in the past at phosphate facilities in Florida also led the Florida Department of Environmental Protection (“
FDEP
”) to adopt rules requiring phosphate production facilities to meet more stringent process water management objectives for phosphogypsum stack systems. In addition to the FDEP, the USEPA and the LDEQ also have similar requirements for water management objectives as outlined in our RCRC CD
’
s. If excess rainfall or hurricanes occur in coming years, our facilities may be required to take additional measures to manage process water to comply with existing or future requirements and these measures could potentially have a material effect on our business and financial condition. Adverse weather may also cause a loss of production and may disrupt our supply chain or adversely affect delivery of our products to our customers. For example, oil refineries that supply sulfur to us may suspend operations as a result of a hurricane, and incoming shipments of ammonia can be delayed, disrupting production at our Florida or Louisiana facilities and delivery of our products. In the second half of 2021, we experienced production impacts related to Hurricane Ida. Excess rainfall and drought have in the past, and may in the future, adversely affect us. For example, in 2019 we experienced the wettest year in North America in nearly 50 years which reduced fertilizer applications by farmers.",1426,Natural Capital,0.928,False
MDT_2017_0101,MDT,2017,"Factors that will affect the success of our acquisitions include:
•
the presence or absence of adequate internal controls and/or significant fraud in the financial systems of acquired companies,
•
our ability or inability to integrate information technology systems of acquired companies in a secure and reliable manner,
•
adverse developments arising out of investigations by governmental entities of the business practices of acquired companies, including potential liability imposed by FCPA,

•
any decrease in customer loyalty and product orders caused by dissatisfaction with the combined companies’ product lines and sales and marketing practices, including price increases,
•
our ability to retain key employees, and
•
the ability of the combined company to achieve synergies among its constituent companies, such as increasing sales of the combined company’s products, achieving cost savings, and effectively combining technologies to develop new products. We also could experience negative effects on our results of operations, cash flows, and financial condition from acquisition-related charges, amortization of intangible assets and asset impairment charges. These effects, individually or in the aggregate, could cause a deterioration of our credit rating and result in increased borrowing costs and interest expense.",1330,Non-ESG,0.9296,False
MET_2018_0174,MET,2018,"Our Insurance, Pensions and Brokerage Businesses Are Highly Regulated, and Changes in Regulation and in Supervisory and Enforcement Policies May Reduce Our Profitability and Limit Our Growth

Our insurance operations and our pensions and brokerage businesses are subject to a wide variety of insurance and other laws and regulations. See “Business 
— 
Regulation,” as supplemented by discussions of regulatory developments in our subsequently filed Quarterly Reports on Form 10-Q under the caption “Management’s Discussion and Analysis of Financial Condition and Results of Operations 
— 
Industry Trends 
— 
Regulatory Developments.”",634,Non-ESG,0.9319,False
PWR_2022_0050,PWR,2022,"As a result, our level of insurance coverage for wildfire events has decreased in recent years and the current level of coverage may not be sufficient to cover potential losses in connection with these events. Our third-party insurers could decide to further reduce, exclude or increase the cost of coverage for wildfires or other events in connection with future insurance renewals. In any such event, our overall risk exposure would increase, which could negatively affect our results of operations, financial condition and cash flows.",537,Non-ESG,0.9327,False
DHR_2018_0018,DHR,2018,"ENVIRONMENTAL & APPLIED SOLUTIONS

The Company’s Environmental & Applied Solutions segment products and services help protect important resources and keep global food and water supplies safe. Sales in 

 for this segment by geographic destination were: North America, 
42%
; Europe, 
28%
; Asia/Australia, 
17%
 and all other regions, 
13%
. The Company’s Environmental & Applied Solutions segment consists of the following lines of business. Water Quality
—
The Company’s water quality business provides instrumentation, services and disinfection systems to help analyze, treat and manage the quality of ultra-pure, potable, industrial, waste, ground, source and ocean water in residential, commercial, municipal, industrial and natural resource applications. Danaher entered the water quality sector in the late 1990’s through the acquisitions of Dr. Lange and Hach Company, and has enhanced the geographic coverage and capabilities of its products and services through subsequent acquisitions, including the acquisition of Trojan Technologies Inc. in 2004 and ChemTreat, Inc. in 2007.",1087,Natural Capital,0.9328,False
STZ_2022_0144,STZ,2022,"Following the negative result of the public consultation, we continue to work with government officials in Mexico to (i) determine next steps for our suspended Mexicali Brewery construction project, (ii) pursue various forms of recovery for capitalized costs and additional expenses incurred in establishing the brewery, however, there can be no assurance of any recoveries, and (iii) explore options to add further capacity at other locations in Mexico, including the construction of the Southeast Mexico Brewery where there is ample water and we will have a skilled workforce to meet our long-term needs. See Note 7 for further discussion.",641,Human Capital,0.9328,False
AIZ_2022_0477,AIZ,2022,"Variable Interest Entities

The Company may enter into agreements with other entities that are deemed to be variable interest entities (“VIEs”). Entities that do not have sufficient equity at risk to allow the entity to finance its activities without additional financial support or in which the equity investors, as a group, do not have the characteristic of a controlling financial interest are referred to as VIEs. A VIE is consolidated by the variable interest holder that is determined to have the controlling financial interest (the “primary beneficiary”) as a result of having both the power to direct the activities that most significantly impact the VIE’s economic performance and the obligation to absorb losses or right to receive benefits from the VIE that could potentially be significant to the VIE. The Company determines whether it is the primary beneficiary of an entity subject to consolidation based on a qualitative assessment of the VIE’s capital structure, contractual terms, the nature of the VIE’s operations and purpose and the Company’s relative exposure to the related risks of the VIE on the date it becomes initially involved in the VIE. The Company only holds non-consolidated VIEs as of December 31, 2021 and 2020. Prior to the deconsolidation in the third quarter of 2020, the consolidated collateralized loan obligation (“CLO”) entities met the definition of a collateralized financing entity.",1426,Non-ESG,0.935,False
VMC_2024_0021,VMC,2024,"We leverage our charitable foundation and company funds to support food banks, healthcare services, childhood education remote learning programs and other initiatives designed to lessen the difficulties experienced in many of our communities. Our charitable foundation alone has provided nearly $70 million in support over the past 20 years to essential charitable, civic and educational organizations that strengthen and enrich our communities. The actions of our Fort Myers team in Florida are a prime example of our commitment to community relations. In the wake of Hurricane Ian, which struck Florida’s west coast in September 2022, among those affected were many of our own employees; yet the same employees set aside their own hardships and reported to the facility just hours after the storm. We produced and delivered more than 145,000 tons of essential construction materials, with the support of more than 60 employees and 100 truck drivers, for the repair of the Sanibel Causeway, which enabled its reopening 10 days ahead of schedule. Our environmental stewardship commitment is designed to protect plant and animal species and habitats, as well as the air we breathe, the water we use and the planet we all share. In all parts of our company, from local operations to our corporate and regional offices to our international business and ocean-going shipping, we are focused on ensuring that our operations are efficient in ways that are economically and environmentally sustainable.",1495,Community Relations,0.9355,False
PPL_2024_0049,PPL,2024,"Army Corps of Engineers published a final rule revising the definition of ""Waters of the United States"" to exclude jurisdiction over certain surface waters. On August 30, 2021, a U.S. District Court in Arizona vacated and remanded the rule. On December 7, 2021, the EPA and U.S. Army Corps of Engineers proposed to repeal the rule and restore the definition of ""Waters of the United States"" that was in place prior to 2015. On January 24, 2022, the U.S. Supreme Court granted review of a case raising the issue of the appropriate scope of the definition of ""Waters of the United States"" under the Clean Water Act. On January 18, 2023, the EPA and U.S. Army Corps of Engineers published a final revision to the rule broadening the definition of Waters of the United States and reverting to the pre-2015 regulatory framework. Although the broader definition incorporates additional water bodies, any resulting permitting, construction, and operational expenses are expected to be immaterial and subject to rate recovery. On May 25, 2023, the U.S. Supreme Court issued an opinion in Sackett v.",1090,Natural Capital,0.9362,False
EMN_2024_0018,EMN,2024,"BUSINESS SEGMENTS

The Company's products and operations are managed and reported in four operating segments: Advanced Materials (""AM""), Additives & Functional Products (""AFP""), Chemical Intermediates (""CI""), and Fibers. This organizational structure is based on the management of the strategies, operating models, and sales channels that the various businesses employ and supports the Company's continued transformation towards a global specialty materials company.
In 2023, the Company moved the functional amines product line from the CI segment into the AFP segment. In addition, certain organic acid products and olefin-based products moved from the AFP segment to the CI segment. These product moves are expected to increase efficiency of the Company's assets and commercial teams, and to increase portfolio transparency. 

For segment sales revenue and earnings and segment product lines revenues, see Note 20, ""Segment and Regional Sales Information"", to the Company's consolidated financial statements in Part II, Item 8 and ""Management's Discussion and Analysis of Financial Condition and Results of Operations - Summary by Operating Segment"" in Part II, Item 7 of this Annual Report. For identification of manufacturing facilities by segment, see Item 2, ""Properties"" of this Annual Report.",1301,Non-ESG,0.94,False
TJX_2016_0082,TJX,2016,"compliance with laws and regulations including changing labor, environmental and other laws in those countries and those concerning ethical business practices,
such as the U.S. Foreign Corrupt Practices Act and the U.K. Bribery Act;",232,Business Ethics & Values,0.9402,False
LMT_2018_0060,LMT,2018,"Orlando P. Carvalho (age 59), Executive Vice President - Aeronautics

Mr. Carvalho has served as Executive Vice President of Aeronautics since March 2013. He previously served as Executive Vice President and General Manager, F-35 Program from March 2012 to March 2013.",268,Corporate Governance,0.9408,False
C_2016_0226,C,2016,"Risk-Based Capital Ratios

The U.S. Basel III rules set forth the composition of regulatory capital (including the application of regulatory capital adjustments and deductions), as well as two comprehensive methodologies (a Standardized Approach and Advanced Approaches) for measuring total risk-weighted assets. Total risk-weighted assets under the Advanced Approaches, which are primarily models based, include credit, market, and operational risk-weighted assets. Conversely, the Standardized Approach excludes operational risk-weighted assets and generally applies prescribed supervisory risk weights to broad categories of credit risk exposures. As a result, credit risk-weighted assets calculated under the Advanced Approaches are more risk sensitive than those calculated under the Standardized Approach. Market risk-weighted assets are derived on a generally consistent basis under both approaches. The U.S. Basel III rules establish stated minimum Common Equity Tier 1 Capital, Tier 1 Capital and Total Capital ratios for substantially all U.S. banking organizations, including Citi and Citibank, N.A. (Citibank). Moreover, these rules provide for both a fixed Capital Conservation Buffer and a discretionary Countercyclical Capital Buffer, which would be available to absorb losses in advance of any potential impairment of regulatory capital below the stated minimum risk-based capital ratio requirements.",1416,Non-ESG,0.9421,False
DAL_2019_0071,DAL,2019,"Our results can fluctuate due to the effects of weather, natural disasters and seasonality.

Our results of operations are impacted by severe weather, natural disasters and seasonality. Severe weather conditions and natural disasters (or other environmental events) can significantly disrupt service and create air traffic control problems. These events decrease revenue and can also increase costs. In addition, increases in the frequency, severity or duration of thunderstorms, hurricanes, typhoons or other severe weather events, including from changes in the global climate, could result in increases in delays and cancellations, turbulence-related injuries and fuel consumption to avoid such weather, any of which could result in loss of revenue and higher costs. In addition, demand for air travel is typically higher in the June and September quarters, particularly in our international markets, because there is more vacation travel during these periods than during the remainder of the year. The seasonal shifting of demand causes our financial results to vary on a seasonal basis. Because of fluctuations in our results from weather, natural disasters and seasonality, operating results for a historical period are not necessarily indicative of operating results for a future period and operating results for an interim period are not necessarily indicative of operating results for an entire year.",1408,Non-ESG,0.9441,False
V_2016_0125,V,2016,"Fiscal 2015

Dividend
Per Share
First Quarter
$
0.12
Second Quarter
$
0.12
Third Quarter
$
0.12
Fourth Quarter
$
0.12
Additionally, in 
October 2016
, our board of directors declared a quarterly cash dividend of 
$0.165
 per share of class A common stock (determined in the case of class B and C common stock and U.K.&I and Europe preferred 

stock on an as-converted basis) payable on 
December 6, 2016
, to holders of record as of 
November 18, 2016
 of our common and preferred stock.
Subject to legally available funds, we expect to continue paying quarterly cash dividends on our outstanding common and preferred stock in the future. However, the declaration and payment of future dividends is at the sole discretion of our board of directors after taking into account various factors, including our financial condition, settlement indemnifications, operating results, available cash and current and anticipated cash needs.",928,Corporate Governance,0.9443,False
CHTR_2022_0047,CHTR,2022,"Video Competition

Our residential video service faces competition from DBS service providers, which have a national footprint and compete in all of our operating areas. DBS providers offer satellite-delivered pre-packaged programming services that can be received by relatively small and inexpensive receiving dishes. DBS providers offer aggressive promotional pricing, exclusive programming (e.g., NFL Sunday Ticket) and video services that are comparable in many respects to our residential video service. Our residential video service also faces competition from large telecommunications companies, primarily Frontier FiOS and Verizon Fios, which offer wireline video services in significant portions of our operating areas. Our residential video service also faces growing competition across our footprint from a number of other sources, including companies that deliver linear network programming, movies and television shows on demand and other video content over broadband Internet connections to televisions, computers, tablets and mobile devices. These competitors include virtual multichannel video programming distributors (“V-MVPDs”) such as Hulu Live, YouTube TV, Sling TV, Philo and DirecTV Stream.",1213,Non-ESG,0.9449,False
NTRS_2022_0028,NTRS,2022,"Total Return Assumes $100 Invested on

December 31, 2016 with Reinvestment of Dividends
DECEMBER 31,

Northern Trust
$

$

$

$

$

$

S&P 500

KBW Bank Index

ITEM 6 – [RESERVED]
2021 Annual Report | Northern Trust Corporation 

MANAGEMENT’S DISCUSSION AND ANALYSIS OF FINANCIAL CONDITION AND RESULTS OF OPERATIONS
ITEM 7 – MANAGEMENT’S DISCUSSION AND ANALYSIS OF FINANCIAL CONDITION AND RESULTS OF OPERATIONS
The following is management’s discussion and analysis of the financial condition and results of operations (MD&A) of Northern Trust Corporation (Corporation) for the year ended December 31, 2021. The following should be read in conjunction with the consolidated financial statements and related footnotes included in this report. Investors also should read the section entitled “Forward-Looking Statements.”",818,Non-ESG,0.9465,False
PLD_2017_0619,PLD,2017,"Total Assets

are allocated to each reportable business segment’s revenues, net operating income and assets. Items that are not directly assignable to a segment, such as certain corporate income and expenses, are not allocated but reflected as reconciling items. The following reconciliations are presented in thousands:
PROLOGIS, INC. AND PROLOGIS, L.P.
NOTES TO THE CONSOLIDATED FINANCIAL STATEMENTS (CONTINUED)",413,Non-ESG,0.9467,False
JNJ_2022_0044,JNJ,2022,"In addition, to the extent the COVID-19 pandemic adversely affects our business and financial results, it may also have the effect of heightening many of the other risks described in this “Risk Factors” section and those incorporated by reference herein, i
ncluding risks relating to the Company’s effective tax rate as a result of changes in consumption as well as changes in laws relating to supply of the Company’s products
. Given that developments concerning the COVID-19 pandemic have been constantly evolving, additional impacts and risks may arise, including litigation, that are not presently known to the Company.",623,Non-ESG,0.9473,False
LKQ_2016_0171,LKQ,2016,"Cost of Goods Sold

Our cost of goods sold for aftermarket products includes the price we pay for the parts, freight, and overhead costs related to the purchasing, warehousing and distribution of our inventory, including labor, facility and equipment costs and depreciation. Our aftermarket products are acquired from a number of vendors. Our cost of goods sold for refurbished products includes the price we pay for cores, freight, and costs to refurbish the parts, including direct and indirect labor, facility and equipment costs, depreciation and other overhead related to our refurbishing operations. Our cost of goods sold for recycled products includes the price we pay for the salvage vehicle and, where applicable, auction, towing and storage fees. Prices for salvage vehicles may be impacted by a variety of factors, including the number of buyers competing to purchase the vehicles, the demand and pricing trends for used vehicles, the number of vehicles designated as “total losses” by insurance companies, the production level of new vehicles (which provides the source from which salvage vehicles ultimately come), the age of vehicles at auction and the status of laws regulating bidders or exporters of salvage vehicles. From time to time, we may also adjust our buying strategy to target vehicles with different attributes (for example, age, level of damage, and revenue potential).",1398,Non-ESG,0.9479,False
TAP_2023_0126,TAP,2023,"Furthermore, various jurisdictions have adopted, or may seek to adopt, additional product labeling or warning requirements or limitations on the availability of our beverages relating to perceived adverse health consequences of some of our beverages. If additional or more severe requirements of this type are imposed on one or more of our beverages under current or future laws or regulations, they could inhibit sales of such beverages in such jurisdictions. In addition, we cannot predict whether our beverages will become subject to increased rules and regulations regarding labeling or warnings which, if enacted, could increase our costs or adversely impact sales. In addition, a number of governmental authorities, both in the U.S. and abroad, have considered, and are expected to consider, legislation aimed at reducing the amount of plastic waste. Programs have included banning certain types of products, mandating certain rates of recycling and/or the use of recycled materials, imposing deposits or excise taxes on packaging material, and requiring retailers or manufacturers to take back packaging used for their products. Such legislation, as well as voluntary initiatives, aimed at reducing the level of plastic wastes, could reduce the demand for certain of our products that contain plastic packaging, result in greater costs for manufacturers of plastic products or otherwise impact our business, financial condition and results of operations.",1461,Pollution & Waste,0.948,False
LMT_2019_0185,LMT,2019,"Total Equity

Our total equity was 
$1.4 billion
 at 
December 31, 2018
 compared to a deficit of 
$776 million
 at 
December 31, 2017
. The increase in equity was primarily due to net earnings of 
$5.0 billion
, recognition of previously deferred postretirement benefit plan amounts of 
$1.2 billion
, and employee stock activity of 
$406 million
 (including the impacts of stock option exercises, ESOP activity and stock-based compensation), partially offset by the annual December 31 re-measurement adjustment related to our postretirement benefit plans of 
$501 million
, the repurchase of 
4.7 million
 common shares for 
$1.5 billion
; and dividends declared of 
$2.3 billion
 during the year.
As we repurchase our common shares, we reduce common stock for the $1 of par value of the shares repurchased, with the excess purchase price over par value recorded as a reduction of additional paid-in capital. If additional paid-in capital is reduced to zero, we record the remainder of the excess purchase price over par value as a reduction of retained earnings. Due to the volume of repurchases made under our share repurchase program, additional paid-in capital was reduced to zero, with the remainder of the excess purchase price over par value of 
$1.1 billion
 recorded as a reduction of retained earnings in 

.",1320,Non-ESG,0.9481,False
RVTY_2018_0419,RVTY,2018,"Employee Stock Purchase Plan:

In April 1999, the Company’s shareholders approved the 1998 Employee Stock Purchase Plan. In April 2005, the Compensation and Benefits Committee of the Board voted to amend the Employee Stock Purchase Plan, effective July 1, 2005, whereby participating employees have the right to purchase common stock at a price equal to 
95%
 of the closing price on the last day of each six-month offering period. The number of shares which an employee may purchase, subject to certain aggregate limits, is determined by the employee’s voluntary contribution, which may not exceed 
10%
 of the employee’s base",627,Human Capital,0.949,False
MPWR_2017_0153,MPWR,2017,"Any investigation of any potential violations of the FCPA or other anti-corruption laws by the U.S. or foreign authorities could harm our reputation and have an adverse impact on our business, financial condition and results of operations.",239,Business Ethics & Values,0.9494,False
ELV_2021_0312,ELV,2021,"However, the ultimate resolution of these items is dependent on the completion of negotiations with various taxing authorities. While it is difficult to determine when other tax settlements will actually occur, it is reasonably possible that one could occur in the next twelve months and our unrecognized tax benefits could change within a range of approximately ($

) to ($

). We are a member of the IRS Compliance Assurance Process (“CAP”). The objective of CAP is to reduce taxpayer burden and uncertainty while assuring the IRS of the accuracy of tax returns prior to filing, thereby reducing or eliminating the need for post-filing examinations. As of December 31, 2020, the IRS examination of our 2020 and 2019 tax years continues to be in process. In certain states, we pay premium taxes in lieu of state income taxes. Premium taxes are reported in selling, general and administrative expense. At December 31, 2020, we had federal net operating loss carryforwards of $

 that will expire beginning 2033 through 2037 and $

 that have an indefinite carryforward period; state net operating loss carryforwards expire beginning 2022 through 2040, with some having an indefinite carryforward period. During 2020, 2019 and 2018, federal income taxes paid totaled $
1,790
, $
1,403
 and $

, respectively.
9.",1310,Non-ESG,0.9495,False
CTRA_2024_0133,CTRA,2024,"For additional information, please read “Business and Properties—Other Business Matters—Regulation of Oil and Natural Gas Exploration and Production,” “—Regulation of Natural Gas Marketing, Gathering and Transportation,” and “—Environmental and Safety Regulations” in Items 1 and 2. Oil and natural gas production operations, especially those using hydraulic fracturing, are substantially dependent on the availability of water. Our ability to produce oil and natural gas economically and in commercial quantities could be impaired if we are unable to acquire adequate supplies of water for our operations or are unable to dispose of or recycle the water we use economically and in an environmentally safe manner. Water is an essential component of oil and natural gas production during the drilling process. In particular, we use a significant amount of water in the hydraulic fracturing process. Our inability to locate sufficient amounts of water, or dispose of or recycle water used in our exploration and production operations, could adversely impact our operations. Compliance with environmental regulations and permit requirements governing the withdrawal, storage and use of surface water or groundwater necessary for hydraulic fracturing of wells may increase our operating costs and cause delays, interruptions or termination of our operations, the extent of which cannot be predicted, all of which could have an adverse effect on our operations and financial condition.",1480,Natural Capital,0.9499,False
STZ_2023_0028,STZ,2023,"In addition, our final determinations and appraisals of the estimated fair value of assets acquired and liabilities assumed in our acquisitions may vary materially from earlier estimates and we may fail to fully realize anticipated cost savings, growth opportunities, or other potential synergies. The fair value of acquired businesses or investments may not remain constant. We also divest businesses, assets, or securities of companies from time to time, including those that we believe no longer provide a strategic fit with our business. We may provide various indemnifications in connection with divestitures of businesses or assets. Divestitures of portions of our business may also result in costs stranded in our remaining business. Delays in developing or implementing plans to address such costs could delay or prevent the accomplishment of our financial objectives. The amount of contingent consideration, if any, received in divestitures may also vary based on various factors including actual future brand performance. We have also acquired or retained ownership interests in companies which we do not control, such as our joint venture to operate the Glass Plant, our interest in Canopy, and investments made through our corporate venture capital function, and we have acquired control of companies which we do not wholly own, such as our 
Constellation Brands, Inc. FY 2023 Form 10-K
#WORTHREACHINGFOR 
   I

PART I
ITEM 1A.",1439,Non-ESG,0.9504,False
DUK_2019_0004,DUK,2019,"Regulatory, Legislative and Legal Risks

The Duke Energy Registrants’ regulated utility revenues, earnings and results are dependent on state legislation and regulation that affect electric generation, electric and natural gas transmission, distribution and related activities, which may limit their ability to recover costs. The Duke Energy Registrants’ regulated electric and natural gas utility businesses are regulated on a cost-of-service/rate-of-return basis subject to statutes and regulatory commission rules and procedures of North Carolina, South Carolina, Florida, Ohio, Tennessee, Indiana and Kentucky. If the Duke Energy Registrants’ regulated utility earnings exceed the returns established by the state utility commissions, retail electric and natural gas rates may be subject to review and possible reduction by the commissions, which may decrease the Duke Energy Registrants’ earnings. Additionally, if regulatory bodies do not allow recovery of costs incurred in providing service, or do not do so on a timely basis, the Duke Energy Registrants’ earnings could be negatively impacted. If legislative and regulatory structures were to evolve in such a way that the Duke Energy Registrants’ exclusive rights to serve their regulated customers were eroded, their earnings could be negatively impacted.",1316,Non-ESG,0.9523,False
DOC_2019_0012,DOC,2019,"In addition, there are sometimes incentive management fees payable to our third-party operators if operating results of the RIDEA properties exceed pre-established thresholds. Conversely, there are sometimes provisions in the management agreements that reduce management fees payable to our third-party operators if operating results do not meet certain pre-established thresholds. Our senior housing property types under both triple-net leases and RIDEA structures are further described below:
•
Independent Living Facilities. ILFs are designed to meet the needs of seniors who choose to live in an environment surrounded socially by their peers with services such as housekeeping, meals and activities. Additionally, the programs and services may include transportation, social activities, exercise and fitness programs, beauty or barber shop access, hobby and craft activities, community excursions, meals in a dining room setting and other activities sought by residents. These residents generally do not need assistance with activities of daily living (“ADL”). However, in some of our facilities, residents have the option to contract for these services.
•
Assisted Living Facilities. ALFs are licensed care facilities that provide personal care services, support and housing for those who need help with ADL, such as bathing, eating, dressing and medication management, yet require limited medical care.",1409,Community Relations,0.9524,False
TTWO_2022_0113,TTWO,2022,"The laws and regulations concerning data privacy and certain other aspects of our business are continually evolving. Failure to comply with these laws and regulations could harm our business. We are subject to certain privacy and data protection laws, including those in the U.S. Certain activities related to processing the personal data of individuals in the E.U. are conducted by our U.K.-based data controller or our local entities in the E.U. The U.S. Children's Online Privacy Protection Act also regulates the collection, use, and disclosure of personal information from children under 13 years of age. Failure to comply with privacy and data protection laws or age restrictions may increase our costs, subject us to expensive and distracting government investigations, and result in substantial fines, or result in lawsuits and claims against us to the extent these laws include a private right of action. Privacy and data protection laws and industry terms are rapidly changing and likely will continue to do so for the foreseeable future, which could have an impact on our approach to operating and marketing our games and which may harm the sales of our products or decrease the size of our potential audience. For example, the E.U. General Data Protection Regulation (""GDPR"") and the UK Data Protection Act 2018 (""DPA 2018"") both became effective in May 2018.",1371,Product Liability,0.9527,False
RL_2016_0381,RL,2016,"Derivative Financial Instruments

The Company records all derivative financial instruments on its consolidated balance sheets at fair value. For derivative instruments that qualify for hedge accounting, the effective portion of changes in their fair value is either (i) offset against the changes in fair value of the related hedged assets, liabilities, or firm commitments through earnings or (ii) recognized in equity as a component of AOCI until the hedged item is recognized in earnings, depending on whether the derivative is being used to hedge against changes in fair value or cash flows and net investments, respectively. Each derivative instrument that qualifies for hedge accounting is expected to be highly effective at reducing the risk associated with the exposure being hedged. For each derivative instrument that is designated as a hedge, the Company formally documents the related risk management objective and strategy, including identification of the hedging instrument, the hedged item, and the risk exposure, as well as how hedge effectiveness will be assessed prospectively and retrospectively over the instrument's term. To assess hedge effectiveness, the Company generally uses regression analysis, a statistical method, to compare the change in the fair value of the derivative instrument to the change in fair value or cash flows of the related hedged item.",1382,Non-ESG,0.9528,False
STX_2019_0140,STX,2019,"qualify these products with key customers on a timely basis by meeting our customers’ performance and quality
specifications; or
•
achieve acceptable manufacturing yields, quality and costs with these products.",210,Non-ESG,0.9531,False
PEP_2020_0263,PEP,2020,"Income Tax Expense and Accruals

Our annual tax rate is based on our income, statutory tax rates and tax structure and transactions, including transfer pricing arrangements, available to us in the various jurisdictions in which we operate. Significant judgment is required in determining our annual tax rate and in evaluating our tax positions. We establish reserves when, despite our belief that our tax return positions are fully supportable, we believe that certain positions are subject to challenge and that we likely will not succeed. We adjust these reserves, as well as the related interest, in light of changing facts and circumstances, such as the progress of a tax audit, new tax laws or tax authority settlements. See “Item 1A. Risk Factors” for further discussion. An estimated annual effective tax rate is applied to our quarterly operating results. In the event there is a significant or unusual item recognized in our quarterly operating results, the tax attributable to that item is separately calculated and recorded at the same time as that item. We consider the tax adjustments from the resolution of prior-year tax matters to be among such items. Tax law requires items to be included in our tax returns at different times than the items are reflected in our consolidated financial statements. As a result, our annual tax rate reflected in our consolidated financial statements is different than that reported in our tax returns (our cash tax rate).",1470,Non-ESG,0.9542,False
ACGL_2024_0198,ACGL,2024,"Economic conditions, including but not limited to recessionary conditions, inflation, declining home prices or the impact of climate change could also have a material impact on our ability to manage our risk aggregations through reinsurance or capital markets transactions. The availability and cost of excess of loss reinsurance sold into the capital markets is subject to investor appetite and market conditions when compared to the terms and yield opportunities of other similar investment opportunities. As a result of these factors, we may not be able to successfully mitigate risk through reinsurance and retrocessional arrangements. Further, we are subject to credit risk with respect to our reinsurance and retrocessions because the ceding of risk to reinsurers and retrocessionaires does not relieve us of our liability to the clients or companies we insure or reinsure. We monitor the financial condition of our reinsurers and attempt to place coverages only with carriers we view as substantial and financially sound. An inability of our reinsurers or retrocessionaires to meet their obligations to us could have a material adverse effect on our financial condition and results of operations. Our losses for a given event or occurrence may increase if our reinsurers or retrocessionaires dispute or fail 
ARCH CAPITAL

2023 FORM 10-K
to meet their obligations to us or the reinsurance or retrocessional protections purchased by us are exhausted or are otherwise unavailable for any reason.",1500,Non-ESG,0.9543,False
DHR_2020_0045,DHR,2020,"Environmental Laws and Regulations
For a discussion of the environmental laws and regulations that the Company’s operations, products and services are subject to and other environmental contingencies, refer to Note 

 to the Consolidated Financial Statements included in this Annual Report. For a discussion of risks related to compliance with environmental and health and safety laws and risks related to past or future releases of, or exposures to, hazardous substances, refer to “Item 1A. Risk Factors.”
Antitrust Laws
The U.S. federal government, most U.S. states and many other countries have laws that prohibit certain types of conduct deemed to be anti-competitive. Violations of these laws can result in various sanctions, including criminal and civil penalties. Private plaintiffs also could bring civil lawsuits against us in the United States for alleged antitrust law violations, including claims for treble damages. Export/Import Compliance
The Company is required to comply with various U.S. export/import control and economic sanctions laws, including:
•
the International Traffic in Arms Regulations administered by the U.S. Department of State, Directorate of Defense Trade Controls, which, among other things, imposes license requirements on the export from the United States of defense articles and defense services listed on the U.S. Munitions List;
•
the Export Administration Regulations administered by the U.S.",1434,Business Ethics & Values,0.9546,False
ICE_2018_0407,ICE,2018,"Such rebates are calculated based on volumes traded. The increase in the rebates is due primarily to an increase in the number of participants in the rebate programs offered on various contracts, an increase in our traded volume and an increase in the number of rebate programs. Cash trading fee revenues are paid by organizations based on their trading activity. Fees are assessed on a per share basis for trading in equity securities. The fees are applicable to all transactions that take place on any of our equity trading venues, and the fees vary based on the size and type of trade that is consummated and trading venue. The equity trading venues earn transaction fees for customer orders of equity securities matched internally, as well as for customer orders routed to other exchanges. Cash trading fees are recognized as earned, which is generally upon execution of the trade. Cash trading fees are recorded gross of liquidity rebates and routing charges. Liquidity payments made to cash and options trading customers and routing charges made to other exchanges are included in transaction-based expenses in the consolidated statements of income.",1155,Non-ESG,0.9546,False
KMB_2016_0071,KMB,2016,"Dividend yield is based on historical experience and expected future dividend actions. Expected volatility is based on a blend of historical volatility and implied volatility from traded options on Kimberly-Clark's common stock. The risk-free interest rate is based on the U.S. Treasury yield curve in effect at the time of grant. We estimate forfeitures based on historical data. KIMBERLY-CLARK CORPORATION
 - 2015 Annual Report
The weighted-average fair value of options granted was estimated at 
$7.39
, 
$7.89
 and 
$7.15
, in 

, 

 and 

, respectively, per option on the date of grant based on the following assumptions:",627,Non-ESG,0.9548,False
WBD_2020_0488,WBD,2020,"NOTES TO CONSOLIDATED FINANCIAL STATEMENTS

We carried out numerous internal transactions during the 
year ended December 31, 2019
 that were intended to integrate assets acquired from the Scripps Networks business with the Discovery business; streamline and simplify our corporate entity structures; simplify our internal financing structures; respond to the expected exit of the United Kingdom from the European Union; make our managerial structures and processes more efficient and nimble; and reduce costs associated with the maintenance of legal entities. These transactions included mergers, liquidations, and intercompany sales among members of the consolidated Discovery group. Some of these transactions have resulted in changes in certain of our deferred tax items, which are based on differences between the book versus tax bases of the assets and liabilities and on certain tax attributes, such as net operating loss carryovers. The items involved in these restructurings relate to a variety of jurisdictions in our International Networks segment. Recent changes in accounting for intercompany transactions have also impacted our effective tax rate.",1161,Non-ESG,0.955,False
A_2023_0454,A,2023,"Executive Compensation

Information about compensation of our named executive officers appears under “Executive Compensation” in the Proxy Statement. Information about compensation of our directors appears under “Compensation of Non-Employee Directors” and “Compensation Committee Report” in the Proxy Statement. Those portions of the Proxy Statement are incorporated by reference into this report.
Item 12.",407,Corporate Governance,0.9555,False
EXC_2018_2650,EXC,2018,"(Dollars in millions, except per share data unless otherwise noted)

(e)
The legacy Exelon, CEG and CENG pension and other postretirement plans used a rate of compensation increase of 
3.25%
 through 2019 and 
3.75%
 thereafter, while the legacy PHI pension and other postretirement plans used a weighted-average rate of compensation increase of 
5%
 for all periods.
(f)
The discount rate for the qualified and non-qualified pension plans was 
4.65%
 and 
4.55%
, respectively.
(g)
Expected return on other postretirement benefit plan assets is pre-tax.
Assumed health care cost trend rates impact the other postretirement benefit plan costs reported for Exelon's participant populations with plan designs that do not have a cap on cost growth. A one percentage point change in assumed health care cost trend rates would have the following effects:
Effect of a one percentage point increase in assumed health care cost trend:
 
on 2017 total service and interest cost components
$

on postretirement benefit obligation at December 31, 2017

Effect of a one percentage point decrease in assumed health care cost trend:
 
on 2017 total service and interest cost components
(8
)
on postretirement benefit obligation at December 31, 2017
(113
)",1241,Non-ESG,0.956,False
UDR_2015_0488,UDR,2015,"GAAP defines a recognition threshold and measurement attribute for the financial statement recognition and measurement of a tax position taken or expected to be taken in a tax return. The financial statements reflect expected future tax consequences of income tax positions presuming the taxing authorities’ full knowledge of the tax position and all relevant facts, but without considering time values. GAAP also provides guidance on derecognition, classification, interest and penalties, accounting for interim periods, disclosure and transition. The Company evaluates our tax position using a two-step process. First, we determine whether a tax position is more likely than 
not (greater than 50 percent probability)
 to be sustained upon examination, including resolution of any related appeals or litigation processes, based on the technical merits of the position. The Company will then determine the amount of benefit to recognize and record the amount of the benefit that is more likely than not to be realized upon ultimate settlement. When applicable, UDR recognizes interest and/or penalties related to uncertain tax positions in income tax expense. As of 
December 31, 2014
 and 

, UDR has 
no
 material unrecognized income tax benefits/(provisions). The Company files income tax returns in federal and various state and local jurisdictions.",1354,Non-ESG,0.9567,False
EQT_2017_0050,EQT,2017,"If we fail to identify optimal business strategies, including the appropriate corporate structure, appropriate rate of reserve development, or fail to optimize our capital investment and capital raising opportunities and the use of our other resources in furtherance of our business strategies, our financial condition and growth rate may be adversely affected. Moreover, economic or other circumstances may change from those contemplated by our 2017 plan, and our failure to recognize or respond to those changes may limit our ability to achieve our objectives. We periodically engage in acquisitions, dispositions and other strategic transactions, including joint ventures. These transactions involve various inherent risks, such as our ability to obtain the necessary regulatory approvals; the timing of and conditions imposed upon us by regulators in connection with such approvals; the assumption of potential environmental or other liabilities; and our ability to realize the benefits expected from the transactions. In addition, various factors including prevailing market conditions could negatively impact the benefits we receive from transactions. Competition for acquisition opportunities in our industry is intense and may increase the cost of, or cause us to refrain from, completing acquisitions. Joint venture arrangements may restrict our operational and corporate flexibility.",1393,Non-ESG,0.957,False
JCI_2021_0113,JCI,2021,"Legal proceedings in which we are, or may be, a party may adversely affect us.

We are currently, and may in the future, become subject to legal proceedings and commercial or contractual disputes. These are typically claims that arise in the normal course of business including, without limitation, commercial or contractual disputes with our suppliers or customers, intellectual property matters, third party liability, including product liability claims, and employment claims.",479,Non-ESG,0.9578,False
FIS_2016_0237,FIS,2016,"In applying the quantitative analysis, we determine the fair value of our reporting units based on a weighted average of multiple valuation techniques, principally a combination of an income approach and a market approach, which are Level 3 and Level 2 type measurements. The income approach calculates a value based upon the present value of estimated future cash
FIDELITY NATIONAL INFORMATION SERVICES, INC.
AND SUBSIDIARIES",426,Non-ESG,0.9588,False
NWSA_2023_0285,NWSA,2023,"Significant unobservable inputs utilized in the market approach valuation method were EBITDA multiples from guideline public companies operating in similar industries and control premiums (ranging from 5.0% to 10.0%). Significant increases (decreases) in royalty rates, growth rates, control premiums and multiples, assuming no change in discount rates, would result in a significantly higher (lower) fair value measurement. Significant decreases (increases) in discount rates, assuming no changes in royalty rates, growth rates, control premiums and multiples, would result in a significantly higher (lower) fair value measurement. See Note 8—Goodwill and Other Intangible Assets in the accompanying Consolidated Financial Statements for further details regarding changes in these inputs and assumptions compared to prior fiscal years. As of June 30, 2023, there were no reporting units with goodwill at-risk for future impairment. The Company will continue to monitor its goodwill for possible future impairment.",1014,Non-ESG,0.96,False
CNC_2017_0134,CNC,2017,"Through a second phase of audits, which commenced for covered entities in July 2016, HHS focused on a review of policies and procedures adopted and employed by covered entities and their business associates to meet selected standards and implementation specifications of the HIPAA Privacy, Security, and Breach Notification Rules. An audit resulting in findings or allegations of noncompliance could have a material adverse effect on our results of operations, financial position and cash flows. If we fail to comply with the extensive federal and state fraud and abuse laws, our business, reputation, results of operations, financial position and cash flows could be materially and adversely affected. We, along with all other companies involved in public health care programs are the subject of fraud and abuse investigations from time to time. The regulations and contractual requirements applicable to participants in these public sector programs are complex and subject to change. Violations of fraud and abuse laws applicable to us could result in civil monetary penalties, criminal fines and imprisonment, and/or exclusion from participation in Medicaid, Medicare, TRICARE, VA and other federal health care programs and federally funded state health programs. Fraud and abuse prohibitions encompass a wide range of activities, including kickbacks for referral of members, billing for unnecessary medical services, improper marketing and violations of patient privacy rights.",1481,Business Ethics & Values,0.9617,False
SPGI_2017_0281,SPGI,2017,"All legal entities are subject to reevaluation under the revised consolidation model. This guidance is effective for reporting periods beginning after December 15, 2015; however, early adoption is permitted. The adoption of this guidance did not have a significant impact on our consolidated financial statements. In January of 2015, the FASB issued guidance that eliminates the concept of reporting extraordinary items, but retains current presentation and disclosure requirements for an event or transaction that is of an unusual nature or of a type that indicates infrequency of occurrence. Transactions that meet both criteria would now also follow such presentation and disclosure requirements. This guidance is effective for reporting periods beginning after December 15, 2015; however, early adoption is permitted. The adoption of this guidance did not have a significant impact on our consolidated financial statements. In August of 2014, the FASB issued guidance that requires management to evaluate, at each annual and interim reporting period, whether there are conditions or events that raise substantial doubt about the entity's ability to continue as a going concern within one year after the date the financial statements are issued and provide related disclosures. This guidance is effective for reporting periods ending after December 15, 2016; however, early adoption is permitted.",1399,Non-ESG,0.9619,False
BIIB_2019_0806,BIIB,2019,"Product Liability and Other Legal Proceedings

We are also involved in product liability claims and other legal proceedings generally incidental to our normal business activities. While the outcome of any of these proceedings cannot be accurately predicted, we do not believe the ultimate resolution of any of these existing matters would have a material adverse effect on our business or financial condition.
F- 75",415,Non-ESG,0.9621,False
MS_2018_1440,MS,2018,"The preferred stock is redeemable at the Firm’s option, in whole or in part, on or after the redemption date.",109,Non-ESG,0.9622,False
ELV_2023_0070,ELV,2023,"The net present value is calculated by discounting our best estimate of projected future cash flows at the effective interest rate implicit in the fixed maturity security at the date of purchase. For mortgage-backed and asset-backed securities, cash flow estimates are based on assumptions regarding the underlying collateral, including prepayment speeds, vintage, type of underlying asset, geographic concentrations, default rates, recoveries and changes in value. For all other securities, cash flow estimates are driven by assumptions regarding probability of default, including changes in credit ratings and estimates regarding timing and amount of recoveries associated with a default. We have a committee of accounting and investment associates and management that is responsible for managing the impairment review process. We believe that we have adequately reviewed our investment securities for impairment and that our investment securities are carried at fair value. We have established an allowance for credit loss and recorded credit loss expense as a reflection of our expected impairment losses. Given the inherent uncertainty of changes in market conditions and the significant judgments involved, there is continuing risk that declines in fair value may occur and additional impairment losses on investments may be recorded in future periods.",1358,Non-ESG,0.9622,False
MSCI_2018_0076,MSCI,2018,"We may be exposed to liabilities under applicable anti-corruption laws and any determination that we violated these laws could have a material adverse effect on our business. We are subject to various anti-corruption laws that prohibit improper payments or benefits or offers of payments or benefits to foreign governments and their officials and, in some cases, to employees of a business for the purpose of obtaining or retaining business. We have business in countries and regions which are less developed and are generally recognized as potentially more corrupt business environments. Our activities in these countries create the risk of unauthorized payments or offers of payments by one of our employees or agents that could be in violation of various anti-corruption laws including the Foreign Corrupt Practices Act of 1977, as amended (the “FCPA”) and the U.K. Bribery Act 2010. We have implemented safeguards and policies to discourage these practices by our employees and agents. However, our existing safeguards and any future improvements may prove to be less than fully effective and our employees or agents may engage in conduct for which we might be held responsible. If employees violate our policies or we fail to maintain adequate record-keeping and internal accounting practices to accurately record our transactions we may be subject to regulatory sanctions.",1378,Business Ethics & Values,0.9622,False
CTRA_2022_0078,CTRA,2022,"Superfund. The U.S. Comprehensive Environmental Response, Compensation, and Liability Act (“CERCLA”), also known as the “Superfund” law, and comparable state laws and regulations impose liability, without regard to fault or the legality of the original conduct, on certain persons with respect to the release of hazardous substances into the environment. These persons include the current and past owners and operators of a site where the release occurred and any party that treated 

or disposed of or arranged for the treatment or disposal of hazardous substances found at a site. Under CERCLA, such persons may be subject to joint and several strict liability for the costs of cleaning up the hazardous substances that have been released into the environment, for damages to natural resources and for the costs of certain health studies. CERCLA also authorizes the EPA, and in some cases, private parties, to undertake actions to clean up such hazardous substances, or to recover the costs of such actions from the responsible parties. In addition, it is not uncommon for neighboring landowners and other third parties to file claims for personal injury and property damage allegedly caused by the hazardous substances released into the environment. In the course of business, we have used materials and generated wastes and will continue to use materials and generate wastes that may fall within CERCLA’s hazardous substances definition.",1441,Pollution & Waste,0.9631,False
UHS_2019_0320,UHS,2019,"In FFY 2022, DSRIP funding under the waiver is eliminated. For FFY 2020 and 2021, we are unable to estimate the impact of these DSRIP program changes on its operating results. For FFY 2022, we will no longer receive DSRIP funds due to the elimination of this funding source by CMS in the Waiver renewal.",303,Non-ESG,0.9635,False
CHRW_2022_0016,CHRW,2022,"Our ability to appropriately staff and retain employees is important to our variable cost model.

Our continued success depends upon our ability to attract and retain a large group of motivated salespeople and other logistics professionals. In order to maintain high variability in our business model, it is necessary to adjust staffing levels to changing market demands. In periods of rapid change, it may be more difficult to match our staffing level to our business needs. We cannot guarantee that we will be able to continue to hire and retain a sufficient number of qualified personnel. Because of our comprehensive employee training program, our employees are attractive targets for new and existing competitors. Continued success depends in large part on our ability to develop successful employees into managers.",820,Human Capital,0.9643,False
YUM_2019_0059,YUM,2019,"Defending against such claims may be costly, and we may be prohibited from using such proprietary information in the future or forced to pay damages, royalties, or other fees for using such proprietary information, any of which could negatively affect our business, reputation, financial condition, and results of operations. Our business may be adversely impacted by changes in consumer discretionary spending and general economic conditions. Purchases at our Concepts’ restaurants are discretionary for consumers and, therefore, our results of operations are susceptible to economic slowdowns and recessions. Our and our franchisees' results of operations are dependent upon discretionary spending by consumers, which may be affected by general economic conditions globally or in one or more of the markets we serve. Some of the factors that impact discretionary consumer spending include unemployment rates, fluctuations in the level of disposable income, the price of gasoline, stock market performance and changes in the level of consumer confidence. These and other macroeconomic factors could have an adverse effect on our sales, profitability or development plans, which could harm our financial condition and operating results. The retail food industry in which we operate is highly competitive.",1304,Non-ESG,0.9645,False
HD_2020_0183,HD,2020,"in millions

Fiscal
 
Fiscal
 
Fiscal

Specific, incremental, and identifiable co-op advertising allowances
$

$

$",115,Non-ESG,0.9652,False
CPAY_2018_0356,CPAY,2018,"Use of Estimates

The preparation of consolidated financial statements in conformity with accounting principles generally accepted in the United States requires management to make estimates and assumptions that affect the reported amounts of assets and liabilities and disclosure of contingent assets and liabilities at the date of the consolidated financial statements and the reported amounts of revenues and expenses during the reporting period. Actual results could differ from those estimates.",498,Non-ESG,0.9655,False
HCA_2020_0003,HCA,2020,"Antitrust Laws

The federal government and most states have enacted antitrust laws that prohibit certain types of conduct deemed to be anti-competitive. These laws prohibit price fixing, market allocation, 
bid-rigging,
 concerted refusal to deal, market monopolization, price discrimination, tying arrangements, acquisitions of competitors and other practices that have, or may have, an adverse effect on competition. Violations of federal or state antitrust laws can result in various sanctions, including criminal and civil penalties. Antitrust enforcement in the health care industry is currently a priority of the Federal Trade Commission and the DOJ. We believe we are in compliance with such federal and state laws, but courts or regulatory authorities may reach a determination in the future that could adversely affect our operations.",843,Business Ethics & Values,0.966,False
EXPD_2016_0101,EXPD,2016,"Other overhead expenses remained constant as a percentage of net revenues in 

, as compared with 

.
|

. Income tax expense:
The Company’s consolidated effective income tax rate decreased to 
37.9%
 in 

, as compared to 
38.9%
 in 

. The decrease in the effective tax rate is principally the result of an increasingly higher proportion of the Company's total outstanding stock-based compensation expense being for non-qualified stock option grants. Currency and Other Risk Factors
The nature of the Company’s worldwide operations necessitates the Company dealing with a multitude of currencies other than the U.S. dollar. This results in the Company being exposed to the inherent risks of volatile international currency markets and governmental interference. Some of the countries where the Company maintains offices and/or agency relationships have strict currency control regulations which influence the Company’s ability to hedge foreign currency exposure. The Company tries to compensate for these exposures by accelerating international currency settlements among its offices or agents. The Company may enter into foreign currency hedging transactions where there are regulatory or commercial limitations on the Company’s ability to move money freely around the world or the short-term financial outlook in any country is such that hedging is the most time-sensitive way to mitigate short-term exchange losses. Any such hedging activity during 

, 

 and 

 was insignificant.",1486,Non-ESG,0.9664,False
KEYS_2019_0146,KEYS,2019,"Determine the transaction price: 
Transaction price reflects the amount of consideration to which we expect to be entitled in exchange for transferring goods or services. Our contracts may include terms that could cause variability in the transaction price including rebates, rights of return, trade-in credits, and discounts. Variable consideration is generally accounted for at the portfolio level and estimated based on historical information.
4. Allocate the transaction price to performance obligations in the contract:
 
If the contract contains a single performance obligation, the entire transaction price is allocated to that performance obligation. Many of our contracts include multiple performance obligations with a combination of distinct products and services, maintenance and support, professional services and/or training. For contracts with multiple performance obligations, we allocate the total transaction value to each distinct performance obligation based on relative SSP. Judgment is required to determine the SSP for each distinct performance obligation. The best evidence of SSP is the observable price of a good or service when we sell that good or service separately under similar circumstances to similar customers. Since most contracts contain multiple performance obligations, we use information that may include market conditions and other observable inputs to estimate SSP when we don’t have standalone transactions.
5.",1452,Non-ESG,0.9665,False
CFG_2021_0135,CFG,2021,"Furthermore, banking laws impose notice, approval and ongoing regulatory requirements on any stockholder or other party that seeks to acquire direct or indirect “control” of an FDIC-insured depository institution. These laws include the Bank Holding Company Act and the Change in Bank Control Act.",297,Corporate Governance,0.9667,False
MTB_2017_0435,MTB,2017,"Incorporated by reference to the discussion contained in Part II, Item 7, “Management’s Discussion and Analysis of Financial Condition and Results of Operations,” under the captions “Liquidity, Market Risk, and Interest Rate Sensitivity” (including Table 21) and “Capital.”

Item 8.",282,Non-ESG,0.9668,False
TPR_2017_0004,TPR,2017,"The successful execution of our operational efficiency and multi-year transformation initiatives is key to the long-term growth of our business. During the fourth quarter of fiscal 2016, we announced a plan to enhance organizational efficiency, update core technology platforms and streamline the Company’s supply chain network. These initiatives were undertaken as a result of a strategic review of the Company’s corporate structure which focused on creating an agile and scalable business model. The charges under this plan 

began in the fourth quarter of fiscal 2016 and were substantially completed by the end of fiscal year 2017. There is no assurance these actions will be successful in achieving our intended results. During the fourth quarter of fiscal 2014, we announced a multi-year strategic plan with the objective of transforming the brand and reinvigorating growth, which will enable the Company to return to 'best-in-class' profitability.",954,Non-ESG,0.9672,False
DG_2015_0416,DG,2015,"(b)    Other Information.
    The information required by this Item 12 regarding security ownership of certain
beneficial owners and our management is contained under the caption ""Security Ownership"" in the 2015 Proxy Statement, which information under such caption is incorporated herein by reference.",302,Corporate Governance,0.9674,False
PANW_2024_0040,PANW,2024,"Our use of open source software in our products and subscriptions could negatively affect our ability to sell our products and subscriptions and subject us to possible litigation.

•",182,Non-ESG,0.9676,False
UDR_2015_0783,UDR,2015,"Description

Location
 
 
 
 
3.07
Amended and Restated Agreement of Limited Partnership of United Dominion Realty, L.P. dated as of February 23, 2004. Exhibit 10.23 to UDR, Inc.’s Annual Report on Form 10-K for the year ended December 31, 2003.
 
 
 
 
3.08
First Amendment to the Amended and Restated Agreement of Limited Partnership of United Dominion Realty, L.P. dated as of June 24, 2005. Exhibit 10.06 to UDR, Inc.’s Quarterly Report on Form 10-Q for the quarter ended June 30, 2005.
 
 
 
 
3.09
Second Amendment to the Amended and Restated Agreement of Limited Partnership of United Dominion Realty, L.P. dated as of February 23, 2006. Exhibit 10.6 to UDR, Inc.’s Quarterly Report on Form 10-Q for the quarter ended March 31, 2006.
 
 
 
 
3.10
Third Amendment to the Amended and Restated Agreement of Limited Partnership of United Dominion Realty, L.P. dated as of February 2, 2007. Exhibit 99.1 to UDR, Inc.’s Quarterly Report on Form 10-Q for the quarter ended September 30, 2009.
 
 
 
 
3.11
Fourth Amendment to the Amended and Restated Agreement of Limited Partnership of United Dominion Realty, L.P. dated as of December 27, 2007. Exhibit 10.25 to UDR, Inc.’s Annual Report on Form 10-K for the year ended December 31, 2007.
 
 
 
 
3.12
Fifth Amendment to the Amended and Restated Agreement of Limited Partnership of United Dominion Realty, L.P. dated as of March 7, 2008.",1389,Non-ESG,0.9676,False
CLX_2018_0126,CLX,2018,"The following materials from The Clorox Company’s Annual Report on Form 10-K for the year ended June 30, 2018 are formatted in extensible Business Reporting Language (XBRL): (i) the Consolidated Statements of Earnings, (ii) the Consolidated Statements of Comprehensive Income, (iii) the Consolidated Balance Sheets, (iv) the Consolidated Statements of Stockholders’ Equity, (v) the Consolidated Statements of Cash Flows and (vi) Notes to Consolidated Financial Statements.
 
 
 
 
 
 
 
 
____________________
(*)
Indicates a management or director contract or compensatory plan or arrangement required to be filed as an exhibit to this report.",644,Corporate Governance,0.9676,False
CPAY_2022_0130,CPAY,2022,"Revenues by Solution Category*

Revenues,
net
% of total revenues, net
Revenues,
net
% of total
revenues, net
Fuel
$
1,180.1 

%
$
1,057.2 

%
Corporate Payments
600.0 

%
434.0 

%
Tolls
306.0 

%
292.0 

%
Lodging
309.6 

%
207.0 

%
Gift
179.5 

%
154.4 

%
Other
258.5 

%
244.3 

%
Consolidated revenues, net
$
2,833.7 

%
$
2,388.9 

%
 
*Columns may not calculate due to rounding. We generate revenue in our Fuel solutions through a variety of program fees, including transaction fees, card fees, network fees and charges, as well as from interchange. These fees may be charged as fixed amounts, costs plus a mark-up, based on a percentage of the transaction purchase amounts, or a combination thereof. Our programs also include other fees and charges associated with late payments and based on customer credit risk. In our Corporate Payments solutions, the primary measure of volume is spend, the dollar amount of payments processed on behalf of customers through our various networks. We primarily earn revenue from the difference between the amount charged to the customer and the amount paid to the third party for a given transaction, as interchange or spread revenue. Our programs may also charge fixed fees for access to the network and ancillary services provided. In our Tolls solution, the relevant measure of volume is average monthly tags active during the period. We primarily earn revenue from fixed fees for access to the network and ancillary services provided.",1484,Non-ESG,0.9678,False
AAPL_2016_0000,AAPL,2016,"The following discussion of risk factors contains forward-looking statements. These risk factors may be important to understanding other statements in this Form 10-K. The following information should be read in conjunction with Part II, Item 7, “Management’s Discussion and Analysis of Financial Condition and Results of Operations” and the consolidated financial statements and related notes in Part II, Item 8, “Financial Statements and Supplementary Data” of this Form 10-K.
The business, financial condition and operating results of the Company can be affected by a number of factors, whether currently known or unknown, including but not limited to those described below, any one or more of which could, directly or indirectly, cause the Company’s actual financial condition and operating results to vary materially from past, or from anticipated future, financial condition and operating results. Any of these factors, in whole or in part, could materially and adversely affect the Company’s business, financial condition, operating results and stock price.
Because of the following factors, as well as other factors affecting the Company’s financial condition and operating results, past financial performance should not be considered to be a reliable indicator of future performance, and investors should not use historical trends to anticipate results or trends in future periods.",1389,Non-ESG,0.9686,False
WELL_2016_0260,WELL,2016,"The following summary applies to you if you are a
beneficial owner of a note and are not a U.S. holder, as defined above (a
“non-U.S. holder”).",143,Corporate Governance,0.9693,False
MOH_2017_0301,MOH,2017,"Use of Estimates

The preparation of consolidated financial statements in conformity with GAAP requires management to make estimates and assumptions that affect the reported amounts of assets and liabilities. Estimates also affect the reported amounts of revenues and expenses during the reporting period. Actual results could differ from these estimates. Principal areas requiring the use of estimates include:
•
The determination of medical claims and benefits payable of our Health Plans segment;
•
Health plan contractual provisions that may limit revenue recognition based upon the costs incurred or the profits realized under a specific contract;
•
Health plan quality incentives that allow us to recognize incremental revenue if certain quality standards are met;
•
Molina Medicaid Solutions segment revenue and cost recognition;
•
Settlements under risk or savings sharing programs;
•
The assessment of deferred contract costs, deferred revenue, long-lived and intangible assets, and goodwill for impairment;
•
The determination of reserves for potential absorption of claims unpaid by insolvent providers;
•
The determination of reserves for the outcome of litigation;
•
The determination of valuation allowances for deferred tax assets; and
•
The determination of unrecognized tax benefits. 

.",1304,Non-ESG,0.97,False
HIG_2018_0113,HIG,2018,"Risks Relating to the Pending Sale of Our Life and Annuity Business

The closing of the sale of our life and annuity run-off business is subject to risks and uncertainties. On December 4, 2017, the Company announced the sale of its life and annuity run-off business to Hopmeadow Acquisition, Inc. 
 
(“Buyer”) whereby a subsidiary of the Company will sell all of the issued and outstanding equity of Hartford Life, Inc. (“HLI”) to Buyer. The sale is expected to close by June 30, 2018. The closing of the sale is subject to regulatory approval and other closing conditions, many of which are beyond the Company’s control. The Company cannot predict with certainty whether all of the required closing conditions will be satisfied or waived or if other uncertainties may arise. In addition, regulators could impose additional requirements or obligations as conditions for their approvals, which may be
 
burdensome. As a result, the sale may not be completed or may be delayed and the Company may lose some or all of the intended benefits of the sale. The assets and liabilities of the life and annuity run-off business, consisting primarily of the operations of Hartford Life Insurance Company and Hartford Life and Annuity Insurance Company (formerly known as Talcott Resolution), have been accounted for as held for sale as of December 31, 2017, with the operating results of that business included in discontinued operations for all periods presented.",1453,Non-ESG,0.9702,False
GILD_2018_0408,GILD,2018,"Japan Tobacco Inc. In 2005, Japan Tobacco Inc. (Japan Tobacco) granted us exclusive rights to develop and commercialize elvitegravir, a novel HIV integrase inhibitor, in all countries of the world, excluding Japan, where Japan Tobacco retained such rights. Under the agreement, we are responsible for seeking regulatory approval in our territories and are required to use diligent efforts to commercialize elvitegravir for the treatment of HIV infection. We bear all costs and expenses associated with such commercialization efforts. We received approval of Stribild (an elvitegravir-containing product) from FDA in August 2012 and from the European Commission in May 2013. We received approval of Genvoya (an elvitegravir-containing product) from FDA and the European Commission in November 2015. The agreement and our obligation to pay royalties to Japan Tobacco will terminate on a product-by-product basis as patents providing exclusivity for the product expire or, if later, on the tenth anniversary of commercial launch for such product. We may terminate the agreement for any reason in which case the license granted by Japan Tobacco to us would terminate. Either party may terminate the agreement in response to a material breach by the other party.",1257,Non-ESG,0.9708,False
MSCI_2021_0373,MSCI,2021,"At any time prior to August 1, 2021, the Company may redeem all or part of the 2026 Senior Notes upon not less than 30 nor more than 60 days’ prior notice at a redemption price equal to the sum of (i) 100% of the principal amount thereof, plus (ii) a make-whole premium as of the date of redemption, plus (iii) accrued and unpaid interest and additional interest, if any, thereon, to the date of redemption. In addition, the Company may redeem all or part of the 2026 Senior Notes, together with accrued and unpaid interest, on or after August 1, 2021, at redemption prices set forth in the indenture governing the 2026 Senior Notes. The $
500.0
 million aggregate principal 
amount
 of 
5.375
% senior unsecured notes due 2027 (the “2027 Senior Notes”) are scheduled to mature and be paid in full on 
May 15, 2027
. At any time prior to May 15, 2022, the Company may redeem all or part of the 2027 Senior Notes upon not less than 30 nor more than 60 days’ prior notice at a redemption price equal to the sum of (i) 100% of the principal amount thereof, plus (ii) a make-whole premium 
as of the date of redemption, plus (iii) accrued and unpaid interest and additional interest, if any, thereon, to the date of redemption. In addition, the Company may redeem all or part of the 2027 Senior Notes, together with accrued and unpaid interest, on or after May 15, 2022, at redemption prices set forth in the indenture governing the 2027 Senior Notes.",1447,Non-ESG,0.9711,False
SBAC_2019_0129,SBAC,2019,"Unless we were entitled to relief under certain provisions of the Code, we also would be disqualified from re-electing to be taxed as a REIT for the four taxable years following the year in which we failed to qualify as a REIT. If we fail to qualify for taxation as a REIT, we may need to borrow additional funds or liquidate assets to pay any additional tax liability. Accordingly, funds available for investment and making payments on our indebtedness would be reduced. 

﻿",475,Non-ESG,0.9711,False
UHS_2017_0545,UHS,2017,"Health care providers that are found to violate the False Claims Act may be subject to substantial monetary fines/penalties as well as face potential exclusion from participating in government health care programs or be required to comply with Corporate Integrity Agreements as a condition of a settlement of a False Claim Act matter. In September 2014, the Criminal Division of the DOJ, announced that all qui tam cases will be shared with their Division to determine if a parallel criminal investigation should be opened. The DOJ has also announced an intention to pursue civil and criminal actions against individuals within a company as well as the corporate entity or entities. In addition, health care facilities are subject to monitoring by state and federal surveyors to ensure compliance with program Conditions of Participation. In the event a facility is found to be out of compliance with a Condition of Participation and unable to remedy the alleged deficiency(s), the facility faces termination from the Medicare and Medicaid programs or compliance with a System Improvement Agreement to remedy deficiencies and ensure compliance. The laws and regulations governing the healthcare industry are complex covering, among other things, government healthcare participation requirements, licensure, certification and accreditation, privacy of patient information, reimbursement for patient services as well as fraud and abuse compliance.",1445,Business Ethics & Values,0.9712,False
PAYC_2020_0112,PAYC,2020,"If our goodwill or other intangible assets become impaired, we may be required to record a significant charge to earnings. We are required to test goodwill for impairment at least annually or earlier if events or changes in circumstances indicate the carrying value may not be recoverable. As of December 31, 2019, we had recorded a total of $51.9 million of goodwill and $0.5 million of other intangible assets. An adverse change in domestic or global market conditions, particularly if such change has the effect of changing one of our critical assumptions or estimates made in connection with the impairment testing of goodwill or intangible assets, could result in a change to the estimation of fair value that could result in an impairment charge to our goodwill or other intangible assets. Any such material charges may have a negative impact on our operating results or financial condition. We may pay employees and taxing authorities amounts due for a payroll period before a client’s electronic funds transfers are finally settled to our account. If client payments are rejected by banking institutions or otherwise fail to clear into our accounts, we may require additional sources of short-term liquidity and our operating results could be adversely affected. Our payroll processing application moves significant funds from the account of a client to employees and relevant taxing authorities. For larger funding amounts, we require clients to transfer the funds to us via fed wire.",1493,Non-ESG,0.9715,False
GS_2021_0987,GS,2021,"The allowance for credit losses is measured on a collective basis for loans that exhibit similar risk characteristics using a modeled approach and asset-specific basis for loans that do not share similar risk characteristics. Under CECL, the allowance for credit losses takes into account the weighted average of a range of forecasts of future economic conditions over the expected life of the loan and lending commitments. The expected life of each loan or lending commitment is determined based on the contractual term adjusted for extension options or demand features. The forecasts include baseline, favorable and adverse economic scenarios over a three-year period. For loans with expected lives beyond three years, the model reverts to historical loss information based on a 
non-linear
 modeled approach. The forecasted economic scenarios consider a number of risk factors relevant to the wholesale and consumer portfolios described below. The firm applies judgment in weighing individual scenarios each quarter based on a variety of factors, including the firm’s internally derived economic outlook, market consensus, recent macroeconomic conditions and industry trends. The allowance for credit losses also includes qualitative components which allow management to reflect the uncertain nature of economic forecasting, capture uncertainty regarding model inputs, and account for model imprecision and concentration risk.",1429,Non-ESG,0.9724,False
WSM_2017_0074,WSM,2017,"Alternatively, if our new
brands, acquired brands, brand extensions, repositioned brands or new lines of business prove to be very successful, we risk hurting our other existing brands through the potential migration of existing brand customers to the new businesses. Further, in an effort to acquire or build new brands at an early enough stage to leverage the full scale of our capabilities and assets, we may forego the long-term evidence to guarantee success in new or emerging businesses. As a result, we may not
be able to introduce new brands and brand extensions, integrate newly acquired brands, reposition existing brands, develop new lines of business or expand our brands globally, in a manner that improves our overall business and operating results and
may therefore be forced to close the brands or new lines of business, which may damage our reputation and negatively impact our operating results. Any
significant changes in U.S. trade, tax or other policies that restrict imports or increase import tariffs could have a material adverse effect on our results of operations.",1090,Non-ESG,0.9725,False
ANET_2024_0056,ANET,2024,"If we are unable to attract new large customers or to sell additional products and services to our existing customers, our revenue growth will be adversely affected and our revenue could decrease. To increase our revenue, we must add new customers, especially large customers, and sell additional products and services to existing customers. For example, one of our sales strategies is to target specific projects at our current customers because they are familiar with the operational and economic benefits of our solutions, thereby reducing the sales cycle into these customers. We also believe the opportunity with current customers is significant given their existing infrastructure and expected future spend. Another one of our sales strategies is focused on increasing penetration in the enterprise and campus markets. However, sales strategies focused on expansion to adjacent markets can require more time and effort since enterprise and campus customers typically start with small purchases, and there is often a long testing period. For this reason, in order to grow our revenue, it is important for us to attract new large customers. Some factors that may limit our ability to attract new large customers include, but are not limited to, saturation with certain large cloud networking customers, competition, decreased capital spending by such customers, a limited number of such customers, and a decline in growth at such customers.",1444,Non-ESG,0.9727,False
INCY_2015_0132,INCY,2015,"The value of our patents depends in part on their duration. A shorter period of patent protection could lessen the value of our rights
under any patents that we obtain and may decrease the revenues we derive from our patents. The United States patent laws were amended in 1995 to change the term of patent protection from
17 years from patent issuance to 20 years from the earliest effective filing date of the application. Because the time from filing to issuance of biotechnology applications may be more
than three years depending on the subject matter, a 20-year patent term from the filing date may result in substantially shorter patent protection.",654,Non-ESG,0.9728,False
BEN_2017_0014,BEN,2017,"Cash Management

Short-term liquid assets
 
6.3

%
Total
 
$
753.2

%

Broadly speaking, the change in the net assets of our SIPs depends primarily upon two factors: (1) the increase or decrease in the market value of the securities held in the portfolio of investments; and (2) the level of sales as compared to the level of redemptions. We are subject to the risk of asset volatility resulting from changes in the global capital markets. In addition, changing market conditions and the evolving needs of our clients may cause a shift in our asset mix, potentially resulting in an increase or decrease in our revenues and income depending upon the nature of our AUM and the level of management fees we earn based on our AUM. Despite such market risks, we believe that we have a competitive advantage as a result of the diversity of our SIPs available to our clients.",867,Non-ESG,0.9729,False
WY_2022_0128,WY,2022,"All forest operations in Canada are subject to:

 

•

forest practices and environmental regulations and

•

license requirements established by contract between us and the relevant province designed to:

 

-
  

protect environmental values and

 

-
  

encourage other stewardship values. In Canada, 21 member companies of the Forest Products Association of Canada (FPAC), including Weyerhaeuser
’
s Canadian subsidiary, announced in May 2010 the signing of a Canadian Boreal Forest Agreement (CBFA) with nine environmental organizations. The CBFA applies to approximately 72 million hectares of public forests licensed to FPAC members and, when fully implemented, was expected to lead to the conservation of significant areas of Canada
’
s boreal forest and protection of boreal species at risk, in particular, woodland caribou. While the CBFA mandate came to an end in 2017, CBFA signatories continue to work on management plans with provincial governments and seek the participation of aboriginal and local communities in advancing the goals of the CBFA.",1062,Natural Capital,0.9729,False
PNW_2022_0069,PNW,2022,"Ozone National Ambient Air Quality Standards. On October 1, 2015, EPA finalized revisions to the primary ground-level ozone NAAQS at a level of 70 parts per billion (“ppb”). Further, on December 23, 2020, EPA issued a final regulation retaining the current primary NAAQS for ozone, following a required scientific review process. With ozone standards becoming more stringent, our fossil generation units will come under increasing pressure to reduce emissions of NOx and volatile organic compounds, and to generate emission offsets for new projects or facility expansions located in ozone nonattainment areas. EPA was expected to designate attainment and nonattainment areas relative to the new 70 ppb standard by October 1, 2017. While EPA took action designating attainment and unclassifiable areas on November 6, 2017, the Agency’s final action designating non-attainment areas was not issued until April 30, 2018. At that time, EPA designated the geographic areas containing Yuma and 

Phoenix, Arizona as in non-attainment with the 2015 70 ppb ozone NAAQS. The vast majority of APS’s natural gas-fired EGUs are located in these jurisdictions. Areas of Arizona and the Navajo Nation where the remainder of APS’s fossil-fuel fired EGU fleet is located were designated as in attainment. We anticipate that revisions to the SIPs and FIPs implementing required controls to achieve the new 70 ppb standard will be in place between 2023 and 2024.",1444,Climate Change,0.9732,False
ADP_2016_0004,ADP,2016,"SYSTEMS DEVELOPMENT AND PROGRAMMING

During the fiscal years ended June 30, 

, 

, and 

, ADP invested approximately $818 million, $767 million, and $686 million, respectively, from continuing operations, in systems development and programming, which includes expenses for activities such as client migrations to our new strategic platforms, the development of new products and maintenance of our existing technologies, including purchases of new software and software licenses.
LICENSES
ADP is the licensee under a number of agreements for computer programs and databases. ADP’s business is not dependent upon a single license or group of licenses. Third-party licenses, patents, trademarks, and franchises are not material to ADP’s business as a whole.",756,Non-ESG,0.9736,False
CAH_2019_0319,CAH,2019,"Other Recently Adopted Financial Accounting Standards

In the first quarter of fiscal 2019, we adopted the following Accounting Standards Updates (""ASU""). ASU 2016-01 Financial Instruments: Recognition and Measurement of Financial Assets and Financial Liabilities; ASU 2018-03 Technical Corrections and Improvements to Financial Instruments; ASU 2016-15 Statement of Cash Flows: Classification of Certain Cash Receipts and Cash Payments; ASU 2016-16 Income Taxes: Intra-Entity Transfers of Assets Other Than Inventory; and ASU 2017-12 Derivatives and Hedging: Targeted Improvements to Accounting for Hedging Activities. The adoption of these ASU's did not have a material impact on our consolidated financial statements.",720,Non-ESG,0.974,False
CTRA_2024_0065,CTRA,2024,"Endangered Species Act. The Endangered Species Act (the “ESA”) was established to protect endangered and threatened species. Pursuant to the ESA, if a species is listed as threatened or endangered, restrictions may be imposed on activities adversely affecting that species’ habitat. The U.S. Fish and Wildlife Service (the “FWS”) may designate critical habitat and suitable habitat areas it believes are necessary for survival of a threatened or endangered species. A critical habitat or suitable habitat designation could result in further material restrictions to federal land use and may materially delay or prohibit land access for oil and gas development. Similar protections are offered to migratory birds under the Migratory Bird Treaty Act, to bald and golden eagles under the Bald and Golden Eagle Protection Act, and to certain species under state law. We conduct operations in areas where certain species are currently listed as threatened or endangered, or could be listed as such, under the ESA. Operations in areas where threatened or endangered species or their habitat are known to exist may require us to incur increased costs to implement mitigation or protective measures and also may restrict or preclude our drilling activities in those areas or during certain seasons, such as breeding and nesting seasons. On June 1, 2021, the FWS proposed to list two distinct population segments (“DPS”) of the lesser prairie-chicken (“LPC”) under the ESA.",1464,Natural Capital,0.9741,False
FDS_2017_0032,FDS,2017,"Because of its inherent limitations, internal control over f
inancial reporting may not prevent or detect misstatements. Also, projections of any evaluation of effectiveness to future periods are subject to the risk that controls may become inadequate because of changes in conditions or that the degree of compliance with the policies or procedures may deteriorate.",366,Corporate Governance,0.9744,False
FRT_2024_0126,FRT,2024,"Real Estate Acquisitions
Upon acquisition of operating real estate properties, we estimate the fair value of assets and liabilities acquired including land, building, improvements, leasing costs, intangibles such as acquired leases, assumed debt, and current assets and liabilities, if any. Based on these estimates, we allocate the purchase price to the applicable assets and liabilities. We utilize methods similar to those used by independent appraisers in estimating the fair value of acquired assets and liabilities. The value allocated to acquired leases is amortized over the related lease term and reflected as rental income in the statement of operations. We consider qualitative and quantitative factors in evaluating the likelihood of a tenant exercising a below market renewal option and include such renewal options in the calculation of in-place lease value when we consider these to be bargain renewal options. If the value of below market lease intangibles includes renewal option periods, we include such renewal periods in the amortization period utilized. If a tenant vacates its space prior to contractual termination of its lease, the unamortized balance of any acquired lease value is written off to rental income.",1236,Non-ESG,0.9746,False
PFE_2023_0292,PFE,2023,"Pfizer Inc.

2022 Form 10-K

Equity Price Risk
––We hold equity securities with readily determinable fair values in life science companies as a result of certain business development transactions. While we are holding such securities, we are subject to equity price risk, and this may increase the volatility of our income in future periods due to changes in the fair value of equity investments. From time to time, we will sell such equity securities based on our business considerations, which may include limiting our price risk. Our equity securities with readily determinable fair values are analyzed at year-end to determine their sensitivity to equity price rate changes. In this sensitivity analysis, the expected adverse impact on our net income would not be significant.
LIBOR
––From time to time, we issued variable rate debt or entered into interest rate derivatives based on LIBOR. The most commonly used U.S. dollar LIBOR rates will cease publication after June 30, 2023, and all other LIBOR rates ceased publication as of December 31, 2021. The U.S. Federal Reserve has selected the Secured Overnight Funding Rate (SOFR) as the preferred alternative reference rate. We have been updating our systems and all of our LIBOR-based contracts as of December 31, 2022 contain fallback language to accommodate an alternative reference rate. We do not expect the transition to have a significant impact on our business or financial condition.
NEW ACCOUNTING STANDARDS
Recently Adopted Accounting Standard

See 
Note 1B
.
Recently Issued Accounting Standards, Not Adopted as of December 31, 2022
Standard/Description
Effective Date
Effect on the Financial Statements",1671,Non-ESG,0.975,False
CPAY_2015_0053,CPAY,2015,"We primarily provide issuing, processing and information services to our major oil company partners, as these partners utilize their proprietary networks of
branded locations to support their card programs. In addition, we provide network services to those major oil company partners who choose to offer a co-branded MasterCard as part of their card program. Our agreements with our major oil company
partners typically have initial terms of",441,Non-ESG,0.9755,False
NWS_2018_0090,NWS,2018,"Data Privacy and Security 
 
The
Company’s business activities are subject to laws and regulations governing the collection, use, sharing, protection and retention of personal data, which continue to evolve and have implications for how such data is managed. For example, in
the U.S., certain of the Company’s websites, mobile applications and other online business activities are subject to the Children’s Online Privacy Protection Act of 1998, which prohibits websites from collecting personally identifiable
information online from children under age 13 without prior parental consent. In addition, the Federal Trade Commission continues to expand its application of general consumer protection laws to commercial data practices, including to the use of
personal and profiling data from online users to deliver targeted Internet advertisements. More state and local governments are also expanding, enacting or proposing data privacy laws that govern the collection and use of personal data of their
residents and increase penalties and afford private rights of action to individuals in certain circumstances for failure to comply, and most states have enacted legislation requiring businesses to provide notice to state agencies and to individuals
whose personally identifiable information has been disclosed as a result of a data breach.",1341,Product Liability,0.9758,False
HAL_2017_0237,HAL,2017,"Foreign currency translation

Foreign entities whose functional currency is the United States dollar translate monetary assets and liabilities at year-end exchange rates, and nonmonetary items are translated at historical rates. Revenue and expense transactions are translated at the average rates in effect during the year, except for those expenses associated with nonmonetary balance sheet accounts, which are translated at historical rates. Gains or losses from remeasurement of monetary assets and liabilities due to changes in exchange rates are recognized in our consolidated statements of operations in “Other, net” in the year of occurrence.",650,Non-ESG,0.9759,False
PNC_2022_0520,PNC,2022,"Education / Other consumer

•
Net charge-off and pay-down rates by vintage are used to estimate expected losses in lieu of discrete risk parameters
After the forecast period, we revert to the long run average over the reversion period noted above, which is the period between the end of the forecast period and when losses are estimated to have completely reverted to the long run average. Once we have developed a combined estimate of credit losses (
i.e.
, for the forecast period, reversion period and long run average) under each of the forecasted scenarios, we produce a probability-weighted credit loss estimate by loan class. We then add or deduct any qualitative components and other adjustments, such as individually assessed loans, to produce the ALLL. See the Individually Assessed Component and Qualitative Component discussions that follow in this Note 1 for additional information about those adjustments. Discounted Cash Flow
In addition to TDRs, we also use a discounted cash flow methodology for our home equity and residential real estate loan classes. We determine effective interest rates considering contractual cash flows adjusted for estimated prepayments. Changes in the ALLL due to the impact of the passage of time under the discounted cash flow estimate are recognized through the provision for credit losses.",1336,Non-ESG,0.9765,False
AES_2017_0102,AES,2017,"Environmental and Land-Use Regulations

The Company faces certain risks and uncertainties related to numerous environmental laws and regulations, including existing and potential GHG legislation or regulations, and actual or potential laws and regulations pertaining to water discharges, waste management (including disposal of coal combustion residuals), and certain air emissions, such as SO

, NO
X
, PM, mercury and other hazardous air pollutants. Such risks and uncertainties could result in increased capital expenditures or other compliance costs which could have a material adverse effect on certain of our U.S. or international subsidiaries, and our consolidated results of operations. For further information about these risks, see Item 1A.—
Risk Factors
—
Our businesses are subject to stringent environmental laws and regulations; Our businesses are subject to enforcement initiatives from environmental regulatory agencies;
 and 
Regulators, politicians, non-governmental organizations and other private parties have expressed concern about greenhouse gas, or GHG, emissions and the potential risks associated with climate change and are taking actions which could have a material adverse impact on our consolidated results of operations, financial condition and cash flows
 in this Form 10-K.",1306,Climate Change,0.9766,False
WDAY_2021_0082,WDAY,2021,"We plan our expense levels and investments on estimates of future revenue and anticipated rates of growth. If our growth does not meet estimates, we may not be able to adjust our spending quickly enough to avoid an adverse impact on our financial results as a consequence of spending that is not aligned with our actual performance. Moreover, we have encountered and will encounter risks and uncertainties frequently experienced by growing companies in rapidly changing industries, including the risks and uncertainties described herein. If our assumptions regarding these risks and uncertainties (which we use to plan our business) are incorrect or change due to changes in our markets, or if we do not address these risks successfully, our operating and financial results could differ materially from our expectations and our business could suffer. Because we encounter long sales cycles when selling to large customers and we recognize subscription services revenue over the term of the contract, downturns or upturns in new sales will not be immediately reflected in our operating results and may be difficult to discern. We generally recognize subscription services revenue over time as services are delivered to the customer, which typically occurs over a period of three years or longer. As a result, most of the subscription services revenue we report in each quarter is derived from the recognition of unearned revenue relating to subscriptions entered into during previous quarters.",1492,Non-ESG,0.9767,False
CSCO_2020_0100,CSCO,2020,"ENTRANCE INTO NEW OR DEVELOPING MARKETS EXPOSES US TO ADDITIONAL COMPETITION AND WILL LIKELY INCREASE DEMANDS ON OUR SERVICE AND SUPPORT OPERATIONS

As we focus on new market opportunities and key priority and growth areas, we will increasingly compete with large telecommunications equipment suppliers as well as startup companies. Several of our competitors may have greater resources, including technical and engineering resources, than we do. Additionally, as customers in these markets complete infrastructure deployments, they may require greater levels of service, support, and financing than we have provided in the past, especially in emerging countries. Demand for these types of service, support, or financing contracts may increase in the future. There can be no assurance that we can provide products, service, support, and financing to effectively compete for these market opportunities. 
Further, entry into other markets has subjected and will subject us to additional risks, particularly to those markets, including the effects of general market conditions and reduced consumer confidence. For example, as we add direct selling capabilities globally to meet changing customer demands, we will face increased legal and regulatory requirements.",1259,Non-ESG,0.9768,False
PPL_2024_0033,PPL,2024,"Some large industrial and commercial customers, however, may physically bypass RIE's facilities and seek delivery service directly from interstate pipelines or other natural gas distribution systems. Rates and Regulation
In general, RIE operates subject to the jurisdiction of the FERC, the RIPUC and the Rhode Island Division of Public Utilities and Carriers. Distribution
RIE owns and maintains electric and natural gas distribution networks in Rhode Island. Distribution revenues are primarily from the sale of electricity, natural gas, and related services to retail customers. Distribution sales are regulated by the RIPUC, which is responsible for approving the rates and other terms of services as part of the rate making process. Natural gas and electric distribution revenues are derived from the regulated sale and distribution of electricity and natural gas to residential, commercial, and industrial customers within RIE’s service territory under the tariff rates. The tariff rates approved by the RIPUC are designed to recover the costs incurred by RIE for products and services provided, along with a return on investment. RIE’s distribution base rates are calculated based on a return on rate base (net utility plant plus a cash working capital allowance less plant-related deferred taxes and other miscellaneous additions and deductions). All regulatory assets and liabilities, except accumulated deferred income taxes, are excluded from the return on rate base.",1478,Non-ESG,0.9769,False
WY_2020_0226,WY,2020,"Operating income and Net contribution to earnings

$

$

$

(485

)

 

(1)

Other products produced sales include wood chips, other byproducts and third-party residual log sales from our Canadian Forestlands operations. In 2019, we changed the way we report our Canadian Forestlands operations, which are primarily operated to supply our Canadian Wood Products manufacturing facilities. As a result, we now record the minimal associated third-party log sales in the Wood Products segment. These transactions do not contribute any earnings to the Wood Products segment. We have conformed prior year presentations with the current year.",635,Non-ESG,0.9771,False
URI_2024_0435,URI,2024,"Description of Exhibit

(xx)
Notes Security Agreement, dated as of November 30, 2022, by and among United Rentals, Inc., United Rentals (North America), Inc. and certain of their Subsidiaries, as the Grantors, and Truist Bank, as Trustee and Notes Collateral Agent (incorporated by reference to Exhibit 10.1 of the United Rentals, Inc. Report on Form 8-K filed on November 30, 2022)

(yy)
Third Amended and Restated Receivables Purchase Agreement, dated as of September 24, 2012, by and among The Bank of Nova Scotia, PNC Bank, National Association, The Bank of Tokyo-Mitsubishi UFJ, Ltd., New York Branch, Liberty Street Funding LLC, Market Street Funding LLC, Gotham Funding Corporation, United Rentals Receivables LLC II and United Rentals, Inc. (without annexes) (incorporated by reference to Exhibit 10.2 of the United Rentals, Inc. Report on Form 8-K filed on September 25, 2012)

(zz)
Assignment and Acceptance Agreement and Amendment No. 1 to Third Amended and Restated Receivables Purchase Agreement, dated as of February 1, 2013, among United Rentals Receivables LLC II, United Rentals, Inc., Liberty Street Funding LLC, Market Street Funding LLC, Gotham Funding Corporation, The Bank of Nova Scotia, PNC Bank National Association, The Bank of Tokyo-Mitsubishi UFJ, Ltd., New York Branch and Bank of America, N.A. (incorporated by reference to Exhibit 10.1 of the United Rentals, Inc.",1394,Non-ESG,0.9771,False
A_2019_0027,A,2019,"In addition, the government may seek to hold us liable as a successor for violations committed by 

companies in which we invest or that we acquire. We also rely on our suppliers to adhere to our supplier standards of conduct, and material violations of such standards of conduct could occur that could have a material effect on our business, reputation and financial statements.",379,Business Ethics & Values,0.9773,False
V_2017_0118,V,2017,"Price Range of Common Stock

Our class A common stock has been listed on the New York Stock Exchange under the symbol “V” since March 19, 2008. At 
November 10, 2017
, we had 362 stockholders of record of our class A common stock. The number of beneficial owners is substantially greater than the number of record holders, because a large portion of our class A common stock is held in ""street name"" by banks and brokers. The following table sets forth the intra-day high and low sale prices for our class A common stock in each of our last eight fiscal quarters:",563,Corporate Governance,0.9775,False
DHR_2017_0324,DHR,2017,"As of the date of the 

 annual impairment test, the carrying value of the goodwill included in each individual reporting unit ranged from 
$503 million
 to approximately 
$11.7 billion
. No
 goodwill impairment charges were recorded for the years ended December 31, 

, 

 and 

 and no “triggering” events have occurred subsequent to the performance of the 

 annual impairment test. The factors used by management in its impairment analysis are inherently subject to uncertainty. If actual results are not consistent with management’s estimates and assumptions, goodwill and other intangible assets may be overstated and a charge would need to be taken against net earnings. The following is a rollforward of the Company’s goodwill by segment ($ in millions): 
 
 
Life
Sciences
Diagnostics

Dental
Environmental & Applied Solutions

Total",842,Non-ESG,0.9775,False
HAL_2015_0239,HAL,2015,"Revenue recognition

Overall. Our services and products are generally sold based upon purchase orders or contracts with our customers that include fixed or determinable prices but do not include right of return provisions or other significant post-delivery obligations. Our products are produced in a standard manufacturing operation, even if produced to our customer’s specifications. We recognize revenue from product sales when title passes to the customer, the customer assumes risks and rewards of ownership, collectability is reasonably assured, and delivery occurs as directed by our customer. Service revenue, including training and consulting services, is recognized when the services are rendered and collectability is reasonably assured. Rates for services are typically priced on a per day, per meter, per man-hour, or similar basis. Software sales. Sales of perpetual software licenses, net of any deferred maintenance and support fees, are recognized as revenue upon shipment. Sales of time-based licenses are recognized as revenue over the license period. Maintenance and support fees are recognized as revenue ratably over the contract period, usually a 
one
-year duration. Percentage of completion. Revenue from certain long-term, integrated project management contracts to provide well construction and completion services is reported on the percentage-of-completion method of accounting.",1407,Non-ESG,0.9779,False
EXC_2020_0348,EXC,2020,"Solid and Hazardous Waste

In October 2015, the first federal regulation for the disposal of coal combustion residuals (CCR) from power plants became effective. The rule classifies CCR as non-hazardous waste under RCRA. Under the regulation, CCR will continue to be regulated by most states subject to coordination with the federal regulations. Generation has previously recorded accruals consistent with state regulation for its owned coal ash sites, and as such, the regulation is not expected to impact Exelon’s and Generation’s financial results. Generation does not have sufficient information to reasonably assess the potential likelihood or magnitude of any remediation requirements that may be asserted under the new federal regulations for coal ash disposal sites formerly owned by Generation. For these reasons, Generation is unable to predict whether and to what extent it may ultimately be held responsible for remediation and other costs relating to formerly owned coal ash disposal sites under the new regulations.
See Note 

 —",1042,Pollution & Waste,0.978,False
INTU_2016_0043,INTU,2016,"We face intense competitive pressures that may harm our operating results. We face intense competition in all of our businesses, and we expect competition to remain intense in the future. Our competitors and potential competitors range from large and established entities to emerging start-ups. Our competitors may introduce superior products and services, reduce prices, have greater technical, marketing and other resources, have greater name recognition, have larger installed bases of customers, have well-established relationships with our current and potential customers, advertise aggressively or beat us to market with new products and services. In addition, we may face competition from existing companies, with large established consumer user-bases and broad-based platforms, who may change or expand the focus of their business strategies and marketing to target our customers, including small businesses and tax customers. We also face intensified competition from providers of free accounting, tax, payments, and other financial services. In order to compete, we have also introduced free offerings in several categories, but we may not be able to attract customers or effectively monetize all of these offerings, and customers who have formerly paid for Intuit’s products and services may elect to use free offerings instead. These competitive factors may diminish our revenue and profitability, and harm our ability to acquire and retain customers.",1463,Non-ESG,0.9782,False
MHK_2023_0044,MHK,2023,"Negative tax consequences could materially and adversely affect the Company

’
s
 business. The Company is subject to the tax laws of the many jurisdictions in which it operates. These tax laws are complex, and the manner in which they apply to the Company’s facts is sometimes open to interpretation. In calculating the provision for income taxes, the Company must make judgments about the application of these inherently complex tax laws. The Company’s domestic and international tax liabilities are largely dependent upon the distribution of profit before tax among these many jurisdictions. However, the Company’s provision for income taxes also includes estimates of additional tax that may be incurred for tax exposures and reflects various estimates and assumptions, including assessments of future earnings of the Company that could impact the valuation of its deferred tax assets.",889,Non-ESG,0.9786,False
HD_2020_0275,HD,2020,"Restricted Stock and Performance Share Awards. Restrictions on the restricted stock issued under the Plans generally lapse according to one of the following schedules: 
•
the restrictions on the restricted stock lapse over various periods up to five years; or
•
the restrictions on 

%
 of the restricted stock lapse upon the third and sixth anniversaries of the date of issuance with the remaining 

%
 of the restricted stock lapsing upon the associate’s attainment of age 62. At the grant date of the award, recipients of restricted stock are granted voting rights and generally receive dividends on unvested shares, paid in the form of cash on each dividend payment date. Additionally, certain restricted stock awards may become non-forfeitable upon the associate’s attainment of age 60, provided the associate has had five years of continuous service. We have also granted performance share awards under the Plans. These awards provide for the issuance of shares of our common stock at the end of the three-year performance cycle based upon our performance against target average ROIC and operating profit over that performance cycle. Additionally, certain awards may become non-forfeitable upon the associate’s attainment of age 60, provided the associate has had five years of continuous service and minimum performance targets are achieved. Recipients of performance share awards have no voting rights until the shares are issued following completion of the performance period.",1485,Corporate Governance,0.9787,False
A_2020_0395,A,2020,"(in millions)

Cash and Cash Equivalents
$

$
—
 
$

$
—
 
$
—
 
Equity

—

Fixed Income

—

Other Investments
—
 
—
 
—
 
—
 
—
 
Total assets measured at fair value
$

$

$

$
—
 
$

(1) Investments measured at the net asset value per share (or its equivalent) practical expedient have not been classified in the fair value hierarchy.

AGILENT TECHNOLOGIES, INC.",364,Non-ESG,0.9788,False
BA_2024_0003,BA,2024,"Commercial Airplanes Segment

This segment develops, produces and markets commercial jet aircraft principally to the commercial airline industry worldwide. We are a leading producer of commercial aircraft and offer a family of commercial jetliners designed to meet a broad spectrum of global passenger and cargo requirements of airlines. This family of commercial jet aircraft in production includes the 737 narrow-body model and the 767, 777 and 787 wide-body models. Development continues on the 777X program and the 737-7 and 737-10 derivatives.
Defense, Space & Security Segment
This segment engages in the research, development, production and modification of manned and unmanned military aircraft and weapons systems for strike, surveillance and mobility, including fighter and trainer aircraft; vertical lift, including rotorcraft and tilt-rotor aircraft; and commercial derivative aircraft, including anti-submarine and tanker aircraft. In addition, this segment engages in the research, development, production and modification of the following products and related services: strategic defense and intelligence systems, including strategic missile and defense systems, command, control, communications, computers, intelligence, surveillance and reconnaissance (C4ISR), cyber and information solutions, and intelligence systems, satellite systems, including government and commercial satellites and space exploration.",1425,Non-ESG,0.9792,False
REGN_2021_0212,REGN,2021,"Our ability to generate and grow sales of these products will depend, in part, on the extent to which our distributors and specialty pharmacies are able to provide adequate distribution of these products to healthcare providers. Although we believe we can find additional distributors, if necessary, our revenue during any period of disruption could suffer and we might incur additional costs. In addition, these customers are responsible for a significant portion of our net trade accounts receivable balances. The loss of any large customer, a significant reduction in sales we make to them, any cancellation of orders they have made with us, or any failure to pay for the products we have shipped to them could adversely affect our results of operations. If we are unable to establish commercial capabilities outside the United States for products we intend to commercialize or co-commercialize outside the United States, our business, prospects, operating results, and financial condition may be adversely affected. We have limited commercial capabilities outside the United States and do not currently have an organization for the sales, marketing, and distribution of marketed products outside the United States. We will need to establish commercial capabilities outside the United States if we decide to co-commercialize a product outside the United States.",1364,Non-ESG,0.9793,False
EXC_2023_0343,EXC,2023,"Liquidity and Capital Resources

All results included throughout the liquidity and capital resources section are presented on a GAAP basis. The Registrants’ operating and capital expenditures requirements are provided by internally generated cash flows from operations, as well as funds from external sources in the capital markets and through bank borrowings. The Registrants’ businesses are capital intensive and require considerable capital resources. Each of the Registrants annually evaluates its financing plan, dividend practices, and credit line sizing, focusing on maintaining its investment grade ratings while meeting its cash needs to fund capital requirements, including construction expenditures, retire debt, pay dividends, and fund pension and OPEB obligations. The Registrants spend a significant amount of cash on capital improvements and construction projects that have a long-term return on investment. Additionally, the Utility Registrants operate in rate-regulated environments in which the amount of new investment recovery may be delayed or limited and where such recovery takes place over an extended period of time. Each Registrant’s access to external financing on reasonable terms depends on its credit ratings and current overall capital market business conditions, including that of the utility industry in general.",1345,Non-ESG,0.9795,False
PHM_2016_0155,PHM,2016,"Such risks, uncertainties and other factors include, among other things: interest rate changes and the availability of mortgage financing; continued volatility in the debt and equity markets; competition within the industries in which we operate; the availability and cost of land and other raw materials used by us in our homebuilding operations; the impact of any changes to our strategy in responding to the cyclical nature of the industry, including any changes regarding our land positions; the availability and cost of insurance covering risks associated with our businesses; shortages and the cost of labor; weather related slowdowns; slow growth initiatives and/or local building moratoria; governmental regulation directed at or affecting the housing market, the homebuilding industry or construction activities; uncertainty in the mortgage lending industry, including revisions to underwriting standards and repurchase requirements associated with the sale of mortgage loans; the interpretation of or changes to tax, labor and environmental laws; economic changes nationally or in our local markets, including inflation, deflation, changes in consumer confidence and preferences and the state of the market for homes in general; legal or regulatory proceedings or claims; our ability to generate sufficient cash flow in order to successfully implement our capital allocation priorities; required accounting changes; terrorist acts and other acts of war; and other factors of national, regional and global scale, including those of a political, economic, business and competitive nature.",1596,Non-ESG,0.9797,False
C_2021_0859,C,2021,"Items Measured at Fair Value on a Recurring Basis

The following tables present for each of the fair value hierarchy levels the Company’s assets and liabilities that are measured at fair value on a recurring basis at December 31, 2020 and 2019. The Company may hedge positions that have 
been classified in the Level 3 category with other financial instruments (hedging instruments) that may be classified as Level 3, but also with financial instruments classified as Level 1 or Level 2 of the fair value hierarchy. The effects of these hedges are presented gross in the following tables:",588,Non-ESG,0.9798,False
KMB_2022_0129,KMB,2022,"Liabilities

Stockholders'
Equity

$
1,283
 
$
1,219
 
$

$
1,334
 
$

1,585
 
1,203

1,563

1,020
 
1,275

1,196

Equity companies are principally engaged in operations in the personal care and consumer tissue businesses. At December 31, 2021, our ownership interest in KCM and subsidiaries was 
47.9
 percent. KCM is partially owned by the public, and its stock is publicly traded in Mexico. At December 31, 2021, our investment in this equity company was $

, and the estimated fair value of the investment was $
2.5
 billion based on the market price of publicly traded shares. Our other equity ownership interests are not significant to our consolidated balance sheet or financial results.
At December 31, 2021, undistributed net income of equity companies included in consolidated retained earnings was $
1.1
 billion.
Supplemental Balance Sheet Data
December 31",868,Non-ESG,0.9798,False
NRG_2024_0563,NRG,2024,"Impact on Fair Value Measurement

Forward Market Price Natural Gas/Power/Capacity/Renewable Energy Certificates
Buy
Increase/(Decrease)
Higher/(Lower)
Forward Market Price Natural Gas/Power/Capacity/Renewable Energy Certificates
Sell
Increase/(Decrease)
Lower/(Higher)
FTR Prices
Buy
Increase/(Decrease)
Higher/(Lower)
FTR Prices
Sell
Increase/(Decrease)
Lower/(Higher)
Collateral Default Rates
n/a
Increase/(Decrease)
Higher/(Lower)
Collateral Prepayment Rates
n/a
Increase/(Decrease)
Lower/(Higher)
Credit Loss Rates
n/a
Increase/(Decrease)
Higher/(Lower)
Under the guidance of ASC 815, entities may choose to offset cash collateral posted or received against the fair value of derivative positions executed with the same counterparties under the same master netting agreements. The Company has chosen not to offset positions as defined in ASC 815. As of December 31, 2023, the Company recorded $

 million of cash collateral posted and $

 million of cash collateral received on its balance sheet.",1000,Non-ESG,0.9802,False
C_2015_0314,C,2015,"Regulatory Capital Adjustments and Deductions:

Less: Accumulated net unrealized losses on cash flow hedges, net of tax 
(2)
(909
)
(1,245
)
Less: Cumulative unrealized net gain related to changes in fair value of financial liabilities
   attributable to own creditworthiness, net of tax 
(3)

Less: Intangible assets:
 
 
  Goodwill, net of related deferred tax liabilities (DTLs) 
(4)
22,805
24,518
Identifiable intangible assets other than mortgage servicing rights (MSRs), net of related DTLs
4,373
4,950
Less: Defined benefit pension plan net assets

1,125
Less: Deferred tax assets (DTAs) arising from net operating loss, foreign tax credit and general
   business credit carry-forwards 
(5)
23,628
26,439
Less: Excess over 10%/15% limitations for other DTAs, certain common stock investments,
  and MSRs 
(5)(6)
12,437
16,315",832,Non-ESG,0.9804,False
DVA_2024_0065,DVA,2024,"For example, our Bridge to Your Dreams program supports high performing teammates pursuing an associate's degree in nursing with financial assistance, resources and role placement support to become a DaVita nurse. We also offer programs that help develop high potential nurses, clinical coordinators and clinic nurse managers into operational managers, along with programs that prepare and coach operational managers for potential regional operations director roles. These are just some of the many other career development opportunities we have in place for our teammates. Our goal is to make resources available to teammates at each step of a possible career path. We are proud of the work we have done in this area, with approximately 58% of our Facility Administrators and managers having been promoted internally, and over 2,000 teammates actively enrolled in the Bridge to Your Dreams program, as of December 31, 2023. Total Rewards Program
Our total rewards philosophy and practices are designed to be competitive in the local market and reward strong team and individual performance. We believe merit-driven pay encourages teammates to do their best work, including in caring for our patients, and we strive to link pay to performance so we can continue to incentivize the provision of extraordinary care to our patients and grow our Village. To attract, retain and grow our teammates, we have a holistic approach to total rewards that includes financial, physical and emotional support.",1495,Human Capital,0.9806,False
CLX_2015_0124,CLX,2015,"Acquired companies or
operations or newly created ventures may not be profitable or may not achieve
sales levels and profitability and cash flow that justify the investments.
Future acquisitions or ventures could also result in potentially dilutive
issuances of equity securities, the incurrence of debt, the assumption of
contingent liabilities, including litigation, an increase in expenses related to
certain assets and increased operating expenses, all of which could adversely
affect the Company’s results of operations and financial condition. Future
acquisitions of foreign companies or new foreign ventures would subject the
Company to local regulations and could potentially lead to risks related to,
among other things, increased exposure to foreign exchange rate changes,
government price control, repatriation of profits and liabilities relating to
the Foreign Corrupt Practices Act. In addition, to the extent that the economic
benefits associated with any of the Company’s acquisitions diminish in the
future, the Company may be required to record impairment charges related to
goodwill, intangible assets or other assets associated with such acquisitions,
which could adversely affect its operating results.",1222,Non-ESG,0.9806,False
FANG_2022_0055,FANG,2022,"Year Ended December 31, 2019

Oil (MBbls)
41,156 
25,951 
1,411 
68,518 
Natural gas (MMcf)
48,109 
48,447 
1,057 
97,613 
Natural gas liquids (MBbls)
10,485 
7,826 

18,498 
Total (MBoe)
59,659 
41,852 
1,774 
103,285 
(1)
Production data for the year ended December 31, 2021 includes the Eagle Ford Shale, Rockies and High Plains.
(2)
Production data for the years ended December 31, 2020 and 2019 includes the Central Basin Platform, the Eagle Ford Shale and the Rockies.

The following table sets forth certain price and cost information for each of the periods indicated:",576,Non-ESG,0.9806,False
FITB_2024_0543,FITB,2024,"Investments in Qualified Affordable Housing Projects

The Bancorp invests in projects to create affordable housing and revitalize business and residential areas. These investments are classified as other assets on the Bancorp’s Consolidated Balance Sheets. Investments in affordable housing projects that qualify for LIHTC are accounted for using the proportional amortization method. Under the proportional amortization method, the initial cost of the investment is amortized in proportion to the tax credits and other benefits received and recognized as a component of applicable income tax expense in the Consolidated Statements of Income. Investments which do not meet the qualification criteria for the proportional amortization method are accounted for using the equity method of accounting with impairment associated with the investments recognized in other noninterest expense in the Consolidated Statements of Income.
Deposits
Deposits generally include the unpaid balance of cash or its equivalent received or held by the Bank for its commercial and consumer customers. Deposits are classified as either transactional or non-transactional and include both interest-bearing and noninterest-bearing balances. Interest expense incurred on interest-bearing deposits is recognized in accordance with applicable guidance in U.S. GAAP for these liabilities and includes certain ongoing deposit placement fees paid on custodial accounts.",1439,Non-ESG,0.9808,False
PNC_2021_0670,PNC,2021,"Variable Interest Entities (VIEs)

We are involved with various entities in the normal course of business that are deemed to be VIEs. We assess VIEs for consolidation based upon the accounting policies described in Note 1 Accounting Policies. Our consolidated VIEs were insignificant at both December 31, 2020 and 2019. We have not provided additional financial support to these entities which we are not contractually required to provide.
The following table provides a summary of non-consolidated VIEs with which we have significant continuing involvement but are not the primary beneficiary. We have excluded certain transactions with non-consolidated VIEs from the balances presented in Table 58 where we have determined that our continuing involvement is not significant. We do not consider our continuing involvement to be significant when it relates to a VIE where we only invest in securities issued by the VIE and were not involved in the design of the VIE or where no transfers have occurred between us and the VIE. In addition, where we only have lending arrangements in the normal 

    The PNC Financial Services Group, Inc. – 
2020 Form 10-K
course of business with entities that could be VIEs, we have excluded these transactions with non-consolidated entities from the balances presented in Table 58. These loans are included as part of the asset quality disclosures that we make in Note 4 Loans and Related Allowance for Credit Losses.",1452,Non-ESG,0.9808,False
WBD_2021_0253,WBD,2021,"The incremental borrowing rate is based on the Company's U.S. dollar denominated senior unsecured borrowing curves using public credit ratings adjusted down to a collateralized basis using a combination of recovery rate and credit notching approaches and translated into major contract currencies as applicable. The Company's lease terms may include options to extend or terminate the lease when it is reasonably certain that it will exercise that option. The Company does not separate lease components from non-lease components across all lease categories. Instead, each separate lease component and non-lease component are accounted for as a single lease component. In addition, variable lease payments that are based on an index or rate are included in measurement of ROU assets and lease liabilities at lease inception. All other variable lease payments are expensed as incurred and are not included in measurement of ROU assets and lease liabilities. Lease expense for operating leases is recognized on a straight-line basis. For finance leases, the Company recognizes interest expense on lease liabilities using the effective interest method and amortization of ROU assets on a straight-line basis.
DISCOVERY, INC.
NOTES TO CONSOLIDATED FINANCIAL STATEMENTS
Asset Impairment Analysis",1289,Non-ESG,0.9811,False
REG_2024_0090,REG,2024,"Without access to external sources of capital, we would be required to pay outstanding debt with our operating cash flows and proceeds from property sales. Our operating cash flows may not be sufficient to pay our outstanding debt as it comes due and real estate investments generally cannot be sold quickly at a return we believe is appropriate. If we are required to deleverage our business

with operating cash flows and proceeds from property sales, we may be forced to reduce the amount of, or eliminate altogether, our distributions to stock and unit holders or refrain from making investments in our business.",616,Non-ESG,0.9811,False
AMD_2021_0338,AMD,2021,"Description of the Matter

At December 26, 2020, the Company’s net inventory balance was $1,399 million. As discussed in Note 2 of the consolidated financial statements, the Company adjusts the inventory carrying value to the lower of actual cost or the estimated net realizable value after completing ongoing reviews of on-hand inventory quantities in excess of forecasted demand, by considering recent historical activity as well as anticipated or forecasted demand.
Auditing management’s inventory carrying value adjustments involved significant judgment because the estimates are based on a number of factors that are affected by market, industry, and competitive conditions outside the Company's control. In particular, in estimating inventory carrying value adjustments, management developed assumptions such as forecasts of future sales quantities and the selling prices, which are sensitive to the competitiveness of product offerings, customer requirements, and product life cycles. These significant assumptions are forward-looking and could be affected by future economic and market conditions.",1105,Non-ESG,0.9813,False
MSI_2017_0251,MSI,2017,"For such arrangements, revenue is allocated to the deliverables based on the relative fair value of each element, and fair value is determined using VSOE. Where VSOE does not exist for the undelivered software element, revenue is deferred until either the undelivered element is delivered or VSOE is established, whichever occurs first. When the final undelivered software element is post contract support, service revenue is recognized on a ratable basis over the remaining service period. When VSOE of a delivered element has not been established, but VSOE exists for the undelivered elements, the Company uses the residual method to recognize revenue when the fair value of all undelivered elements is determinable. Under the residual method, the fair value of the undelivered elements is deferred and the remaining portion of the arrangement consideration is allocated to the delivered elements and is recognized as revenue.",928,Non-ESG,0.9813,False
RVTY_2019_0421,RVTY,2019,"(In thousands)

Cash
$
6,326
 
$
6,326
 
$
—
 
$
—
Equity securities:
 
 
 
 
 
 
 
U.S. large-cap
35,072
 
35,072
 
—
 
—
International large-cap value
24,175
 
24,175
 
—
 
—
U.S. small mid-cap
1,928
 
1,928
 
—
 
—
Emerging markets growth
11,993
 
11,993
 
—
 
—
Equity index funds
54,342
 
—
 
54,342
 
—
Domestic real estate funds
1,353
 
1,353
 
—
 
—
Foreign real estate funds
22,196
 
—
 
—
 
22,196
Commodity funds

—
 
—
Fixed income securities:
 
 
 
 
 
 
 
Non-U.S. treasury securities
23,352
 
—
 
23,352
 
—
Corporate and U.S. debt instruments
131,211
 
48,133
 
83,078
 
—
Corporate bonds
24,848
 
—
 
24,848
 
—
High yield bond funds
5,186
 
5,186
 
—
 
—
Other types of investments:
 
 
 
 
 
 
 
Multi-strategy hedge funds
16,934
 
—
 
—
 
16,934
Non-U.S. government index linked bonds
33,703
 
—
 
33,703
 
—
Total assets measured at fair value
$
393,505
 
$
135,052
 
$
219,323
 
$
39,130",909,Non-ESG,0.9815,False
ROL_2020_0035,ROL,2020,"All of
the Company’s business lines experienced growth for the year, with residential pest control revenues up 11.3%, commercial
pest control revenues up 8.9% and termite and ancillary services revenues up 11.6%, each compared to 2018. Results of
Operations—2019 Versus 2018

Overview

The
Company’s revenues increased to $2.015 billion in 2019, a 10.6% increase compared to 2018. Gross margin decreased to
50.7% for 2019 from 50.9% in 2018. Service salaries and personnel related expenses for the 401(k) match were impacted by the Clark Pest Control acquisition. Sales, general and administrative expense were 30.9% of revenues in 2019 compared to 30.2% in 2018. The Company’s depreciation and amortization expense increased 21.4% to 4.0% in 2019 compared to 3.7%
in 2018. Rollins’ net income of $203.3 million in 2019 was a decrease of $28.3 million or 12.2% compared to $231.7
million in 2018. Net profit margin declined to 10.1% in 2019 from 12.7% in 2018. Rollins continued to expand our global brand
recognition with acquisitions in the United States and Canada as well as expanded our Orkin international franchise program
in numerous countries around the globe. In our first 50 years, we have grown to over 2.4 million customers who are served in
65 countries, and those countries represent 73.6% of the world’s GDP. The Company continues to seek new international
opportunities.",1387,Non-ESG,0.9816,False
INCY_2024_0003,INCY,2024,"Competition for our products could harm our business and result in a decrease in our revenue.

•
We or our collaborators may be unsuccessful in discovering and developing drug candidates, and we may spend significant time and money attempting to do so, in particular with our later stage drug candidates.
•
If we or our collaborators are unable to obtain regulatory approval in and outside of the United States for drug candidates, we and our collaborators will be unable to commercialize those drug candidates.
•",513,Non-ESG,0.9817,False
PAYC_2015_0074,PAYC,2015,"Document and Task Management. 
Our document and task management application manages employee files, including the ability to have employees digitally sign and view company documents. We securely store client records to meet
retention requirements and protect documents from unauthorized access and other disasters that can threaten businesses. In addition, clients can assign checklists to employees for the completion of certain tasks associated with processes such as
on-boarding and off-boarding.",499,Human Capital,0.9818,False
PNW_2021_0123,PNW,2021,"The lack of access to sufficient supplies of water could have a material adverse impact on APS’s business and results of operations.

Assured supplies of water are important for APS’s generating plants.  Water in the southwestern United States is limited, and various parties have made conflicting claims regarding the right to access and use such limited supply of water.  Both groundwater and surface water in areas important to APS’s generating plants have been and are the subject of inquiries, claims and legal proceedings.  In addition, the region in which APS’s power plants are located is prone to drought conditions, which could potentially affect the plants’ water supplies.  Climate change is also projected to exacerbate prolonged drought conditions. APS’s inability to access sufficient supplies of water could have a material adverse impact on our business and results of operations.",897,Natural Capital,0.9818,False
ICE_2020_0642,ICE,2020,"Signatures

Title
Date
/s/    Jeffrey C. Sprecher      
Chairman of the Board and 
February 6, 2020
Jeffrey C. Sprecher
Chief Executive Officer
(principal executive officer)
 
 
 
 
/s/    Scott A. Hill     
Chief Financial Officer
(principal financial
officer)
February 6, 2020
Scott A. Hill
 
 
 
 
/s/ James W. Namkung
Chief Accounting Officer and Corporate Controller (principal accounting officer)
February 6, 2020
James W. Namkung
 
 
 
 
/s/ Sharon Y. Bowen
Director
February 6, 2020
Sharon Y. Bowen
 
 
 
 
 
/s/    Charles R. Crisp  
Director
February 6, 2020
Charles R. Crisp
 
 
 
 
 
/s/ Duriya M. Farooqui
Director
February 6, 2020
Duriya M. Farooqui
 
 
 
 
 
/s/    Jean-Marc Forneri    
Director
February 6, 2020
Jean-Marc Forneri
 
 
 
 
 
/s/    Frederick W. Hatfield     
Director
February 6, 2020
Frederick W. Hatfield
 
 
/s/ Lord Hague of Richmond
Director
February 6, 2020
The Rt. Hon. the Lord Hague of Richmond

/s/    Thomas E. Noonan     
Director
February 6, 2020
Thomas E. Noonan
 
 
 
 
 
/s/    Frederic V. Salerno  
Director
February 6, 2020
Frederic V. Salerno
 
 
 
 
 
/s/    Judith A. Sprieser    
Director
February 6, 2020
Judith A. Sprieser
 
 
 
 
 
/s/    Vincent Tese    
Director
February 6, 2020
Vincent Tese",1251,Corporate Governance,0.982,False
GS_2022_1271,GS,2022,"Derivative Guarantees.

The firm enters into various derivatives that meet the definition of a guarantee under U.S. GAAP, including written equity and commodity put options, written currency contracts and interest rate caps, floors and swaptions. These derivatives are risk managed together with derivatives that do not meet the definition of a guarantee, and therefore the amounts in the table above do not reflect the firm’s overall risk related to derivative activities. Disclosures about derivatives are not required if they may be cash settled and the firm has no basis to conclude it is probable that the counterparties held the underlying instruments at inception of the contract. The firm has concluded that these conditions have been met for certain large, internationally active commercial and investment bank counterparties, central clearing counterparties, hedge funds and certain other counterparties.
 
Accordingly, the firm has not included such contracts in the table above. See Note 7 for information about credit derivatives that meet the definition of a guarantee, which are not included in the table above. 
 
Derivatives are accounted for at fair value and therefore the carrying value is considered the best indication of payment/performance risk for individual contracts. However, the carrying values in the table above exclude the effect of counterparty and cash collateral netting.",1406,Non-ESG,0.9822,False
HAL_2015_0157,HAL,2015,"Value of long-lived assets, including intangible assets and goodwill

We carry a variety of long-lived assets on our balance sheet including property, plant and equipment, goodwill, and other intangibles. We conduct impairment tests on long-lived assets whenever events or changes in circumstances indicate that the carrying value may not be recoverable and on intangible assets quarterly. Impairment is the condition that exists when the carrying amount of a long-lived asset exceeds its fair value, and any impairment charge that we record reduces our earnings. We review the carrying value of these assets based upon estimated future cash flows while taking into consideration assumptions and estimates including the future use of the asset, remaining useful life of the asset, and service potential of the asset. Goodwill is the excess of the cost of an acquired entity over the net of the amounts assigned to assets acquired and liabilities assumed. We test goodwill for impairment annually, during the third quarter, or if an event occurs or circumstances change that would more likely than not reduce the fair value of a reporting unit below its carrying amount. For purposes of performing the goodwill impairment test our reporting units are the same as our reportable segments, the Completion and Production division and the Drilling and Evaluation division.",1367,Non-ESG,0.9823,False
BA_2023_0165,BA,2023,"A significant portion of these inventory commitments is supported by firm contracts with customers and/or has historically resulted in settlement through reimbursement from customers for penalty payments to the supplier should the customer not take delivery. These amounts are also included in our forecasts of costs for program and contract accounting. Some inventory procurement contracts may include escalation adjustments. In these limited cases, we have included our best estimate of the effect of the escalation adjustment in the amounts disclosed in the table above. Purchase obligations recorded on the Consolidated Statements of Financial Position primarily include accounts payable and certain other current and long-term liabilities including accrued compensation. We have entered into various industrial participation agreements with certain customers outside of the U.S. to facilitate economic flow back and/or technology or skills transfer to their businesses or government agencies as the result of their procurement of goods and/or services from us. These commitments may be satisfied by our local operations there, placement of direct work or vendor orders for supplies, opportunities to bid on supply contracts, transfer of technology or other forms of assistance. However, in certain cases, our commitments may be satisfied through other parties (such as our vendors) who purchase supplies from our non-U.S. customers.",1437,Non-ESG,0.9823,False
K_2024_0137,K,2024,"Nigerian Naira

During the second quarter of 2023, the Nigerian government removed certain currency restrictions over the Nigerian Naira leading to a significant decline in the exchange rate of the Naira to the U.S. dollar on the official market in Nigeria. As a result of this decline in the exchange rate, the U.S. dollar value of the assets, liabilities, expenses and revenues of our Nigerian business in our consolidated financial statements has decreased significantly compared to prior periods. The consolidated assets of our Nigerian business represented approximately 5% of our consolidated assets as of December 30, 2023, compared to 8% as of December 31, 2022. Net sales of our Nigerian business were 8% of our consolidated net sales for the year ended December 30, 2023 but could become a smaller percentage of our overall sales if exchange rates as of the end of the year persist or decline further in 2024. In addition to our consolidated Nigerian business, the Company also has an investment in an unconsolidated entity, Tolaram Africa Foods PTE LTD (TAF), that holds an investment in a Nigerian food manufacturer. This investment is accounted for under the equity method of accounting and is evaluated for indicators of other than temporary impairment. During 2023, the Company recorded significant foreign currency translation adjustments related to its investment in TAF due to the devaluation of the Nigerian Naira.",1433,Non-ESG,0.9824,False
ATO_2024_0320,ATO,2024,"NOTES TO CONSOLIDATED FINANCIAL STATEMENTS — (Continued)

Estimated Future Benefit Payments
The following benefit payments paid by the Company, retirees, and prescription drug subsidies for our Retiree Medical Plan, which reflect expected future service, as appropriate, are expected to be paid in the following fiscal years. 
 
Company
Payments
Retiree
Payments
Subsidy
Payments
Total
Postretirement
Benefits",409,Non-ESG,0.9825,False
MOH_2017_0558,MOH,2017,"Financing activities:

Proceeds from senior notes offerings, net of issuance costs

—
 
—
 
—

Contingent consideration liabilities settled
—
 
—
 
(50
)
 
—
 
(50
)
Proceeds from employee stock plans

—
 
—
 
—

Principal payments on convertible senior notes
(10
)
 
—
 
—
 
—
 
(10
)
Other, net

—
 
—
 
—

Net cash provided by (used in) financing activities

—
 
(50
)
 
—

Net (decrease) increase in cash and cash equivalents
(25
)

—

Cash and cash equivalents at beginning of period

—

Cash and cash equivalents at end of period
$

$

$
1,449
 
$
—
 
$
1,539
Molina Healthcare, Inc. 2016 Form 10-K | 119",610,Non-ESG,0.9826,False
PNW_2016_0068,PNW,2016,"While EPA has chosen to regulate the disposal of CCR in landfills and surface impoundments as non-hazardous waste under the final rule, the agency makes clear that it will continue to evaluate any risks associated with CCR disposal and leaves open the possibility that it may regulate CCR as a hazardous waste under RCRA Subtitle C in the future. APS currently disposes of CCR in ash ponds and dry storage areas at Cholla and Four Corners. APS estimates that its share of incremental costs to comply with the CCR rule for Four Corners is approximately $15 million, and its share of incremental costs for Cholla is approximately $85 million. The Navajo Plant currently disposes of CCR in a dry landfill storage area. APS estimates that its share of incremental costs to comply with the CCR rule for the Navajo Plant is approximately $1 million.",843,Pollution & Waste,0.9826,False
MKC_2016_0019,MKC,2016,"The deterioration of credit and capital markets may adversely affect our access to sources of funding. We rely on our revolving credit facilities, or borrowings backed by these facilities, to fund a portion of our seasonal working capital needs and other general corporate purposes. If any of the banks in the syndicates backing these facilities were unable to perform on its commitments, our liquidity could be impacted, which could adversely affect funding of seasonal working capital requirements. We engage in regular communication with all of the banks participating in our revolving credit facilities. During these communications none of the banks have indicated that they may be unable to perform on their commitments. In addition, we periodically review our banking and financing relationships, considering the stability of the institutions, pricing we receive on services and other aspects of the relationships. Based on these communications and our monitoring activities, we believe the likelihood of one of our banks not performing on its commitment is remote. In addition, global capital markets have experienced volatility in the past that has tightened access to capital markets and other sources of funding, and such volatility and tightened access could reoccur in the future. In the event we need to access the capital markets or other sources of financing, there can be no assurance that we will be able to obtain financing on acceptable terms or within an acceptable time.",1491,Non-ESG,0.9828,False
C_2015_1303,C,2015,"Upon transfer of these debt securities to HTM, all hedges have been de-designated and hedge accounting has ceased.

(5)
During the second quarter of 2014, securities with a total fair value of approximately 
$11.8 billion
 were transferred from AFS to HTM and comprised 
$5.4 billion
 of U.S. government agency mortgage-backed securities and 
$6.4 billion
 of obligations of U.S. states and municipalities. The transfer reflects the Company’s intent to hold these securities to maturity or to issuer call in order to reduce the impact of price volatility on AOCI
 
and certain capital measures under Basel III. While these securities were transferred to HTM at fair value as of the transfer date, no subsequent changes in value may be recorded, other than in connection with the recognition of any subsequent other-than-temporary impairment and the amortization of differences between the carrying values at the transfer date and the par values of each security as an adjustment of yield over the remaining contractual life of each security. Any net unrealized holding losses within AOCI
 
related to the respective securities at the date of transfer, inclusive of any cumulative fair value hedge adjustments, will be amortized over the remaining contractual life of each security as an adjustment of yield in a manner consistent with the amortization of any premium or discount.",1379,Non-ESG,0.9829,False
EQR_2017_0017,EQR,2017,"Over the past ten years, the Company has exited its non-core markets as part of its strategy to reposition its portfolio, leaving the Company highly concentrated in its six core coastal markets. If any one or more of our core markets (Boston, New York, Washington D.C., Southern California, San Francisco and Seattle) is adversely affected by local or regional economic conditions (such as business layoffs, industry slowdowns, changing demographics and other factors) or local real estate conditions (such as oversupply of or reduced demand for multifamily properties), such conditions may have an increased adverse impact on our results of operations than if our portfolio were more geographically diverse. Because real estate investments are illiquid, we may not be able to sell properties when appropriate. Real estate investments generally cannot be sold quickly. We may not be able to reconfigure our portfolio promptly in response to economic or other conditions. We may be unable to consummate such dispositions in a timely manner, on attractive terms, or at all. This inability to reallocate our capital promptly could adversely affect our financial condition and ability to make distributions to our security holders. New acquisitions, development projects and/or rehabs may fail to perform as expected and competition for acquisitions may result in increased prices for properties that we would like to acquire.",1422,Non-ESG,0.9829,False
PLD_2017_0154,PLD,2017,"Same store portfolio – rental expenses (3)

$

$

2.5

%

NOI (1)

 

 

 

 

 

 

 

 

 

 

 

 

Consolidated:

 

 

 

 

 

 

 

 

 

 

 

 

Property NOI (per the quarterly information table above)

 

$

$

Consolidated adjustments to derive same store results:

 

 

 

 

 

 

 

 

 

 

 

 

Property NOI of properties not in the same store portfolio – properties

     developed, acquired and sold to third parties during the period and

         land subject to ground leases

 

 

(122

)

 

 

(125

)

 

 

 

 

Effect of changes in foreign currency exchange rates and other

 

 

(15

)

 

 

(7

)

 

 

 

 

Unconsolidated co-investment ventures – property NOI",697,Non-ESG,0.983,False
DHR_2017_0142,DHR,2017,"Operating profit margins were 
15.0%
 for the year ended 
December 31, 2015
 as compared to 
15.9%
 in 

. The following factors impacted year-over-year operating profit margin comparisons.

 vs. 

 operating profit margin comparisons were favorably impacted by:
•
Higher 

 sales volumes from existing businesses and incremental year-over-year cost savings associated with the restructuring actions and continuing productivity improvement initiatives taken in 

 and 

, net of incremental year-over-year costs associated with various product development, sales and marketing growth investments and the effect of a stronger U.S. dollar in 

 - 

 basis points
•
Lower year-over-year costs associated with restructuring actions and continuing productivity improvement initiatives - 

 basis points

 vs. 

 operating profit margin comparisons were unfavorably impacted by:
•
Acquisition-related charges in 2015 associated with the acquisition of Pall, including transaction costs deemed significant, change in control payments, and fair value adjustments to acquired inventory and deferred revenue, net of the positive impact of freezing pension benefits
 - 

 basis points
•
The incremental net dilutive effect in 

 of acquired businesses, including Pall, net of the positive effect of the product line disposition in the third quarter of 2014 - 

 basis points",1363,Non-ESG,0.983,False
ETR_2023_1179,ETR,2023,"Nuclear Plant Decommissioning

Entergy Arkansas, Entergy Louisiana, and System Energy are entitled to recover from customers through electric rates the estimated decommissioning costs for ANO, Waterford 3, and Grand Gulf, respectively. In addition, Entergy Louisiana and Entergy Texas are entitled to recover from customers through electric rates the estimated decommissioning costs for the portion of River Bend subject to retail rate regulation. The collections are deposited in trust funds that can only be used in accordance with NRC and other applicable regulatory requirements. Entergy periodically reviews and updates the estimated decommissioning costs to reflect inflation and changes in regulatory requirements and technology, and then makes applications to the regulatory authorities to reflect, in rates, the changes in projected decommissioning costs. In December 2018 the APSC ordered collections in rates for decommissioning ANO 2 and found that ANO 1’s decommissioning was adequately funded without additional collections. In November 2021, Entergy Arkansas filed a revised decommissioning cost recovery tariff for ANO indicating that both ANO 1 and 2 decommissioning trusts were adequately funded without further collections, and in December 2021 the APSC ordered zero collections for ANO 1 and 2 decommissioning.",1330,Non-ESG,0.983,False
DE_2017_0087,DE,2017,"At October 29, 2017, John Deere had approximately 60,500 employees, including approximately 29,000 employees in the U.S. and Canada. John Deere also
retains consultants, independent contractors, and temporary and part-time workers. Unions are certified as bargaining agents for approximately 84 percent of John Deere's U.S. production and
maintenance employees. Approximately 8,700 of John Deere's active U.S. production and maintenance workers are covered by a collective bargaining agreement with the United Auto Workers (UAW), with an
expiration date of October 1, 2021.",573,Human Capital,0.9831,False
ICE_2015_0545,ICE,2015,"Period from November 13, 2013 to December 31, 2013

U.S.  
Operations
 
U.S.  
Operations
European 
Operations
Service cost
$
—
 
$
—
$

Interest cost

Estimated return on plan assets
(47
)
 
(6
)
(1
)
Settlement loss

—

Aggregate pension expense (benefit)
$
(6
)
 
$
(1
)
$

We use a market-related value of plan assets when determining the estimated return on plan assets. Gains/losses on plan assets are amortized over a four year period and accumulate in other comprehensive income. We recognize deferred gains and losses in future net income based on a “corridor” approach, where the corridor is equal to 
10%
 of the greater of the benefit obligation or the market-related value of plan assets at the beginning of the year.
The following table shows the projected payments for the pension plans based on actuarial assumptions (in millions):

$

Next 5 years",864,Non-ESG,0.9831,False
PNW_2015_0006,PNW,2015,"Coal-Fueled Generating Facilities

Four Corners
 — Four Corners is a 5-unit coal-fired power plant located in the northwestern corner of New Mexico. APS operates the plant and owns 100% of Four Corners Units 1, 2 and 3 and 63% of Four Corners Units 4 and 5 following the acquisition of SCE’s interest in Units 4 and 5 described below. As of December 30, 2013, APS retired Units 1, 2 and 3. APS has a total entitlement from Four Corners of 970 MW. On November 8, 2010, APS and SCE entered into an asset purchase agreement (the “Asset Purchase Agreement”) providing for the purchase by APS of SCE’s 48% interest in each of Units 4 and 5 of Four Corners, allowing APS to acquire 739 MW from SCE. On December 30, 2013, APS and SCE closed this transaction. The final purchase price for SCE’s interest was approximately $182 million, subject to certain minor post-closing adjustments. In connection with APS’s most recent retail rate case with the ACC, the ACC reserved the right to review the prudence of the Four Corners transaction for cost recovery purposes upon the closing of the transaction. On December 23, 2014, the ACC approved rate adjustments related to APS’s acquisition of SCE’s interest in Four Corners resulting in a revenue increase of $57.1 million on an annual basis.",1280,Non-ESG,0.9831,False
CSCO_2021_0029,CSCO,2021,"For information regarding risks related to our sales channels, see “Item 1A. Risk Factors,” including the risk factors entitled “Disruption of or changes in our distribution model could harm our sales and margins” and “Inventory management relating to our sales to our two-tier distribution channel is complex, and excess inventory may harm our gross margins.”

For information regarding risks relating to our international operations, see “Item 1A.",449,Non-ESG,0.9832,False
PPG_2022_0360,PPG,2022,"RSU Activity

Number of Shares
Weighted Average Fair Value
Intrinsic Value (in millions)
Outstanding, January 1, 2021
591,929
 
$
113.74
 
$

Granted
263,911
 
$
120.89
 
 
Released from restrictions
(
215,208
)
$
142.21
 
 
Forfeited
(
18,577
)
$
122.32
 
 
Outstanding, December 31, 2021
622,055
 
$
125.92
 
$

Vested or expected to vest, December 31, 2021
592,068
 
$
125.60
 
$

There was $

 million of total unrecognized compensation cost related to unvested RSUs outstanding as of December 31, 2021. This cost is expected to be recognized as expense over a weighted average period of 
1.5
 years. Contingent Share Grants 
The Company also provides grants of contingent shares to selected key executives that may be earned based on PPG total shareholder return (“TSR”) over the 
three
-year period following the date of grant. Contingent share grants (referred to as “TSR awards”) are made annually and are paid out at the end of each 
three
-year period based on the Company’s performance. Performance is measured by determining the percentile rank of the total shareholder return of PPG common stock in relation to the total shareholder return of the S&P 500 for the 
three
-year period following the date of grant. This comparison group represents the entire S&P 500 Index as it existed at the beginning of the performance period, excluding any companies that have been removed from the index because they ceased to be publicly traded.",1445,Corporate Governance,0.9833,False
DHR_2022_0406,DHR,2022,"The changes in the spot rate of these instruments are recorded in accumulated other comprehensive income (loss) in stockholders’ equity, partially offsetting the foreign currency translation adjustment of the Company’s related net investment that is also recorded in accumulated other comprehensive income (loss). Any ineffective portions of the cash flow hedges are reclassified from accumulated other comprehensive income (loss) into earnings during the period of change. The interest income or expense from these swaps are recorded in interest expense in the accompanying Consolidated Statements of Earnings consistent with the classification of interest expense attributable to the underlying debt. These instruments mature on dates ranging from September 2025 to December 2031. The Company also uses cross-currency swap derivative contracts to hedge U.S. dollar-denominated long-term debt issuances in a foreign subsidiary whose functional currency is the euro against adverse movements in exchange rates between the U.S. dollar and the euro. These contracts effectively convert these U.S. dollar-denominated bonds to obligations denominated in euro. The changes in the fair value of these instruments are recorded in accumulated other comprehensive income (loss) in stockholders’ equity, with a reclassification from accumulated other comprehensive income (loss) to net earnings to offset the remeasurement of the hedged debt that is also recorded in net earnings.",1470,Non-ESG,0.9833,False
BIIB_2023_0485,BIIB,2023,"BIIB118 Acquisition

In March 2020 we acquired BIIB118 (CK1 inhibitor) for the potential treatment of patients with behavioral and neurological symptoms across various psychiatric and neurological diseases from Pfizer Inc. (Pfizer). In connection with this acquisition, we made an upfront payment of $
75.0
 million to Pfizer, which was accounted for as an asset acquisition and recorded as acquired IPR&D in our consolidated statements of income for the year ended December 31, 2020.",484,Non-ESG,0.9833,False
WDC_2015_0292,WDC,2015,"Leyden (Filed as Exhibit 10.1 to the Company's Quarterly Report on Form 10-Q (File No. 1-08703) with the Securities and Exchange Commission on November 4, 2014)*
 
 
 
10.7
 
Western Digital Corporation Amended and Restated Change of Control Severance Plan, amended and restated as of September 11, 2014 (Filed as Exhibit 10.3 to the Company’s Quarterly Report on Form 10-Q (File No. 1-08703) with the Securities and Exchange Commission on November 4, 2014)*
 
 
10.8
 
Western Digital Corporation Executive Severance Plan, amended and restated as of February 4, 2015 (Filed as Exhibit 10.1 to the Company’s Quarterly Report on Form 10-Q (File No. 1-08703) with the Securities and Exchange Commission on February 10, 2015)*
 
 
10.9
 
Form of Indemnity Agreement for Directors of Western Digital Corporation (Filed as Exhibit 10.4 to the Company’s Quarterly Report on Form 10-Q (File No. 1-08703) with the Securities and Exchange Commission on November 8, 2002)*
 
 
10.10
 
Form of Indemnity Agreement for Officers of Western Digital Corporation (Filed as Exhibit 10.5 to the Company’s Quarterly Report on Form 10-Q (File No. 1-08703) with the Securities and Exchange Commission on November 8, 2002)*
 
 
10.11
 
Offer Letter, dated August 14, 2014, to Olivier C.",1264,Corporate Governance,0.9833,False
WBD_2016_0478,WBD,2016,"NOTES TO CONSOLIDATED FINANCIAL STATEMENTS

particular subsequent reporting period is not known, management does not believe that the resolution of these other matters will 
have a material adverse effect on the Company's consolidated financial position, future results of operations or cash flows.",298,Non-ESG,0.9836,False
STT_2019_0014,STT,2019,"In the event of a failure of the borrower to return such securities, we typically agree to indemnify our clients for the amount by which the fair market value of those securities exceeds the proceeds of the disposition of the collateral recalled from the borrower in connection with such transaction. We also lend and borrow securities as riskless principal, and in connection with those transactions receive a security interest in securities held by the borrowers in their securities portfolios and advance cash or securities as collateral to securities lenders. Borrowers are generally required to provide collateral equal to a contractually agreed percentage equal to or in excess of the fair market value of the loaned securities. As the fair market value of the loaned securities or 
 State Street Corporation | 

collateral changes, additional collateral is provided by the borrower or collateral is returned to the borrower. In addition, our agency securities lending clients often purchase securities or other financial instruments from financial counterparties, including broker/dealers, under repurchase arrangements, frequently as a method of reinvesting the cash collateral they receive from lending their securities. Under these arrangements, the counterparty is obligated to repurchase these securities or financial instruments from the client at the same price (plus an agreed rate of return) at some point in the future.",1436,Non-ESG,0.9836,False
XYL_2019_0097,XYL,2019,"EXECUTIVE OFFICERS OF THE REGISTRANT

The following information is provided regarding the executive officers of Xylem as of January 31, 2019:
NAME
 
AGE",152,Corporate Governance,0.9837,False
KEY_2017_0740,KEY,2017,"Consumer indirect loans

Total
in millions

750 and above
$
9,818
$
6,378
$

$

$

$

$
1,266
$

$
12,035
$
7,378
660 to 749
5,266
3,822

1,195

7,647
5,095
Less than 660
1,617
1,291

2,486
1,708
No Score
1,122
1,075

1,556
1,412
Total
$
17,823
$
12,566
$
1,781
$
1,600
$
1,111
$

$
3,009
$

$
23,724
$
15,593
 
 
 
 
 
 
 
 
 
 
 
(a)
Borrower FICO scores provide information about the credit quality of our consumer loan portfolio as they provide an indication as to the likelihood that a debtor will repay their debts. The scores are obtained from a nationally recognized consumer rating agency and are presented in the above table at the dates indicated.",658,Non-ESG,0.9839,False
XYL_2021_0232,XYL,2021,"Year Ended December 31,

Net income
$

$

$

Other comprehensive loss, before tax:
Foreign currency translation adjustment
(

)

(

)
Net change in derivative hedge agreements:
Unrealized gain (loss)

(

)
(

)
Amount of (gain) loss reclassified into net income
(

)

Net change in post-retirement benefit plans:
Net loss
(

)
(

)
(

)
Prior service credit

—
 
—
 
Amortization of prior service credit cost
(

)
(

)
(

)
Amortization of net actuarial loss into net income

Settlement
—

Foreign currency translation adjustment
(

)
(

)

Other comprehensive loss, before tax
(

)
(

)
(

)
Income tax (benefit) expense related to other comprehensive loss
(

)
(

)

Other comprehensive loss, net of tax
(

)
(

)
(

)
Comprehensive income
$

$

$

Less: comprehensive (loss) gain attributable to noncontrolling interests
(

)

(

)
Comprehensive income attributable to Xylem 
$

$

$

See accompanying notes to consolidated financial statements.",948,Non-ESG,0.984,False
MAA_2020_0033,MAA,2020,"We are dependent on a concentration of our investments in a single asset class, making our results of operations more vulnerable to a downturn or slowdown in the sector or other economic factors.

As of December 31, 2019, substantially all of our investments are concentrated in the multifamily sector. As a result, we will be subject to risks inherent in investments in a single type of property. A downturn or slowdown in the demand for multifamily housing may have more pronounced effects on our results of operations or on the value of our assets than if we had diversified our investments into more than one asset class.",625,Non-ESG,0.9842,False
NEM_2015_0142,NEM,2015,"($ per pound)

Copper

 

 

 

 

 

 

 

 

 

 

 

 

 

 

 

Phoenix

$

$

$

0.62

 

 

$

0.85

 

 

The following is a summary of our ore on leach pad historical cost and estimated future processing:
At December 31, 2014
($ per ounce)
Historical

Costs

 

 

Estimated

Future
Processing

Costs

 

 

Total

Estimated",332,Non-ESG,0.9842,False
PFE_2022_0143,PFE,2022,"Pfizer Inc.

2021 Form 10-K

business climate and/or a failure to replace the contributions of products that lose exclusivity. Our other intangible assets, including developed technology rights and brands, face similar risks for impairment. Our equity-method investments may also be subject to impairment charges that may result from the occurrence of unexpected adverse events or management decisions that impact our estimates of expected cash flows to be generated from these investments. We may recognize impairment charges as a result of a weak economic environment, events related to particular customers or asset types, challenging market conditions or decisions by management. Any such impairment charge of our intangible assets, goodwill and equity-method investments may be significant. For additional details, see the S
ignificant Accounting Policies and Application of Critical Accounting Estimates and Assumptions
 section within MD&A.",947,Non-ESG,0.9843,False
TPR_2022_0039,TPR,2022,"Our operating results are subject to seasonal and quarterly fluctuations, which could adversely affect the market price of the Company's common stock.

The Company's results are typically affected by seasonal trends. We have historically realized, and expect to continue to realize, higher sales and operating income in the second quarter of our fiscal year. Business underperformance in the Company's second fiscal quarter would have a material adverse effect on its full year operating results and result in higher inventories. In addition, fluctuations in net sales, operating income and operating cash flows of the Company in any fiscal quarter may be affected by the timing of wholesale shipments and other events affecting retail sales, including adverse weather conditions or other macroeconomic events, including the impact of the Covid-19 pandemic.",857,Non-ESG,0.9845,False
KMB_2017_0091,KMB,2017,"Cash flow hedges and other

Recognition of effective portion of hedges

Amortization included in net income
(20
)
 
(53
)
 
(5
)
Currency and other
(4
)
 
(7
)

Tax effect
(5
)
 
(1
)

Other
—
 
(11
)",200,Non-ESG,0.9845,False
ICE_2019_0546,ICE,2019,"Other ICE Clearing Houses

Total
Original margin 
$
27,597
 
$
22,770
 
$
6,260
 
$
—
 
$

$
56,630
Unsettled variation margin, net
—
 
—
 
—

—

Guaranty fund 
3,267
 
2,456

—

6,188
Delivery contracts receivable/payable, net
—
 
—
 
—

—

Total 
$
30,864
 
$
25,226
 
$
6,720
 
$
1,137
 
$

$
63,955
As of 
December 31, 2017
, our cash and cash equivalent deposits, are as follows (in millions): 
 
ICE Clear
 
Europe 
(2)
 
ICE Clear 
Credit
 
ICE Clear U.S.
 
ICE NGX",472,Non-ESG,0.9846,False
K_2020_0442,K,2020,"Long-lived assets

United States
 
$
1,996
 
$
2,197
 
$
2,195
All other countries
 
1,616
 
1,534
 
1,521",106,Non-ESG,0.9851,False
PNC_2020_0671,PNC,2020,"Fair Value Measurements

As further described in Note 

Fair Value
, GAAP establishes the framework for measuring fair value, including a hierarchy used to classify the inputs used in measuring fair value.
A description of the valuation methodologies used for assets measured at fair value at both 
December 31, 2019
 and 2018 follows:
Asset",341,Non-ESG,0.9852,False
BX_2022_0939,BX,2022,"Fee Related Earnings

2,351,473

 

 

 

947,767

 

 

 

396,576

 

 

 

354,983

 

 

 

4,050,799",105,Non-ESG,0.9852,False
FITB_2022_0695,FITB,2022,"As of December 31, 2021, $

 of these loans were 30-89 days past due and $

 were 90 days or more past due. The Bancorp recognized $

 of losses during the year ended December 31, 2021 due to claim denials and curtailments associated with these insured or guaranteed loans.
(b)
Excludes $

 of residential mortgage loans measured at fair value at December 31, 2021.
158 Fifth Third Bancorp",389,Non-ESG,0.9855,False
LKQ_2020_0130,LKQ,2020,"The liquidity and market value of the senior notes may change due to a variety of factors.

The liquidity of any trading market in the senior notes, and the market price quoted for the senior notes, may be adversely affected by changes in the overall market for these types of securities, changes in interest rates, changes in our ratings, and changes in our financial performance or prospects or in the prospects for companies in our industries generally.",456,Non-ESG,0.9855,False
AXP_2023_0318,AXP,2023,"With respect to anticipated earnings denominated in foreign currencies for the next twelve months, the adverse impact on pretax income of a hypothetical 10 percent strengthening of the U.S. dollar would be approximately $153 million as of December 31, 2022. To a much lesser extent, we are also subject to market risk arising from activities conducted by our Foreign Exchange International Payments business. We aim to minimize market risk from these activities through hedging, where appropriate, and the establishment of limits. The actual impact of interest rate and foreign exchange rate changes will depend on, among other factors, the timing of rate changes, the extent to which different rates do not move in the same direction or in the same direction to the same degree, changes in the cost, volume and mix of our hedging activities and changes in the volume and mix of our businesses.",894,Non-ESG,0.9857,False
ROK_2022_0268,ROK,2022,"For all instruments that are designated as net investment hedges and meet effectiveness requirements, the net changes in value of the designated hedging instruments are recorded in Accumulated other comprehensive loss within Shareowners’ equity where they offset gains and losses recorded on our net investments globally. To the extent forward exchange contracts or foreign currency denominated debt designated as net investment hedges are ineffective, changes in value are recorded in earnings through the maturity date. There was no impact on earnings due to ineffective net investment hedges. At September 30, 2022, we had 
no
 foreign currency forward exchange contracts designated as net investment hedges. The pre-tax amount of losses recorded in Other comprehensive income (loss) related to net investment hedges that would have been recorded in the Consolidated Statement of Operations had they not been so designated was (in millions):

Forward exchange contracts
$
—
 
$
(
0.8
)
$
(
1.3
)
Fair Value Hedges
We used interest rate swap contracts to manage the borrowing costs of certain long-term debt. In February 2015, we issued $
600.0
 million aggregate principal amount of fixed rate notes (“2025 Notes”). Upon issuance of these notes, we entered into fixed-to-floating interest rate swap contracts that effectively converted these notes from fixed rate debt to floating rate debt.",1394,Non-ESG,0.9857,False
IFF_2023_0032,IFF,2023,"We have made investments in and continue to expand our business into emerging markets, which exposes us to certain risks.

•",124,Non-ESG,0.9857,False
SNA_2019_0118,SNA,2019,"Results of Operations

2018 vs. 2017
Results of operations for 

 and 

 are as follows:
 
(Amounts in millions)

Change
Net sales
 
$
3,740.7
 
100.0
 %
 
$
3,686.9
 
100.0
 %
 
$
53.8
 
1.5
 %
Cost of goods sold
 
(1,870.7
)
 
(50.0
)%
 
(1,861.0
)
 
(50.5
)%
 
(9.7
)
 
(0.5
)%
Gross profit
 
1,870.0
 
50.0
 %
 
1,825.9
 
49.5
 %
 
44.1
 
2.4
 %
Operating expenses
 
(1,144.0
)
 
(30.6
)%
 
(1,161.3
)
 
(31.5
)%
 
17.3
 
1.5
 %
Operating earnings before financial services
 
726.0
 
19.4
 %
 
664.6
 
18.0
 %
 
61.4
 
9.2
 %
 
 
 
 
 
 
 
 
 
 
 
 
 
Financial services revenue
 
329.7
 
100.0
 %
 
313.4
 
100.0
 %
 
16.3
 
5.2
 %
Financial services expenses
 
(99.6
)
 
(30.2
)%
 
(95.9
)
 
(30.6
)%
 
(3.7
)
 
(3.9
)%
Operating earnings from financial services
 
230.1
 
69.8
 %
 
217.5
 
69.4
 %
 
12.6
 
5.8
 %
 
 
 
 
 
 
 
 
 
 
 
 
 
Operating earnings
 
956.1
 
23.5
 %
 
882.1
 
22.1
 %
 
74.0
 
8.4
 %
Interest expense
 
(50.4
)
 
(1.2
)%
 
(52.4
)
 
(1.3
)%
 
2.0
 
3.8
 %
Other income (expense) – net
 
4.2
 
0.1
 %
 
(7.8
)
 
(0.3
)%
 
12.0
 
   NM
Earnings before income taxes and equity earnings
 
909.9
 
22.4
 %
 
821.9
 
20.5
 %
 
88.0
 
10.7
 %
Income tax expense
 
(214.4
)
 
(5.3
)%
 
(250.9
)
 
(6.2
)%
 
36.5
 
14.5
 %
Earnings before equity earnings
 
695.5
 
17.1
 %
 
571.0
 
14.3
 %
 
124.5
 
21.8
 %
Equity earnings, net of tax
 
0.7
 
—
 
1.2
 
—
 
(0.5
)
 
(41.7
)%
Net earnings
 
696.2
 
17.1
 %
 
572.2
 
14.3
 %
 
124.0
 
21.7
 %
Net earnings attributable to noncontrolling interests
 
(16.3
)
 
(0.4
)%
 
(14.5
)
 
(0.4
)%
 
(1.8
)
 
(12.4
)%
Net earnings attributable to Snap-on Inc.
 
$
679.9
 
16.7
 %
 
$
557.7
 
13.9
 %
 
$
122.2
 
21.9
 %
NM: Not meaningful
 
 
 
Percentage Disclosure: All income statement line item percentages below “Operating earnings from financial services” are calculated as a percentage of the sum of Net sales and Financial services revenue.",1913,Non-ESG,0.9857,True
ICE_2018_0009,ICE,2018,"Trading and Clearing Segment

Our Trading and Clearing segment includes revenues generated by our execution venues and our clearing services, as well as other revenues. Our exchanges include derivative exchanges in the U.S., U.K., European Union, or EU, Canada and Singapore, and cash equities, equity options and bond exchanges in the U.S. We also operate over-the-counter, or OTC, markets for physical energy and credit default swaps, or CDS, trade execution as well as two electronic fixed income alternative trading systems, or ATSs. To serve global derivatives markets, we operate central counterparty clearing houses in the U.S., U.K., EU, Canada and Singapore. Our Trading and Clearing segment generated revenues of $2.1 billion in 2017 and accounted for 46% of our consolidated revenues.",795,Non-ESG,0.9859,False
ESS_2019_0085,ESS,2019,"Debt financing has inherent risks. At December 31, 2018, the Company had approximately 
$5.6 billion
 of indebtedness (including 
$619.6 million
 of variable rate indebtedness, of which $175.0 million is subject to an interest rate swap effectively fixing the interest rate on $175.0 million in debt. $9.9 million is subject to interest rate cap protection). The Company is subject to the risks normally associated with debt financing, including, among others, the following:
•
cash flow may not be sufficient to meet required payments of principal and interest;
•
inability to refinance maturing indebtedness on encumbered apartment communities;
•
inability to comply with debt covenants could cause defaults and an acceleration of maturity dates; and
•
paying debt before the scheduled maturity date could result in prepayment penalties. The Company may not be able to renew, repay or refinance its indebtedness when due or may be required to refinance its indebtedness at higher interest rates or on terms that may not be as favorable as the terms of existing indebtedness. If the Company is unable to refinance its indebtedness on acceptable terms, or not at all, the Company might be forced to dispose of one or more of its properties on disadvantageous terms, which might result in losses. Such losses could have an adverse effect on the Company and its ability to make distributions to Essex's stockholders or the Operating Partnership's unitholders and pay amounts due on its debt.",1489,Non-ESG,0.986,False
CMG_2020_0108,CMG,2020,"December 31,

Assets
 
 
 
 
 
Current assets:
 
 
 
 
 
Cash and cash equivalents
$
 
480,626
 
$
 
249,953
Accounts receivable, net 
 
 
80,545
 
 
 
62,312
Inventory
 
 
26,096
 
 
 
21,555
Prepaid expenses and other current assets
 
 
57,076
 
 
 
54,129
Income tax receivable
 
 
27,705
 
 
 
-",299,Non-ESG,0.986,False
ADSK_2018_0050,ADSK,2018,"We are dependent on international revenue and operations, exposing us to significant regulatory, global economic, intellectual property, collections, currency exchange rate, taxation, political instability and other risks, which could adversely impact our financial results. We are dependent on our international operations for a significant portion of our revenue. International net revenue represented 
64%
 and 
63%
 of our net revenue in fiscal 

 and 

, respectively. Our international revenue, including that from emerging economies, is subject to general economic and political conditions in foreign markets, including conditions in foreign markets resulting from economic and political conditions in the U.S. Our revenue is also impacted by the relative geographical and country mix of our revenue over time. At times, these factors adversely impact our international revenue, and consequently our business as a whole. Our dependency on international revenue makes us much more exposed to global economic and political trends, which can negatively impact our financial results, even if our results in the U.S. are strong for a particular period. We anticipate that our international operations will continue to account for a significant portion of our net revenue, and, as we expand our international development, sales and marketing expertise, will provide significant support to our overall efforts in countries outside of the U.S.",1442,Non-ESG,0.986,False
EW_2022_0383,EW,2022,"December 31, 2020

(
122.4
)
(
27.7
)
8.6
 
(
19.6
)
(
161.1
)
Other comprehensive (loss) income before reclassifications
(
39.2
)
66.3
 
(
29.2
)
12.8
 
10.7
 
Amounts reclassified from accumulated other comprehensive loss
(
6.4
)
12.0
 
8.6
 
1.0
 
15.2
 
Deferred income tax (expense) benefit
(
4.5
)
(
20.9
)
5.1
 
(
2.2
)
(
22.5
)",335,Non-ESG,0.986,False
PHM_2015_0199,PHM,2015,"In determining the value of land held for sale, we consider recent offers received, prices for land in recent comparable sales transactions, and other factors. We record net realizable value adjustments for land held for sale within Homebuilding land sale cost of revenues. See 
Note 3
. Land option agreements
We enter into land option agreements in order to procure land for the construction of homes in the future. Pursuant to these land option agreements, we generally provide a deposit to the seller as consideration for the right to purchase land at different times in the future, usually at predetermined prices. Such contracts enable us to defer acquiring portions of properties owned by third parties or unconsolidated entities until we have determined whether and when to exercise our option, which reduces our financial risks associated with long-term land holdings. Option deposits and pre-acquisition costs (such as environmental testing, surveys, engineering, and entitlement costs) are capitalized if the costs are directly identifiable with the land under option, the costs would be capitalized if we owned the land, and acquisition of the property is probable. Such costs are reflected in other assets and are reclassified to inventory upon taking title to the land. We write off deposits and pre-acquisition costs when it becomes probable that we will not go forward with the project or recover the capitalized costs.",1435,Non-ESG,0.9861,False
WMT_2017_0048,WMT,2017,"Suppliers and Supply Chain

As a retailer and warehouse club operator, we utilize a global supply chain that includes over 100,000 suppliers located around the world, including in the United States, from whom we purchase the merchandise that we sell in our stores, clubs and online. In many instances, we purchase merchandise from producers located near the stores and clubs in which such merchandise will be sold, particularly products in the ""fresh"" category. Our purchases may represent a significant percentage of a number of our suppliers' annual sales, and the volume of product we acquire from many suppliers allows us to obtain favorable pricing from such suppliers. Our suppliers are subject to standards of conduct, including requirements that they comply with local labor laws, local worker safety laws and other applicable laws. Our ability to acquire from our suppliers the assortment and volume of products we wish to offer to our customer, to receive those products within the required time through our supply chain and to distribute those products to our stores and clubs determines, in part, our in-stock levels in our stores and clubs and the attractiveness of our merchandise assortment we offer to our customers and members. Employees
As of the end of fiscal 

, the Company and its subsidiaries employed approximately 
2.3 million
 employees (""associates"") worldwide, with nearly 
1.5 million
 associates in the U.S. and 
0.8 million
 associates internationally.",1483,Human Capital,0.9863,False
HIG_2022_1141,HIG,2022,"Foreign govt./govt. agencies

—

(

)

—

—

Municipal
7,473
 
—

(

)
8,257
 
8,564
 
—

(

)
9,503
 
RMBS
3,610
 
—

(

)
3,643
 
3,966
 
—

(

)
4,107",153,Non-ESG,0.9863,False
ATO_2023_0115,ATO,2023,"Income before income taxes

359,212 
290,338 
258,108 
68,874 
32,230 
Income tax expense
53,747 
37,917 
38,407 
15,830 
(490)",127,Non-ESG,0.9863,False
DUK_2018_0011,DUK,2018,"The Duke Energy Registrants' operations, capital expenditures and financial results may be affected by regulatory changes related to the impacts of global climate change.

There is continued concern, both nationally and internationally, about climate change. The EPA may adopt and implement regulations to restrict emissions of GHGs. Increased regulation of GHG emissions could impose significant additional costs on the Duke Energy Registrants' operations, their suppliers and customers. Regulatory changes could also result in generation facilities to be retired early and result in stranded costs if Duke Energy is not able to fully recover the costs and investment in generation. At this time, the effect that climate change regulation may have in the future on Duke Energy's business, financial condition or results of operations is not able to be predicted.

PART I",871,Climate Change,0.9864,False
ATO_2016_0243,ATO,2016,"Regulatory liabilities:

Regulatory cost of removal obligation
$
476,891
 
$
483,676
Deferred gas costs
20,180
 
28,100
Asset retirement obligation
13,404
 
9,063
Other
4,250
 
3,693
 
$
514,725
 
$
524,532
(1)
Includes 
$12.4 million
 and 
$16.6 million
 of pension and postretirement expense deferred pursuant to regulatory authorization.
(2)
Infrastructure mechanisms in Texas and Louisiana allow for the deferral of all eligible expenses associated with capital expenditures incurred pursuant to these rules, including the recording of interest on the deferred expenses until the next rate proceeding (rate case or annual rate filing), at which time investment and costs would be recovered through base rates.",713,Non-ESG,0.9864,False
TDG_2016_0062,TDG,2016,"The Company may be subject to risks relating to changes in its tax rates or exposure to additional income tax liabilities.

The Company is subject to income taxes in the United States and various non-U.S. jurisdictions. The Company’s domestic and international tax liabilities are dependent upon the location of earnings among these different jurisdictions. The Company’s future results of operations could be adversely affected by changes in the Company’s effective tax rate as a result of changes in the mix of earnings in countries with differing statutory tax rates, changes in the valuation of deferred tax assets, challenges by tax authorities or changes in tax laws or regulations. In addition, the amount of income taxes paid by the Company is subject to ongoing audits by U.S. federal, state and local tax authorities and by non-U.S. tax authorities. If these audits result in assessments different from amounts reserved, future financial results may include unfavorable adjustments to the Company’s tax liabilities, which could have a material adverse effect on the Company’s results of operations.",1108,Non-ESG,0.9864,False
BIIB_2019_0585,BIIB,2019,"NOTES TO CONSOLIDATED FINANCIAL STATEMENTS — (Continued)

The fair values of the intangible assets and contingent consideration liabilities were based on a probability-adjusted discounted cash flow calculation using Level 3 fair value measurements and inputs including estimated revenues and probabilities of success. For additional information on the valuation techniques and inputs utilized in the valuation of our financial assets and liabilities, please read Note 1, 
Summary of Significant Accounting Policies,
 to these consolidated financial statements. Convergence Pharmaceuticals Ltd. In connection with our acquisition of Convergence in February 2015 we recorded a contingent consideration obligation of 
$274.5 million
. This valuation was based on probability weighted net cash outflow projections of 
$450.0 million
, discounted using a rate of 
2.0%
, which was the estimated cost of debt financing for market participants. This liability reflected the revised estimate from the date of acquisition for our initial clinical development plans, resulting probabilities of success and the timing of certain milestone payments. As of 
December 31, 2018
 and 

, the fair value of this contingent consideration obligation was 
$246.6 million
 and 
$259.0 million
, respectively.",1287,Non-ESG,0.9867,False
HUM_2017_0547,HUM,2017,"(in millions)

Additions
 
 
 
 
 
 
Balance  at
Beginning
of Period
 
Acquired/(Disposed)
Balances
 
Charged
(Credited)  to
Costs and
Expenses
 
Charged  to
Other
Accounts (1)
 
Deductions
or
Write-offs
 
Balance at
End  of
Period
Allowance for loss on receivables:

$

$
—
 
$

$

$
(41
)
 
$

(39
)

(7
)
 
(51
)

—

(41
)

Deferred tax asset valuation allowance:

(42
)
 
—
 
(7
)
 
—
 
—
 
(49
)

(48
)
 
—

—
 
—
 
(42
)

(28
)
 
—
 
(20
)
 
—
 
—
 
(48
)
(1)
Represents changes in retroactive membership adjustments to premiums revenue and contractual allowances adjustments to services revenue as more fully described in Note 2 to the consolidated financial statements included in this annual report on Form 10-K.",721,Non-ESG,0.9868,False
MS_2023_1051,MS,2023,"Change in fair value of cash flow hedge derivatives

OCI activity
$
(

)
$
—
 
$
(

)
$
—
 
$
(

)
Reclassified to earnings
—
 
—
 
—
 
—
 
$
—
 
Net OCI
$
(

)
$
—
 
$
(

)
$
—
 
$
(

)

$ in millions
Pre-tax
Gain
(Loss)
Income Tax Benefit (Provision)
After-tax
Gain
(Loss)
Non-
controlling
Interests
Net
CTA
OCI activity
$
(

)
$
(

)
$
(

)
$
(

)
$
(

)
Reclassified to earnings
—
 
—
 
—
 
—
 
—
 
Net OCI
$
(

)
$
(

)
$
(

)
$
(

)
$
(

)",445,Non-ESG,0.9869,False
TRV_2019_0030,TRV,2019,"Total Bond & Specialty Insurance

100.0
%
___________________________________________
(1)
No other single state or country accounted for 3.0% or more of Bond & Specialty Insurance’s direct written premiums in 

.",212,Non-ESG,0.987,False
MTB_2019_0457,MTB,2019,"Cash flows from financing activities

Net increase (decrease) in deposits

 

 

(2,272,505

)

 

 

(3,075,322

)

 

 

3,554,673

 

Net increase (decrease) in short-term borrowings

 

 

4,223,279

 

 

 

11,657

 

 

 

(1,937,105

)

Proceeds from long-term borrowings

 

 

1,773,189

 

 

 

2,145,950

 

 

 

—

 

Payments on long-term borrowings

 

 

(1,459,081

)

 

 

(3,433,440

)

 

 

(1,119,898

)

Purchases of treasury stock

 

 

(2,194,396

)

 

 

(1,205,905

)

 

 

(641,334

)

Dividends paid — common

 

 

(510,382

)

 

 

(457,402

)

 

 

(441,891

)

Dividends paid — preferred

 

 

(72,521

)

 

 

(72,734

)

 

 

(81,270

)

Redemption of Series D preferred stock

 

 

—

 

 

 

—

 

 

 

(500,000

)

Proceeds from issuance of Series F preferred stock

 

 

—

 

 

 

—

 

 

 

495,000

 

Other, net

 

 

17,167

 

 

 

10,675

 

 

 

161,691

 

Net cash used by financing activities

 

 

(495,250

)

 

 

(6,076,521

)

 

 

(510,134

)

Net increase (decrease) in cash, cash equivalents and restricted cash

 

 

184,551

 

 

 

100,339

 

 

 

(47,491

)

Cash, cash equivalents and restricted cash at beginning of period

 

 

1,420,888

 

 

 

1,320,549

 

 

 

1,368,040

 

Cash, cash equivalents and restricted cash at end of period

 

$

1,605,439

 

 

$

1,420,888

 

 

$

1,320,549",1391,Non-ESG,0.987,False
AMP_2024_0573,AMP,2024,"Treasury Note yields for the previous October 1 through November 30, with a minimum crediting rate of 

% and maximum crediting rate of 

%. Employees are fully vested after 

 years of service or upon retirement at or after age 65, disability or death while employed. Employees have the option to receive annuity payments or a lump sum payout of vested balance after termination or retirement. In addition, the Company sponsors the Ameriprise Financial Supplemental Retirement Plan (the “SRP”), an unfunded non-qualified deferred compensation plan subject to Section 409A of the Internal Revenue Code. This plan is for certain highly compensated 

Index",654,Human Capital,0.987,False
MLM_2018_0082,MLM,2018,"Our Magnesia Specialties business sells some of its products to companies in the steel industry. While we have reduced this risk over the last
few years, this business is still dependent, in part, on the strength of the cyclical steel industry. The Magnesia Specialties business also requires significant amounts of natural gas, coal, and petroleum coke, and financial results are negatively
affected by increases in fuel prices or shortages. 
 
Our Magnesia Specialties business faces currency risks from its overseas operations.",530,Non-ESG,0.987,False
UDR_2017_0583,UDR,2017,"Thereafter

334,604
 
—
Total
$
362,344
 
$

(a)
For purposes of our ground lease contracts, the Company uses the minimum lease payment, if stated in the agreement. For ground lease agreements where there is a reset provision based on the communities appraised value or consumer price index but does not include a specified minimum lease payment, the Company uses the current rent over the remainder of the lease term.
UDR incurred 
$5.5 million
, 
$5.5 million
, and 
$5.4 million
 of ground rent expense for the years ended 
December 31, 2016
, 

, and 

, respectively. These costs are reported within the line item 
Other Operating Expenses
 on the Consolidated Statements of Operations. The Company incurred 
$0.3 million
, 
$0.3 million
, and 
$1.3 million
 of rent expense 
F - 47
UDR, INC.",797,Non-ESG,0.9871,False
WAB_2019_0266,WAB,2019,"Noncontrolling Interests

In accordance with ASC 810, the Company has classified noncontrolling interests as equity on our condensed consolidated balance sheets as of 
December 31, 2018
 and 

. Net loss attributable to noncontrolling interests was 
$3.2 million
 for the year ended 
December 31, 2018
. Net income attributable to noncontrolling interest was 
$8.5 million
 for the year ended December 31, 2016. Net income attributable to noncontrolling interests for the year ended December 31, 2017 was not material.",518,Non-ESG,0.9871,False
EFX_2023_0025,EFX,2023,"Our reputation and/or business could be negatively impacted by ESG matters and/or our reporting of such matters. There is an increasing focus from regulators, certain investors, and other stakeholders concerning environmental, social and governance (""ESG"") matters, both in the United States and internationally. We communicate certain ESG-related initiatives, goals, and/or commitments regarding environmental matters, diversity, responsible sourcing and social investments, and other matters, on our website, in our filings with the SEC, and elsewhere. These initiatives, goals, or commitments could be difficult to achieve and costly to implement. For example, in 2021, we announced our commitment to reach net-zero greenhouse gas emissions by 2040, the achievement of which relies, in large part, on the accuracy of our estimates and assumptions around the availability and cost of low- or non-carbon based energy sources and technologies, the availability of suppliers that can meet our sustainability and other standards, and other factors. We could fail to achieve, or be perceived to fail to achieve, our net zero 2040 commitment or other ESG-related initiatives, goals or commitments. In addition, we could be criticized for the timing, scope or nature of these initiatives, goals or commitments, or for any revisions to them.",1335,Climate Change,0.9872,False
DECK_2019_0442,DECK,2019,"Deferred tax assets

Amortization and impairment of intangible assets
$
13,615
 
$
18,261
Stock compensation
3,645
 
4,027
Deferred rent obligations
4,899
 
5,452
Acquisition costs

Uniform capitalization adjustment to inventory
3,965
 
3,212
Bad debt allowance and other reserves
11,932
 
12,939
State taxes

Accrued bonuses
7,350
 
7,573
Foreign currency translation

—
Net operating loss carry-forwards, net of valuation allowances

Other

—
Total
48,328
 
53,606",466,Non-ESG,0.9873,False
CHD_2018_0084,CHD,2018,"MANAGEMENT’S REPORT ON INTERNAL CONTROL OVER FINANCIAL REPORTING

Management of Church & Dwight Co., Inc. (the “Company”) is responsible for establishing and maintaining adequate internal control over financial reporting. Internal control over financial reporting is a process designed to provide reasonable assurance regarding the reliability of financial reporting and the preparation of financial statements for external purposes in accordance with generally accepted accounting principles. A company’s internal control over financial reporting includes those policies and procedures that pertain to the maintenance of records that, in reasonable detail, accurately and fairly reflect the transactions and dispositions of the assets of the company; provide reasonable assurance that transactions are recorded as necessary to permit preparation of financial statements in accordance with generally accepted accounting principles, and that receipts and expenditures of the company are being made only in accordance with authorizations of management and directors of the company; and provide reasonable assurance regarding prevention or timely detection of unauthorized acquisition, use, or disposition of the company’s assets that could have a material effect on the financial statements. Because of its inherent limitations, internal control over financial reporting may not prevent or detect misstatements.",1409,Corporate Governance,0.9873,False
MCD_2024_0254,MCD,2024,"Net income

6,177.4
 
 
 
 
 
 
6,177.4
 
Other comprehensive income (loss),
net of tax
 
 
 
 
(
118.7
)
55.5
 
150.3
 
 
 
87.1",129,Non-ESG,0.9873,False
NTRS_2022_0445,NTRS,2022,"The following table presents the fair values of Northern Trust’s Level 3 liabilities as of December 31, 2021 and 2020, as well as the valuation techniques, significant unobservable inputs, and quantitative information used to develop significant unobservable inputs for such liabilities as of such dates.

 2021 Annual Report | Northern Trust Corporation 
NOTES TO CONSOLIDATED FINANCIAL STATEMENTS
TABLE 52: LEVEL 3 SIGNIFICANT UNOBSERVABLE INPUTS
DECEMBER 31, 2021

FINANCIAL INSTRUMENT",488,Non-ESG,0.9875,False
MDLZ_2022_0481,MDLZ,2022,"(in millions)

Accrued benefit obligation at January 1
$

$

Service cost

Interest cost

Benefits paid
(

)
(

)
Currency
(

)
(

)
Actuarial losses/(gains)
(

)
(

)
Accrued benefit obligation at December 31
$

$

The current portion of our accrued postretirement benefit obligation of $

 million at December 31, 2021 and $

 million at December 31, 2020 was included in other current liabilities.
The actuarial (gain) for all postretirement plans in 2020 and 2021 was driven by gains related to assumption changes partially offset by losses related to a change in the discount rate used to measure the benefit obligations of those plans. 
We used the following weighted-average assumptions to determine our postretirement benefit obligations:",746,Non-ESG,0.9875,False
MS_2019_1649,MS,2019,"Form of Deferred Compensation Agreement under
 the 
Pre-Tax
 Incentive Program 2 (Exhibit 10.12 to MSG’s Annual Report for the fiscal year ended November 30, 1996).",164,Corporate Governance,0.9876,False
MSCI_2017_0298,MSCI,2017,"Adjusting for the impact of foreign currency exchange rate fluctuations, recurring subscription Run Rate would have increased 7.2% as of December 31, 2016 compared to December 31, 2015. Run Rate from asset-based fees increased 7.9% to $217.0 million as of December 31, 2016, from $201.0 million as of December 31, 2015, primarily driven by higher AUM in non-ETF passive funds and ETFs as well as increases in futures and options contracts, all linked to MSCI indexes. As of December 31, 2016, the value of AUM in ETFs linked to MSCI indexes was $481.4 billion, up $48.0 billion, or 11.1%, from $433.4 billion as of December 31, 2015. The increase of $48.0 billion consisted of net inflows of $37.2 billion and market depreciation of $10.8 billion. Index recurring subscription Run Rate grew 10.3% to $406.7 million as of December 31, 2016 compared to $368.9 million as of December 31, 2015, driven by growth in core products, factor and thematic products and usage fees. There was a negligible impact from foreign currency exchange rate fluctuations on Index recurring subscription Run Rate as of December 31, 2016 compared to December 31, 2015. Run Rate from Analytics products increased 3.4% to $451.5 million as of December 31, 2016 compared to $436.7 million as of December 31, 2015, primarily driven by growth in sales of equity models as well as RiskManager, BarraOne and InvestorForce products.",1401,Non-ESG,0.9877,False
FITB_2020_0302,FITB,2020,"These decreases were partially offset by an increase in average interest checking deposits of $3.1 billion compared to the year ended December 31, 2017 primarily due to balance migration from demand deposit accounts and an increase in average balances per commercial customer account as well as the acquisition of new commercial customers. 
 
 
 
 
 
 
63  Fifth Third Bancorp",376,Non-ESG,0.9878,False
CTRA_2021_0046,CTRA,2021,"Year Ended December 31,

Gross
Net
Gross
Net
Gross
Net
Development Wells
Productive

64.3 

94.0 

84.0 
Dry
— 
— 
— 
— 
— 
— 
Exploratory Wells
Productive
— 
— 
— 
— 
— 
— 
Dry
— 
— 
— 
— 

9.0 
Total

64.3 

94.0 

93.0 
Acquired Wells
— 
— 
— 
— 
— 
— 
During the year ended December 31, 2020, we completed 26 gross wells (26.0 net) that w
ere drilled in prior years. 

The following table sets forth information about wells for which drilling was in progress or which were drilled but uncompleted at December 31, 2020, which are not included in the above table:",565,Non-ESG,0.9879,False
FIS_2023_0313,FIS,2023,"Income Taxes

Income tax expense (benefit) attributable to continuing operations for the years ended December 31, 2022, 2021 and 2020, consists of the following (in millions):

Current provision (benefit):
 
 
 
Federal
$

$

$

State

Foreign

Total current provision
$

$

$

Deferred provision (benefit):
 
 
 
Federal
$
(

)
$
(

)
$
(

)
State
(

)
(

)
(

)
Foreign
(

)

(

)
Total deferred provision
(

)
(

)
(

)
Total provision for income taxes
$

$

$

The provision for income taxes is based on pre-tax income from continuing operations, which is as follows for the years ended December 31, 2022, 2021 and 2020 (in millions):

United States
$
(
11,189
)
$

$

Foreign
(
5,142
)

(

)
Total
$
(
16,331
)
$

$

Total income tax expense for the years ended December 31, 2022, 2021 and 2020, is allocated as follows (in millions):

Tax expense (benefit) per statements of earnings (loss)
$

$

$

Change in fair value of net investment hedges

(

)
Foreign currency translation adjustments
(

)
(

)

   Other components of other comprehensive earnings (loss)

—
 
—
 
Total income tax expense (benefit) allocated to other comprehensive earnings

(

)
Total income tax expense (benefit)
$

$

$
(

)
FIDELITY NATIONAL INFORMATION SERVICES, INC.
AND SUBSIDIARIES",1270,Non-ESG,0.9879,False
CPAY_2017_0256,CPAY,2017,"(decrease)

% Change
 
 
 
 
 
 
 
North America
 
$
1,232.0
 
72.3
%
 
$
668.3
 
55.7
%
 
$
563.6
 
84.3
 %",108,Non-ESG,0.988,False
FIS_2024_0261,FIS,2024,"Adjusted EBITDA

$
3,961
 
Depreciation and amortization
(
1,101
)
Purchase accounting amortization
(

)
Acquisition, integration and other costs
(

)
Asset impairments
(

)
Indirect Worldpay business support costs
(

)
Interest expense, net
(

)
Other income (expense), net

(Provision) benefit for income taxes
(

)
Net earnings (loss) from discontinued operations, net of tax
(
17,324
)
Net earnings attributable to noncontrolling interest
(

)
Net earnings attributable to FIS common stockholders
$
(
16,720
)
Capital expenditures (1)
$

$

$

$
1,059
 
(1) Capital expenditures include $

 million in other financing obligations for certain hardware and software.
As of and for the year ended December 31, 2021 (in millions):
Banking
Solutions
Capital
Market
Solutions
Corporate
and Other
Total
Revenue
$
6,361
 
$
2,495
 
$

$
9,339
 
Operating expenses
(
4,051
)
(
1,577
)
(
2,671
)
(
8,299
)
Depreciation and amortization (including purchase accounting amortization)

1,871
 
Acquisition, integration and other costs
—
 
—

Asset impairments
—
 
—

Indirect Worldpay business support costs
—
 
—",1103,Non-ESG,0.9881,False
MAR_2017_0090,MAR,2017,"Composite North American Upper Upscale

(2)
$
130.44
 
2.5
 %
 
73.9
%
 
0.4
 %
pts. 
 
$
176.52
 
1.9
 %",105,Non-ESG,0.9882,False
PEG_2019_0440,PEG,2019,"Depreciation and Amortization

1,268

Total Operating Expenses
 
3,550
 
4,227
 
3,844
 
 
OPERATING INCOME (LOSS)

(367
)

Income from Equity Method Investments
Net Gains (Losses) on Trust Investments

(140
)

(6
)
Other Income (Deductions)

Non-Operating Pension and OPEB (Costs) Credits

(4
)",295,Non-ESG,0.9883,False
AXP_2019_0459,AXP,2019,"Global Commercial Services

―

 

 

 

―

Total

 

 

$

$

$

$

$

$

$

(a)

Our policy is generally to accrue interest through the date of write-off (typically 180 days past due). We establish reserves for interest that we believe will not be collected. Amounts presented exclude Card Member loans classified as a TDR.

(b)

Non-accrual loans not in modification programs primarily include certain Card Member loans placed with outside collection agencies for which we have ceased accruing interest.",505,Non-ESG,0.9883,False
FIS_2017_0293,FIS,2017,"Computer Software

Computer software as of 
December 31, 2016
 and 

 consists of the following (in millions):
FIDELITY NATIONAL INFORMATION SERVICES, INC.
AND SUBSIDIARIES",172,Non-ESG,0.9883,False
MS_2019_0997,MS,2019,"Lending Commitments.
    
The Firm records the liability and related expense for the credit exposure related
to commitments to fund loans that will be held for investment in a manner similar to outstanding loans discussed above. The analysis also incorporates a credit conversion factor, which is the expected utilization of the undrawn commitment. The
liability is recorded in Other liabilities and accrued expenses in the balance sheets, and the expense is recorded in Other 
non-interest
 expenses in the income statements. For more information regarding loan
commitments, standby letters of credit and financial guarantees, see Note 12.",640,Non-ESG,0.9883,False
T_2021_0332,T,2021,"Definition and Limitations of Internal Control Over Financial Reporting

A company’s internal control over financial reporting is a process designed to provide reasonable assurance regarding the reliability of financial reporting and the preparation of financial statements for external purposes in accordance with generally accepted accounting principles. A company’s internal control over financial reporting includes those policies and procedures that (1) pertain to the maintenance of records that, in reasonable detail, accurately and fairly reflect the transactions and dispositions of the assets of the company; (2) provide reasonable assurance that transactions are recorded as necessary to permit preparation of financial statements in accordance with generally accepted accounting principles, and that receipts and expenditures of the company are being made only in accordance with authorizations of management and directors of the company; and (3) provide reasonable assurance regarding prevention or timely detection of unauthorized acquisition, use, or disposition of the company’s assets that could have a material effect on the financial statements. Because of its inherent limitations, internal control over financial reporting may not prevent or detect misstatements.",1284,Corporate Governance,0.9884,False
IQV_2020_0293,IQV,2020,"When it is probable that a hedged forecasted transaction will not occur, the Company discontinues hedge accounting for the affected portion
 of the forecasted transaction 
and reclassifies gains or losses that were accumulat
ed in AOCI to earnings in other 
expense
 
(income)
, net for foreign exchange derivatives and interest expense for interest rate derivatives on the consolidated statements of income. Cash flows are classified consistent with the underlying hedged item. The Company has entered, and may in the future enter, into derivative contracts (caps, swaps, forwards, calls or puts, warrants, for example) related to its debt and forecasted foreign currency transactions.",686,Non-ESG,0.9884,False
EW_2024_0278,EW,2024,"NOTES TO CONSOLIDATED FINANCIAL STATEMENTS (Continued)

7. INVESTMENTS (Continued)
The following tables present gross unrealized losses and fair values for those investments that were in an unrealized loss position as of December 31, 2023 and 2022, aggregated by investment category and the length of time that individual securities have been in a continuous loss position (in millions):
December 31, 2023
Less than 12 Months
12 Months or Greater

Total
Fair Value
Gross Unrealized Losses
Fair Value
Gross Unrealized Losses
Fair Value",534,Non-ESG,0.9884,False
NEM_2022_0689,NEM,2022,"NOTES TO CONSOLIDATED FINANCIAL STATEMENTS

(dollars in millions, except per share, per ounce and per pound amounts)
Sales
Costs Applicable to Sales
Depreciation and Amortization
Advanced Projects, Research and Development and Exploration
Income (Loss) before Income and Mining Tax and Other Items
Total Assets
Capital Expenditures

(1)",336,Non-ESG,0.9884,False
AMGN_2015_0348,AMGN,2015,"During the years ended December 31,

Beginning balance
$
14,968
 
$
12,662
Goodwill related to acquisitions of businesses 
(1)
(114
)
 
2,397
Currency translation and other adjustments
(66
)
 
(91
)
Ending balance
$
14,788
 
$
14,968
(1)
 
Composed of goodwill recognized on the acquisition dates of business combinations and subsequent adjustments to these amounts resulting from changes to the acquisition date fair values of net assets acquired in the business combinations recorded during their respective measurement periods.
Identifiable intangible assets
Identifiable intangible assets consisted of the following (in millions):
December 31,

Gross
carrying
amount
Accumulated
amortization
Intangible
assets, net

Gross
carrying
amount
Accumulated
amortization
Intangible",777,Non-ESG,0.9884,False
SBAC_2015_0239,SBAC,2015,"In addition, SBA Senior Finance II is required to pay a commitment fee of 0.25% per annum on the amount of unused commitment. If not earlier terminated by SBA Senior Finance II, the Revolving Credit Facility will terminate on, and SBA Senior Finance II will repay all amounts outstanding on or 

before, February 5, 2020. The proceeds available under the Revolving Credit Facility may be used for general corporate purposes. SBA Senior Finance II may, from time to time, borrow from and repay the Revolving Credit Facility. Consequently, the amount outstanding under the Revolving Credit Facility at the end of a period may not be reflective of the total amounts outstanding during such period. During the year ended",716,Non-ESG,0.9885,False
D_2021_0543,D,2021,"EQUITY METHOD INVESTMENTS

Investments that Dominion Energy accounts for under the equity method of accounting are as follows: 

 

 

 

 

 

 

Investment

 

 

 

Company

 

Ownership%

 

 

Balance

 

 

Description

As of  December
 
31,",247,Non-ESG,0.9885,False
MPC_2016_0246,MPC,2016,"Cash and cash equivalents

$
—
 
$

$
—
 
$

Equity:
 
 
 
 
 
 
 
Common stocks

—
 
—

Mutual funds

—
 
—

Pooled funds
—

—

Fixed income:
 
 
 
 
 
 
 
Corporate
—

—

Government
—

—

Pooled funds
—

—

Private equity
—
 
—

Real estate
—
 
—

Other

Total investments, at fair value
$

$
1,380
 
$

$
1,744
The following is a reconciliation of the beginning and ending balances recorded for plan assets classified as Level 3 in the fair value hierarchy:

(In millions)
Private Equity
 
Real Estate
 
Other
 
Total
Beginning balance
$

$

$

$

Actual return on plan assets:
 
 
 
 
 
 
Realized

—

Unrealized
(1
)
 
(3
)
 
(2
)
 
(6
)
Purchases

—

Sales
(20
)
 
(15
)
 
—
 
(35
)
Ending balance
$

$

$

$

(In millions)
Private Equity
 
Real Estate
 
Other
 
Total
Beginning balance
$

$

$

$

Actual return on plan assets:
 
 
 
 
 
 
Realized

—

Unrealized

Purchases

—

Sales
(13
)
 
(16
)
 
—
 
(29
)
Ending balance
$

$

$

$",943,Non-ESG,0.9886,False
K_2019_0313,K,2019,"Goodwill and Intangible Assets

Changes in the carrying amount of goodwill, intangible assets subject to amortization, consisting primarily of customer relationships, distribution agreements, and indefinite-lived intangible assets, consisting of brands, are presented in the following tables:
Carrying amount of goodwill
(millions)

U.S.
Snacks
U.S.
Morning
Foods
U.S.",368,Non-ESG,0.9887,False
SJM_2018_0025,SJM,2018,"Disruptions in the capital and credit markets could also result in higher interest rates on publicly issued debt securities and increased costs under credit facilities. Continuation of these disruptions would increase our interest expense and capital costs and could adversely affect our results of operations and financial position.
•
Our substantial debt obligations could restrict our operations and financial condition. Additionally, our ability to generate cash to make payments on our indebtedness depends on many factors beyond our control. As of 
April 30, 2018
, we had approximately $4.8 billion of short-term borrowings and long-term debt. Subsequently, on May 14, 2018, we borrowed 
$1.9 billion
 to finance the Ainsworth acquisition. We may also incur additional indebtedness in the future. Our debt service obligations will require us to use a portion of our operating cash flow to pay interest and principal on indebtedness rather than for other corporate purposes, including funding future expansion of our business and ongoing capital expenditures, which could impede our growth.",1096,Non-ESG,0.9888,False
GEN_2021_0103,GEN,2021,"Contract liabilities

$
1,265 
$
1,076 
•
Net revenues increased $61 million, primarily due to increased sales of our consumer security products and our identity and protection products, partially offset by the divestiture of our ID Analytics solutions and the additional week of revenue recognized during fiscal 2020.
•
Operating income increased $541 million, primarily due to lower compensation expense, outside services expense, and facility and IT costs that were driven by our cost reduction programs, partially offset by a legal accrual relating to an ongoing civil lawsuit involving a government contract with the U.S.",626,Non-ESG,0.9888,False
PLD_2019_0182,PLD,2019,"Real estate operations.

We receive the majority of our operating cash through the net revenues of our Real Estate Operations segment. See the Results of Operations section above for further explanation on our Real Estate Operations segment. The revenues from this segment include noncash adjustments for straight-lined rents and amortization of above and below market leases of $67 million, $81 million and $94 million for 2018, 2017 and 2016, respectively. 

 

•",465,Non-ESG,0.9889,False
LKQ_2019_0304,LKQ,2019,"In addition to our acquisitions of Rhiag, PGW and Andrew Page, we acquired 
seven
 wholesale businesses in Europe and 
five
 wholesale businesses in North America during the year ended December 31, 2016. Total acquisition date fair value of the consideration for these acquisitions was 
$76 million
, composed of 
$68 million
 of cash paid (net of cash acquired), 
$4 million
 of notes payable and 
$4 million
 of other purchase price obligations (non-interest bearing). During the year ended December 31, 2016, we recorded 
$52 million
 of goodwill related to these acquisitions and immaterial adjustments to preliminary purchase price allocations related to certain of our 2015 acquisitions. Our acquisitions are accounted for under the purchase method of accounting and are included in our consolidated financial statements from the dates of acquisition. The purchase prices were allocated to the net assets acquired based upon estimated fair values at the dates of acquisition. The purchase price allocations for the acquisitions made during the 
year ended
 
December 31, 2018
 are preliminary as we are in the process of determining the following: 1) valuation amounts for certain receivables, inventories and fixed assets acquired; 2) valuation amounts for certain intangible assets acquired; 3) the acquisition date fair value of certain liabilities assumed; and 4) the tax basis of the entities acquired.",1413,Non-ESG,0.9889,False
HIG_2023_1389,HIG,2023,"Lloyd's Letter of Credit Facilities

On November 5, 2020, The Hartford entered into a committed credit facility agreement with a syndicate of lenders (the “Club Facility”). The Club Facility had two tranches with one tranche extending a $

 commitment and the other tranche extending a £

 million ($

 as of December 31, 2021) commitment. In addition, on November 5, 2020, The Hartford entered into a non-committed $

 credit facility with a lender (the “Bilateral Facility”). The term of both of these facilities was two years. The purpose of these facilities was to issue letters of credit that may be treated as Funds at Lloyd’s to support underwriting capacity provided by the Navigators Corporate Underwriters Limited to the Lloyd’s Syndicate 1221 for the 2021 and 2022 underwriting years of account (and prior open years). As of December 31, 2021, letters of credit with an aggregate face amount of $

 and £

 million, or $

, were outstanding under the Club Facility and 
no
 letters of credit were outstanding under the Bilateral Facility. On November 1, 2022, The Hartford amended and restated its Club Facility agreement. The Club Facility has two tranches, with one tranche extending a $

 commitment and the other tranche extending a £

 million ($

 as of December 31, 2022) commitment. The term of the facility is two years.",1340,Non-ESG,0.9889,False
EXC_2020_1600,EXC,2020,"The decommissioning-related activities related to the Non-Regulatory Agreement Units are reflected in Exelon’s and Generation’s Consolidated Statements of Operations and Comprehensive Income. See 
Note 3 — Regulatory Matters
 and 
Note 24 — Related Party Transactions
 for additional information regarding regulatory liabilities at ComEd and PECO and intercompany balances between Generation, ComEd and PECO reflecting the obligation to refund to customers any decommissioning-related assets in excess of the related decommissioning obligations.",545,Non-ESG,0.989,False
CRL_2021_0384,CRL,2021,"Operating leases

Operating lease right-of-use assets, net
$
178,220
 
$
140,085
 
Other current liabilities
$
24,674
 
$
20,357
 
Operating lease right-of-use liabilities
155,595
 
116,252
 
Total operating lease liabilities
$
180,269
 
$
136,609",247,Non-ESG,0.989,False
TGT_2020_0090,TGT,2020,"February 1, 2020

February 2, 2019
170,000 or more sq. ft.

48,619 
 
48,604 
 
50,000 to 169,999 sq. ft.
1,505 
 
1,501 
 
189,227 
 
188,900 
 
49,999 or less sq. ft.

2,670 
 
2,077 
 
Total
1,868 
 
1,844 
 
240,516 
 
239,581 
 
(a)
In thousands, reflects total square feet less office, distribution center, and vacant space.",330,Non-ESG,0.9891,False
C_2024_0006,C,2024,"Changes in and Disagreements with Accountants on Accounting and Financial Disclosure
Not Applicable

9A.
Controls and Procedures

136–137
 
9B.
Other Information

9C.
Disclosure Regarding Foreign Jurisdictions that Prevent Inspections
Not Applicable

Part III
 
10.
Directors, Executive Officers and Corporate Governance

319–322*
 
11.
Executive Compensation

**
 
12.",369,Corporate Governance,0.9892,False
CMS_2024_0459,CMS,2024,"In November 2023, an unregulated subsidiary of Consumers sold certain non-utility renewable development projects to NorthStar Clean Energy for $

 million, the projects’ net book value; there was no gain or loss recognized on this sale. In December 2023, Consumers renewed a short-term credit agreement with CMS Energy, permitting Consumers to borrow up to $

 million. For additional details about the agreement, see Note 4, Financings and Capitalization—Short-term Borrowings
.

18:    
Variable Interest Entities",515,Non-ESG,0.9892,False
NEM_2021_0627,NEM,2021,"In certain jurisdictions, Newmont must pay a portion of the disputed amount to the local government in order to formally appeal the assessment. Such payment is recorded as a receivable if Newmont believes the amount is collectible.",231,Non-ESG,0.9892,False
EXPE_2022_0397,EXPE,2022,"Deferred tax assets:

Provision for accrued expenses
$

$

Deferred loyalty rewards

Net operating loss and tax credit carryforwards

Stock-based compensation

Property and equipment

Operating lease liabilities

Long-term investments

Other

Total deferred tax assets
1,518
 
1,458
 
Less valuation allowance
(

)
(

)
Net deferred tax assets
$
1,347
 
$
1,242",361,Non-ESG,0.9892,False
C_2018_0465,C,2018,"North America

Residential first mortgages
$

$

Home equity loans

Credit cards

Installment and other revolving

Commercial banking

Total
$

$",145,Non-ESG,0.9893,False
ACN_2024_0016,ACN,2024,"Diluted earnings per share of $11.44,

a 6% increase over $10.77 for fiscal 2023; adjusted earnings per share increased 2% to $11.95 compared to $11.67 for fiscal 2023; and
•",174,Non-ESG,0.9893,False
NI_2022_0615,NI,2022,"Corporate and Other

Unaffiliated 
32.1
 
17.7
 
0.8
 
Intersegment
460.3
 
449.8
 
468.1
 
Total
492.4
 
467.5
 
468.9
 
Eliminations
(
473.4
)
(
462.6
)
(
482.0
)",164,Non-ESG,0.9893,False
FIS_2018_0207,FIS,2018,"Foreign Currency Risk

We are exposed to foreign currency risks that arise from normal business operations. These risks include the translation of local currency balances of foreign subsidiaries, transaction gains and losses associated with intercompany loans with foreign subsidiaries and transactions denominated in currencies other than a location's functional currency. We manage the exposure to these risks through a combination of normal operating activities and the use of foreign currency forward contracts and non-derivative investment hedges. Contracts are denominated in currencies of major industrial countries. Our exposure to foreign currency exchange risks generally arises from our non-U.S. operations, to the extent they are conducted in local currency. Changes in foreign currency exchange rates affect translations of revenues denominated in currencies other than the U.S. Dollar. During the years ended 
December 31, 2017
, 

 and 

, we generated approximately 
$1,830 million
, 
$1,909 million
 and 
$1,336 million
, respectively, in revenues denominated in currencies other than the U.S. Dollar. The major currencies to which our revenues are exposed are the Brazilian Real, the Euro, the British Pound Sterling and the Indian Rupee.",1256,Non-ESG,0.9893,False
NRG_2023_0483,NRG,2023,"Income Taxes

The income tax provision consisted of the following amounts:
 
Year Ended December 31,",100,Non-ESG,0.9894,False
K_2023_0164,K,2023,"Latin America

Reported net sales increased 12.7% 
driven by strong price/mix growth and modestly favorable foreign currency translation, with growth in snacks and cereal. Organic net sales increased 11.9%, after excluding the impact of foreign currency. Snacks net sales growth was led by sustained consumption growth and share gains in key markets for salty snacks. Cereal net sales increased due to share gains in key markets, including Mexico, Puerto Rico and Brazil. Reported operating profit increased 13.1% due to higher net sales and favorable foreign currency translation partially offset by input cost inflation. Currency-neutral adjusted operating profit increased 13.2% after excluding the impact of mark-to-market and foreign currency. AMEA
Reported net sales increased 12.2% driven by favorable price/mix partially offset by unfavorable foreign currency. Organic net sales also increased 21.0% after excluding foreign currency. Noodles and other net sales increased lead by strong growth from Multipro as well as our Kellogg's branded noodles business. Snacks net sales increased due primarily to strong growth in 
Pringles
 across the region. Cereal net sales declined on a reported basis due to unfavorable foreign currency. Reported operating profit increased 2.7% due primarily to higher net sales more than offsetting high cost inflation and unfavorable foreign currency. Currency-neutral adjusted operating profit increased 10.9%, after excluding the impact of foreign currency.",1498,Non-ESG,0.9894,False
CBRE_2016_0040,CBRE,2016,Our credit agreement is jointly and severally guaranteed by us and substantially all of our material domestic subsidiaries.,123,Non-ESG,0.9894,False
CHD_2021_0393,CHD,2021,"Gross profit

1,801.1

 

 

 

368.8

 

 

 

104.1

 

 

 

(
59.8

)

 

 

2,214.2

1,575.2

 

 

 

346.1

 

 

 

110.9

 

 

 

(
48.2

)

 

 

1,984.0

1,448.9

 

 

 

318.4

 

 

 

117.5

 

 

 

(
44.0

)

 

 

1,840.8",240,Non-ESG,0.9895,False
BXP_2021_0105,BXP,2021,"These restrictions could limit our ability to sell an asset at a time, or on terms, that would be favorable absent such restrictions.",133,Non-ESG,0.9895,False
NWSA_2023_0034,NWSA,2023,"News Media

The Company’s News Media segment consists primarily of News Corp Australia, News UK and the",103,Non-ESG,0.9895,False
C_2016_1458,C,2016,"Accumulated other comprehensive income (loss)

into the Consolidated Statement of Income. See details in the table below:",121,Non-ESG,0.9896,False
WAB_2017_0452,WAB,2017,"In thousands, except per share data

Quarter
 
Quarter
 
Quarter
 
Quarter

Net sales
 
$
772,031
 
$
723,601
 
$
675,574
 
$
759,982
Gross profit
 
255,180
 
237,389
 
212,481
 
219,189",186,Non-ESG,0.9896,False
DG_2020_0017,DG,2020,"For these reasons, the completion date and ultimate cost of these projects could differ significantly from initial expectations, and we cannot guarantee that any project will be completed on time or within established budgets.",226,Non-ESG,0.9896,False
MAS_2020_0208,MAS,2020,"Decorative Architectural Products

(

)

—
 
—

Total
$

$
(

)
 
$

$
—
 
$
(

)
 
$

Gross Goodwill At December 31, 2017
Accumulated

Impairment
Losses
 
Net Goodwill At December 31, 2017
Additions (A)

Other (B)
 
Net Goodwill At December 31, 2018
Plumbing Products

$

$
(

)
 
$

$
—
 
$
(

)
 
$",301,Non-ESG,0.9897,False
EXPE_2020_0046,EXPE,2020,"Restructuring and Related Reorganization Charges

In connection with the centralization and migration of certain operational functions and systems as well as certain organizational alignment activities, we recognized 
$24 million
 in restructuring and related reorganization charges during 2019. These charges were primarily related to severance, benefits and professional fees. During 2018, we did not recognize any restructuring and related reorganization charges.
Operating Income
Year ended December 31,

% Change

2019 vs 2018
 
2018 vs 2017",546,Non-ESG,0.9897,False
CTSH_2020_0173,CTSH,2020,"Note 14 — Accumulated Other Comprehensive Income (Loss)

Changes in ""Accumulated other comprehensive income (loss)"" by component were as follows for the year ended 
December 31, 2019
:
Before Tax

Amount
 
Tax
Effect
Net of Tax

Amount",235,Non-ESG,0.9897,False
GS_2020_0318,GS,2020,"Consumer Banking.

Our Consumer banking business issues unsecured loans, through Marcus
 
and credit cards to finance the purchases of goods or services. We also accept deposits through Marcus, primarily through Goldman Sachs Bank USA and Goldman Sachs International Bank, that are used as a source of funding. These deposits include savings and time deposits which provide us with a diversified source of funding that reduces our reliance on wholesale funding.
 
Consumer banking revenues consist of net interest income earned on unsecured loans issued to consumers through Marcus and credit card lending activities, and net interest income allocated to consumer deposits. 
 
The table below presents the operating results of our Consumer & Wealth Management segment.",768,Non-ESG,0.9897,False
ACN_2020_0281,ACN,2020,"Funded status, end of year

$
(
127,077
)
$
(
1,001,698
)
$
(
126,277
)
$
(
952,315
)
$
(
617,502
)
$
(
544,676
)
Amounts recognized in the Consolidated Balance Sheets
Non-current assets
$
3,232
 
$
67,341
 
$
6,707
 
$
67,396
 
$
—
 
$
—
 
Current liabilities
(
10,213
)
(
42,990
)
(
10,473
)
(
33,981
)
(
1,169
)
(
1,257
)
Non-current liabilities
(
120,096
)
(
1,026,049
)
(
122,511
)
(
985,730
)
(
616,333
)
(
543,419
)",422,Non-ESG,0.9898,False
HIG_2020_0198,HIG,2020,"Net investment income

(179
)
(155
)
(141
)
Net realized capital losses (gains) 
(43
)

(15
)
Other expense (income) 

(1
)
Income tax expense (benefit) 

(19
)",160,Non-ESG,0.9898,False
DVN_2022_0432,DVN,2022,"Description

10.61

 

Form of Amended and Restated Performance-Based Restricted Stock Unit Agreement between WPX Energy, Inc. and certain executive officers (
incorporated by reference to Exhibit 10.35 to WPX Energy, Inc.’s Form 10-K filed February 21, 2019; File No. 001-35322
).**

 

 

 

  10.62

 

Form of Amended and Restated Restricted Stock Unit Award Agreement between WPX Energy, Inc. and non-employee directors (
incorporated herein by reference to Exhibit 10.38 to WPX Energy, Inc.’s Form 10-Q filed August 6, 2019; File No. 001-35322
).**

 

 

 

  10.63

 

Form of Amended Exhibit B to Amended and Restated Performance-Based Restricted Stock Unit Agreement between WPX Energy, Inc. and certain executive officers (
incorporated herein by reference to Exhibit 10.39 to WPX Energy, Inc.’s Form 10-Q filed August 2, 2019; File No. 001-35322
).**

 

 

 

  10.64

 

Form of Global Amendment to Performance-Based Restricted Stock Unit Agreements between WPX Energy, Inc. and certain executive officers (
incorporated by reference to Exhibit 10.1 to WPX Energy, Inc.’s Form 8-K filed January 7, 2021; File No. 001-35322
).**

 

 

 

  10.65

 

Tax Sharing Agreement, dated as of December 30, 2011, between The Williams Companies, Inc. and WPX Energy, Inc. (
incorporated herein by reference to Exhibit 10.3 to WPX Energy, Inc.’s Form 8-K filed January 6, 2012; File No. 001-35322
).",1402,Corporate Governance,0.9898,False
AMD_2023_0189,AMD,2023,"(In millions except contract rates)

Foreign currency forward contracts:
Chinese Renminbi
$

6.7848 
$
(3)
$

6.5693 
$

Canadian Dollar

1.3137 
(16)

1.2646 
(6)
Indian Rupee

82.1493 
(9)

77.3309 

Taiwan Dollar

29.1231 
(4)

27.2725 
(1)
Singapore Dollar

1.3600 

1.3489 
— 
Euro

0.9334 

0.8444 
(2)
Pound Sterling

0.8204 
(1)

0.7317 
— 
Japanese Yen

133.7593 
— 

114.3214 
— 
Australian Dollar

1.4689 
— 
— 
1.3809 
— 
Total
$
2,421
 
$
(28)
$
1,185
 
$
(2)

ITEM 8. FINANCIAL STATEMENTS AND SUPPLEMENTARY DATA
Advanced Micro Devices, Inc.
Consolidated Statements of Operations",592,Non-ESG,0.9898,False
KMB_2017_0016,KMB,2017,"Cash Dividends Declared

$
3.68
 
$
3.52
 
$
3.36
 
See notes to consolidated financial statements.

KIMBERLY-CLARK CORPORATION
 - 2016 Annual Report
KIMBERLY-CLARK CORPORATION AND SUBSIDIARIES
CONSOLIDATED STATEMENT OF COMPREHENSIVE INCOME

Year Ended December 31
(Millions of dollars)
Net Income

$
2,219
 
$
1,066
 
$
1,595",326,Non-ESG,0.9898,False
HST_2020_0244,HST,2020,"NOTES TO CONSOLIDATED FINANCIAL STATEMENTS

Interest 

The following is a reconciliation between interest expense and cash interest paid (in millions):",151,Non-ESG,0.9899,False
RVTY_2024_0127,RVTY,2024,"Net income

$
5.55
 
$
4.50
 
$
8.08
 
The accompanying notes are an integral part of these consolidated financial statements.",126,Non-ESG,0.9899,False
DG_2017_0033,DG,2017,"Adverse events, such as deteriorating economic conditions, high unemployment rates, high gas prices, public transportation disruptions, or unusual or unanticipated adverse weather could result in lower‑than‑planned sales during the Christmas selling season. An excess of seasonal merchandise inventory could result if our net sales during the Christmas selling season fall below seasonal norms or expectations. If our fourth quarter sales results were substantially below expectations, our financial performance and operating results could be adversely affected by unanticipated markdowns, especially in seasonal merchandise.",625,Non-ESG,0.9899,False
NCLH_2015_0244,NCLH,2015,"Changes in fuel prices and/or other cruise operating costs
would impact the cost of our cruise ship operations.",111,Non-ESG,0.9901,False
T_2021_0090,T,2021,"Income tax expense

decreased in 2020, primarily driven by decreased income before income taxes offset by impairments of goodwill (see Note 9), which are not deductible for tax purposes.
Our effective tax rate was (33.8)% in 2020, 18.9% in 2019, and 19.8% in 2018. The effective tax rate in 2020 was impacted by the goodwill impairments, which are not deductible for tax purposes.",380,Non-ESG,0.9902,False
ROK_2023_0035,ROK,2023,"Year Ended September 30,

Cash provided by (used for)
 
 
 
Operating activities
$
1,374.6 
$
823.1 
$
1,261.0 
Investing activities
854.3 
(7.8)
(2,626.6)
Financing activities
(1,675.6)
(934.2)
1,297.8 
Effect of exchange rate changes on cash
19.2 
(52.6)
16.8",261,Non-ESG,0.9902,False
FRT_2022_0183,FRT,2022,"Notes payable

Revolving credit facility (4)
1,000,000 
— 
LIBOR + 0.775%
January 19, 2024
Term Loan
400,000 
300,000 
LIBOR + 0.80%
April 16, 2024
Various
7,239 
2,635 
11.31 
%
Various through 2028
Subtotal
302,635 
Net unamortized debt issuance costs
(1,169)
Total notes payable, net
301,466",294,Non-ESG,0.9902,False
LVS_2019_0166,LVS,2019,"Sands Cotai Central

Total room revenues
$

$

13.7
 %
Occupancy rate
94.8
%
 
86.6
%
 
8.2
 pts
Average daily room rate (ADR)
$

$

5.4
 %
Revenue per available room (RevPAR)
$

$

15.5
 %",189,Non-ESG,0.9903,False
L_2020_0277,L,2020,"CNA also has an allowance for uncollectible deductible amounts, which is presented as a component of the allowance for doubtful accounts included in Receivables on the Consolidated Balance Sheets. Structured settlements have been negotiated for certain property and casualty insurance claims. Structured settlements are agreements to provide fixed periodic payments to claimants. CNA’s obligations for structured settlements not funded by annuities are included in claim and claim adjustment expense reserves and carried at present values determined using interest rates ranging from 
5.5
% to 
7.6
% 
and 
5.5
% 
to
 
8.0
% 
as of December 31, 2019 and 2018. As of December 31, 2019 and 2018, the discounted reserves for unfunded structured settlements were $

 million and $

 million, net of discount of $

 million and $

 million. For the years ended December 31, 2019, 2018 and 2017, the amount of interest recognized on the discounted reserves of unfunded structured settlements was $

 million, $

 million and $

 million. This interest accretion is presented as a component of Insurance claims and policyholders’ benefits on the Consolidated Statements of Income but is excluded from the disclosure of prior year loss reserve development. Workers’ compensation lifetime claim reserves are calculated using mortality assumptions determined through statutory regulation and economic factors.",1399,Non-ESG,0.9903,False
NVR_2015_0126,NVR,2015,"Mortgage Banking Segment

We conduct our mortgage banking activity through NVRM, a wholly owned subsidiary. NVRM focuses almost exclusively on serving the homebuilding segment’s customer base. The following table summarizes the results of our mortgage banking operations and certain statistical data for each of the last three years:",333,Non-ESG,0.9904,False
ED_2016_0082,ED,2016,"Average Revenue Per kWh Sold

(Cents)
 
 
 
 
 
Residential
18.0
16.7
18.1
20.3
19.2
Commercial and Industrial
13.7
13.0
14.8
16.8
15.4
For further discussion of the company’s electric operating revenues and its electric results, see “Results of Operations” in Item 7. For additional segment information, see Note N to the financial statements in Item 8.",354,Non-ESG,0.9904,False
JCI_2015_0442,JCI,2015,"11. Financial Instruments

The Company's financial instruments consist primarily of cash and cash equivalents, time deposits, accounts receivable, investments, accounts payable, debt and derivative financial instruments. The fair value of cash, accounts receivable and accounts payable approximated book value as of 
September 25, 2015
 and 
September 26, 2014
. The fair value of derivative financial instruments was not material to any of the periods presented. See below for the fair value of cash equivalents, time deposits and investments and Note 9 for the fair value of debt.",582,Non-ESG,0.9905,False
WAB_2023_0351,WAB,2023,"Balance at December 31, 2021

$
(

)
$
(

)
$
(

)
$
(

)
Other comprehensive (loss) income before reclassifications
(

)
(

)

(

)
Amounts reclassified from Accumulated other comprehensive loss
—
 
—

Other comprehensive (loss) income, net
(

)
(

)

(

)",257,Non-ESG,0.9906,False
BBY_2019_0432,BBY,2019,"Long-Term Incentive Program Award Agreement (2018) - Restricted Stock Units
 
10-Q
 
10.2
 
6/8/2018
 
 
*10.22
 
Form of Best Buy Co., Inc. Long-Term Incentive Program Award Agreement (2018) - Directors
 
10-Q
 
10.1
 
9/10/2018
 
 
21.1
 
Subsidiaries of the Registrant
 
 
 
 
 
 
 
X
23.1
 
Consent of Deloitte & Touche LLP
 
 
 
 
 
 
 
X
31.1
 
Certification of the Chief Executive Officer pursuant to Rule 13a-14(a), as adopted pursuant to Section 302 of the Sarbanes-Oxley Act of 2002
 
 
 
 
 
 
 
X
31.2
 
Certification of the Chief Financial Officer pursuant to Rule 13a-14(a), as adopted pursuant to Section 302 of the Sarbanes-Oxley Act of 2002
 
 
 
 
 
 
 
X
32.1
 
Certification of the Chief Executive Officer pursuant to 18 U.S.C. Section 1350, as adopted pursuant to Section 906 of the Sarbanes-Oxley Act of 2002
 
 
 
 
 
 
 
X
32.2
 
Certification of the Chief Financial Officer pursuant to 18 U.S.C.",920,Corporate Governance,0.9906,False
IFF_2021_0342,IFF,2021,"Accumulated Amortization

Customer relationships
(
470,514
)
(
302,047
)
Technological know-how
(
168,069
)
(
135,269
)
Trade names & patents
(
37,935
)
(
27,213
)
Other
(
28,808
)
(
24,568
)
Total accumulated amortization
(
705,326
)
(
489,097
)
Other intangible assets, net
$
2,727,175
 
$
2,851,935
 
Amortization expense was $
192.6
 million for the year ended December 31, 2020, and $
193.1
 million and $
75.9
 million for the years ended December 31, 2019 and 2018, respectively. 
Amortization expense for the next five years and thereafter, based on valuations and determinations of useful lives, is expected to be as follows:",634,Non-ESG,0.9907,False
DECK_2016_0528,DECK,2016,"March 31, 2015

, 
quarter ended March 31, 2014
, and the 
year ended December 31, 2013
, respectively. For the 
years ended March 31, 2016
 and",144,Non-ESG,0.9908,False
C_2018_0836,C,2018,"Total as a percentage of gross liabilities

(6)
9.8
%
87.4
%
2.8
%
 
 
 
(1)
In 2016, the Company transferred assets of approximately 
$2.6 billion
 from Level 1 to Level 2, respectively, primarily related to foreign government securities and equity securities not traded in active markets. In 2016, the Company transferred assets of approximately 
$4.0 billion
 from Level 2 to Level 1, respectively, primarily related to foreign government bonds and equity securities traded with sufficient frequency to constitute a liquid market. In 2016, the Company transferred liabilities of approximately 
$0.4 billion
 from Level 2 to Level 1. In 2016, the Company transferred liabilities of approximately 
$0.3 billion
 from Level 1 to Level 2. 
(2)
Represents netting of (i) the amounts due under securities purchased under agreements to resell and the amounts owed under securities sold under agreements to repurchase; and (ii) derivative exposures covered by a qualifying master netting agreement and cash collateral offsetting.
(3)
Includes positions related to investments in unallocated precious metals, as discussed in Note 25 to the Consolidated Financial Statements.",1168,Non-ESG,0.9908,False
FCX_2022_0077,FCX,2022,"HUMAN CAPITAL

We are committed to promoting the health, safety and well-being of our workforce and striving to further strengthen our commitment to promoting an inclusive, diverse and agile workplace. We believe our global workforce is the foundation of our success. Our Board of Directors (Board) oversees our policies and implementation programs that govern our approach to management of our human capital, with the Board’s Corporate Responsibility Committee having oversight of health and safety matters and the Board’s Compensation Committee having oversight of other human capital matters, including those relating to workforce recruitment, retention and development, pay equity and inclusion and diversity. Workforce
At December 31, 2021, we had approximately 24,700 employees (11,600 in North America, 6,100 in Indonesia, 6,000 in South America and 1,000 in Europe and other locations). We also had contractors that employ personnel at many of our operations, including approximately 22,200 at the Grasberg minerals district in Indonesia, 13,600 in North America, 6,100 at our South America mining operations and 600 in Europe and other locations. Approximately 31 percent of our global employee population is covered by collective labor agreements (CLA), with 14 percent covered by a CLA that will or was scheduled to expire in 2022. In North America, our workforce is not covered by a CLA.",1399,Human Capital,0.9908,False
NWSA_2024_0504,NWSA,2024,"Performance Stock Units

PSU grants entitle the holder to shares of the Company’s Class A Common Stock or the cash equivalent value of such shares based on the achievement of pre-established performance metrics over the applicable performance period. The fair value of PSUs is determined on the date of grant and expensed using a straight-line method over the applicable vesting period. The expense is adjusted to reflect the number of shares expected to vest based on management’s determination of the probable achievement of the pre-established performance metrics, except no adjustments are made for awards settled in Class A Common Stock that contain a market condition (total stockholder return) based on changes in that market condition. The Company records a cumulative adjustment in periods in which its estimate of the number of shares expected to vest changes. Additionally, the Company ultimately adjusts the expense recognized to reflect the actual vested shares following the final determination of the achievement of the performance conditions. Any person who holds PSUs shall have no ownership interest in the shares or cash to which such PSUs relate unless and until the shares or cash are delivered to the holder. Each PSU is entitled to receive dividend equivalents for each regular cash dividend on the Class A Common Stock paid by the Company during the award period, subject to the same terms and conditions as apply to the underlying award.",1462,Corporate Governance,0.991,False
TDG_2023_0160,TDG,2023,"Contractual Obligations and Commitments

The following table summarizes the Company’s cash requirements from all significant contractual obligations as of September 30, 2023 (in millions):
Total
Payment Due by Period
Contractual

Less than
Between
Between
Over",260,Non-ESG,0.9911,False
C_2015_0696,C,2015,"In U.S. offices

$

$

$

$

$
(297
)
$
(172
)
In offices outside the U.S.
(4)
(31
)
(103
)
(134
)
(15
)
(380
)
(395
)
Total
$

$
(34
)
$

$

$
(677
)
$
(567
)",159,Non-ESG,0.9911,False
K_2022_0323,K,2022,"Benefit payments

The following benefit payments, which reflect expected future service, as appropriate, are expected to be paid:
(millions)
Postretirement
Postemployment

$

$

2027-2031

NOTE 12",196,Non-ESG,0.9912,False
HSY_2015_0069,HSY,2015,"Plant Construction Obligations

In December 2013, we entered into an agreement for the construction of a new confectionery manufacturing plant in Malaysia. The total cost of construction is expected to be approximately $265 to $275 million. The plant is expected to begin operations in the second half of 2015.",310,Non-ESG,0.9912,False
PFG_2024_0082,PFG,2024,"If reinsurers raise the rates they charge on new business, we may be forced to raise the premiums we charge, which could have a negative impact on our competitive position.",172,Non-ESG,0.9912,False
BDX_2018_0106,BDX,2018,"(Millions of dollars)

Net cash provided by (used for)
 
 
 
 
 
Operating activities
$
2,865
 
$
2,550
 
$
2,559
Investing activities
$
(15,829
)
 
$
(883
)
 
$
(669
)
Financing activities
$
(58
)
 
$
10,977
 
$
(1,761
)",221,Non-ESG,0.9912,False
PLD_2017_0574,PLD,2017,"Foreign Currency

The following tables summarize the activity in our foreign currency contracts for the years ended December 31 (in millions, except for weighted average forward rates and number of active contracts):
Foreign Currency Contracts
Net Investment Hedges
Forwards and Options",286,Non-ESG,0.9913,False
AVB_2019_0050,AVB,2019,"The ability of our stockholders to control our policies and effect a change of control of our company is limited by certain provisions of our charter and bylaws and by Maryland law. There are provisions in our charter and bylaws that may discourage a third party from making a proposal to acquire us, even if some of our stockholders might consider the proposal to be in their best interests. These provisions include the following:
Our charter authorizes our Board of Directors to issue up to 
50,000,000
 shares of preferred stock without stockholder approval and to establish the preferences and rights, including voting rights, of any series of preferred stock issued. The Board of Directors may issue preferred stock without stockholder approval, which could allow the Board to issue one or more classes or series of preferred stock that could discourage or delay a tender offer or a change in control. To maintain our qualification as a REIT for federal income tax purposes, not more than 50% in value of our outstanding stock may be owned, directly or indirectly, by or for five or fewer individuals at any time during the last half of any taxable year.",1160,Corporate Governance,0.9913,False
ROL_2015_0036,ROL,2015,"OTHER DATA:

Net cash provided by operating activities
 

$
194,146
 
 

$
162,665
 
 

$
141,919
 
 

$
154,647
 
 

$
124,053
 

Net cash used in investing activities
 

 
(89,471
)
 

 
(30,790
)
 

 
(42,693
)
 

 
(29,154
)
 

 
(47,645
)

Net cash used in financing activities
 

 
(106,518
)
 

 
(75,653
)
 

 
(80,989
)
 

 
(99,427
)
 

 
(65,497
)

Depreciation
 

 
16,627
 
 

 
14,415
 
 

 
15,212
 
 

 
15,112
 
 

 
15,975
 

Amortization of intangible assets
 

 
26,882
 
 

 
25,156
 
 

 
23,443
 
 

 
22,391
 
 

 
20,433
 

Capital expenditures
 

$
(28,739
)
 

$
(18,632
)
 

$
(19,040
)
 

$
(18,652
)
 

$
(13,036
)",644,Non-ESG,0.9913,False
HUM_2023_0350,HUM,2023,"(in millions)

Net (losses) gains recognized on equity securities during the period
$
(

)
$
(

)
$

Less: Net losses recognized on equity securities sold during the period
(

)
(

)
—
 
Unrealized (losses) gains recognized on equity securities still held at the end of the period
$
(

)
$
(

)
$

All purchases of and proceeds from investment securities for the year ended December 31, 2020 relate to debt securities.
The contractual maturities of debt securities available for sale at December 31, 2022, regardless of their balance sheet classification, are shown below. Expected maturities may differ from contractual maturities because borrowers may have the right to call or prepay obligations with or without call or prepayment penalties.
Amortized
Cost
Fair
Value",770,Non-ESG,0.9914,False
NFLX_2024_0009,NFLX,2024,"We care about the health and well-being of our employees and their families and provide a variety of benefit programs based on region, including health benefits. In the U.S., employees generally receive an annual cash health benefit allowance that they may allocate to medical, dental and vision premiums in a way that makes sense for them. Employees have access to a host of other benefits, including mental health, childcare, family planning and a company match for charitable donations. We believe that our approach to human capital resources has been instrumental in our growth, and has made Netflix a desirable destination for employees.",642,Human Capital,0.9915,False
TRV_2020_1196,TRV,2020,"Deferred Acquisition Costs

Claims and Claim Adjustment Expense Reserves
 
Discount From Reserves for Unpaid Claims(3)
Unearned Premiums
Earned Premiums
Net Investment Income
Current Year
Prior Year",198,Non-ESG,0.9915,False
NEM_2022_0962,NEM,2022,"Nancy Lipson

Executive Vice President and General Counsel
February 24, 2022
Pursuant to the requirements of the Securities Exchange Act of 1934, this report has been signed below by the following persons on behalf of the registrant and in the capacities indicated on February 24, 2022.
Signature
Title
 
*
President, Chief Executive Officer and Director",354,Corporate Governance,0.9915,False
CSCO_2020_0215,CSCO,2020,"Operating Income

The following table presents our operating income and our operating income as a percentage of revenue (in millions, except percentages):",154,Non-ESG,0.9915,False
C_2015_1556,C,2015,"Trading account assets

. The original fair value of agency re-securitization transactions in which Citi holds a retained interest as of 
December 31, 2014
 and 

 was approximately 
$73.0 billion
 and 
$75.5 billion
, respectively.
As of 
December 31, 2014
 and 

, the Company did not consolidate any private-label or agency re-securitization entities.",354,Non-ESG,0.9915,False
DECK_2017_0196,DECK,2017,"Years Ended March 31,

Change
 
Amount
 
Amount
 
Amount
 
%
UGG brand wholesale
$
246,990
 
$
269,489
 
$
(22,499
)
 
(8.3
)%
Teva brand wholesale
17,692
 
13,320
 
4,372
 
32.8
Sanuk brand wholesale
15,565
 
21,914
 
(6,349
)
 
(29.0
)
Other brands wholesale
(4,384
)
 
(9,838
)
 
5,454
 
55.4",295,Non-ESG,0.9917,False
K_2023_0167,K,2023,"Reported net sales

$
8,174
 
$
2,397
 
$

$
2,613
 
$
—
 
$
14,181
 
Foreign currency impact on total business (inc)/dec

(37)
—",129,Non-ESG,0.9918,False
GILD_2020_0363,GILD,2020,"December 31, 2019

and 

, we were not in violation of any covenants.

Interest expense on our Senior Notes related to the contractual coupon rates and amortization of the debt discount and issuance costs was 
$
1.0
 billion
, 
$
1.1
 billion
 and 
$
1.0
 billion
 in 

, 

 and 

, respectively. 
Credit Facilities
In 2017, in connection with our acquisition of Kite, we borrowed 
$
6.0
 billion
 against our term loan credit facility, of which 
$
1.5
 billion
 was repaid in 2017 and the remaining 
$
4.5
 billion
 was repaid in 2018. The term loan credit facility agreement was terminated in 2018.
In 2016, we entered into a 
$
2.5
 billion
 
five
-year revolving credit facility agreement maturing in May 2021 (the Five-Year Revolving Credit Agreement). The revolving credit facility can be used for working capital requirements and for general corporate purposes, including, without limitation, acquisitions. As of",919,Non-ESG,0.9918,False
MAR_2018_0167,MAR,2018,"Asia Pacific

segment profits increased by 
$78 million
, reflecting $61 million from the Starwood Combination and $17 million of higher Legacy-Marriott profits, primarily due to the following:
•
$7 million of higher Legacy-Marriott base management and franchise fees, primarily due to $9 million of stronger RevPAR and unit growth and $2 million of higher branding fees, partially offset by the impact of $2 million in unfavorable foreign exchange rates;
•
$8 million of higher Legacy-Marriott incentive management fees, primarily driven by $10 million in higher net house profits and unit growth, partially offset by the impact of $2 million in unfavorable foreign exchange rates;
•
$3 million of higher Legacy-Marriott owned, leased, and other revenue, net of direct expenses, primarily reflecting stronger performance at a property following renovations and the impact of $2 million in favorable foreign exchange rates; 
•
$4 million of higher Legacy-Marriott general, administrative, and other expenses, primarily due to an increase in administrative costs to grow our brands globally; and
•
$4 million of higher Legacy-Marriott equity in earnings, primarily reflecting a 2015 impairment charge on an",1205,Non-ESG,0.9919,False
AWK_2018_0290,AWK,2018,"Market-Based Businesses

mainly due to lower capital upgrades in our Military Services Group, driven largely by reduced military base budgets, offset in part by incremental revenues in our Homeowner Services Group from contract growth and price increases, and in Keystone from an increase in operations as a result of market recovery in the natural gas industry.
In 

, operating revenues 
increased
 
$143 million
, or 
4.5%
, primarily due to a:
•
$128 million
 
increase
 in our",481,Non-ESG,0.9919,False
AWK_2018_0482,AWK,2018,"If such assets are considered impaired, an impairment loss is recognized equal to the amount by which the asset’s carrying value exceeds its fair value.",152,Non-ESG,0.9919,False
K_2024_0314,K,2024,"Pursuant to the Supply Agreement, Kellanova will continue to supply certain inventory to WKKC for a period of up to three years following the spin-off. Net sales of $

 million and cost of sales of $

 million were recognized in 2023 following the spin-off related to the Supply Agreement. Prior to the spin-off, such transactions were eliminated in the consolidated financial statements as intercompany transactions. NOTE 3",424,Non-ESG,0.992,False
GS_2020_0944,GS,2020,"Credit Concentrations.

The table below presents the concentration of gross loans by region.
 
 

 

 

 

 

 

As of December 

 

 

 

 

 

 

 

 

 

 

$ in millions",173,Non-ESG,0.992,False
PNW_2020_0104,PNW,2020,"Court of Appeals for the District of Columbia. Depending on the final outcome of a pending judicial review of ACE and repeal of the CPP, along with related regulatory activity to implement the ACE regulations, the utility industry may face alternative efforts from private parties seeking to establish alternative GHG emission limitations from power plants. Alternative GHG emission limitations may arise from litigation under either federal or state common laws or citizen suit provisions of federal environmental statutes that attempt to force federal agency rulemaking or imposing direct facility emission limitations. Such lawsuits may also seek damages from harm alleged to have resulted from power plant GHG emissions. Physical and Operational Risks. Weather extremes such as drought and high temperature variations are common occurrences in the southwest United States' desert area, and these are risks that APS considers in the normal course of business in the engineering and construction of its electric system. Large increases in ambient temperatures could require evaluation of certain materials used within its system and may represent a greater challenge. As part of conducting its business, APS recognizes that the southwestern United States is particularly susceptible to the risks posed by climate change, which over time is projected to exacerbate high temperature extremes and prolong drought in the area where APS conducts its business.",1456,Climate Change,0.9921,False
SBAC_2019_0249,SBAC,2019,"December 31, 2017

, as compared to the prior year, primarily due to additional profit generated by (

) towers acquired and built since 
January 1, 2016
 
and organic site leasing growth 
as noted above
,  
(2
) continued control of our site l
easing cost of revenue, and (3
) the positive impact of our ground lease purchase program.

International site leasing segment operating profit 
increase
d  
$33.2
 million for the year ended",436,Non-ESG,0.9921,False
ACN_2015_0279,ACN,2015,"Accenture plc

:
We have audited the accompanying consolidated balance sheets of Accenture plc and its subsidiaries (the Company) as of August 31, 2015 and 2014, and the related consolidated statements of income, comprehensive income, shareholders’ equity, and cash flows for each of the years in the three-year period ended August 31, 2015. We also have audited Accenture plc’s internal control over financial reporting as of August 31, 2015, based on criteria established in 
Internal Control - Integrated Framework (2013)
 issued by the Committee of Sponsoring Organizations of the Treadway Commission (COSO). Accenture plc’s management is responsible for these consolidated financial statements, for maintaining effective internal control over financial reporting, and for its assessment of the effectiveness of internal control over financial reporting, included in the accompanying Management’s Annual Report on Internal Control over Financial Reporting (Item 9A). Our responsibility is to express an opinion on these consolidated financial statements and an opinion on the Company’s internal control over financial reporting based on our audits. We conducted our audits in accordance with the standards of the Public Company Accounting Oversight Board (United States).",1275,Corporate Governance,0.9921,False
PFE_2024_0701,PFE,2024,"Notes to Consolidated Financial Statements

Pfizer Inc. and Subsidiary Companies
The deferred revenues related to Comirnaty totaled $
1.7
 billion as of December 31, 2023, with $
1.1
 billion and $

 million recorded in current liabilities and noncurrent liabilities, respectively. The deferred revenues related to Comirnaty totaled $
2.5
 billion as of December 31, 2022, with $
2.4
 billion and $

 million recorded in current liabilities and noncurrent liabilities, respectively. The decrease in Comirnaty deferred revenues during 2023 was primarily the result of amounts recognized in 
Product revenues
 as we delivered the products to our customers, partially offset by additional advance payments received as we entered into amended contracts, as well as the impact of foreign exchange. During 2023, we recognized revenue of approximately $
2.2
 billion that was included in the balance of Comirnaty deferred revenues as of December 31, 2022.",948,Non-ESG,0.9921,False
PNW_2022_0039,PNW,2022,"Renewable Energy Standard

In 2006, the ACC adopted the RES. Under the RES, electric utilities that are regulated by the ACC must supply an increasing percentage of their retail electric energy sales from eligible renewable resources, including solar, wind, biomass, biogas, and geothermal technologies. The renewable energy requirement is 12% of retail electric sales in 2022 and increases annually until it reaches 15% in 2025. A component of the RES is focused on stimulating development of distributed energy systems. Accordingly, under the RES, an increasing percentage of that requirement must be supplied from distributed energy resources. This distributed energy requirement is 30% of the overall RES requirement of 12% in 2022. On June 7, 2021, the ACC approved the 2021 RES Implementation Plan. On July 1, 

2021, APS filed its 2022 RES Implementation Plan and amended it on December 9, 2021. The following table summarizes the RES requirement standard and its timing:

RES (inclusive of distributed energy) as a % of retail electric sales
12%
15%
Percent of RES to be supplied from distributed energy resources
30%
30%
On April 21, 2015, the RES rules were amended to require utilities to report on all eligible renewable resources in their service territory, irrespective of whether the utility owns renewable energy credits associated with such renewable energy. The rules allow the ACC to consider such information in determining whether APS has satisfied the requirements of the RES.",1498,Climate Change,0.9922,False
CMCSA_2024_0278,CMCSA,2024,"Weighted-Average Interest Rate as of December 31, 2023

Weighted-Average Interest Rate as of December 31, 2022

(b)

(b)
Commercial paper
—
 
%
4.6
 
%
$
—
 
$
0.7
 
Term loans
3.2
 
%
4.4
 
%
3.1
 
3.1
 
Senior notes with maturities of 5 years or less, at face value
3.5
 
%
3.3
 
%
25.9
 
22.6
 
Senior notes with maturities between 5 and 10 years, at face value
3.3
 
%
3.2
 
%
18.8
 
20.1
 
Senior notes with maturities greater than 10 years, at face value
3.8
 
%
3.8
 
%
53.4
 
52.8
 
Finance lease obligations and other
2.0
 
1.8
 
Debt issuance costs, premiums, discounts, fair value adjustments for acquisition accounting and hedged positions, net
(
6.1
)
(
6.2
)",672,Non-ESG,0.9923,False
ED_2018_0113,ED,2018,"Average Revenue Per Dt Sold

Residential
$13.31
$13.01
$10.11
$10.71
$13.86
General
$11.53
$11.30
$8.24
$8.17
$11.08
For further discussion of the company’s gas operating revenues and its gas results, see “Results of Operations” in Item 7. For additional segment information, see 
Note N
 to the financial statements in Item 8.",327,Non-ESG,0.9924,False
MTCH_2018_0444,MTCH,2018,"(In thousands)

Commercial paper
$
49,797
 
$
—
 
$
—
 
$
49,797
Treasury discount notes
34,978
 
—
 
(4
)
 
34,974
Corporate debt securities
4,575

(6
)
 
4,571
Total marketable securities
$
89,350
 
$

$
(10
)
 
$
89,342
The aggregate fair value of available-for-sale marketable debt securities with unrealized losses is 
$37.0 million
 as of 
December 31, 2016
. There are 
no
 investments in available-for-sale marketable debt securities that have been in a continuous unrealized loss position for longer than twelve months as of 
December 31, 2016
.
The unrealized gains and losses in the above table at 
December 31, 2016
 are included in ""Accumulated other comprehensive loss"" in the accompanying consolidated balance sheet.
The following table presents the proceeds from maturities and sales of available-for-sale marketable securities and the related gross realized gains:
 
December 31,",896,Non-ESG,0.9925,False
DECK_2021_0246,DECK,2021,"Report of Independent Registered Public Accounting Firm

To the Stockholders and Board of Directors 
Deckers Outdoor Corporation:
Opinion on the Consolidated Financial Statements
We have audited the accompanying consolidated balance sheets of Deckers Outdoor Corporation and subsidiaries (the Company) as of March 31, 2021 and 2020, the related consolidated statements of comprehensive income, stockholders’ equity, and cash flows for each of the years in the three year period ended March 31, 2021, and the related notes and financial statement schedule (collectively, the consolidated financial statements). In our opinion, the consolidated financial statements present fairly, in all material respects, the financial position of the Company as of March 31, 2021 and 2020, and the results of its operations and its cash flows for each of the years in the three year period ended March 31, 2021, in conformity with U.S. generally accepted accounting principles. We also have audited, in accordance with the standards of the Public Company Accounting Oversight Board (United States) (PCAOB), the Company’s internal control over financial reporting as of March 31, 2021, based on criteria established in 
Internal Control – Integrated Framework (2013)
 issued by the Committee of Sponsoring Organizations of the Treadway Commission, and our report dated May 28, 2021 expressed an unqualified opinion on the effectiveness of the Company’s internal control over financial reporting.",1479,Corporate Governance,0.9926,False
UAL_2015_0093,UAL,2015,"Certain provisions of the Governance Documents may have the effect of delaying or preventing changes in control if the Board of Directors
determines that such changes in control are not in the best interests of UAL and its stockholders. These provisions of the Governance Documents are not intended to prevent a takeover, but are intended to protect and maximize the value of UAL’s
stockholders’ interests. While these provisions have the effect of encouraging persons seeking to acquire control of UAL to negotiate with the Board of Directors, they could enable the Board of Directors to prevent a transaction that some, or a
majority, of its stockholders might believe to be in their best interests or, they could prevent or discourage attempts to remove and replace incumbent directors.",789,Corporate Governance,0.9926,False
HIG_2018_0731,HIG,2018,"Cash provided by investing activities

in 2016 primarily related to net proceeds from available-for-sale securities of $2.7 billion, partially offset by net payments for short-term investments of $1.4 billion. Cash provided by investing activities in 2015 primarily relates to net proceeds from 
 
short-term investments of $3.1 billion, partially offset by net payments for available-for-sale securities of $1.9 billion and additions to property and equipment of $307.",469,Non-ESG,0.9928,False
TEL_2016_0578,TEL,2016,"(1)
The
senior floating rate notes due 2016 bore interest at a rate of three-month London interbank offered rate (""LIBOR"") plus 0.20% per year.",143,Non-ESG,0.9928,False
C_2016_1627,C,2016,"Accumulated other comprehensive income (loss)

, related to the effective portion of the net investment hedges, is $
2,475 million
, $
2,890 million
 and $
2,370 million
 for the 
years ended
 
December 31, 2015

 and 

, respectively.",235,Non-ESG,0.9929,False
MS_2018_1140,MS,2018,"In general, an increase (decrease) to the
funding spread of an asset would result in a lower (higher) fair value.",113,Non-ESG,0.9929,False
ICE_2022_0562,ICE,2022,"Income Taxes

Income before income taxes and the income tax provision consisted of the following (in millions), and our consolidated income tax provision for 2021 was elevated due to the income tax expense associated with the gains we recognized from the Coinbase and Bakkt transactions.",287,Non-ESG,0.993,False
C_2021_0686,C,2021,"North America

. 
The following table reflects amounts related to the Company’s securitized credit card receivables:
In billions of dollars",139,Non-ESG,0.993,False
PCG_2023_0037,PCG,2023,"Air Quality and Climate Change

The Utility’s electric generation plants, natural gas pipeline operations, vehicle fleet, and fuel storage tanks are subject to numerous air pollution control laws, including the federal Clean Air Act, as well as state and local statutes. These laws and regulations cover, among other pollutants, those contributing to the formation of ground-level ozone, carbon dioxide (CO

), sulfur dioxide (SO

), nitrogen oxides (NO
x
), particulate matter, and other emissions. Federal Regulation
At the federal level, the EPA is charged with implementation and enforcement of the Clean Air Act. Although there have been several legislative attempts to address climate change through imposition of nationwide regulatory limits on GHG emissions, comprehensive federal legislation has not yet been enacted. In the absence of federal legislative action, the EPA has used its existing authority under the Clean Air Act to address GHG emissions. Tackling the climate crisis is a key priority of the Biden Administration, and the Administration has signaled its intent to use its executive and regulatory authorities to reduce emissions in line with science-based targets.",1188,Climate Change,0.9931,False
MSI_2022_0157,MSI,2022,"We continue to adhere to applicable governmental and commercial restrictions and to work to mitigate the impact of COVID-19 on our employees, customers, communities, liquidity and financial position. We continue to abide by a number of measures in an effort to protect the health and well-being of our employees and customers, including encouraging office workers to work remotely, reducing employee travel, withdrawing from certain industry events, increasing the frequency of cleaning services, encouraging face coverings, and using thermal scanning. We have allowed essential business travel; however, we continue to carefully assess conditions on a geographical basis to determine when employees can safely return to our offices. We also facilitated the process for our employees in certain locations to receive the COVID-19 vaccine, as vaccines are distributed and administered throughout the U.S. and the global community. As conditions continue to fluctuate around the world, with both vaccine administration and the rates of new variants of COVID-19 (particularly the omicron and delta variants) rising in certain regions, governments and organizations have responded by adjusting their restrictions and guidelines accordingly. The health and safety of our employees remains our top priority, and we continue to monitor the daily evolution of the pandemic, including the spread of the omicron and delta variants. As of the date of this filing, we are following the U.S.",1477,Human Capital,0.9932,False
A_2022_0120,A,2022,"Other income (expense), net also includes net gains on the fair value of equity securities of approximately $27 million and income of $22 million related to the settlement of our legal claim against Twist Bioscience Corporation.",228,Non-ESG,0.9933,False
BAC_2021_0004,BAC,2021,"These workforce diversity metrics are reported regularly to the senior management team and to the Board and are publicly disclosed on our website. We invest in our leadership by offering a range of development programs and resources that allow employees to develop and progress in their careers. We reinforce our commitment to diversity and inclusion by investing internally in our employee networks and by facilitating conversations with employees about racial, social and economic issues. Further, we partner with various external organizations, which focus on advancing diverse talent. We also have practices in place for attracting and retaining diverse talent, including campus recruitment. For example, in 2020, approximately 45 percent of our campus hires were women, and, in the U.S., approximately 54 percent were people of color.",839,Human Capital,0.9933,False
BKNG_2023_0125,BKNG,2023,"Investors, proxy advisory services, regulatory authorities, and other stakeholders are increasingly focused on our ESG practices. We have made climate related commitments to reduce our scope 1 & 2 emissions by 95% and our scope 3 emissions by 50% by the end of 2030, and to achieve net zero by 2040. Additionally, we committed to making it easier for our customers to find more sustainable trip options and we continue to work on enhancing related disclosure of goals, progress, and other ESG matters. Our ability to achieve ESG goals and initiatives is subject to risks including: (1) the availability and cost of limiting or offsetting our use of carbon-based energy sources and technologies, (2) evolving regulatory requirements affecting ESG standards and disclosures, (3) our ability to work with partners and providers that can meet our sustainability and other standards, (4) the availability of vendor or other third-party data, (5) the impact of our organic growth and acquisitions or dispositions of businesses or operations on our ESG goals, and (6) customers’ actual demand for ESG-oriented product offerings, which may be more expensive and less available than other options.",1188,Climate Change,0.9934,False
PLD_2021_0026,PLD,2021,"Top 25 Customers

22.1

In our Strategic Capital segment, we view our partners and investors as our customers. At December 31, 2020, we had approximately 128 investors in our private equity ventures, several of which invest in multiple ventures. Employees 

 

We believe our employees are the most important part of our business. When attracting, developing and retaining talent, we seek individuals who hold varied experiences and viewpoints to create an inclusive and diverse culture and workplace that allows each employee to do their best work and drive our collective success. We focus on leadership development at every level of the organization. We align employees’ goals with our overall strategic direction to create a clear link between individual efforts and the long-term success of the company and then provide effective feedback on their performance towards goals to ensure their growth. We believe a commitment to our employees’ learning and development through training, educational opportunities and mentorship is critical to our ability to continue to innovate. Through performance plans, talent recognition and individual development planning, along with reward packages, we advance our talent pool and create a sustainable and long-term enterprise. For additional discussion on the impact of COVID-19 on our employees, see 
the Summary of 2020 section in Item 7. Management’s Discussion and Analysis of Financial Condition and Results of Operations.",1470,Human Capital,0.9937,False
CL_2020_0040,CL,2020,"Climate change may have an adverse impact on our business and results of operations. It has been reported that carbon dioxide and other greenhouse gases in the atmosphere have an adverse impact on global temperatures, weather patterns and the frequency and severity of extreme weather and natural disasters. The predicted effects of climate change may also exacerbate challenges regarding the availability and quality of water. In addition, concern over climate change may result in new or additional legal and regulatory requirements to reduce or mitigate the effects of climate change on the environment. Despite our sustainability efforts, any failure to achieve our sustainability goals to reduce our impact on the environment or the perception (whether or not valid) that we have failed to act responsibly with respect to the environment or to effectively respond to new or additional legal or regulatory requirements regarding climate change could result in adverse publicity and adversely affect our business and reputation. There is also increased focus, including by governmental and non-governmental organizations, investors, customers, consumers and other stakeholders on these and other sustainability matters, including deforestation and the use of plastic, energy and water.",1288,Climate Change,0.9938,False
SHW_2017_0086,SHW,2017,"Audit Committee

The information regarding the Audit Committee of our Board of Directors and the information regarding audit committee financial experts are set forth under the caption “Board Meetings and Committees” in our Proxy Statement, which is incorporated herein by reference.",283,Corporate Governance,0.9941,False
NKE_2017_0245,NKE,2017,"Our accounting systems include controls designed to reasonably assure assets are safeguarded from unauthorized use or disposition and provide for the preparation of financial statements in conformity with U.S. GAAP. These systems are supplemented by the selection and training of qualified financial personnel and an organizational structure providing for appropriate segregation of duties. An internal Corporate Audit department reviews the results of its work with the Audit Committee of the Board of Directors, presently comprised of four outside, independent directors. The Audit Committee is responsible for the appointment of the independent registered public accounting firm and reviews, with the independent registered public accounting firm, management and the internal audit staff, the scope and the results of the annual audit, the effectiveness of the accounting control system and other matters relating to the financial affairs of NIKE as the Audit Committee deems appropriate. The independent registered public accounting firm and the internal auditors have full access to the Audit Committee, with and without the presence of management, to discuss any appropriate matters.",1189,Corporate Governance,0.9944,False
